{"type":"FeatureCollection","features":[{"type":"Feature","properties":{"NAME":"Luxembourg","ABBREVN":"Luxembourg","SUBJECTO":"Luxembourg","BORDERPRECISION":3,"PARTOF":"Luxembourg"},"geometry":{"type":"LineString","coordinates":[[5.824,49.507],[5.884,49.664],[5.745,49.755],[5.738,49.902],[5.834,50.047],[6.007,50.15],[6.109,50.117],[6.137,49.982],[6.321,49.842],[6.531,49.798],[6.511,49.669],[6.399,49.604],[6.433,49.445],[6.368,49.473],[6.112,49.479],[5.824,49.507]]}},{"type":"Feature","properties":{"NAME":"Switzerland","ABBREVN":"Switzerland","SUBJECTO":"Switzerland","BORDERPRECISION":3,"PARTOF":"Switzerland"},"geometry":{"type":"LineString","coordinates":[[9.584,47.409],[9.465,47.286],[9.51,47.225]]}},{"type":"Feature","properties":{"NAME":"Switzerland","ABBREVN":"Switzerland","SUBJECTO":"Switzerland","BORDERPRECISION":3,"PARTOF":"Switzerland"},"geometry":{"type":"LineString","coordinates":[[9.605,47.061],[9.801,47.042],[9.804,46.977],[10.052,46.868],[10.312,47.017],[10.409,46.965],[10.396,46.887],[10.339,46.748],[10.389,46.653],[10.372,46.566],[10.23,46.589],[10.151,46.662],[10.024,46.621],[9.987,46.498],[10.097,46.439],[9.995,46.252],[9.885,46.403],[9.674,46.38],[9.642,46.325],[9.545,46.312],[9.441,46.375],[9.377,46.534],[9.21,46.498],[9.218,46.348],[9.027,46.175],[9.019,45.934],[8.891,45.866],[8.718,46.007],[8.762,46.089],[8.622,46.121],[8.382,46.284],[8.375,46.471],[8.025,46.289],[8.071,46.193],[7.914,45.999],[7.79,45.927],[7.507,46.003],[7.225,45.911],[6.955,45.939],[6.91,46.13],[6.807,46.394],[6.857,46.385],[6.861,46.396],[6.919,46.395],[6.931,46.408],[6.901,46.44],[6.858,46.449],[6.832,46.467],[6.777,46.473],[6.769,46.493],[6.721,46.486],[6.689,46.5],[6.592,46.518],[6.559,46.507],[6.511,46.516],[6.449,46.474],[6.399,46.459],[6.347,46.461],[6.291,46.423],[6.274,46.39],[6.248,46.386],[6.171,46.296],[6.148,46.207],[6.172,46.212],[6.194,46.238],[6.199,46.264],[6.235,46.289],[6.278,46.35],[6.304,46.366],[6.344,46.37],[6.361,46.348],[6.384,46.342],[6.108,46.126],[5.941,46.176],[6.049,46.277],[6.055,46.422],[6.019,46.484],[6.058,46.616],[6.382,46.804],[6.364,46.946],[6.623,47.054],[6.629,47.088],[6.866,47.31],[6.944,47.326],[6.892,47.366],[6.823,47.378],[6.922,47.514],[7.123,47.511],[7.121,47.468],[7.333,47.465],[7.507,47.604],[7.628,47.564],[7.751,47.616],[7.873,47.573],[8.128,47.644],[8.253,47.594],[8.412,47.604],[8.332,47.693],[8.651,47.783],[8.659,47.715],[8.748,47.721],[8.815,47.681],[8.983,47.68],[8.936,47.659],[8.894,47.652],[8.86,47.657],[8.907,47.645],[8.961,47.657],[8.983,47.67],[9.066,47.674],[9.09,47.673],[9.096,47.666],[9.178,47.664],[9.191,47.648],[9.3,47.611],[9.382,47.571],[9.387,47.544],[9.437,47.519],[9.436,47.507],[9.466,47.496],[9.482,47.482],[9.539,47.487],[9.584,47.409]]}},{"type":"Feature","properties":{"NAME":"Switzerland","ABBREVN":"Switzerland","SUBJECTO":"Switzerland","BORDERPRECISION":3,"PARTOF":"Switzerland"},"geometry":{"type":"LineString","coordinates":[[9.199,47.678],[9.218,47.666],[9.124,47.671],[9.118,47.679],[9.199,47.678]]}},{"type":"Feature","properties":{"NAME":"United Kingdom of Great Britain and Ireland","ABBREVN":"UK+Ireland","SUBJECTO":"United Kingdom of Great Britain and Ireland","BORDERPRECISION":3,"PARTOF":"United Kingdom of Great Britain and Ireland"},"geometry":{"type":"LineString","coordinates":[[33.773,35.129],[33.925,34.953],[33.792,34.957],[33.733,34.909],[33.686,34.935],[33.539,34.944],[33.484,34.796],[33.131,34.68],[32.959,34.659],[32.915,34.636],[32.915,34.541],[32.817,34.539],[32.784,34.625],[32.603,34.615],[32.357,34.68],[32.271,34.72],[32.271,34.814],[32.199,34.861],[32.144,35.043],[32.18,35.058],[32.234,35.014],[32.301,35.016],[32.483,35.153],[32.597,35.156],[32.745,35.114],[32.78,35.153],[32.819,35.282],[32.795,35.361],[33.077,35.319],[33.374,35.306],[33.539,35.332],[33.907,35.437],[34.217,35.574],[34.458,35.645],[34.245,35.512],[34.048,35.408],[33.78,35.208],[33.773,35.129]]}},{"type":"Feature","properties":{"NAME":"United Kingdom of Great Britain and Ireland","ABBREVN":"UK+Ireland","SUBJECTO":"United Kingdom of Great Britain and Ireland","BORDERPRECISION":3,"PARTOF":"United Kingdom of Great Britain and Ireland"},"geometry":{"type":"LineString","coordinates":[[0.081,53.386],[0.175,53.293],[0.268,53.127],[0.251,53.04],[0.006,52.787],[0.327,52.707],[0.505,52.848],[0.742,52.901],[1.013,52.888],[1.376,52.809],[1.586,52.65],[1.692,52.311],[1.657,52.212],[1.512,52.026],[1.031,51.813],[0.686,51.56],[0.254,51.454],[0.804,51.378],[1.03,51.359],[1.189,51.405],[1.365,51.353],[1.335,51.121],[0.886,50.982],[0.888,50.893],[0.673,50.931],[0.192,50.731],[-0.336,50.817],[-0.839,50.722],[-1.103,50.817],[-1.373,50.766],[-2.085,50.703],[-2.024,50.57],[-2.432,50.646],[-2.551,50.57],[-2.961,50.722],[-3.111,50.657],[-3.521,50.617],[-3.563,50.361],[-3.715,50.219],[-3.882,50.2],[-4.004,50.314],[-4.243,50.391],[-4.303,50.324],[-4.541,50.358],[-4.967,50.212],[-5.282,49.964],[-5.429,50.068],[-5.778,50.134],[-5.238,50.346],[-5.017,50.561],[-4.815,50.604],[-4.605,50.779],[-4.552,50.997],[-4.443,50.969],[-4.277,51.064],[-4.281,51.187],[-3.825,51.235],[-3.483,51.181],[-3.066,51.178],[-3.033,51.33],[-2.895,51.394],[-2.75,51.644],[-3.173,51.467],[-3.499,51.46],[-4.159,51.677],[-4.999,51.702],[-5.179,51.787],[-5.249,51.86],[-5.061,52.006],[-4.619,52.094],[-4.295,52.2],[-4.124,52.373],[-4.094,52.746],[-4.148,52.832],[-4.468,52.811],[-4.621,52.831],[-4.492,52.991],[-4.318,53.091],[-3.957,53.205],[-3.33,53.233],[-2.914,53.267],[-3.057,53.514],[-2.98,53.821],[-2.865,54.028],[-2.886,54.169],[-3.261,54.141],[-3.479,54.275],[-3.569,54.415],[-3.43,54.643],[-3.153,54.838],[-3.309,54.885],[-3.577,54.924],[-3.908,54.79],[-4.122,54.762],[-4.461,54.862],[-4.5,54.775],[-4.6,54.688],[-4.903,54.734],[-5.111,54.794],[-5.067,54.948],[-4.91,55.11],[-4.638,55.428],[-4.771,55.488],[-4.908,55.664],[-4.895,55.772],[-4.758,55.82],[-4.623,55.908],[-4.711,56.131],[-4.848,56.097],[-5.135,55.893],[-5.334,55.88],[-5.57,55.751],[-5.633,55.94],[-5.497,56.177],[-5.3,56.429],[-5.271,56.544],[-5.458,56.632],[-5.547,56.652],[-5.645,56.516],[-5.822,56.4],[-6.044,56.475],[-5.909,56.733],[-5.666,56.938],[-5.625,56.999],[-5.726,57.258],[-5.562,57.299],[-5.461,57.388],[-5.763,57.62],[-5.568,57.777],[-5.23,57.71],[-5.056,57.751],[-5.346,58.093],[-4.907,58.169],[-5.113,58.395],[-4.926,58.567],[-4.51,58.403],[-4.139,58.445],[-3.831,58.507],[-3.441,58.529],[-3.165,58.522],[-3.028,58.406],[-3.166,58.275],[-3.943,57.958],[-4.15,57.835],[-4.249,57.636],[-4.148,57.555],[-3.796,57.542],[-3.401,57.576],[-3.093,57.577],[-2.854,57.543],[-2.15,57.572],[-1.945,57.402],[-2.108,57.21],[-2.203,57.065],[-2.159,57.014],[-2.413,56.717],[-2.515,56.667],[-2.667,56.471],[-2.981,56.354],[-3.152,56.337],[-2.949,56.253],[-2.721,56.178],[-2.773,56.171],[-2.895,56.086],[-3.17,56.062],[-3.294,55.974],[-3.895,55.985],[-3.713,55.885],[-3.577,55.885],[-3.356,55.843],[-3.161,55.846],[-2.928,55.946],[-2.742,55.957],[-2.54,55.885],[-2.245,55.811],[-1.942,55.556],[-1.719,55.454],[-1.666,55.38],[-1.696,55.273],[-1.556,54.922],[-1.389,54.68],[-1.192,54.595],[-0.871,54.547],[-0.605,54.3],[-0.296,54.033],[-0.235,53.799],[-0.319,53.579],[0.081,53.386]]}},{"type":"Feature","properties":{"NAME":"United Kingdom of Great Britain and Ireland","ABBREVN":"UK+Ireland","SUBJECTO":"United Kingdom of Great Britain and Ireland","BORDERPRECISION":3,"PARTOF":"United Kingdom of Great Britain and Ireland"},"geometry":{"type":"LineString","coordinates":[[-5.756,55.477],[-5.689,55.628],[-5.518,55.668],[-5.482,55.443],[-5.62,55.33],[-5.698,55.331],[-5.756,55.477]]}},{"type":"Feature","properties":{"NAME":"United Kingdom of Great Britain and Ireland","ABBREVN":"UK+Ireland","SUBJECTO":"United Kingdom of Great Britain and Ireland","BORDERPRECISION":3,"PARTOF":"United Kingdom of Great Britain and Ireland"},"geometry":{"type":"LineString","coordinates":[[-7.225,55.104],[-6.997,55.172],[-6.645,55.206],[-6.454,55.187],[-6.279,55.14],[-6.117,55.16],[-6.018,55.093],[-5.785,54.737],[-5.764,54.657],[-5.8,54.523],[-5.662,54.322],[-5.731,54.175],[-5.912,54.027],[-6.072,53.974],[-6.343,53.94],[-6.443,53.899],[-6.335,53.786],[-6.172,53.439],[-6.043,52.893],[-6.071,52.767],[-6.232,52.613],[-6.341,52.427],[-6.406,52.214],[-6.489,52.194],[-6.617,52.221],[-6.894,52.207],[-6.962,52.111],[-7.372,52.092],[-7.751,52.033],[-7.862,51.968],[-8.159,51.84],[-8.565,51.615],[-8.848,51.6],[-9.243,51.473],[-9.819,51.435],[-9.795,51.605],[-9.835,51.803],[-10.217,51.758],[-10.294,51.978],[-9.964,52.092],[-10.497,52.102],[-10.469,52.207],[-9.891,52.194],[-9.802,52.241],[-9.784,52.341],[-9.736,52.48],[-9.504,52.541],[-9.193,52.554],[-9.134,52.681],[-9.616,52.637],[-9.442,52.833],[-9.526,52.905],[-9.309,53.115],[-8.997,53.12],[-8.924,53.161],[-9.002,53.3],[-9.158,53.221],[-9.297,53.28],[-9.441,53.266],[-9.617,53.346],[-9.803,53.345],[-9.885,53.297],[-10.16,53.374],[-10.021,53.512],[-10.151,53.576],[-9.81,53.632],[-9.872,53.768],[-9.696,53.873],[-9.913,53.97],[-10.179,53.912],[-10.16,54.133],[-9.892,54.326],[-9.474,54.241],[-9.323,54.275],[-9.086,54.258],[-8.59,54.203],[-8.687,54.364],[-8.301,54.489],[-8.211,54.634],[-8.829,54.634],[-8.76,54.701],[-8.504,54.75],[-8.476,54.88],[-8.345,55.095],[-8.118,55.177],[-7.756,55.253],[-7.657,55.117],[-7.498,55.05],[-7.225,55.104]]}},{"type":"Feature","properties":{"NAME":"Iceland","ABBREVN":"Iceland","SUBJECTO":"Denmark","BORDERPRECISION":3,"PARTOF":"Denmark"},"geometry":{"type":"LineString","coordinates":[[-24.219,65.534],[-24.162,65.607],[-23.973,65.687],[-23.571,65.681],[-23.267,65.725],[-23.426,65.827],[-23.608,65.98],[-23.466,66.133],[-23.341,66.134],[-22.911,65.944],[-22.609,65.923],[-22.474,65.996],[-22.56,66.113],[-22.841,66.281],[-22.676,66.391],[-22.21,66.29],[-21.779,66.254],[-21.443,66.13],[-21.242,65.882],[-21.296,65.699],[-21.495,65.568],[-21.08,65.205],[-20.831,65.366],[-20.672,65.424],[-20.389,65.475],[-20.168,65.556],[-20.141,65.651],[-20.217,66.001],[-19.973,66.111],[-19.748,65.907],[-19.556,65.768],[-19.336,65.674],[-19.239,65.667],[-19.156,65.725],[-19.275,65.929],[-19.165,66.003],[-19.044,66.017],[-18.676,66.091],[-18.369,65.895],[-18.128,65.786],[-17.884,65.757],[-17.861,65.837],[-18.022,66.078],[-17.57,66.013],[-16.922,65.978],[-16.568,66.029],[-16.376,66.132],[-16.385,66.454],[-15.86,66.419],[-15.574,66.207],[-15.071,66.061],[-14.763,66.055],[-14.641,65.945],[-14.754,65.697],[-14.4,65.567],[-13.647,65.495],[-13.59,65.43],[-13.526,65.183],[-13.557,65.009],[-13.694,64.779],[-13.893,64.721],[-14.26,64.713],[-14.348,64.67],[-14.366,64.476],[-14.598,64.267],[-14.821,64.195],[-15.077,64.209],[-15.267,64.28],[-15.634,64.057],[-15.876,63.993],[-16.534,63.784],[-16.918,63.733],[-17.244,63.733],[-17.591,63.689],[-17.944,63.425],[-18.157,63.367],[-18.642,63.324],[-18.961,63.337],[-19.553,63.415],[-19.827,63.478],[-20.404,63.698],[-20.88,63.74],[-21.079,63.711],[-21.548,63.718],[-22.373,63.773],[-22.507,63.866],[-22.311,63.952],[-21.804,64.11],[-21.488,64.376],[-21.857,64.383],[-22.086,64.44],[-22.279,64.619],[-22.392,64.662],[-22.554,64.625],[-23.508,64.559],[-23.675,64.659],[-23.611,64.746],[-23.437,64.804],[-23.136,64.847],[-22.778,64.855],[-22.45,64.906],[-21.978,64.95],[-21.809,65.037],[-21.729,65.182],[-21.794,65.298],[-21.955,65.378],[-22.146,65.385],[-22.362,65.45],[-22.814,65.471],[-23.183,65.427],[-23.374,65.354],[-23.678,65.317],[-24.147,65.439],[-24.219,65.534]]}},{"type":"Feature","properties":{"NAME":"Belgium","ABBREVN":"Belgium","SUBJECTO":"Belgium","BORDERPRECISION":3,"PARTOF":"Belgium"},"geometry":{"type":"LineString","coordinates":[[2.522,51.091],[2.995,51.313],[3.214,51.354],[3.472,51.314],[3.681,51.321],[3.775,51.388],[3.99,51.344],[4.173,51.325],[4.407,51.34],[4.395,51.411],[4.671,51.405],[4.791,51.487],[4.932,51.378],[5.01,51.433],[5.113,51.405],[5.244,51.237],[5.484,51.286],[5.824,51.117],[5.774,50.926],[5.697,50.883],[5.697,50.731],[6,50.742],[6.155,50.662],[6.281,50.498],[6.298,50.287],[6.109,50.117],[6.007,50.15],[5.834,50.047],[5.738,49.902],[5.745,49.755],[5.884,49.664],[5.824,49.507],[5.788,49.559],[5.475,49.48],[5.418,49.583],[5.098,49.761],[4.86,49.782],[4.877,49.885],[4.812,49.966],[4.865,50.134],[4.755,50.101],[4.668,49.96],[4.467,49.945],[4.285,49.911],[4.156,49.966],[4.188,50.055],[4.148,50.134],[4.22,50.242],[4.051,50.318],[3.791,50.34],[3.675,50.334],[3.603,50.47],[3.37,50.465],[3.283,50.524],[3.192,50.731],[3.123,50.807],[2.875,50.682],[2.755,50.739],[2.616,50.89],[2.522,51.091]]}},{"type":"Feature","properties":{"NAME":"Spain","ABBREVN":"Spain","SUBJECTO":"Spain","BORDERPRECISION":3,"PARTOF":"Spain"},"geometry":{"type":"LineString","coordinates":[[-8.806,41.889],[-8.86,42.015],[-8.799,42.195],[-8.644,42.42],[-8.942,42.824],[-9.173,42.856],[-9.247,42.901],[-9.271,43.049],[-9.197,43.158],[-9.014,43.281],[-8.849,43.326],[-8.31,43.353],[-8.251,43.43],[-8.22,43.617],[-7.98,43.74],[-7.636,43.721],[-7.151,43.555],[-6.808,43.523],[-6.468,43.563],[-5.98,43.705],[-5.82,43.706],[-5.537,43.577],[-5.225,43.507],[-4.802,43.469],[-3.848,43.439],[-3.417,43.376],[-3.196,43.447],[-3.007,43.55],[-2.768,43.538],[-2.367,43.326],[-2.066,43.333],[-1.915,43.305],[-1.702,43.196],[-1.491,43.21],[-1.466,43.155],[-1.558,43.045],[-1.515,42.998],[-1.448,42.984],[-1.397,43.032],[-0.907,42.881],[-0.84,42.909],[-0.612,42.731],[-0.587,42.765],[-0.469,42.751],[-0.41,42.786],[-0.216,42.717],[-0.166,42.649],[0.18,42.663],[0.196,42.608],[0.348,42.635],[0.592,42.628],[0.584,42.772],[0.744,42.772],[1.307,42.635],[1.349,42.539],[1.364,42.41],[1.448,42.375],[1.709,42.423],[1.86,42.382],[1.876,42.314],[1.994,42.307],[2.171,42.382],[2.363,42.293],[2.582,42.287],[2.599,42.348],[2.937,42.41],[3.087,42.369],[3.086,42.121],[3.157,42.076],[3.129,41.857],[2.628,41.62],[2.201,41.446],[2.081,41.298],[1.311,41.157],[0.879,41.022],[0.734,40.875],[0.71,40.785],[0.827,40.727],[0.788,40.657],[0.505,40.593],[0.238,40.24],[-0.161,39.886],[-0.395,39.434],[-0.236,39.062],[-0.166,38.954],[0.126,38.821],[0.173,38.738],[-0.435,38.43],[-0.564,38.215],[-0.665,38.177],[-0.872,37.76],[-0.803,37.615],[-0.918,37.57],[-1.365,37.548],[-1.626,37.439],[-1.817,37.292],[-1.94,36.952],[-2.239,36.728],[-2.355,36.824],[-2.624,36.811],[-2.761,36.69],[-2.915,36.69],[-2.97,36.741],[-4.447,36.722],[-4.757,36.486],[-5.217,36.41],[-5.374,36.237],[-5.387,36.11],[-5.424,36.072],[-5.457,36.167],[-5.488,36.174],[-5.485,36.065],[-5.661,36.008],[-5.85,36.072],[-6.204,36.282],[-6.305,36.454],[-6.289,36.572],[-6.444,36.623],[-6.5,36.719],[-6.422,36.792],[-6.632,37.022],[-6.948,37.149],[-7.228,37.226],[-7.492,37.208],[-7.351,37.644],[-7.243,37.811],[-6.845,38.1],[-7.028,38.24],[-7.394,38.295],[-7.317,38.5],[-7.089,38.795],[-6.933,38.961],[-7.211,39.298],[-7.431,39.521],[-7.301,39.579],[-7.084,39.599],[-6.878,39.702],[-6.859,39.792],[-6.884,40.214],[-6.825,40.657],[-6.857,40.862],[-6.834,41.061],[-6.797,41.093],[-6.241,41.32],[-6.112,41.417],[-6.139,41.526],[-6.518,41.749],[-6.586,41.858],[-6.709,41.96],[-6.86,41.985],[-7.098,41.868],[-7.919,41.889],[-8.157,42.087],[-8.405,42.002],[-8.806,41.889]]}},{"type":"Feature","properties":{"NAME":"Georgia","ABBREVN":"Georgia","SUBJECTO":"Georgia","BORDERPRECISION":3,"PARTOF":"Georgia"},"geometry":{"type":"LineString","coordinates":[[40.098,43.378],[40.149,43.517],[40.266,43.591],[40.393,43.57],[40.425,43.549],[40.808,43.527],[40.936,43.485],[41.149,43.378],[41.234,43.357],[41.478,43.357],[41.574,43.283],[41.691,43.24],[41.829,43.208],[41.989,43.187],[42.127,43.187],[42.319,43.229],[42.563,43.229],[42.744,43.155],[42.829,43.155],[42.957,43.176],[43.116,43.102],[43.159,43.038],[43.287,42.942],[43.68,42.857],[43.787,42.804],[43.925,42.751],[43.861,42.698],[43.84,42.644],[43.957,42.591],[44.053,42.559],[44.17,42.612],[44.297,42.612],[44.414,42.729],[44.51,42.761],[44.669,42.761],[44.786,42.729],[44.872,42.666],[44.935,42.74],[44.978,42.772],[45.031,42.772],[45.138,42.719],[45.201,42.676],[45.297,42.676],[45.382,42.623],[45.478,42.549],[45.648,42.549],[45.808,42.538],[45.861,42.474],[45.808,42.389],[45.754,42.251],[45.914,42.123],[46.042,42.049],[46.159,42.006],[46.286,41.985],[46.393,41.995],[46.499,41.964],[46.556,41.878],[46.435,41.793],[46.329,41.698],[46.393,41.581],[46.488,41.442],[46.765,41.368],[46.818,41.272],[46.776,41.123],[46.669,41.081],[46.563,41.059],[46.446,41.144],[46.382,41.176],[46.297,41.187],[46.169,41.166],[45.882,41.251],[45.797,41.347],[45.648,41.432],[45.329,41.442],[45.141,41.304],[45.01,41.261],[44.574,41.198],[44.308,41.219],[44.127,41.166],[43.936,41.155],[43.797,41.113],[43.659,41.123],[43.489,41.075],[42.878,41.546],[42.694,41.564],[42.352,41.402],[42.25,41.369],[42.029,41.4],[41.484,41.437],[41.521,41.466],[41.666,41.729],[41.68,41.793],[41.652,42.121],[41.503,42.608],[41.41,42.788],[41.123,43.019],[40.969,43.077],[40.557,43.147],[40.252,43.268],[40.098,43.378]]}},{"type":"Feature","properties":{"NAME":"Montenegro","ABBREVN":"Montenegro","SUBJECTO":"Montenegro","BORDERPRECISION":3,"PARTOF":"Montenegro"},"geometry":{"type":"LineString","coordinates":[[19.368,41.846],[19.143,41.932],[19.136,42],[18.91,42.218],[18.514,42.362],[18.514,42.407],[18.501,42.448],[18.464,42.481],[18.449,42.516],[18.459,42.556],[18.54,42.606],[18.58,42.646],[18.56,42.692],[18.494,42.782],[18.479,42.918],[18.484,42.978],[18.53,43.018],[18.64,43.033],[18.665,43.058],[18.66,43.103],[18.645,43.144],[18.695,43.189],[18.736,43.274],[18.811,43.309],[18.866,43.334],[18.921,43.329],[18.946,43.309],[18.972,43.269],[19.012,43.244],[19.062,43.244],[19.087,43.289],[19.062,43.334],[18.967,43.455],[18.962,43.49],[18.997,43.515],[19.047,43.53],[19.077,43.51],[19.127,43.5],[19.198,43.525],[19.223,43.51],[19.223,43.465],[19.323,43.44],[19.393,43.395],[19.469,43.359],[19.519,43.309],[19.564,43.244],[19.665,43.169],[19.825,43.123],[19.871,43.098],[19.906,43.093],[19.936,43.113],[19.966,43.103],[20.001,43.058],[20.056,43.013],[20.071,42.983],[20.107,42.963],[20.157,42.973],[20.182,42.953],[20.318,42.902],[20.363,42.857],[20.368,42.817],[20.267,42.802],[20.227,42.782],[20.217,42.752],[20.192,42.737],[20.051,42.757],[20.001,42.742],[19.991,42.702],[20.016,42.676],[20.061,42.676],[20.097,42.646],[20.097,42.616],[20.047,42.488],[19.885,42.498],[19.558,42.547],[19.435,42.425],[19.309,42.193],[19.369,42],[19.368,41.846]]}},{"type":"Feature","properties":{"NAME":"Albania","ABBREVN":"Albania","SUBJECTO":"Albania","BORDERPRECISION":3,"PARTOF":"Albania"},"geometry":{"type":"LineString","coordinates":[[20.122,39.551],[20.091,39.603],[20.029,39.814],[19.804,40.017],[19.369,40.26],[19.38,40.324],[19.484,40.296],[19.494,40.403],[19.339,40.589],[19.527,40.866],[19.445,40.965],[19.53,41.218],[19.417,41.345],[19.499,41.524],[19.619,41.559],[19.607,41.762],[19.458,41.798],[19.368,41.846],[19.369,42],[19.309,42.193],[19.435,42.425],[19.558,42.547],[19.885,42.498],[20.073,42.486],[20.245,42.32],[20.575,41.93],[20.599,41.782],[20.54,41.59],[20.573,41.301],[20.707,41.001],[21.032,40.727],[20.991,40.714],[20.789,40.335],[20.385,39.949],[20.122,39.551]]}},{"type":"Feature","properties":{"NAME":"Portugal","ABBREVN":"Portugal","SUBJECTO":"Portugal","BORDERPRECISION":3,"PARTOF":"Portugal"},"geometry":{"type":"LineString","coordinates":[[-7.492,37.208],[-7.603,37.163],[-7.836,37.032],[-8.034,37.009],[-8.28,37.089],[-8.541,37.089],[-8.667,37.121],[-8.991,36.99],[-9.017,37.07],[-8.842,37.525],[-8.851,37.91],[-8.933,37.962],[-8.823,38.206],[-8.847,38.385],[-8.789,38.436],[-8.854,38.5],[-9.237,38.417],[-9.285,38.619],[-9.069,38.643],[-8.942,38.742],[-8.961,38.818],[-9.041,38.92],[-9.176,38.732],[-9.362,38.671],[-9.522,38.69],[-9.549,38.775],[-9.46,38.953],[-9.398,39.23],[-9.415,39.367],[-9.299,39.418],[-9.118,39.644],[-8.916,40.138],[-8.97,40.19],[-8.694,40.992],[-8.852,41.408],[-8.855,41.597],[-8.921,41.767],[-8.806,41.889],[-8.405,42.002],[-8.157,42.087],[-7.919,41.889],[-7.098,41.868],[-6.86,41.985],[-6.709,41.96],[-6.586,41.858],[-6.518,41.749],[-6.139,41.526],[-6.112,41.417],[-6.241,41.32],[-6.797,41.093],[-6.834,41.061],[-6.857,40.862],[-6.825,40.657],[-6.884,40.214],[-6.859,39.792],[-6.878,39.702],[-7.084,39.599],[-7.301,39.579],[-7.431,39.521],[-7.211,39.298],[-6.933,38.961],[-7.089,38.795],[-7.317,38.5],[-7.394,38.295],[-7.028,38.24],[-6.845,38.1],[-7.243,37.811],[-7.351,37.644],[-7.492,37.208]]}},{"type":"Feature","properties":{"NAME":"Azerbaijan","ABBREVN":"Azerbaijan","SUBJECTO":"Azerbaijan","BORDERPRECISION":3,"PARTOF":"Azerbaijan"},"geometry":{"type":"LineString","coordinates":[[48.825,38.31],[48.501,38.452],[48.38,38.445],[48.22,38.64],[48.052,38.687],[47.993,38.85],[48.233,38.972],[48.275,39.072],[48.082,39.151],[48.07,39.235],[48.353,39.293],[48.395,39.363],[48.368,39.414],[48.149,39.508],[47.991,39.635],[47.854,39.71],[47.649,39.604],[47.172,39.383],[47.004,39.182],[46.716,39.098],[46.601,38.983],[46.595,38.996],[46.637,39.049],[46.595,39.145],[46.51,39.177],[46.701,39.24],[46.584,39.326],[46.478,39.432],[46.584,39.485],[46.627,39.57],[46.499,39.591],[46.34,39.602],[46.212,39.655],[46.116,39.751],[46.01,39.762],[45.893,39.921],[45.765,39.985],[45.744,40.028],[45.989,40.028],[46.063,40.134],[46.063,40.24],[45.967,40.251],[45.882,40.315],[45.637,40.464],[45.51,40.623],[45.531,40.751],[45.712,40.815],[45.659,40.921],[45.563,40.996],[45.372,41.027],[45.244,41.07],[45.308,41.166],[45.18,41.208],[45.141,41.304],[45.329,41.442],[45.648,41.432],[45.797,41.347],[45.882,41.251],[46.169,41.166],[46.297,41.187],[46.382,41.176],[46.446,41.144],[46.563,41.059],[46.669,41.081],[46.776,41.123],[46.818,41.272],[46.765,41.368],[46.488,41.442],[46.393,41.581],[46.329,41.698],[46.435,41.793],[46.556,41.878],[46.659,41.889],[46.669,41.815],[46.765,41.836],[46.85,41.836],[46.914,41.751],[47.127,41.623],[47.169,41.57],[47.222,41.57],[47.35,41.442],[47.35,41.304],[47.616,41.261],[47.818,41.198],[47.988,41.219],[48.063,41.315],[48.201,41.464],[48.329,41.506],[48.552,41.634],[48.683,41.836],[48.892,41.687],[48.999,41.517],[49.116,41.432],[49.244,41.293],[49.286,41.059],[49.35,40.953],[49.478,40.836],[49.605,40.762],[49.605,40.687],[49.807,40.581],[50.02,40.602],[50.19,40.57],[50.318,40.496],[50.424,40.411],[50.467,40.325],[50.467,40.262],[50.307,40.325],[50.126,40.347],[50.031,40.347],[49.914,40.325],[49.85,40.272],[49.669,40.24],[49.573,40.176],[49.552,40.091],[49.541,39.879],[49.446,39.655],[49.403,39.485],[49.499,39.379],[49.488,39.294],[49.382,39.326],[49.339,39.283],[49.275,39.017],[49.222,39.038],[49.18,39.145],[49.116,39.187],[49.041,39.145],[49.02,39.006],[49.052,38.932],[48.946,38.836],[48.988,38.719],[48.825,38.31]]}},{"type":"Feature","properties":{"NAME":"Azerbaijan","ABBREVN":"Azerbaijan","SUBJECTO":"Azerbaijan","BORDERPRECISION":3,"PARTOF":"Azerbaijan"},"geometry":{"type":"LineString","coordinates":[[44.67,39.757],[44.989,39.73],[45.169,39.783],[45.276,39.677],[45.308,39.602],[45.574,39.506],[45.712,39.56],[45.946,39.56],[45.914,39.464],[45.925,39.357],[45.978,39.347],[46.127,39.272],[46.095,39.166],[46.284,38.822],[46.167,38.882],[45.98,38.865],[45.749,38.877],[45.559,38.933],[45.409,39.028],[45.276,39.209],[45.029,39.309],[44.783,39.668],[44.67,39.757]]}},{"type":"Feature","properties":{"NAME":"Armenia","ABBREVN":"Armenia","SUBJECTO":"Armenia","BORDERPRECISION":3,"PARTOF":"Armenia"},"geometry":{"type":"LineString","coordinates":[[46.601,38.983],[46.454,38.836],[46.284,38.822],[46.095,39.166],[46.127,39.272],[45.978,39.347],[45.925,39.357],[45.914,39.464],[45.946,39.56],[45.712,39.56],[45.574,39.506],[45.308,39.602],[45.276,39.677],[45.169,39.783],[44.989,39.73],[44.67,39.757],[44.448,39.96],[43.812,40.014],[43.685,40.109],[43.67,40.295],[43.859,40.66],[43.847,40.75],[43.489,41.075],[43.659,41.123],[43.797,41.113],[43.936,41.155],[44.127,41.166],[44.308,41.219],[44.574,41.198],[45.01,41.261],[45.141,41.304],[45.18,41.208],[45.308,41.166],[45.244,41.07],[45.372,41.027],[45.563,40.996],[45.659,40.921],[45.712,40.815],[45.531,40.751],[45.51,40.623],[45.637,40.464],[45.882,40.315],[45.967,40.251],[46.063,40.24],[46.063,40.134],[45.989,40.028],[45.744,40.028],[45.765,39.985],[45.893,39.921],[46.01,39.762],[46.116,39.751],[46.212,39.655],[46.34,39.602],[46.499,39.591],[46.627,39.57],[46.584,39.485],[46.478,39.432],[46.584,39.326],[46.701,39.24],[46.51,39.177],[46.595,39.145],[46.637,39.049],[46.595,38.996],[46.601,38.983]]}},{"type":"Feature","properties":{"NAME":"Persia","ABBREVN":"Persia","SUBJECTO":"Persia","BORDERPRECISION":3,"PARTOF":"Persia"},"geometry":{"type":"LineString","coordinates":[[44.784,37.27],[44.66,37.286],[44.471,37.455],[44.427,37.644],[44.492,37.754],[44.301,37.804],[44.205,37.867],[44.361,38.166],[44.464,38.292],[44.447,38.385],[44.318,38.476],[44.269,38.429],[44.229,38.482],[44.128,38.703],[44.183,38.872],[44.065,39.173],[44.082,39.295],[44.345,39.414],[44.349,39.609],[44.453,39.673],[44.637,39.662],[44.67,39.757],[44.783,39.668],[45.029,39.309],[45.276,39.209],[45.409,39.028],[45.559,38.933],[45.749,38.877],[45.98,38.865],[46.167,38.882],[46.281,38.822],[46.454,38.836],[46.716,39.098],[47.004,39.182],[47.172,39.383],[47.649,39.604],[47.854,39.71],[47.991,39.635],[48.149,39.508],[48.368,39.414],[48.395,39.363],[48.353,39.293],[48.07,39.235],[48.082,39.151],[48.275,39.072],[48.233,38.972],[47.993,38.85],[48.052,38.687],[48.22,38.64],[48.38,38.445],[48.501,38.452],[48.832,38.306],[48.809,37.989],[48.745,37.727],[48.837,37.511],[49.06,37.398],[49.476,37.292],[49.848,37.268],[50.039,37.225],[50.111,37.098],[50.252,36.895],[50.561,36.686],[51.417,36.456],[51.796,36.432],[51.993,36.459],[52.602,36.577],[53.139,36.644],[53.8,36.679],[53.984,36.782],[54.067,36.942],[54.009,37.349],[54.214,37.337],[54.467,37.396],[54.676,37.531],[54.956,37.825],[55.17,37.973],[55.356,38.038],[55.63,38.052],[55.981,38.035],[56.131,38.048],[56.363,38.202],[56.517,38.261],[57.225,38.188],[57.407,37.992],[57.725,37.879],[58.095,37.728],[58.675,37.674],[58.972,37.599],[59.24,37.448],[60,36.874],[60,34],[45.523,34],[45.565,34.274],[45.671,34.617],[46.184,35.058],[45.995,35.401],[46.001,35.515],[46.211,35.784],[45.73,35.832],[45.388,35.926],[45.359,36.015],[45.105,36.503],[44.795,37.132],[44.784,37.27]]}},{"type":"Feature","properties":{"NAME":"Tunisia","ABBREVN":"Tunisia","SUBJECTO":"Tunisia","BORDERPRECISION":3,"PARTOF":"Tunisia"},"geometry":{"type":"LineString","coordinates":[[7.572,34],[7.581,34.041],[8.218,34.585],[8.291,34.77],[8.313,35.011],[8.289,35.278],[8.277,35.679],[8.272,36.323],[8.324,36.521],[8.631,36.803],[8.637,36.885],[8.866,36.968],[9.15,37.173],[9.416,37.275],[9.732,37.282],[10.021,37.2],[10.133,37.105],[10.159,36.996],[10.272,36.755],[10.393,36.717],[10.581,36.793],[10.843,36.991],[11.024,37.068],[11.039,36.909],[10.92,36.654],[10.633,36.424],[10.509,36.214],[10.511,36.086],[10.603,35.889],[10.831,35.679],[10.989,35.622],[11.125,35.241],[11.083,35.145],[10.839,34.801],[10.574,34.648],[10.116,34.234],[10.019,34.081],[10.071,34],[7.572,34]]}},{"type":"Feature","properties":{"NAME":"Netherlands","ABBREVN":"Netherlands","SUBJECTO":"Netherlands","BORDERPRECISION":3,"PARTOF":"Netherlands"},"geometry":{"type":"LineString","coordinates":[[7.16,53.164],[7.228,52.967],[7.073,52.804],[7.035,52.624],[6.778,52.64],[6.727,52.558],[6.714,52.476],[6.912,52.416],[6.997,52.443],[7.069,52.366],[7.068,52.219],[6.882,52.126],[6.825,51.956],[6.68,51.888],[6.381,51.82],[6.211,51.88],[6.133,51.838],[5.979,51.804],[5.948,51.722],[6.117,51.64],[6.154,51.521],[6.222,51.389],[6.089,51.198],[6.176,51.144],[5.964,51.024],[5.928,50.981],[6.01,50.964],[6.074,50.867],[6,50.742],[5.697,50.731],[5.697,50.883],[5.774,50.926],[5.824,51.117],[5.484,51.286],[5.244,51.237],[5.113,51.405],[5.01,51.433],[4.932,51.378],[4.791,51.487],[4.671,51.405],[4.395,51.411],[4.407,51.34],[4.173,51.325],[3.99,51.344],[3.775,51.388],[3.743,51.46],[3.52,51.579],[3.878,51.792],[4.264,52.071],[4.387,52.23],[4.641,52.756],[4.719,52.802],[5.008,52.856],[5.173,52.743],[5.235,52.623],[5.108,52.532],[5.006,52.557],[5.036,52.334],[4.95,52.278],[5.473,52.177],[5.574,52.283],[5.757,52.334],[5.817,52.521],[5.611,52.532],[5.556,52.587],[5.547,52.679],[5.653,52.75],[5.326,52.79],[5.358,52.938],[5.343,52.996],[5.332,53.011],[5.39,53.139],[5.966,53.335],[6.261,53.322],[6.751,53.39],[6.861,53.266],[7.009,53.245],[7.043,53.164],[7.16,53.164]]}},{"type":"Feature","properties":{"NAME":"Norway","ABBREVN":"Norway","SUBJECTO":"Norway","BORDERPRECISION":3,"PARTOF":"Norway"},"geometry":{"type":"LineString","coordinates":[[20.873,68.985],[20.791,68.932],[20.739,68.961],[20.555,68.975],[20.166,68.958],[20.039,68.478],[19.965,68.276],[19.843,68.164],[19.697,68.171],[19.396,68.229],[18.959,68.294],[18.179,68.469],[18.104,68.386],[18.094,68.088],[18.057,67.999],[17.914,67.864],[17.601,67.863],[17.209,67.905],[17.083,67.912],[16.874,67.837],[16.206,67.307],[16.228,67.211],[16.305,66.983],[16.221,66.828],[15.944,66.672],[15.347,66.259],[15.038,66.06],[14.597,66.05],[14.542,65.94],[14.515,65.503],[14.371,65.234],[14.199,65.023],[13.94,64.799],[13.718,64.553],[13.87,64.497],[14.042,64.376],[14.155,64.111],[14.078,64.032],[13.88,63.953],[13.551,63.937],[13.131,63.949],[12.853,63.897],[12.577,63.782],[12.299,63.566],[12.124,63.345],[12.09,63.046],[11.933,62.554],[12.226,62.226],[12.075,61.698],[12.337,61.523],[12.658,61.44],[12.792,61.33],[12.597,61.029],[12.174,60.956],[12.431,60.626],[12.548,60.434],[12.436,60.278],[12.423,60.039],[12.077,59.866],[11.891,59.86],[11.838,59.67],[11.61,59.569],[11.709,59.195],[11.563,58.863],[11.379,58.857],[11.311,59.011],[11.179,59.07]]}},{"type":"Feature","properties":{"NAME":"Norway","ABBREVN":"Norway","SUBJECTO":"Norway","BORDERPRECISION":3,"PARTOF":"Norway"},"geometry":{"type":"LineString","coordinates":[[21.074,69.116],[20.98,69.055]]}},{"type":"Feature","properties":{"NAME":"Norway","ABBREVN":"Norway","SUBJECTO":"Norway","BORDERPRECISION":3,"PARTOF":"Norway"},"geometry":{"type":"LineString","coordinates":[[22.416,68.724],[22.361,68.762]]}},{"type":"Feature","properties":{"NAME":"Norway","ABBREVN":"Norway","SUBJECTO":"Norway","BORDERPRECISION":3,"PARTOF":"Norway"},"geometry":{"type":"LineString","coordinates":[[25.722,69.11],[25.71,69.032],[25.669,68.922]]}},{"type":"Feature","properties":{"NAME":"Norway","ABBREVN":"Norway","SUBJECTO":"Norway","BORDERPRECISION":3,"PARTOF":"Norway"},"geometry":{"type":"LineString","coordinates":[[25.73,69.158],[25.723,69.116]]}},{"type":"Feature","properties":{"NAME":"Norway","ABBREVN":"Norway","SUBJECTO":"Norway","BORDERPRECISION":3,"PARTOF":"Norway"},"geometry":{"type":"LineString","coordinates":[[25.815,69.373],[25.806,69.358]]}},{"type":"Feature","properties":{"NAME":"Norway","ABBREVN":"Norway","SUBJECTO":"Norway","BORDERPRECISION":3,"PARTOF":"Norway"},"geometry":{"type":"LineString","coordinates":[[25.833,69.404],[25.818,69.379]]}},{"type":"Feature","properties":{"NAME":"Norway","ABBREVN":"Norway","SUBJECTO":"Norway","BORDERPRECISION":3,"PARTOF":"Norway"},"geometry":{"type":"LineString","coordinates":[[11.179,59.07],[11.112,59.165],[10.829,59.106],[10.769,59.118],[10.657,59.224],[10.549,59.379],[10.634,59.45],[10.57,59.581],[10.407,59.497],[10.379,59.367],[10.43,59.26],[10.363,59.213],[10.211,59.07],[10.172,58.987],[9.938,58.94],[9.698,58.999],[9.346,58.845],[9.372,58.786],[9.146,58.656],[8.922,58.538],[8.175,58.172],[8.154,58.09],[8.03,58.066],[7.908,58.066],[6.959,57.972],[6.874,58.078],[6.726,58.137],[6.644,58.042],[6.479,58.09],[6.652,58.172],[6.231,58.278],[5.874,58.432],[5.615,58.455],[5.4,58.715],[5.531,58.881],[5.475,58.976],[5.627,58.964],[5.666,58.822],[5.794,58.916],[6.094,58.798],[5.984,58.887],[6.041,58.952],[6.266,58.993],[6.051,58.981],[5.94,58.934],[5.822,59.017],[5.772,59.076],[6.033,59.201],[6.238,59.284],[6.02,59.254],[5.877,59.313],[6.076,59.42],[6.113,59.527],[5.816,59.313],[5.8,59.432],[5.68,59.509],[5.683,59.414],[5.717,59.337],[5.529,59.266],[5.344,59.266],[5.35,59.39],[5.283,59.272],[5.177,59.307],[5.087,59.509],[5.383,59.711],[5.419,59.515],[5.449,59.658],[5.646,59.586],[5.741,59.628],[5.667,59.676],[5.97,59.711],[6.185,59.824],[5.91,59.753],[5.694,59.753],[5.543,59.824],[5.632,59.884],[5.806,59.949],[5.894,60.161],[5.525,60.168],[5.279,60.125],[5.096,60.264],[5.262,60.327],[5.551,60.509],[5.456,60.592],[5.255,60.564],[5.075,60.592],[4.98,60.689],[5.109,60.906],[5.387,61.026],[5.12,61.137],[5.018,61.305],[5.141,61.39],[5.101,61.699],[5.149,61.741],[5.592,61.79],[5.797,61.77],[5.834,61.819],[5.719,61.88],[5.528,61.933],[5.426,62.009],[5.47,62.094],[5.565,62.15],[5.824,62.179],[6.053,62.335],[6.308,62.286],[6.533,62.336],[6.613,62.583],[6.989,62.542],[7.289,62.486],[7.547,62.599],[7.102,62.705],[6.982,62.846],[7.088,62.91],[7.606,62.904],[7.989,62.94],[8.231,62.841],[8.258,63.054],[8.472,63.176],[8.606,63.325],[8.957,63.404],[9.154,63.319],[9.216,63.284],[9.441,63.498],[9.832,63.684],[9.87,63.876],[10.066,64.056],[10.74,64.386],[10.891,64.473],[10.997,64.494],[11.214,64.416],[11.364,64.416],[11.508,64.517],[11.407,64.617],[11.47,64.675],[11.69,64.776],[11.896,64.913],[12.112,65.13],[12.222,65.101],[12.526,65.109],[12.496,65.384],[12.284,65.435],[12.479,65.617],[12.709,65.909],[13.087,65.88],[13.109,66.034],[13.152,66.136],[13.581,66.188],[13.403,66.349],[13.255,66.393],[13.169,66.458],[13.242,66.569],[13.383,66.679],[13.592,66.657],[13.992,66.687],[13.747,66.922],[13.859,66.959],[14.055,66.975],[14.373,67.093],[14.639,67.123],[14.778,67.217],[14.616,67.245],[14.569,67.329],[14.699,67.374],[14.976,67.523],[15.227,67.509],[15.385,67.464],[15.58,67.583],[15.746,67.597],[15.762,67.676],[15.572,67.821],[15.854,67.925],[15.92,68.049],[16.071,68.045],[16.233,67.911],[16.412,67.874],[16.649,68.046],[16.522,68.341],[16.719,68.311],[17.033,68.338],[17.126,68.416],[16.855,68.558],[17.04,68.659],[17.407,68.772],[17.449,68.887],[17.566,68.974],[17.895,69.035],[17.928,69.005],[18.052,69.028],[18.097,69.058],[18.319,69.359],[18.553,69.247],[18.985,69.315],[19.289,69.211],[19.58,69.181],[19.821,69.37],[20.158,69.748],[20.286,69.786],[20.358,69.71],[20.278,69.582],[20.197,69.318],[20.553,69.522],[20.734,69.779],[21.103,69.818],[21.412,70.015],[21.609,69.963],[21.908,69.804],[22.163,70.093],[22.306,70.216],[22.746,70.171],[23.204,69.943],[23.292,70.011],[23.508,70.279],[23.827,70.479],[23.955,70.502],[24.208,70.472],[24.36,70.61],[24.571,70.741],[24.849,70.827],[25.389,70.905],[25.832,70.898],[25.231,70.558],[25.122,70.435],[25.074,70.144],[25.263,70.107],[25.574,70.367],[26.263,70.791],[26.607,70.915],[26.619,70.799],[26.617,70.392],[26.934,70.469],[27.131,70.577],[27.516,70.97],[27.948,71.017],[28.211,71.018],[28.308,70.949],[28.136,70.833],[27.985,70.717],[28.019,70.609],[27.875,70.425],[28.29,70.372],[28.389,70.572],[28.795,70.865],[28.984,70.857],[29.741,70.605],[30.041,70.544],[30.462,70.537],[30.754,70.43],[30.799,70.308],[30.252,70.131],[29.735,70.115],[28.73,70.136],[29.08,69.961],[29.556,69.833],[29.729,69.698],[30.056,69.721],[30.361,69.767],[30.735,69.752],[31.054,69.64],[30.872,69.51],[30.641,69.418],[30.27,69.409],[29.924,69.355],[29.463,69.134],[29.007,68.832],[28.697,68.696],[28.697,68.725]]}},{"type":"Feature","properties":{"NAME":"Norway","ABBREVN":"Norway","SUBJECTO":"Norway","BORDERPRECISION":3,"PARTOF":"Norway"},"geometry":{"type":"LineString","coordinates":[[28.859,69.076],[29.122,69.354]]}},{"type":"Feature","properties":{"NAME":"Finland","ABBREVN":"Finland","SUBJECTO":"Finland","BORDERPRECISION":3,"PARTOF":"Finland"},"geometry":{"type":"LineString","coordinates":[[20.98,69.055],[21.074,69.116]]}},{"type":"Feature","properties":{"NAME":"Finland","ABBREVN":"Finland","SUBJECTO":"Finland","BORDERPRECISION":3,"PARTOF":"Finland"},"geometry":{"type":"LineString","coordinates":[[22.361,68.762],[22.416,68.724]]}},{"type":"Feature","properties":{"NAME":"Finland","ABBREVN":"Finland","SUBJECTO":"Finland","BORDERPRECISION":3,"PARTOF":"Finland"},"geometry":{"type":"LineString","coordinates":[[23.477,67.842],[23.141,68.085],[22.913,68.188],[22.201,68.281],[21.712,68.413],[21.133,68.709],[20.856,68.918],[20.791,68.932],[20.873,68.985]]}},{"type":"Feature","properties":{"NAME":"Finland","ABBREVN":"Finland","SUBJECTO":"Finland","BORDERPRECISION":3,"PARTOF":"Finland"},"geometry":{"type":"LineString","coordinates":[[23.459,67.515],[23.46,67.649],[23.481,67.788]]}},{"type":"Feature","properties":{"NAME":"Finland","ABBREVN":"Finland","SUBJECTO":"Finland","BORDERPRECISION":3,"PARTOF":"Finland"},"geometry":{"type":"LineString","coordinates":[[23.596,67.239],[23.458,67.412],[23.458,67.454]]}},{"type":"Feature","properties":{"NAME":"Finland","ABBREVN":"Finland","SUBJECTO":"Finland","BORDERPRECISION":3,"PARTOF":"Finland"},"geometry":{"type":"LineString","coordinates":[[23.82,66.543],[23.881,66.641],[23.868,66.817],[23.763,66.994]]}},{"type":"Feature","properties":{"NAME":"Finland","ABBREVN":"Finland","SUBJECTO":"Finland","BORDERPRECISION":3,"PARTOF":"Finland"},"geometry":{"type":"LineString","coordinates":[[24.132,65.789],[23.948,65.797],[23.897,65.902],[23.749,66.04],[23.656,66.28],[23.669,66.3]]}},{"type":"Feature","properties":{"NAME":"Finland","ABBREVN":"Finland","SUBJECTO":"Finland","BORDERPRECISION":3,"PARTOF":"Finland"},"geometry":{"type":"LineString","coordinates":[[25.723,69.116],[25.73,69.158]]}},{"type":"Feature","properties":{"NAME":"Finland","ABBREVN":"Finland","SUBJECTO":"Finland","BORDERPRECISION":3,"PARTOF":"Finland"},"geometry":{"type":"LineString","coordinates":[[25.669,68.922],[25.71,69.032],[25.722,69.11]]}},{"type":"Feature","properties":{"NAME":"Finland","ABBREVN":"Finland","SUBJECTO":"Finland","BORDERPRECISION":3,"PARTOF":"Finland"},"geometry":{"type":"LineString","coordinates":[[25.806,69.358],[25.815,69.373]]}},{"type":"Feature","properties":{"NAME":"Finland","ABBREVN":"Finland","SUBJECTO":"Finland","BORDERPRECISION":3,"PARTOF":"Finland"},"geometry":{"type":"LineString","coordinates":[[25.818,69.379],[25.833,69.404]]}},{"type":"Feature","properties":{"NAME":"Finland","ABBREVN":"Finland","SUBJECTO":"Finland","BORDERPRECISION":3,"PARTOF":"Finland"},"geometry":{"type":"LineString","coordinates":[[28.697,68.696],[28.686,68.568],[28.57,68.359],[28.583,68.298]]}},{"type":"Feature","properties":{"NAME":"Finland","ABBREVN":"Finland","SUBJECTO":"Finland","BORDERPRECISION":3,"PARTOF":"Finland"},"geometry":{"type":"LineString","coordinates":[[28.697,68.725],[28.697,68.696]]}},{"type":"Feature","properties":{"NAME":"Finland","ABBREVN":"Finland","SUBJECTO":"Finland","BORDERPRECISION":3,"PARTOF":"Finland"},"geometry":{"type":"LineString","coordinates":[[29.122,69.354],[28.859,69.076]]}},{"type":"Feature","properties":{"NAME":"Finland","ABBREVN":"Finland","SUBJECTO":"Finland","BORDERPRECISION":3,"PARTOF":"Finland"},"geometry":{"type":"LineString","coordinates":[[29.111,66.799],[29.125,66.786]]}},{"type":"Feature","properties":{"NAME":"Finland","ABBREVN":"Finland","SUBJECTO":"Finland","BORDERPRECISION":3,"PARTOF":"Finland"},"geometry":{"type":"LineString","coordinates":[[29.727,65.335],[29.715,65.321],[29.673,65.231]]}},{"type":"Feature","properties":{"NAME":"Finland","ABBREVN":"Finland","SUBJECTO":"Finland","BORDERPRECISION":3,"PARTOF":"Finland"},"geometry":{"type":"LineString","coordinates":[[29.624,65.05],[29.618,64.973],[29.751,64.79]]}},{"type":"Feature","properties":{"NAME":"Finland","ABBREVN":"Finland","SUBJECTO":"Finland","BORDERPRECISION":3,"PARTOF":"Finland"},"geometry":{"type":"LineString","coordinates":[[29.984,65.69],[29.913,65.562],[29.743,65.355]]}},{"type":"Feature","properties":{"NAME":"Finland","ABBREVN":"Finland","SUBJECTO":"Finland","BORDERPRECISION":3,"PARTOF":"Finland"},"geometry":{"type":"LineString","coordinates":[[29.939,67.539],[29.946,67.534],[29.757,67.37],[29.171,67.021],[29.042,66.904]]}},{"type":"Feature","properties":{"NAME":"Finland","ABBREVN":"Finland","SUBJECTO":"Finland","BORDERPRECISION":3,"PARTOF":"Finland"},"geometry":{"type":"LineString","coordinates":[[30.024,64.484],[30.026,64.482]]}},{"type":"Feature","properties":{"NAME":"Finland","ABBREVN":"Finland","SUBJECTO":"Finland","BORDERPRECISION":3,"PARTOF":"Finland"},"geometry":{"type":"LineString","coordinates":[[30.056,64.449],[30.138,64.361]]}},{"type":"Feature","properties":{"NAME":"Finland","ABBREVN":"Finland","SUBJECTO":"Finland","BORDERPRECISION":3,"PARTOF":"Finland"},"geometry":{"type":"LineString","coordinates":[[30.424,63.97],[30.406,63.889],[30.162,63.702],[30.115,63.674]]}},{"type":"Feature","properties":{"NAME":"Serbia","ABBREVN":"Serbia","SUBJECTO":"Serbia","BORDERPRECISION":3,"PARTOF":"Serbia"},"geometry":{"type":"LineString","coordinates":[[22.453,41.049],[22.01,41.091],[21.846,41.02],[21.668,40.826],[21.395,40.761],[21.032,40.727],[20.707,41.001],[20.573,41.301],[20.54,41.59],[20.599,41.782],[20.575,41.93],[20.245,42.32],[20.073,42.486],[20.047,42.488],[20.097,42.616],[20.097,42.646],[20.061,42.676],[20.016,42.676],[19.991,42.702],[20.001,42.742],[20.051,42.757],[20.192,42.737],[20.217,42.752],[20.227,42.782],[20.267,42.802],[20.368,42.817],[20.363,42.857],[20.318,42.902],[20.182,42.953],[20.157,42.973],[20.107,42.963],[20.071,42.983],[20.056,43.013],[20.001,43.058],[19.966,43.103],[19.936,43.113],[19.906,43.093],[19.871,43.098],[19.825,43.123],[19.665,43.169],[19.564,43.244],[19.519,43.309],[19.469,43.359],[19.393,43.395],[19.323,43.44],[19.223,43.465],[19.223,43.51],[19.303,43.555],[19.343,43.606],[19.378,43.611],[19.444,43.575],[19.489,43.565],[19.509,43.575],[19.519,43.721],[19.378,43.872],[19.283,43.932],[19.238,43.997],[19.328,43.982],[19.393,43.957],[19.494,43.937],[19.594,43.997],[19.624,44.032],[19.584,44.053],[19.524,44.063],[19.484,44.103],[19.358,44.178],[19.323,44.269],[19.228,44.264],[19.152,44.289],[19.117,44.334],[19.107,44.394],[19.142,44.424],[19.142,44.464],[19.127,44.51],[19.253,44.64],[19.323,44.741],[19.338,44.816],[19.363,44.861],[19.353,44.891],[19.298,44.901],[19.147,44.906],[19.052,44.856],[19.017,44.896],[19.042,44.926],[19.082,44.911],[19.122,44.926],[19.107,44.997],[19.122,45.032],[19.102,45.062],[19.102,45.132],[19.137,45.132],[19.182,45.173],[19.167,45.203],[19.188,45.208],[19.213,45.203],[19.243,45.183],[19.278,45.178],[19.308,45.188],[19.348,45.173],[19.408,45.168],[19.424,45.193],[19.419,45.224],[19.544,45.253],[19.587,45.21],[19.853,45.236],[19.872,45.264],[20.024,45.173],[20.196,45.181],[20.241,45.155],[20.319,44.999],[20.288,44.971],[20.334,44.915],[20.405,44.855],[20.525,44.83],[20.571,44.847],[20.643,44.813],[20.633,44.757],[20.769,44.66],[20.922,44.671],[21.015,44.72],[21.149,44.739],[21.33,44.82],[21.364,44.82],[21.367,44.809],[21.478,44.793],[21.583,44.793],[21.592,44.708],[21.859,44.681],[21.947,44.619],[22.133,44.511],[22.199,44.564],[22.296,44.692],[22.41,44.75],[22.691,44.639],[22.742,44.58],[22.585,44.586],[22.441,44.495],[22.506,44.347],[22.694,44.263],[22.374,43.939],[22.293,43.804],[22.318,43.681],[22.915,43.176],[22.928,43.086],[22.792,42.951],[22.449,42.801],[22.338,42.665],[22.326,42.293],[22.386,42.197],[22.686,42.063],[22.847,41.891],[22.948,41.68],[22.946,41.455],[22.899,41.32],[22.92,41.231],[22.692,41.159],[22.453,41.049]]}},{"type":"Feature","properties":{"NAME":"Kingfom of Italy","ABBREVN":"Italy","SUBJECTO":"Italy","BORDERPRECISION":3,"PARTOF":"Italy"},"geometry":{"type":"LineString","coordinates":[[9.405,42.581],[9.459,42.556],[9.487,42.406],[9.453,42.048],[9.357,41.901],[9.305,41.575],[9.173,41.35],[9.039,41.369],[9.013,41.458],[8.829,41.492],[8.727,41.561],[8.855,41.654],[8.823,41.688],[8.627,41.732],[8.742,41.882],[8.693,41.913],[8.562,41.882],[8.538,41.948],[8.59,41.958],[8.668,42.029],[8.626,42.097],[8.511,42.134],[8.517,42.208],[8.628,42.262],[8.5,42.36],[8.609,42.487],[8.879,42.625],[9,42.635],[9.018,42.691],[9.149,42.711],[9.238,42.664],[9.28,42.728],[9.271,42.883],[9.303,42.983],[9.367,42.988],[9.414,42.91],[9.432,42.794],[9.405,42.581]]}},{"type":"Feature","properties":{"NAME":"Kingfom of Italy","ABBREVN":"Italy","SUBJECTO":"Italy","BORDERPRECISION":3,"PARTOF":"Italy"},"geometry":{"type":"LineString","coordinates":[[13.673,45.715],[13.565,45.727],[13.438,45.638],[13.368,45.694],[13.156,45.727],[13.105,45.582],[12.899,45.558],[12.448,45.394],[12.483,45.462],[12.28,45.402],[12.251,45.29],[12.18,45.27],[12.176,45.214],[12.313,45.178],[12.322,45.042],[12.409,44.989],[12.523,44.883],[12.476,44.787],[12.274,44.673],[12.281,44.55],[12.345,44.301],[12.697,43.935],[13.601,43.535],[13.732,43.374],[13.792,43.123],[13.915,42.873],[14.093,42.61],[14.405,42.353],[14.519,42.23],[14.72,42.142],[14.739,42.047],[14.922,41.972],[15.449,41.857],[16.013,41.904],[16.187,41.841],[16.198,41.746],[15.989,41.635],[15.873,41.502],[15.991,41.406],[16.42,41.279],[16.946,41.094],[17.319,40.929],[18.034,40.597],[18.06,40.514],[18.384,40.308],[18.523,40.094],[18.365,39.747],[18.16,39.873],[18.017,39.948],[17.968,40.167],[17.85,40.243],[17.619,40.288],[17.402,40.292],[17.204,40.398],[17.243,40.496],[17.084,40.525],[16.949,40.481],[16.844,40.363],[16.728,40.184],[16.604,40.09],[16.624,39.968],[16.535,39.832],[16.532,39.698],[17.149,39.422],[17.107,39.28],[17.121,39.086],[17.181,39.022],[17.095,38.915],[16.798,38.926],[16.613,38.827],[16.522,38.725],[16.572,38.457],[16.331,38.321],[16.053,37.931],[15.785,37.91],[15.71,37.941],[15.627,38.004],[15.627,38.233],[15.791,38.296],[15.933,38.54],[15.827,38.623],[15.99,38.735],[16.152,38.701],[16.212,38.778],[16.177,38.931],[16.083,39.012],[15.99,39.428],[15.825,39.661],[15.757,39.934],[15.666,40.092],[15.516,40.066],[15.432,39.989],[15.027,40.212],[14.899,40.241],[14.992,40.372],[14.951,40.551],[14.743,40.705],[14.334,40.594],[14.35,40.643],[14.495,40.73],[14.37,40.851],[14.24,40.853],[14.051,40.768],[13.942,40.998],[13.853,41.091],[13.797,41.193],[13.498,41.302],[13.271,41.314],[12.977,41.371],[12.642,41.531],[12.395,41.73],[11.963,42.005],[11.497,42.376],[11.105,42.549],[10.743,42.851],[10.488,43.236],[10.292,43.705],[10.137,43.905],[9.909,44.11],[9.692,44.22],[9.157,44.373],[8.897,44.437],[8.672,44.417],[8.186,44.126],[7.98,43.965],[7.689,43.887],[7.553,43.867],[7.619,44.078],[7.591,44.205],[7.209,44.173],[6.87,44.349],[6.783,44.548],[6.925,44.715],[7.003,44.72],[6.943,44.869],[6.665,44.955],[6.507,45.116],[6.704,45.199],[6.786,45.149],[7.029,45.308],[7.119,45.43],[6.926,45.517],[6.914,45.648],[6.675,45.803],[6.955,45.939],[7.225,45.911],[7.507,46.003],[7.79,45.927],[7.914,45.999],[8.071,46.193],[8.025,46.289],[8.375,46.471],[8.382,46.284],[8.622,46.121],[8.762,46.089],[8.718,46.007],[8.891,45.866],[9.019,45.934],[9.027,46.175],[9.218,46.348],[9.21,46.498],[9.377,46.534],[9.441,46.375],[9.545,46.312],[9.642,46.325],[9.674,46.38],[9.885,46.403],[9.995,46.252],[10.097,46.439],[9.987,46.498],[10.024,46.621],[10.151,46.662],[10.23,46.589],[10.372,46.566],[10.389,46.653],[10.339,46.748],[10.396,46.887],[10.558,46.718],[10.558,46.313],[10.457,46.212],[10.525,45.739],[10.66,45.807],[10.795,45.638],[10.93,45.84],[11.166,45.739],[11.233,46.009],[11.335,46.009],[11.571,45.975],[11.571,46.245],[11.908,46.414],[11.74,46.752],[12.075,46.928],[12.218,46.884],[12.362,46.709],[12.952,46.597],[13.354,46.561],[13.569,46.51],[13.621,46.421],[13.344,46.285],[13.389,46.216],[13.522,46.216],[13.606,46.132],[13.441,46.004],[13.592,45.964],[13.535,45.801],[13.697,45.752],[13.825,45.663],[13.8,45.566],[13.673,45.715]]}},{"type":"Feature","properties":{"NAME":"Kingfom of Italy","ABBREVN":"Italy","SUBJECTO":"Italy","BORDERPRECISION":3,"PARTOF":"Italy"},"geometry":{"type":"LineString","coordinates":[[14.622,36.776],[14.216,37.049],[13.868,37.157],[13.012,37.525],[12.637,37.582],[12.532,37.639],[12.454,37.766],[12.517,37.919],[12.664,38.072],[12.783,38.117],[13.066,38.067],[13.322,38.221],[13.628,38.03],[13.81,37.966],[14.134,37.973],[14.766,38.058],[15.387,38.206],[15.454,38.167],[15.473,38.11],[15.423,38.053],[15.181,37.682],[15.112,37.459],[15.116,37.287],[15.301,37.058],[15.221,37],[15.027,36.745],[14.942,36.739],[14.622,36.776]]}},{"type":"Feature","properties":{"NAME":"Kingfom of Italy","ABBREVN":"Italy","SUBJECTO":"Italy","BORDERPRECISION":3,"PARTOF":"Italy"},"geometry":{"type":"LineString","coordinates":[[8.696,38.996],[8.582,39.066],[8.417,39.212],[8.374,39.308],[8.465,39.64],[8.508,39.946],[8.488,40.209],[8.428,40.465],[8.202,40.663],[8.159,40.785],[8.241,40.855],[8.766,40.863],[8.918,40.94],[9.306,41.184],[9.591,40.903],[9.794,40.564],[9.788,40.442],[9.696,40.314],[9.631,40.096],[9.698,39.693],[9.648,39.457],[9.479,39.144],[9.296,39.233],[9.063,39.22],[8.999,39.175],[8.931,39.054],[8.82,38.977],[8.696,38.996]]}},{"type":"Feature","properties":{"NAME":"Romania","ABBREVN":"Romania","SUBJECTO":"Romania","BORDERPRECISION":3,"PARTOF":"Romania"},"geometry":{"type":"LineString","coordinates":[[27.108,48.644],[27.108,48.833],[27.486,48.671],[27.486,48.752],[27.648,48.752],[27.706,48.44],[27.82,48.394],[27.882,48.338],[27.944,48.315],[28.013,48.309],[28.058,48.281],[28.115,48.218],[28.16,48.224],[28.217,48.213],[28.296,48.23],[28.347,48.23],[28.359,48.201],[28.302,48.133],[28.347,48.15],[28.387,48.139],[28.387,48.105],[28.415,48.082],[28.427,48.097],[28.908,47.818],[29.116,47.283],[29.427,46.816],[29.807,46.505],[30.066,46.28],[30.433,46.176],[30.069,45.861],[29.73,45.77],[29.63,45.75],[29.5,45.523],[29.536,45.452],[29.683,45.375],[29.711,45.258],[29.579,45.058],[29.458,44.915],[29.09,44.876],[28.918,44.766],[28.686,44.488],[28.573,44.198],[28.53,43.843],[28.51,43.743],[28.208,43.797],[27.603,43.948],[27.371,44.05],[27.239,44.069],[26.937,44.235],[26.684,44.253],[26.406,44.154],[25.549,43.807],[25.378,43.781],[24.755,43.938],[24.62,43.944],[24.31,43.826],[24.156,43.813],[23.638,43.99],[23.411,43.991],[23.064,43.906],[22.944,43.895],[22.923,43.98],[23.028,44.124],[22.87,44.171],[22.694,44.263],[22.506,44.347],[22.441,44.495],[22.585,44.586],[22.742,44.58],[22.691,44.639],[22.41,44.75],[22.343,44.986],[22.478,45.729],[23.018,45.864],[23.255,46.066],[23.558,45.897],[23.795,46.066],[24.065,46.1],[24.402,45.897],[24.942,45.965],[25.516,45.796],[25.448,46.302],[25.651,46.404],[25.853,46.674],[26.025,46.832],[25.843,46.968],[25.648,47.143],[25.227,47.249],[25.57,47.422],[25.786,47.343],[25.951,47.495],[26.528,47.533],[26.441,47.598],[26.224,47.962],[26.038,48.216],[26.129,48.268],[26.255,48.303],[26.09,48.608],[26.48,48.586],[26.989,48.681],[27.108,48.644]]}},{"type":"Feature","properties":{"NAME":"Austro-Hungarian Empire","ABBREVN":"Austria Hung","SUBJECTO":"Austro-Hungarian Empire","BORDERPRECISION":3,"PARTOF":"Austro-Hungarian Empire"},"geometry":{"type":"LineString","coordinates":[[9.51,47.225],[9.465,47.286],[9.584,47.409],[9.539,47.487],[9.561,47.5],[9.598,47.487],[9.641,47.507],[9.648,47.488],[9.666,47.496],[9.678,47.489],[9.699,47.506],[9.743,47.505],[9.752,47.511],[9.712,47.551],[9.68,47.543],[9.68,47.556],[9.665,47.556],[9.737,47.616],[9.78,47.567],[9.892,47.564],[9.938,47.502],[10.026,47.48],[10.021,47.406],[10.138,47.389],[10.103,47.301],[10.2,47.301],[10.403,47.455],[10.388,47.579],[10.495,47.56],[10.613,47.585],[10.835,47.545],[10.877,47.48],[10.903,47.415],[11.17,47.424],[11.34,47.471],[11.36,47.53],[11.503,47.536],[11.56,47.613],[12.122,47.628],[12.163,47.709],[12.358,47.724],[12.446,47.662],[12.7,47.69],[12.765,47.638],[12.744,47.564],[12.942,47.483],[12.979,47.508],[13.023,47.662],[12.998,47.734],[12.848,47.74],[12.936,47.873],[12.694,48.129],[12.858,48.232],[13.294,48.365],[13.367,48.442],[13.384,48.594],[13.444,48.606],[13.64,48.538],[13.947,48.655],[13.745,48.94],[13.652,48.956],[13.578,49.037],[13.48,48.999],[13.397,49.09],[13.203,49.166],[12.945,49.398],[12.861,49.366],[12.646,49.485],[12.536,49.563],[12.52,49.668],[12.448,49.706],[12.484,49.889],[12.554,50.002],[12.368,50.046],[12.235,50.241],[12.462,50.398],[12.594,50.384],[12.784,50.474],[12.982,50.474],[13.018,50.556],[13.189,50.561],[13.233,50.664],[13.394,50.691],[13.473,50.659],[13.524,50.757],[13.855,50.767],[13.911,50.844],[14.146,50.865],[14.389,50.947],[14.262,51.045],[14.458,51.077],[14.596,51.023],[14.61,50.898],[14.765,50.865],[14.829,50.917],[14.997,50.917],[15.008,50.985],[14.981,51.018],[15.009,51.056],[15.172,51.064],[15.267,51.023],[15.309,50.906],[15.472,50.833],[15.818,50.797],[15.877,50.716],[16.003,50.732],[16.001,50.656],[16.21,50.686],[16.238,50.716],[16.353,50.705],[16.443,50.623],[16.399,50.569],[16.305,50.558],[16.204,50.463],[16.451,50.352],[16.585,50.181],[16.728,50.149],[16.827,50.233],[17.012,50.287],[16.884,50.423],[16.886,50.488],[17.014,50.477],[17.243,50.39],[17.36,50.336],[17.679,50.338],[17.597,50.211],[17.746,50.249],[17.751,50.036],[17.882,50.03],[18.048,50.103],[18.188,50.021],[18.549,49.962],[18.604,49.939],[18.748,50.046],[18.892,50.064],[19.311,50.268],[19.923,50.185],[20.271,50.104],[20.811,50.361],[21.157,50.376],[21.908,50.812],[22.394,50.68],[22.483,50.372],[23.116,50.385],[24.063,50.621],[24.404,50.634],[25.152,50.335],[25.203,50.155],[25.38,50.047],[25.505,49.844],[25.671,49.76],[26.255,49.75],[26.219,49.134],[26.48,48.586],[26.09,48.608],[26.255,48.303],[26.129,48.268],[26.038,48.216],[26.224,47.962],[26.441,47.598],[26.528,47.533],[25.951,47.495],[25.786,47.343],[25.57,47.422],[25.227,47.249],[25.648,47.143],[25.843,46.968],[26.025,46.832],[25.853,46.674],[25.651,46.404],[25.448,46.302],[25.516,45.796],[24.942,45.965],[24.402,45.897],[24.065,46.1],[23.795,46.066],[23.558,45.897],[23.255,46.066],[23.018,45.864],[22.478,45.729],[22.343,44.986]]}},{"type":"Feature","properties":{"NAME":"Austro-Hungarian Empire","ABBREVN":"Austria Hung","SUBJECTO":"Austro-Hungarian Empire","BORDERPRECISION":3,"PARTOF":"Austro-Hungarian Empire"},"geometry":{"type":"LineString","coordinates":[[22.343,44.986],[22.41,44.75],[22.296,44.692],[22.199,44.564],[22.133,44.511],[21.947,44.619],[21.859,44.681],[21.592,44.708],[21.583,44.793],[21.478,44.793],[21.367,44.809],[21.364,44.82],[21.33,44.82],[21.149,44.739],[21.015,44.72],[20.922,44.671],[20.769,44.66],[20.633,44.757],[20.643,44.813],[20.571,44.847],[20.525,44.83],[20.405,44.855],[20.334,44.915],[20.288,44.971],[20.319,44.999],[20.241,45.155],[20.196,45.181],[20.024,45.173],[19.872,45.264],[19.853,45.236],[19.587,45.21],[19.544,45.253],[19.419,45.224],[19.424,45.193],[19.408,45.168],[19.348,45.173],[19.308,45.188],[19.278,45.178],[19.243,45.183],[19.213,45.203],[19.188,45.208],[19.167,45.203],[19.182,45.173],[19.137,45.132],[19.102,45.132],[19.102,45.062],[19.122,45.032],[19.107,44.997],[19.122,44.926],[19.082,44.911],[19.042,44.926],[19.017,44.896],[19.052,44.856],[19.147,44.906],[19.298,44.901],[19.353,44.891],[19.363,44.861],[19.338,44.816],[19.323,44.741],[19.253,44.64],[19.127,44.51],[19.142,44.464],[19.142,44.424],[19.107,44.394],[19.117,44.334],[19.152,44.289],[19.228,44.264],[19.323,44.269],[19.358,44.178],[19.484,44.103],[19.524,44.063],[19.584,44.053],[19.624,44.032],[19.594,43.997],[19.494,43.937],[19.393,43.957],[19.328,43.982],[19.238,43.997],[19.283,43.932],[19.378,43.872],[19.519,43.721],[19.509,43.575],[19.489,43.565],[19.444,43.575],[19.378,43.611],[19.343,43.606],[19.303,43.555],[19.223,43.51],[19.198,43.525],[19.127,43.5],[19.077,43.51],[19.047,43.53],[18.997,43.515],[18.962,43.49],[18.967,43.455],[19.062,43.334],[19.087,43.289],[19.062,43.244],[19.012,43.244],[18.972,43.269],[18.946,43.309],[18.921,43.329],[18.866,43.334],[18.811,43.309],[18.736,43.274],[18.695,43.189],[18.645,43.144],[18.66,43.103],[18.665,43.058],[18.64,43.033],[18.53,43.018],[18.484,42.978],[18.479,42.918],[18.494,42.782],[18.56,42.692],[18.58,42.646],[18.54,42.606],[18.457,42.558],[18.449,42.516],[18.464,42.481],[18.501,42.448],[18.514,42.407],[18.514,42.362],[18.249,42.527],[18.001,42.694],[17.596,42.889],[17.075,43.223],[16.992,43.323],[16.64,43.39],[16.549,43.461],[16.367,43.513],[16.059,43.433],[15.913,43.652],[15.412,43.935],[15.149,44.24],[15.548,44.229],[15.286,44.329],[14.989,44.54],[14.907,44.723],[14.946,44.927],[14.815,45.078],[14.525,45.266],[14.354,45.323],[14.239,45.062],[14.175,45.01],[14.189,44.943],[14.06,44.895],[13.991,44.783],[13.895,44.759],[13.672,45.05],[13.644,45.179],[13.527,45.454],[13.749,45.494],[13.8,45.566],[13.825,45.663],[13.697,45.752],[13.535,45.801],[13.592,45.964],[13.441,46.004],[13.606,46.132],[13.522,46.216],[13.389,46.216],[13.344,46.285],[13.621,46.421],[13.569,46.51],[13.354,46.561],[12.952,46.597],[12.362,46.709],[12.218,46.884],[12.075,46.928],[11.74,46.752],[11.908,46.414],[11.571,46.245],[11.571,45.975],[11.335,46.009],[11.233,46.009],[11.166,45.739],[10.93,45.84],[10.795,45.638],[10.66,45.807],[10.525,45.739],[10.457,46.212],[10.558,46.313],[10.558,46.718],[10.396,46.887],[10.409,46.965],[10.312,47.017],[10.052,46.868],[9.804,46.977],[9.801,47.042],[9.605,47.061]]}},{"type":"Feature","properties":{"NAME":"Algeria","ABBREVN":"Algeria","SUBJECTO":"France","BORDERPRECISION":3,"PARTOF":"France"},"geometry":{"type":"LineString","coordinates":[[-1.669,34],[-1.664,34.205],[-1.738,34.605],[-1.823,34.7],[-2.077,34.826],[-2.193,35.054],[-2.035,35.055],[-1.738,35.119],[-1.495,35.234],[-1.329,35.489],[-1.147,35.629],[-0.917,35.668],[-0.429,35.86],[-0.283,35.758],[-0.092,35.74],[0.015,35.804],[0.199,36.033],[0.474,36.225],[0.781,36.385],[1.058,36.462],[1.58,36.514],[2.294,36.541],[2.524,36.573],[2.81,36.714],[3.07,36.619],[3.324,36.651],[3.587,36.792],[3.741,36.837],[4.164,36.831],[4.395,36.838],[4.632,36.794],[4.777,36.743],[5.144,36.668],[5.383,36.675],[5.73,36.752],[6.047,36.842],[6.323,37.091],[6.771,36.862],[6.923,36.818],[7.063,36.882],[7.307,37.061],[7.545,37.042],[7.719,36.953],[7.792,36.832],[7.913,36.775],[8.637,36.885],[8.631,36.803],[8.324,36.521],[8.272,36.323],[8.277,35.679],[8.289,35.278],[8.313,35.011],[8.291,34.77],[8.218,34.585],[7.581,34.041],[7.572,34],[-1.669,34]]}},{"type":"Feature","properties":{"NAME":"Morocco","ABBREVN":"Morocco","SUBJECTO":"Morocco","BORDERPRECISION":3,"PARTOF":"Morocco"},"geometry":{"type":"LineString","coordinates":[[-2.193,35.054],[-2.077,34.826],[-1.823,34.7],[-1.738,34.605],[-1.664,34.205],[-1.669,34],[-6.878,34],[-6.753,34.123],[-6.511,34.454],[-6.472,34.531],[-2.738,34.219],[-2.326,35.054],[-2.193,35.054]]}},{"type":"Feature","properties":{"NAME":"Spanish Morocco","ABBREVN":"Sp Morocco","SUBJECTO":"Spanish Morocco","BORDERPRECISION":3,"PARTOF":"Spanish Morocco"},"geometry":{"type":"LineString","coordinates":[[-6.472,34.531],[-6.302,34.861],[-5.929,35.728],[-5.808,35.785],[-5.565,35.862],[-5.479,35.805],[-5.172,35.424],[-5.11,35.379],[-4.593,35.151],[-4.295,35.152],[-4.028,35.133],[-3.441,35.166],[-3.206,35.269],[-3.009,35.39],[-2.83,35.142],[-2.715,35.098],[-2.326,35.054],[-2.738,34.219],[-6.472,34.531]]}},{"type":"Feature","properties":{"NAME":"France","ABBREVN":"France","SUBJECTO":"France","BORDERPRECISION":3,"PARTOF":"France"},"geometry":{"type":"LineString","coordinates":[[-1.746,43.36],[-1.561,43.524],[-1.314,44.559],[-1.136,44.6],[-1.23,44.73],[-1.332,44.614],[-1.276,45.129],[-1.175,45.501],[-1.123,45.432],[-0.9,45.294],[-0.814,45.122],[-0.728,45.019],[-0.855,45.321],[-1.247,45.688],[-1.237,45.8],[-1.075,46.015],[-1.166,46.184],[-1.256,46.307],[-1.403,46.404],[-1.711,46.449],[-1.942,46.706],[-2.13,46.851],[-2.005,47.043],[-2.109,47.124],[-2.264,47.183],[-2.494,47.247],[-2.576,47.325],[-2.466,47.494],[-2.614,47.572],[-2.842,47.492],[-3.063,47.604],[-3.434,47.717],[-3.712,47.798],[-3.858,47.792],[-3.955,47.904],[-4.364,47.829],[-4.391,47.942],[-4.51,47.998],[-4.675,48.017],[-4.7,48.064],[-4.313,48.101],[-4.351,48.205],[-4.588,48.251],[-4.389,48.298],[-4.35,48.391],[-4.474,48.383],[-4.592,48.392],[-4.78,48.355],[-4.762,48.552],[-4.626,48.547],[-4.488,48.612],[-4.251,48.652],[-3.999,48.731],[-3.902,48.646],[-3.821,48.721],[-3.608,48.693],[-3.558,48.81],[-3.435,48.836],[-3.091,48.872],[-2.791,48.59],[-2.636,48.552],[-2.343,48.674],[-2.2,48.599],[-2.076,48.656],[-1.871,48.712],[-1.858,48.608],[-1.591,48.638],[-1.457,48.684],[-1.576,48.768],[-1.588,48.881],[-1.563,49.036],[-1.58,49.229],[-1.639,49.22],[-1.892,49.526],[-1.941,49.709],[-1.524,49.653],[-1.251,49.7],[-1.289,49.521],[-1.177,49.333],[-1.023,49.398],[-0.465,49.351],[-0.239,49.285],[0.033,49.334],[0.331,49.455],[0.09,49.511],[0.115,49.602],[0.189,49.681],[0.529,49.826],[1.275,50.004],[1.416,50.11],[1.552,50.229],[1.528,50.578],[1.589,50.822],[1.824,50.935],[2.03,51.007],[2.443,51.048],[2.522,51.091],[2.616,50.89],[2.755,50.739],[2.875,50.682],[3.123,50.807],[3.192,50.731],[3.283,50.524],[3.37,50.465],[3.603,50.47],[3.675,50.334],[3.791,50.34],[4.051,50.318],[4.22,50.242],[4.148,50.134],[4.188,50.055],[4.156,49.966],[4.285,49.911],[4.467,49.945],[4.668,49.96],[4.755,50.101],[4.865,50.134],[4.812,49.966],[4.877,49.885],[4.86,49.782],[5.098,49.761],[5.418,49.583],[5.475,49.48],[5.788,49.559],[5.824,49.507],[6.112,49.479],[6.26,49.476],[6.258,49.275],[6.385,49.047],[6.511,49.022],[6.486,48.946],[7.119,48.516],[7.093,48.44],[7.119,48.313],[6.992,48.313],[6.84,48.136],[6.967,47.984],[6.942,47.782],[6.866,47.706],[6.922,47.514],[6.823,47.378],[6.892,47.366],[6.944,47.326],[6.866,47.31],[6.629,47.088],[6.623,47.054],[6.364,46.946],[6.382,46.804],[6.058,46.616],[6.019,46.484],[6.055,46.422],[6.049,46.277],[5.941,46.176],[6.108,46.126],[6.384,46.342],[6.414,46.36],[6.477,46.376],[6.484,46.393],[6.515,46.405],[6.545,46.395],[6.637,46.407],[6.726,46.408],[6.807,46.394],[6.91,46.13],[6.955,45.939],[6.675,45.803],[6.914,45.648],[6.926,45.517],[7.119,45.43],[7.029,45.308],[6.786,45.149],[6.704,45.199],[6.507,45.116],[6.665,44.955],[6.943,44.869],[7.003,44.72],[6.925,44.715],[6.783,44.548],[6.87,44.349],[7.209,44.173],[7.591,44.205],[7.619,44.078],[7.553,43.867],[7.397,43.764],[7.298,43.667],[6.923,43.448],[6.523,43.151],[5.829,43.021],[5.647,43.033],[5.434,43.104],[5.052,43.328],[4.91,43.366],[4.751,43.353],[4.647,43.321],[4.417,43.346],[4.078,43.487],[3.807,43.467],[3.479,43.312],[3.318,43.196],[3.068,42.945],[3.002,42.771],[3.087,42.369],[2.937,42.41],[2.599,42.348],[2.582,42.287],[2.363,42.293],[2.171,42.382],[1.994,42.307],[1.876,42.314],[1.86,42.382],[1.709,42.423],[1.448,42.375],[1.364,42.41],[1.349,42.539],[1.307,42.635],[0.744,42.772],[0.584,42.772],[0.592,42.628],[0.348,42.635],[0.196,42.608],[0.18,42.663],[-0.166,42.649],[-0.216,42.717],[-0.41,42.786],[-0.469,42.751],[-0.587,42.765],[-0.612,42.731],[-0.84,42.909],[-0.907,42.881],[-1.397,43.032],[-1.448,42.984],[-1.515,42.998],[-1.558,43.045],[-1.466,43.155],[-1.491,43.21],[-1.702,43.196],[-1.915,43.305],[-1.746,43.36]]}},{"type":"Feature","properties":{"NAME":"France","ABBREVN":"France","SUBJECTO":"France","BORDERPRECISION":3,"PARTOF":"France"},"geometry":{"type":"LineString","coordinates":[[6.769,46.493],[6.777,46.473],[6.746,46.487],[6.769,46.493]]}},{"type":"Feature","properties":{"NAME":"Ottoman Empire","ABBREVN":"Ottoman Empire","SUBJECTO":"Ottoman Empire","BORDERPRECISION":3,"PARTOF":"Ottoman Empire"},"geometry":{"type":"LineString","coordinates":[[35.526,34],[35.532,34.119],[35.716,34.312],[35.821,34.344],[35.873,34.422],[35.852,34.493],[35.751,34.747],[35.809,35.014],[35.841,35.043],[35.796,35.271],[35.607,35.418],[35.664,35.459],[35.68,35.528],[35.733,35.585],[35.691,35.685],[35.74,35.69],[35.856,35.835],[35.719,36.092],[35.665,36.134],[35.709,36.212],[35.817,36.301],[36.095,36.482],[36.105,36.561],[36.082,36.622],[35.957,36.747],[35.891,36.771],[35.672,36.606],[35.568,36.587],[35.506,36.559],[35.548,36.54],[35.495,36.443],[35.417,36.433],[35.389,36.454],[35.354,36.414],[35.221,36.388],[35.071,36.488],[34.87,36.577],[34.662,36.648],[34.485,36.627],[34.103,36.38],[33.952,36.252],[33.954,36.16],[33.891,36.139],[33.836,36.107],[33.834,36.071],[33.753,36.147],[33.482,36.054],[33.171,35.971],[32.904,35.977],[32.64,36.008],[32.335,36.128],[31.902,36.497],[31.371,36.712],[30.905,36.794],[30.594,36.762],[30.54,36.647],[30.473,36.188],[30.395,36.118],[30.28,36.118],[30.166,36.188],[29.662,36.078],[29.472,36.091],[29.298,36.173],[29.002,36.695],[28.814,36.535],[28.47,36.738],[28.267,36.712],[28.014,36.527],[27.912,36.699],[27.942,36.756],[28.051,36.833],[27.999,36.909],[27.308,36.921],[27.269,37.042],[27.526,37.131],[27.493,37.24],[27.365,37.329],[27.16,37.36],[27.123,37.494],[27.141,37.647],[27.18,37.774],[27.14,37.889],[26.961,37.946],[26.679,38.105],[26.512,38.066],[26.393,38.104],[26.392,38.219],[26.469,38.445],[26.527,38.418],[26.742,38.278],[26.997,38.4],[26.82,38.527],[26.829,38.583],[26.696,38.641],[26.709,38.699],[26.966,38.77],[27.035,38.821],[27.004,38.885],[26.937,38.925],[26.785,38.94],[26.79,39.024],[26.871,39.056],[26.797,39.13],[26.708,39.182],[26.704,39.25],[26.602,39.256],[26.72,39.337],[26.854,39.461],[26.926,39.477],[26.958,39.548],[26.804,39.567],[26.139,39.44],[26.064,39.456],[26.085,39.604],[26.142,39.661],[26.128,39.879],[26.186,39.997],[26.32,39.992],[26.403,40.176],[26.482,40.187],[26.765,40.377],[26.996,40.372],[27.056,40.43],[27.272,40.451],[27.329,40.356],[27.45,40.31],[27.526,40.297],[27.764,40.287],[27.83,40.345],[27.8,40.403],[27.679,40.461],[27.808,40.504],[27.954,40.488],[28.006,40.451],[27.908,40.351],[28.478,40.395],[28.756,40.376],[29.052,40.335],[29.122,40.414],[29.084,40.456],[28.873,40.472],[28.778,40.525],[28.902,40.62],[29.525,40.688],[29.713,40.694],[29.883,40.746],[29.683,40.752],[29.32,40.741],[29.29,40.807],[29.015,40.979],[29.161,41.216],[29.578,41.153],[30.138,41.132],[30.256,41.185],[30.745,41.04],[31.218,41.054],[31.404,41.164],[31.386,41.285],[31.666,41.395],[32.419,41.749],[32.688,41.846],[33.155,41.95],[33.556,41.983],[33.897,41.951],[34.304,41.894],[34.663,41.876],[35.002,42.043],[35.099,41.806],[35.286,41.671],[35.411,41.627],[35.678,41.621],[35.958,41.686],[36.161,41.353],[36.383,41.238],[36.641,41.315],[36.817,41.29],[37.253,41.028],[37.822,41.01],[38.314,40.921],[38.651,40.922],[39.139,41.044],[39.37,41.064],[39.663,41],[40.007,40.956],[40.361,40.963],[40.61,41.028],[41.293,41.286],[41.484,41.437],[42.029,41.4],[42.25,41.369],[42.352,41.402],[42.694,41.564],[42.878,41.546],[43.475,41.087],[43.847,40.75],[43.859,40.66],[43.67,40.295],[43.685,40.109],[43.812,40.014],[44.448,39.96],[44.67,39.757],[44.637,39.662],[44.453,39.673],[44.349,39.609],[44.345,39.414],[44.082,39.295],[44.065,39.173],[44.183,38.872],[44.128,38.703],[44.229,38.482],[44.269,38.429],[44.318,38.476],[44.447,38.385],[44.464,38.292],[44.361,38.166],[44.205,37.867],[44.301,37.804],[44.492,37.754],[44.427,37.644],[44.471,37.455],[44.66,37.286],[44.784,37.27],[44.795,37.132],[45.105,36.503],[45.359,36.015],[45.388,35.926],[45.73,35.832],[46.211,35.784],[46.001,35.515],[45.995,35.401],[46.184,35.058],[45.671,34.617],[45.565,34.274],[45.523,34],[40.42,34],[40.029,34.391],[39.342,34.597],[38.036,34.597],[37.559,34],[35.526,34]]}},{"type":"Feature","properties":{"NAME":"Sweden","ABBREVN":"Sweden","SUBJECTO":"Sweden","BORDERPRECISION":3,"PARTOF":"Sweden"},"geometry":{"type":"LineString","coordinates":[[19.287,57.937],[19.257,57.949],[19.163,57.927],[19.142,57.908],[19.126,57.84],[19.078,57.858],[19.034,57.901],[19.036,57.919],[19.089,57.97],[19.105,57.975],[19.296,57.977],[19.336,57.961],[19.287,57.937]]}},{"type":"Feature","properties":{"NAME":"Sweden","ABBREVN":"Sweden","SUBJECTO":"Sweden","BORDERPRECISION":3,"PARTOF":"Sweden"},"geometry":{"type":"LineString","coordinates":[[23.204,65.681],[22.798,65.855],[22.646,65.935],[22.49,65.883],[22.202,65.715],[21.957,65.446],[21.819,65.38],[21.522,65.372],[21.277,65.212],[21.424,65.104],[21.489,65.017],[21.329,64.894],[20.921,64.714],[21.064,64.592],[21.237,64.521],[21.386,64.385],[21.049,64.219],[20.866,64.026],[20.701,63.818],[19.67,63.389],[19.465,63.481],[19.318,63.445],[19.076,63.202],[18.785,63.138],[18.487,62.981],[18.389,62.853],[18.303,62.789],[17.967,62.775],[17.868,62.789],[17.936,62.548],[17.718,62.357],[17.29,62.441],[17.387,62.201],[17.497,62.088],[17.387,61.658],[17.163,61.63],[17.065,61.538],[17.15,61.198],[17.146,60.953],[17.318,60.753],[17.188,60.674],[17.605,60.638],[17.706,60.554],[17.931,60.59],[18.224,60.323],[18.417,60.182],[18.804,60.108],[18.893,59.926],[19.037,59.863],[19.044,59.712],[18.868,59.712],[18.639,59.567],[18.03,59.359],[17.795,59.364],[17.73,59.416],[17.368,59.468],[17.071,59.546],[16.786,59.577],[16.724,59.531],[16.523,59.583],[16.408,59.447],[16.776,59.479],[17,59.359],[17.266,59.339],[17.358,59.245],[17.575,59.214],[17.584,59.271],[17.862,59.24],[17.978,59.328],[18.111,59.323],[18.328,59.37],[18.43,59.333],[18.441,59.401],[18.515,59.401],[18.611,59.333],[18.598,59.297],[18.273,59.287],[18.372,59.157],[18.016,59.038],[17.94,58.908],[17.766,58.872],[17.726,58.914],[17.745,58.986],[17.739,59.11],[17.623,59.1],[17.582,58.893],[17.357,58.743],[17.245,58.717],[17.083,58.748],[17.081,58.65],[16.443,58.634],[16.513,58.428],[16.744,58.312],[16.774,58.038],[16.725,57.889],[16.598,57.866],[16.46,57.895],[16.477,57.702],[16.607,57.666],[16.55,57.545],[16.659,57.443],[16.494,57.279],[16.395,57.074],[16.376,56.822],[16.031,56.353],[15.771,56.033],[15.696,56.061],[15.497,56.167],[15.221,56.08],[14.653,56.121],[14.605,55.981],[14.492,56.018],[14.259,55.899],[14.126,55.667],[14.286,55.515],[14.117,55.347],[13.823,55.422],[13.302,55.301],[12.802,55.353],[12.802,55.417],[12.888,55.452],[12.859,55.533],[12.986,55.667],[12.699,55.905],[12.598,56.022],[12.606,56.03],[12.581,56.042],[12.414,56.243],[12.652,56.296],[12.615,56.436],[12.805,56.401],[12.872,56.512],[12.786,56.617],[12.657,56.611],[12.526,56.78],[12.289,56.88],[12.005,57.325],[11.877,57.325],[11.881,57.509],[11.766,57.673],[11.61,57.807],[11.709,58.025],[11.802,58.178],[11.614,58.247],[11.431,58.202],[11.407,58.331],[11.221,58.308],[11.14,58.851],[11.039,58.91],[11.179,59.07],[11.311,59.011],[11.379,58.857],[11.563,58.863],[11.709,59.195],[11.61,59.569],[11.838,59.67],[11.891,59.86],[12.077,59.866],[12.423,60.039],[12.436,60.278],[12.548,60.434],[12.431,60.626],[12.174,60.956],[12.597,61.029],[12.792,61.33],[12.658,61.44],[12.337,61.523],[12.075,61.698],[12.226,62.226],[11.933,62.554],[12.09,63.046],[12.124,63.345],[12.299,63.566],[12.577,63.782],[12.853,63.897],[13.131,63.949],[13.551,63.937],[13.88,63.953],[14.078,64.032],[14.155,64.111],[14.042,64.376],[13.87,64.497],[13.718,64.553],[13.94,64.799],[14.199,65.023],[14.371,65.234],[14.515,65.503],[14.542,65.94],[14.597,66.05],[15.038,66.06],[15.347,66.259],[15.944,66.672],[16.221,66.828],[16.305,66.983],[16.228,67.211],[16.206,67.307],[16.874,67.837],[17.083,67.912],[17.209,67.905],[17.601,67.863],[17.914,67.864],[18.057,67.999],[18.094,68.088],[18.104,68.386],[18.179,68.469],[18.959,68.294],[19.396,68.229],[19.697,68.171],[19.843,68.164],[19.965,68.276],[20.039,68.478],[20.166,68.958],[20.555,68.975],[20.739,68.961],[20.791,68.932],[20.856,68.918],[21.133,68.709],[21.712,68.413],[22.201,68.281],[22.913,68.188],[23.141,68.085],[23.477,67.842]]}},{"type":"Feature","properties":{"NAME":"Sweden","ABBREVN":"Sweden","SUBJECTO":"Sweden","BORDERPRECISION":3,"PARTOF":"Sweden"},"geometry":{"type":"LineString","coordinates":[[23.481,67.788],[23.46,67.649],[23.459,67.515]]}},{"type":"Feature","properties":{"NAME":"Sweden","ABBREVN":"Sweden","SUBJECTO":"Sweden","BORDERPRECISION":3,"PARTOF":"Sweden"},"geometry":{"type":"LineString","coordinates":[[23.458,67.454],[23.458,67.412],[23.596,67.239]]}},{"type":"Feature","properties":{"NAME":"Sweden","ABBREVN":"Sweden","SUBJECTO":"Sweden","BORDERPRECISION":3,"PARTOF":"Sweden"},"geometry":{"type":"LineString","coordinates":[[23.669,66.3],[23.656,66.28],[23.749,66.04],[23.897,65.902],[23.948,65.797],[23.844,65.798],[23.406,65.725],[23.204,65.681]]}},{"type":"Feature","properties":{"NAME":"Sweden","ABBREVN":"Sweden","SUBJECTO":"Sweden","BORDERPRECISION":3,"PARTOF":"Sweden"},"geometry":{"type":"LineString","coordinates":[[23.763,66.994],[23.868,66.817],[23.881,66.641],[23.82,66.543]]}},{"type":"Feature","properties":{"NAME":"Sweden","ABBREVN":"Sweden","SUBJECTO":"Sweden","BORDERPRECISION":3,"PARTOF":"Sweden"},"geometry":{"type":"LineString","coordinates":[[18.148,56.912],[18.14,56.915],[18.158,56.942],[18.257,57.032],[18.254,57.079],[18.173,57.142],[18.148,57.235],[18.158,57.316],[18.142,57.409],[18.11,57.496],[18.119,57.531],[18.179,57.588],[18.295,57.646],[18.382,57.719],[18.467,57.812],[18.682,57.914],[18.725,57.923],[19.005,57.909],[19.033,57.827],[18.929,57.74],[18.849,57.721],[18.809,57.704],[18.76,57.508],[18.769,57.467],[18.788,57.448],[18.712,57.242],[18.397,57.134],[18.341,57.074],[18.336,57.017],[18.347,56.999],[18.302,56.937],[18.216,56.913],[18.148,56.912]]}},{"type":"Feature","properties":{"NAME":"Denmark","ABBREVN":"Denmark","SUBJECTO":"Denmark","BORDERPRECISION":3,"PARTOF":"Denmark"},"geometry":{"type":"LineString","coordinates":[[-25,69.319],[-24.897,69.392],[-24.584,69.34],[-24.333,69.333],[-23.444,69.568],[-22.732,69.774],[-22.158,70.056],[-22.434,70.079],[-23.009,70.093],[-23.459,70.092],[-23.587,70.084],[-23.775,70.145],[-24.195,70.243],[-24.585,70.304],[-25,70.296],[-25,69.319]]}},{"type":"Feature","properties":{"NAME":"Denmark","ABBREVN":"Denmark","SUBJECTO":"Denmark","BORDERPRECISION":3,"PARTOF":"Denmark"},"geometry":{"type":"LineString","coordinates":[[-25,71.468],[-24.913,71.437],[-24.386,71.183],[-24.227,71.059],[-24.04,70.774],[-23.754,70.59],[-23.084,70.468],[-22.616,70.484],[-22.203,70.485],[-21.714,70.386],[-21.547,70.44],[-21.471,70.532],[-21.592,71.211],[-21.726,71.405],[-21.904,71.497],[-22.03,71.435],[-22.431,71.341],[-22.649,71.745],[-22.818,71.87],[-23.247,72],[-25,72],[-25,71.468]]}},{"type":"Feature","properties":{"NAME":"Denmark","ABBREVN":"Denmark","SUBJECTO":"Denmark","BORDERPRECISION":3,"PARTOF":"Denmark"},"geometry":{"type":"LineString","coordinates":[[8.112,55.597],[8.13,55.534],[8.215,55.506],[8.27,55.507],[8.295,55.538],[8.387,55.522],[8.545,55.459],[8.64,55.355],[8.673,55.209],[8.643,55.152],[8.552,55.182],[8.494,55.179],[8.469,55.142],[8.467,55.108],[8.486,55.076],[8.541,55.074],[8.631,55.101],[8.679,55.06],[8.684,54.953],[8.85,54.876],[9.179,54.831],[9.41,54.839],[9.545,54.898],[9.615,54.91],[9.619,54.874],[9.65,54.848],[9.708,54.835],[9.735,54.868],[9.73,54.949],[9.66,55.023],[9.526,55.09],[9.517,55.142],[9.631,55.179],[9.664,55.253],[9.613,55.365],[9.646,55.467],[9.761,55.559],[9.752,55.63],[9.617,55.681],[9.661,55.706],[9.882,55.705],[10.007,55.732],[10.035,55.787],[10.003,55.822],[9.911,55.838],[10.108,55.833],[10.212,55.876],[10.257,55.971],[10.264,56.051],[10.232,56.114],[10.262,56.182],[10.354,56.255],[10.427,56.284],[10.481,56.271],[10.47,56.248],[10.392,56.213],[10.401,56.171],[10.498,56.123],[10.562,56.13],[10.595,56.192],[10.645,56.209],[10.712,56.179],[10.789,56.209],[10.877,56.299],[10.931,56.369],[10.951,56.42],[10.917,56.467],[10.83,56.512],[10.667,56.545],[10.428,56.567],[10.278,56.551],[10.218,56.496],[10.196,56.49],[10.211,56.532],[10.255,56.575],[10.327,56.617],[10.357,56.653],[10.345,56.681],[10.221,56.684],[9.984,56.662],[9.976,56.675],[10.196,56.724],[10.307,56.806],[10.31,56.923],[10.227,57.004],[10.059,57.049],[9.808,57.054],[9.476,57.019],[9.277,56.98],[9.211,56.938],[9.175,56.857],[9.169,56.738],[9.201,56.684],[9.27,56.695],[9.322,56.666],[9.358,56.599],[9.363,56.555],[9.335,56.535],[9.31,56.552],[9.286,56.604],[9.22,56.614],[9.112,56.583],[9.082,56.601],[9.129,56.67],[9.133,56.73],[9.095,56.782],[9.045,56.807],[8.983,56.805],[8.885,56.759],[8.749,56.666],[8.702,56.606],[8.744,56.578],[8.755,56.544],[8.737,56.503],[8.609,56.513],[8.369,56.574],[8.243,56.631],[8.228,56.683],[8.207,56.695],[8.179,56.667],[8.151,56.494],[8.116,56.041],[8.13,56.088],[8.167,56.104],[8.226,56.09],[8.291,56.036],[8.362,55.944],[8.345,55.876],[8.239,55.832],[8.172,55.854],[8.142,55.942],[8.171,55.804],[8.161,55.695],[8.112,55.597]]}},{"type":"Feature","properties":{"NAME":"Denmark","ABBREVN":"Denmark","SUBJECTO":"Denmark","BORDERPRECISION":3,"PARTOF":"Denmark"},"geometry":{"type":"LineString","coordinates":[[8.246,56.739],[8.319,56.676],[8.476,56.614],[8.564,56.608],[8.582,56.66],[8.547,56.684],[8.46,56.68],[8.48,56.745],[8.607,56.878],[8.782,56.972],[9.004,57.026],[9.148,57.038],[9.212,57.01],[9.435,57.019],[9.816,57.066],[10.089,57.065],[10.254,57.016],[10.388,57.051],[10.491,57.17],[10.515,57.321],[10.46,57.502],[10.486,57.628],[10.593,57.7],[10.472,57.698],[10.124,57.622],[9.81,57.475],[9.53,57.259],[9.197,57.144],[8.81,57.129],[8.529,57.049],[8.352,56.905],[8.258,56.801],[8.246,56.739]]}},{"type":"Feature","properties":{"NAME":"Denmark","ABBREVN":"Denmark","SUBJECTO":"Denmark","BORDERPRECISION":3,"PARTOF":"Denmark"},"geometry":{"type":"LineString","coordinates":[[8.371,55.438],[8.418,55.368],[8.448,55.345],[8.462,55.357],[8.46,55.403],[8.434,55.434],[8.385,55.45],[8.371,55.438]]}},{"type":"Feature","properties":{"NAME":"Denmark","ABBREVN":"Denmark","SUBJECTO":"Denmark","BORDERPRECISION":3,"PARTOF":"Denmark"},"geometry":{"type":"LineString","coordinates":[[8.544,56.774],[8.574,56.725],[8.702,56.703],[8.806,56.749],[8.885,56.862],[8.856,56.911],[8.719,56.897],[8.615,56.851],[8.544,56.774]]}},{"type":"Feature","properties":{"NAME":"Denmark","ABBREVN":"Denmark","SUBJECTO":"Denmark","BORDERPRECISION":3,"PARTOF":"Denmark"},"geometry":{"type":"LineString","coordinates":[[9.671,55.056],[9.673,55.04],[9.757,55.021],[9.81,54.994],[9.833,54.959],[9.823,54.952],[9.781,54.971],[9.767,54.962],[9.78,54.925],[9.857,54.898],[10,54.883],[10.046,54.908],[9.997,54.975],[9.927,55.025],[9.837,55.058],[9.752,55.069],[9.671,55.056]]}},{"type":"Feature","properties":{"NAME":"Denmark","ABBREVN":"Denmark","SUBJECTO":"Denmark","BORDERPRECISION":3,"PARTOF":"Denmark"},"geometry":{"type":"LineString","coordinates":[[9.795,55.395],[10.033,55.188],[10.239,55.071],[10.412,55.043],[10.569,55.052],[10.712,55.099],[10.796,55.165],[10.822,55.251],[10.812,55.341],[10.768,55.435],[10.714,55.516],[10.651,55.585],[10.616,55.586],[10.609,55.52],[10.574,55.474],[10.51,55.45],[10.463,55.442],[10.432,55.449],[10.433,55.473],[10.468,55.513],[10.441,55.554],[10.353,55.596],[10.151,55.587],[9.834,55.529],[9.795,55.395]]}},{"type":"Feature","properties":{"NAME":"Denmark","ABBREVN":"Denmark","SUBJECTO":"Denmark","BORDERPRECISION":3,"PARTOF":"Denmark"},"geometry":{"type":"LineString","coordinates":[[10.2,54.956],[10.232,54.922],[10.294,54.889],[10.435,54.847],[10.439,54.858],[10.248,54.946],[10.2,54.956]]}},{"type":"Feature","properties":{"NAME":"Denmark","ABBREVN":"Denmark","SUBJECTO":"Denmark","BORDERPRECISION":3,"PARTOF":"Denmark"},"geometry":{"type":"LineString","coordinates":[[10.511,54.992],[10.537,54.964],[10.566,54.95],[10.599,54.95],[10.662,54.98],[10.666,55.003],[10.643,55.03],[10.599,55.034],[10.532,55.016],[10.511,54.992]]}},{"type":"Feature","properties":{"NAME":"Denmark","ABBREVN":"Denmark","SUBJECTO":"Denmark","BORDERPRECISION":3,"PARTOF":"Denmark"},"geometry":{"type":"LineString","coordinates":[[10.525,55.927],[10.527,55.82],[10.549,55.765],[10.592,55.764],[10.618,55.789],[10.626,55.84],[10.604,55.895],[10.55,55.952],[10.525,55.927]]}},{"type":"Feature","properties":{"NAME":"Denmark","ABBREVN":"Denmark","SUBJECTO":"Denmark","BORDERPRECISION":3,"PARTOF":"Denmark"},"geometry":{"type":"LineString","coordinates":[[10.677,54.793],[10.695,54.76],[10.736,54.771],[10.805,54.873],[10.901,55.065],[10.882,55.098],[10.749,54.972],[10.68,54.87],[10.677,54.793]]}},{"type":"Feature","properties":{"NAME":"Denmark","ABBREVN":"Denmark","SUBJECTO":"Denmark","BORDERPRECISION":3,"PARTOF":"Denmark"},"geometry":{"type":"LineString","coordinates":[[10.89,57.253],[10.962,57.233],[11.047,57.245],[11.146,57.289],[11.153,57.313],[11.068,57.318],[10.983,57.306],[10.897,57.277],[10.89,57.253]]}},{"type":"Feature","properties":{"NAME":"Denmark","ABBREVN":"Denmark","SUBJECTO":"Denmark","BORDERPRECISION":3,"PARTOF":"Denmark"},"geometry":{"type":"LineString","coordinates":[[10.927,55.715],[11.035,55.68],[11.129,55.547],[11.207,55.315],[11.368,55.201],[11.61,55.203],[11.748,55.192],[11.781,55.168],[11.781,55.132],[11.747,55.084],[11.816,55.038],[11.987,54.992],[12.097,54.976],[12.147,54.991],[12.174,55.028],[12.179,55.088],[12.14,55.128],[12.057,55.15],[12.127,55.193],[12.35,55.255],[12.394,55.334],[12.259,55.431],[12.293,55.535],[12.498,55.648],[12.579,55.758],[12.537,55.866],[12.528,55.938],[12.606,56.03],[12.537,56.064],[12.373,56.107],[12.183,56.088],[11.967,56.007],[11.905,55.956],[11.995,55.935],[12.053,55.871],[12.08,55.764],[12.085,55.697],[12.066,55.668],[12.027,55.653],[11.966,55.653],[11.966,55.676],[12.027,55.72],[12.021,55.789],[11.95,55.883],[11.884,55.863],[11.824,55.729],[11.763,55.7],[11.702,55.776],[11.694,55.852],[11.741,55.927],[11.641,55.971],[11.396,55.985],[11.332,55.961],[11.448,55.898],[11.433,55.825],[11.285,55.741],[11.127,55.707],[10.958,55.724],[10.927,55.715]]}},{"type":"Feature","properties":{"NAME":"Denmark","ABBREVN":"Denmark","SUBJECTO":"Denmark","BORDERPRECISION":3,"PARTOF":"Denmark"},"geometry":{"type":"LineString","coordinates":[[11,54.822],[11.106,54.748],[11.339,54.662],[11.556,54.635],[11.756,54.667],[11.854,54.704],[11.853,54.725],[11.9,54.655],[11.966,54.596],[11.968,54.665],[12.02,54.734],[12.12,54.804],[12.137,54.852],[12.071,54.879],[11.956,54.904],[11.791,54.926],[11.773,54.843],[11.801,54.8],[11.705,54.869],[11.621,54.885],[11.55,54.848],[11.427,54.861],[11.252,54.925],[11.131,54.946],[11.065,54.925],[11.021,54.884],[11,54.822]]}},{"type":"Feature","properties":{"NAME":"Denmark","ABBREVN":"Denmark","SUBJECTO":"Denmark","BORDERPRECISION":3,"PARTOF":"Denmark"},"geometry":{"type":"LineString","coordinates":[[11.519,56.699],[11.55,56.68],[11.587,56.683],[11.648,56.722],[11.54,56.712],[11.519,56.699]]}},{"type":"Feature","properties":{"NAME":"Denmark","ABBREVN":"Denmark","SUBJECTO":"Denmark","BORDERPRECISION":3,"PARTOF":"Denmark"},"geometry":{"type":"LineString","coordinates":[[12.133,54.898],[12.167,54.886],[12.277,54.901],[12.464,54.943],[12.496,54.982],[12.373,55.017],[12.263,55.002],[12.165,54.937],[12.133,54.898]]}},{"type":"Feature","properties":{"NAME":"Denmark","ABBREVN":"Denmark","SUBJECTO":"Denmark","BORDERPRECISION":3,"PARTOF":"Denmark"},"geometry":{"type":"LineString","coordinates":[[12.529,55.595],[12.563,55.566],[12.604,55.561],[12.654,55.581],[12.66,55.617],[12.624,55.67],[12.583,55.675],[12.535,55.631],[12.529,55.595]]}},{"type":"Feature","properties":{"NAME":"Denmark","ABBREVN":"Denmark","SUBJECTO":"Denmark","BORDERPRECISION":3,"PARTOF":"Denmark"},"geometry":{"type":"LineString","coordinates":[[14.696,55.149],[14.773,55.074],[14.959,55.021],[15.074,55.031],[15.119,55.103],[15.042,55.178],[14.845,55.256],[14.73,55.247],[14.696,55.149]]}},{"type":"Feature","properties":{"NAME":"Arabia (Nejd)","ABBREVN":"Arabia","SUBJECTO":"Arabia (Nejd)","BORDERPRECISION":3,"PARTOF":"Arabia (Nejd)"},"geometry":{"type":"LineString","coordinates":[[37.559,34],[38.036,34.597],[39.342,34.597],[40.029,34.391],[40.42,34],[37.559,34]]}},{"type":"Feature","properties":{"NAME":"Greece","ABBREVN":"Greece","SUBJECTO":"Greece","BORDERPRECISION":3,"PARTOF":"Greece"},"geometry":{"type":"LineString","coordinates":[[20.789,40.335],[20.991,40.714],[21.032,40.727],[21.395,40.761],[21.668,40.826],[21.846,41.02],[22.01,41.091],[22.453,41.049],[22.692,41.159],[22.961,41.244],[23.796,41.332],[24.155,41.449],[24.418,41.476],[24.699,41.38],[24.564,41.14],[24.519,40.873],[24.505,40.984],[24.354,40.971],[24.219,40.83],[24.025,40.746],[23.886,40.733],[23.748,40.804],[23.635,40.773],[23.633,40.713],[23.709,40.63],[23.785,40.477],[23.924,40.451],[24.295,40.176],[24.221,40.145],[24.055,40.261],[24.048,40.308],[23.775,40.393],[23.722,40.348],[23.627,40.345],[23.659,40.287],[23.652,40.229],[23.804,40.155],[23.869,40.161],[23.92,40.055],[23.907,39.997],[23.796,39.987],[23.596,40.192],[23.442,40.256],[23.349,40.282],[23.292,40.287],[23.293,40.245],[23.259,40.229],[23.367,40.108],[23.436,40.045],[23.592,40.002],[23.639,39.96],[23.597,39.934],[23.261,39.971],[23.276,40.05],[23.215,40.182],[23.141,40.266],[22.96,40.315],[22.748,40.482],[22.864,40.535],[22.875,40.596],[22.852,40.651],[22.77,40.667],[22.701,40.577],[22.492,40.498],[22.602,40.397],[22.49,40.231],[22.467,40.118],[22.526,40.064],[22.555,39.987],[22.695,39.834],[22.754,39.818],[22.813,39.603],[23.074,39.413],[23.236,39.203],[23.158,39.14],[23.052,39.103],[23.1,39.187],[23.045,39.271],[22.981,39.329],[22.851,39.366],[22.72,39.287],[22.766,39.203],[22.835,39.166],[22.871,39.024],[22.784,38.94],[22.49,38.877],[22.602,38.856],[22.723,38.793],[22.899,38.767],[22.984,38.667],[23.1,38.672],[23.169,38.667],[23.191,38.61],[23.356,38.49],[23.494,38.483],[23.556,38.352],[23.804,38.347],[23.961,38.21],[23.967,38.152],[23.88,38.115],[23.987,37.763],[23.918,37.685],[23.836,37.685],[23.734,37.858],[23.634,37.879],[23.496,38.068],[23.419,38.068],[23.196,38.005],[22.981,37.958],[22.898,37.9],[23.04,37.858],[23.049,37.643],[23.151,37.59],[23.221,37.602],[23.322,37.637],[23.312,37.548],[23.418,37.469],[23.185,37.427],[23.186,37.375],[23.11,37.347],[22.971,37.385],[23.025,37.48],[22.942,37.518],[22.713,37.543],[22.642,37.585],[22.639,37.492],[22.726,37.289],[22.813,37.212],[22.793,37.139],[22.887,37.047],[22.983,36.615],[22.674,36.754],[22.524,36.722],[22.39,36.524],[22.191,36.855],[21.984,37.02],[21.781,36.823],[21.588,36.981],[21.531,37.115],[21.627,37.307],[21.614,37.415],[21.517,37.536],[21.296,37.727],[21.221,37.828],[21.228,37.905],[21.44,38.18],[21.714,38.135],[21.906,38.27],[21.997,38.251],[22.747,37.953],[22.899,37.998],[23.116,38.157],[22.876,38.205],[22.334,38.427],[21.826,38.464],[21.661,38.438],[21.364,38.412],[21.172,38.348],[20.772,38.851],[20.893,38.896],[21.007,38.871],[21.105,38.922],[21.16,39.005],[21.007,39.113],[20.901,39.062],[20.678,39.08],[20.212,39.405],[20.122,39.551],[20.385,39.949],[20.789,40.335]]}},{"type":"Feature","properties":{"NAME":"Greece","ABBREVN":"Greece","SUBJECTO":"Greece","BORDERPRECISION":3,"PARTOF":"Greece"},"geometry":{"type":"LineString","coordinates":[[23.242,39.044],[23.79,38.719],[24.132,38.653],[24.208,38.552],[24.292,38.195],[24.588,38.153],[24.527,37.967],[24.314,37.985],[24.025,38.386],[23.661,38.404],[23.6,38.457],[23.638,38.523],[23.463,38.624],[23.121,38.867],[22.87,38.837],[23.014,38.961],[23.242,39.044]]}},{"type":"Feature","properties":{"NAME":"Greece","ABBREVN":"Greece","SUBJECTO":"Greece","BORDERPRECISION":3,"PARTOF":"Greece"},"geometry":{"type":"LineString","coordinates":[[25.789,36.405],[25.873,36.356],[25.766,36.338],[25.713,36.35],[25.736,36.387],[25.789,36.405]]}},{"type":"Feature","properties":{"NAME":"Greece","ABBREVN":"Greece","SUBJECTO":"Greece","BORDERPRECISION":3,"PARTOF":"Greece"},"geometry":{"type":"LineString","coordinates":[[25.371,36.497],[25.493,36.423],[25.493,36.331],[25.386,36.319],[25.318,36.399],[25.333,36.46],[25.371,36.497]]}},{"type":"Feature","properties":{"NAME":"Greece","ABBREVN":"Greece","SUBJECTO":"Greece","BORDERPRECISION":3,"PARTOF":"Greece"},"geometry":{"type":"LineString","coordinates":[[25.858,36.838],[25.949,36.911],[26.025,36.96],[26.086,36.899],[25.835,36.783],[25.751,36.783],[25.751,36.814],[25.858,36.838]]}},{"type":"Feature","properties":{"NAME":"Greece","ABBREVN":"Greece","SUBJECTO":"Greece","BORDERPRECISION":3,"PARTOF":"Greece"},"geometry":{"type":"LineString","coordinates":[[24.428,36.795],[24.588,36.869],[24.679,36.759],[24.466,36.649],[24.299,36.753],[24.428,36.795]]}},{"type":"Feature","properties":{"NAME":"Greece","ABBREVN":"Greece","SUBJECTO":"Greece","BORDERPRECISION":3,"PARTOF":"Greece"},"geometry":{"type":"LineString","coordinates":[[24.824,36.661],[24.877,36.68],[24.976,36.637],[24.945,36.57],[24.824,36.637],[24.824,36.661]]}},{"type":"Feature","properties":{"NAME":"Greece","ABBREVN":"Greece","SUBJECTO":"Greece","BORDERPRECISION":3,"PARTOF":"Greece"},"geometry":{"type":"LineString","coordinates":[[25.166,36.741],[25.196,36.674],[25.059,36.619],[25.044,36.661],[25.166,36.741]]}},{"type":"Feature","properties":{"NAME":"Greece","ABBREVN":"Greece","SUBJECTO":"Greece","BORDERPRECISION":3,"PARTOF":"Greece"},"geometry":{"type":"LineString","coordinates":[[25.249,36.759],[25.295,36.808],[25.432,36.698],[25.386,36.637],[25.265,36.704],[25.242,36.753],[25.249,36.759]]}},{"type":"Feature","properties":{"NAME":"Greece","ABBREVN":"Greece","SUBJECTO":"Greece","BORDERPRECISION":3,"PARTOF":"Greece"},"geometry":{"type":"LineString","coordinates":[[24.535,37.117],[24.444,37.099],[24.428,37.208],[24.535,37.117]]}},{"type":"Feature","properties":{"NAME":"Greece","ABBREVN":"Greece","SUBJECTO":"Greece","BORDERPRECISION":3,"PARTOF":"Greece"},"geometry":{"type":"LineString","coordinates":[[24.398,37.667],[24.383,37.571],[24.261,37.541],[24.299,37.661],[24.398,37.667]]}},{"type":"Feature","properties":{"NAME":"Greece","ABBREVN":"Greece","SUBJECTO":"Greece","BORDERPRECISION":3,"PARTOF":"Greece"},"geometry":{"type":"LineString","coordinates":[[24.489,37.396],[24.36,37.305],[24.36,37.396],[24.398,37.468],[24.489,37.396]]}},{"type":"Feature","properties":{"NAME":"Greece","ABBREVN":"Greece","SUBJECTO":"Greece","BORDERPRECISION":3,"PARTOF":"Greece"},"geometry":{"type":"LineString","coordinates":[[24.945,37.51],[25.044,37.378],[24.846,37.366],[24.862,37.529],[24.945,37.51]]}},{"type":"Feature","properties":{"NAME":"Greece","ABBREVN":"Greece","SUBJECTO":"Greece","BORDERPRECISION":3,"PARTOF":"Greece"},"geometry":{"type":"LineString","coordinates":[[24.763,38.003],[25.272,37.565],[25.47,37.438],[25.318,37.402],[24.923,37.691],[24.656,37.901],[24.763,38.003]]}},{"type":"Feature","properties":{"NAME":"Greece","ABBREVN":"Greece","SUBJECTO":"Greece","BORDERPRECISION":3,"PARTOF":"Greece"},"geometry":{"type":"LineString","coordinates":[[24.717,37.051],[24.786,36.948],[24.679,36.905],[24.649,37.014],[24.717,37.051]]}},{"type":"Feature","properties":{"NAME":"Greece","ABBREVN":"Greece","SUBJECTO":"Greece","BORDERPRECISION":3,"PARTOF":"Greece"},"geometry":{"type":"LineString","coordinates":[[25.31,37.196],[25.31,37.002],[25.113,36.941],[24.938,36.96],[25.151,37.172],[25.31,37.196]]}},{"type":"Feature","properties":{"NAME":"Greece","ABBREVN":"Greece","SUBJECTO":"Greece","BORDERPRECISION":3,"PARTOF":"Greece"},"geometry":{"type":"LineString","coordinates":[[25.538,37.22],[25.607,37.124],[25.599,37.026],[25.546,36.96],[25.455,36.923],[25.363,37.008],[25.341,37.087],[25.538,37.22]]}},{"type":"Feature","properties":{"NAME":null,"ABBREVN":null,"SUBJECTO":null,"BORDERPRECISION":3,"PARTOF":null},"geometry":{"type":"LineString","coordinates":[[27.781,35.89],[27.733,35.911],[27.719,35.941],[27.731,35.979],[27.741,36.104],[27.72,36.166],[27.803,36.268],[27.896,36.332],[28.068,36.405],[28.207,36.442],[28.216,36.458],[28.226,36.453],[28.238,36.431],[28.207,36.344],[28.123,36.186],[28.064,36.112],[28.009,36.069],[27.946,36.035],[27.866,35.932],[27.843,35.914],[27.781,35.89]]}},{"type":"Feature","properties":{"NAME":null,"ABBREVN":null,"SUBJECTO":null,"BORDERPRECISION":3,"PARTOF":null},"geometry":{"type":"LineString","coordinates":[[26.97,36.924],[26.936,36.932],[26.919,36.947],[26.882,37.069],[26.891,37.076],[26.986,37.044],[27.048,36.994],[27.046,36.944],[26.97,36.924]]}},{"type":"Feature","properties":{"NAME":null,"ABBREVN":null,"SUBJECTO":null,"BORDERPRECISION":3,"PARTOF":null},"geometry":{"type":"LineString","coordinates":[[26.971,36.672],[26.946,36.679],[26.923,36.706],[26.918,36.755],[27.061,36.837],[27.177,36.889],[27.284,36.901],[27.341,36.885],[27.353,36.872],[27.355,36.859],[27.329,36.843],[27.243,36.827],[26.981,36.747],[26.971,36.736],[26.966,36.704],[26.971,36.672]]}},{"type":"Feature","properties":{"NAME":null,"ABBREVN":null,"SUBJECTO":null,"BORDERPRECISION":3,"PARTOF":null},"geometry":{"type":"LineString","coordinates":[[26.887,37.097],[26.854,37.097],[26.821,37.111],[26.769,37.176],[26.786,37.191],[26.855,37.183],[26.889,37.109],[26.887,37.097]]}},{"type":"Feature","properties":{"NAME":"Malta","ABBREVN":"Malta","SUBJECTO":"Malta","BORDERPRECISION":3,"PARTOF":"Malta"},"geometry":{"type":"LineString","coordinates":[[14.562,35.82],[14.52,35.8],[14.424,35.819],[14.375,35.847],[14.336,35.884],[14.326,35.979],[14.375,35.991],[14.51,35.925],[14.57,35.869],[14.562,35.82]]}},{"type":"Feature","properties":{"NAME":"Malta","ABBREVN":"Malta","SUBJECTO":"Malta","BORDERPRECISION":3,"PARTOF":"Malta"},"geometry":{"type":"LineString","coordinates":[[14.268,36.011],[14.191,36.024],[14.181,36.061],[14.209,36.072],[14.253,36.073],[14.321,36.051],[14.341,36.034],[14.268,36.011]]}},{"type":"Feature","properties":{"NAME":null,"ABBREVN":null,"SUBJECTO":null,"BORDERPRECISION":3,"PARTOF":null},"geometry":{"type":"LineString","coordinates":[[-4.153,53.226],[-4.218,53.2],[-4.326,53.145],[-4.351,53.124],[-4.402,53.126],[-4.494,53.189],[-4.567,53.273],[-4.569,53.388],[-4.56,53.397],[-4.429,53.424],[-4.314,53.412],[-4.277,53.398],[-4.222,53.322],[-4.047,53.303],[-4.09,53.255],[-4.153,53.226]]}},{"type":"Feature","properties":{"NAME":null,"ABBREVN":null,"SUBJECTO":null,"BORDERPRECISION":3,"PARTOF":null},"geometry":{"type":"LineString","coordinates":[[-5.104,55.439],[-5.232,55.43],[-5.34,55.475],[-5.4,55.601],[-5.381,55.669],[-5.295,55.717],[-5.239,55.714],[-5.16,55.679],[-5.085,55.557],[-5.076,55.455],[-5.104,55.439]]}},{"type":"Feature","properties":{"NAME":null,"ABBREVN":null,"SUBJECTO":null,"BORDERPRECISION":3,"PARTOF":null},"geometry":{"type":"LineString","coordinates":[[-6.122,55.879],[-6.098,55.797],[-6.088,55.784],[-6.052,55.767],[-6.03,55.721],[-6.025,55.681],[-6.077,55.65],[-6.274,55.573],[-6.326,55.587],[-6.322,55.615],[-6.286,55.707],[-6.253,55.764],[-6.251,55.771],[-6.265,55.778],[-6.338,55.78],[-6.38,55.728],[-6.449,55.68],[-6.485,55.669],[-6.509,55.682],[-6.495,55.734],[-6.45,55.849],[-6.442,55.854],[-6.37,55.869],[-6.31,55.864],[-6.137,55.934],[-6.119,55.922],[-6.122,55.879]]}},{"type":"Feature","properties":{"NAME":null,"ABBREVN":null,"SUBJECTO":null,"BORDERPRECISION":3,"PARTOF":null},"geometry":{"type":"LineString","coordinates":[[-5.947,55.83],[-5.972,55.788],[-6.027,55.792],[-6.063,55.804],[-6.076,55.816],[-6.088,55.877],[-6.079,55.906],[-5.968,56.024],[-5.809,56.11],[-5.711,56.15],[-5.694,56.147],[-5.685,56.126],[-5.691,56.107],[-5.746,56.064],[-5.947,55.83]]}},{"type":"Feature","properties":{"NAME":null,"ABBREVN":null,"SUBJECTO":null,"BORDERPRECISION":3,"PARTOF":null},"geometry":{"type":"LineString","coordinates":[[-7.467,56.941],[-7.55,56.947],[-7.56,56.96],[-7.44,57.054],[-7.419,57.044],[-7.378,56.982],[-7.435,56.945],[-7.467,56.941]]}},{"type":"Feature","properties":{"NAME":null,"ABBREVN":null,"SUBJECTO":null,"BORDERPRECISION":3,"PARTOF":null},"geometry":{"type":"LineString","coordinates":[[-7.223,57.337],[-7.252,57.327],[-7.285,57.336],[-7.288,57.322],[-7.259,57.152],[-7.215,57.114],[-7.226,57.097],[-7.287,57.106],[-7.356,57.099],[-7.381,57.109],[-7.417,57.182],[-7.425,57.382],[-7.368,57.401],[-7.336,57.396],[-7.272,57.375],[-7.223,57.337]]}},{"type":"Feature","properties":{"NAME":null,"ABBREVN":null,"SUBJECTO":null,"BORDERPRECISION":3,"PARTOF":null},"geometry":{"type":"LineString","coordinates":[[-7.269,57.399],[-7.314,57.4],[-7.388,57.424],[-7.409,57.448],[-7.406,57.464],[-7.351,57.489],[-7.244,57.476],[-7.205,57.461],[-7.202,57.419],[-7.269,57.399]]}},{"type":"Feature","properties":{"NAME":null,"ABBREVN":null,"SUBJECTO":null,"BORDERPRECISION":3,"PARTOF":null},"geometry":{"type":"LineString","coordinates":[[-7.189,57.687],[-7.067,57.637],[-7.154,57.509],[-7.321,57.505],[-7.325,57.544],[-7.412,57.568],[-7.477,57.562],[-7.543,57.591],[-7.491,57.646],[-7.473,57.655],[-7.275,57.656],[-7.245,57.677],[-7.189,57.687]]}},{"type":"Feature","properties":{"NAME":null,"ABBREVN":null,"SUBJECTO":null,"BORDERPRECISION":3,"PARTOF":null},"geometry":{"type":"LineString","coordinates":[[-7.006,57.881],[-7.074,57.878],[-7.077,57.893],[-7.033,57.916],[-6.994,57.919],[-6.997,57.891],[-7.006,57.881]]}},{"type":"Feature","properties":{"NAME":null,"ABBREVN":null,"SUBJECTO":null,"BORDERPRECISION":3,"PARTOF":null},"geometry":{"type":"LineString","coordinates":[[-6.802,58.203],[-6.869,58.204],[-6.89,58.252],[-6.854,58.25],[-6.81,58.229],[-6.794,58.218],[-6.791,58.207],[-6.802,58.203]]}},{"type":"Feature","properties":{"NAME":null,"ABBREVN":null,"SUBJECTO":null,"BORDERPRECISION":3,"PARTOF":null},"geometry":{"type":"LineString","coordinates":[[-6.204,58.356],[-6.232,58.318],[-6.324,58.264],[-6.328,58.238],[-6.325,58.232],[-6.277,58.223],[-6.221,58.234],[-6.168,58.261],[-6.148,58.256],[-6.158,58.218],[-6.172,58.207],[-6.225,58.184],[-6.264,58.177],[-6.329,58.183],[-6.367,58.159],[-6.382,58.13],[-6.497,58.097],[-6.62,58.082],[-6.497,58.087],[-6.396,58.105],[-6.354,58.033],[-6.458,57.968],[-6.474,57.94],[-6.571,57.911],[-6.662,57.924],[-6.699,57.967],[-6.706,58.008],[-6.697,58.021],[-6.653,58.048],[-6.594,58.046],[-6.6,58.054],[-6.684,58.057],[-6.761,57.998],[-6.726,57.954],[-6.685,57.934],[-6.661,57.885],[-6.735,57.826],[-6.973,57.725],[-7.124,57.821],[-7.127,57.833],[-7.118,57.838],[-7.066,57.821],[-6.83,57.901],[-6.879,57.932],[-6.935,57.95],[-6.985,57.959],[-7.036,57.953],[-7.075,57.962],[-7.113,57.984],[-7.084,58.008],[-7.056,58.02],[-7.058,58.036],[-7.094,58.071],[-7.128,58.13],[-7.094,58.182],[-7.041,58.233],[-7.001,58.234],[-6.908,58.213],[-6.908,58.206],[-6.936,58.188],[-6.862,58.104],[-6.873,58.179],[-6.805,58.196],[-6.75,58.185],[-6.745,58.197],[-6.787,58.229],[-6.808,58.26],[-6.818,58.28],[-6.798,58.302],[-6.673,58.349],[-6.652,58.349],[-6.647,58.342],[-6.55,58.363],[-6.293,58.488],[-6.267,58.512],[-6.223,58.496],[-6.166,58.425],[-6.204,58.356]]}},{"type":"Feature","properties":{"NAME":null,"ABBREVN":null,"SUBJECTO":null,"BORDERPRECISION":3,"PARTOF":null},"geometry":{"type":"LineString","coordinates":[[-2.918,58.732],[-2.948,58.731],[-2.971,58.742],[-3.037,58.818],[-3.004,58.833],[-2.916,58.839],[-2.886,58.832],[-2.878,58.824],[-2.918,58.732]]}},{"type":"Feature","properties":{"NAME":null,"ABBREVN":null,"SUBJECTO":null,"BORDERPRECISION":3,"PARTOF":null},"geometry":{"type":"LineString","coordinates":[[-3.231,58.776],[-3.301,58.778],[-3.431,58.871],[-3.418,58.904],[-3.398,58.917],[-3.336,58.927],[-3.228,58.885],[-3.136,58.804],[-3.142,58.785],[-3.231,58.776]]}},{"type":"Feature","properties":{"NAME":null,"ABBREVN":null,"SUBJECTO":null,"BORDERPRECISION":3,"PARTOF":null},"geometry":{"type":"LineString","coordinates":[[-2.793,58.951],[-2.756,58.918],[-2.824,58.879],[-2.97,58.939],[-3.057,58.936],[-3.195,58.911],[-3.346,58.966],[-3.368,59.01],[-3.351,59.106],[-3.317,59.129],[-3.219,59.149],[-3.077,59.122],[-2.998,59.07],[-2.996,59.056],[-2.947,58.998],[-2.852,58.976],[-2.793,58.951]]}},{"type":"Feature","properties":{"NAME":null,"ABBREVN":null,"SUBJECTO":null,"BORDERPRECISION":3,"PARTOF":null},"geometry":{"type":"LineString","coordinates":[[-2.681,59.196],[-2.686,59.184],[-2.694,59.197],[-2.684,59.221],[-2.593,59.291],[-2.556,59.303],[-2.407,59.314],[-2.39,59.283],[-2.496,59.245],[-2.621,59.236],[-2.681,59.196]]}},{"type":"Feature","properties":{"NAME":null,"ABBREVN":null,"SUBJECTO":null,"BORDERPRECISION":3,"PARTOF":null},"geometry":{"type":"LineString","coordinates":[[-2.89,59.295],[-2.85,59.268],[-2.853,59.249],[-2.877,59.229],[-2.877,59.259],[-2.937,59.284],[-2.972,59.287],[-2.977,59.273],[-2.999,59.261],[-3.076,59.331],[-2.89,59.295]]}},{"type":"Feature","properties":{"NAME":null,"ABBREVN":null,"SUBJECTO":null,"BORDERPRECISION":3,"PARTOF":null},"geometry":{"type":"LineString","coordinates":[[-1.296,60.491],[-1.287,60.471],[-1.037,60.444],[-1.101,60.276],[-1.164,60.258],[-1.187,60.27],[-1.201,60.263],[-1.186,60.231],[-1.126,60.152],[-1.147,60.132],[-1.171,60.137],[-1.212,60.103],[-1.221,60.022],[-1.26,59.862],[-1.269,59.851],[-1.307,59.857],[-1.372,59.892],[-1.378,59.902],[-1.332,59.997],[-1.306,60.013],[-1.263,60.107],[-1.262,60.131],[-1.291,60.241],[-1.41,60.255],[-1.364,60.23],[-1.353,60.209],[-1.358,60.192],[-1.449,60.151],[-1.52,60.181],[-1.527,60.187],[-1.52,60.201],[-1.665,60.231],[-1.693,60.28],[-1.691,60.288],[-1.655,60.303],[-1.427,60.321],[-1.346,60.34],[-1.32,60.356],[-1.446,60.461],[-1.554,60.476],[-1.61,60.474],[-1.593,60.508],[-1.547,60.536],[-1.416,60.605],[-1.302,60.637],[-1.287,60.613],[-1.296,60.491]]}},{"type":"Feature","properties":{"NAME":null,"ABBREVN":null,"SUBJECTO":null,"BORDERPRECISION":3,"PARTOF":null},"geometry":{"type":"LineString","coordinates":[[-1.029,60.496],[-1.127,60.486],[-1.14,60.489],[-1.17,60.527],[-1.184,60.603],[-1.179,60.633],[-1.11,60.726],[-1.099,60.73],[-0.991,60.72],[-0.982,60.656],[-1.029,60.496]]}},{"type":"Feature","properties":{"NAME":null,"ABBREVN":null,"SUBJECTO":null,"BORDERPRECISION":3,"PARTOF":null},"geometry":{"type":"LineString","coordinates":[[-0.82,60.689],[-0.835,60.673],[-0.936,60.674],[-0.966,60.688],[-0.939,60.794],[-0.878,60.844],[-0.806,60.841],[-0.768,60.829],[-0.758,60.818],[-0.764,60.793],[-0.82,60.689]]}},{"type":"Feature","properties":{"NAME":null,"ABBREVN":null,"SUBJECTO":null,"BORDERPRECISION":3,"PARTOF":null},"geometry":{"type":"LineString","coordinates":[[-6.655,61.389],[-6.719,61.407],[-6.846,61.468],[-6.958,61.599],[-6.963,61.619],[-6.945,61.637],[-6.889,61.645],[-6.724,61.573],[-6.709,61.558],[-6.642,61.401],[-6.655,61.389]]}},{"type":"Feature","properties":{"NAME":null,"ABBREVN":null,"SUBJECTO":null,"BORDERPRECISION":3,"PARTOF":null},"geometry":{"type":"LineString","coordinates":[[-6.604,61.822],[-6.63,61.761],[-6.652,61.743],[-6.705,61.777],[-6.841,61.817],[-6.866,61.837],[-6.909,61.901],[-6.905,61.908],[-6.864,61.907],[-6.783,61.897],[-6.661,61.859],[-6.604,61.822]]}},{"type":"Feature","properties":{"NAME":null,"ABBREVN":null,"SUBJECTO":null,"BORDERPRECISION":3,"PARTOF":null},"geometry":{"type":"LineString","coordinates":[[-7.05,62.068],[-7.063,62.049],[-7.202,62.019],[-7.192,62.04],[-7.227,62.064],[-7.251,62.043],[-7.346,62.052],[-7.378,62.065],[-7.431,62.116],[-7.435,62.14],[-7.223,62.159],[-7.163,62.129],[-7.045,62.094],[-7.04,62.088],[-7.05,62.068]]}},{"type":"Feature","properties":{"NAME":null,"ABBREVN":null,"SUBJECTO":null,"BORDERPRECISION":3,"PARTOF":null},"geometry":{"type":"LineString","coordinates":[[-6.707,61.937],[-6.725,61.934],[-6.773,61.95],[-6.869,61.997],[-6.961,62.047],[-7.035,62.112],[-7.13,62.126],[-7.232,62.172],[-7.234,62.193],[-7.211,62.285],[-7.196,62.305],[-7.135,62.304],[-7.066,62.282],[-7.045,62.243],[-6.991,62.193],[-6.841,62.124],[-6.725,62.035],[-6.696,61.979],[-6.707,61.937]]}},{"type":"Feature","properties":{"NAME":null,"ABBREVN":null,"SUBJECTO":null,"BORDERPRECISION":3,"PARTOF":null},"geometry":{"type":"LineString","coordinates":[[-6.62,62.23],[-6.686,62.245],[-6.712,62.294],[-6.721,62.331],[-6.626,62.253],[-6.62,62.23]]}},{"type":"Feature","properties":{"NAME":null,"ABBREVN":null,"SUBJECTO":null,"BORDERPRECISION":3,"PARTOF":null},"geometry":{"type":"LineString","coordinates":[[-6.657,62.092],[-6.657,62.056],[-6.922,62.167],[-7.025,62.238],[-7.062,62.296],[-7.06,62.314],[-6.95,62.338],[-6.807,62.29],[-6.601,62.197],[-6.588,62.134],[-6.657,62.092]]}},{"type":"Feature","properties":{"NAME":null,"ABBREVN":null,"SUBJECTO":null,"BORDERPRECISION":3,"PARTOF":null},"geometry":{"type":"LineString","coordinates":[[-6.419,62.184],[-6.518,62.169],[-6.572,62.212],[-6.588,62.24],[-6.551,62.251],[-6.549,62.301],[-6.574,62.35],[-6.542,62.357],[-6.522,62.318],[-6.493,62.291],[-6.392,62.258],[-6.389,62.251],[-6.407,62.192],[-6.419,62.184]]}},{"type":"Feature","properties":{"NAME":null,"ABBREVN":null,"SUBJECTO":null,"BORDERPRECISION":3,"PARTOF":null},"geometry":{"type":"LineString","coordinates":[[-6.586,62.256],[-6.62,62.267],[-6.664,62.322],[-6.661,62.372],[-6.632,62.371],[-6.566,62.296],[-6.566,62.265],[-6.586,62.256]]}},{"type":"Feature","properties":{"NAME":null,"ABBREVN":null,"SUBJECTO":null,"BORDERPRECISION":3,"PARTOF":null},"geometry":{"type":"LineString","coordinates":[[-6.406,62.284],[-6.48,62.298],[-6.547,62.384],[-6.519,62.397],[-6.489,62.381],[-6.392,62.297],[-6.406,62.284]]}},{"type":"Feature","properties":{"NAME":null,"ABBREVN":null,"SUBJECTO":null,"BORDERPRECISION":3,"PARTOF":null},"geometry":{"type":"LineString","coordinates":[[-4.778,54.056],[-4.789,54.063],[-4.714,54.214],[-4.618,54.254],[-4.578,54.297],[-4.553,54.344],[-4.527,54.367],[-4.443,54.398],[-4.368,54.417],[-4.354,54.411],[-4.309,54.293],[-4.394,54.186],[-4.491,54.127],[-4.624,54.069],[-4.705,54.08],[-4.778,54.056]]}},{"type":"Feature","properties":{"NAME":"Russian Empire","ABBREVN":"Russian Empire","SUBJECTO":"Russia","BORDERPRECISION":3,"PARTOF":"Russian Empire"},"geometry":{"type":"LineString","coordinates":[[28.583,68.298],[28.57,68.359],[28.686,68.568],[28.697,68.696],[29.007,68.832],[29.463,69.134],[29.924,69.355],[30.27,69.409],[30.641,69.418],[30.872,69.51],[31.054,69.64],[31.331,69.663],[31.782,69.777],[32.072,69.883],[32.076,69.815],[32.191,69.642],[32.352,69.514],[32.596,69.424],[33.01,69.387],[33.281,69.342],[33.316,69.071],[33.628,69.215],[33.818,69.192],[34.305,69.171],[34.699,69.164],[34.934,69.149],[35.437,69.15],[36.018,69.024],[37.246,68.793],[37.689,68.63],[38.406,68.243],[38.668,68.146],[39.918,67.94],[40.826,67.66],[40.973,67.534],[40.951,67.335],[41.017,67.202],[41.209,67.069],[41.255,66.937],[41.147,66.782],[40.836,66.561],[40.345,66.319],[39.978,66.201],[39.19,66.039],[38.782,66.001],[38.048,66.007],[37.422,66.094],[36.505,66.172],[35.772,66.259],[35.168,66.412],[34.153,66.63],[33.437,66.702],[33.158,66.914],[32.991,66.988],[32.644,67.046],[32.219,66.994],[32.425,66.891],[32.754,66.649],[32.971,66.583],[33.47,66.313],[33.844,66.182],[34.258,66.11],[34.544,66.001],[34.726,65.797],[34.726,65.615],[34.601,65.484],[34.293,65.396],[34.332,65.346],[34.426,65.107],[34.773,64.682],[34.815,64.46],[34.885,64.367],[35.082,64.288],[35.623,64.254],[36.015,64.197],[36.24,63.919],[36.421,63.876],[36.988,63.841],[37.411,63.749],[37.591,63.807],[37.945,63.85],[38.054,63.986],[38.054,64.129],[37.88,64.308],[37.668,64.343],[37.463,64.3],[37.262,64.314],[36.997,64.407],[36.569,64.765],[36.884,65.068],[37.102,65.068],[37.604,64.853],[38.253,64.703],[39.193,64.511],[39.622,64.476],[39.997,64.541],[40.322,64.463],[40.44,64.564],[40.462,64.75],[40.366,64.858],[39.979,65.153],[39.823,65.436],[39.951,65.581],[40.681,65.794],[41.354,65.955],[41.623,66.065],[42.133,66.388],[42.211,66.41],[43.241,66.251],[43.876,66.011],[44.029,66.011],[44.053,66.041],[44.122,66.267],[44.384,66.612],[44.362,66.906],[44.219,67.09],[43.838,67.163],[43.704,67.266],[44.216,67.718],[44.261,67.83],[44.169,68.097],[43.822,68.327],[43.853,68.469],[44.012,68.492],[44.668,68.389],[45.58,68.443],[45.863,68.383],[46.162,68.108],[46.439,67.908],[46.634,67.701],[45.463,67.639],[45.093,67.542],[44.871,67.312],[44.957,67.231],[45.386,67.099],[45.715,66.85],[46.077,66.762],[46.402,66.719],[46.973,66.778],[47.571,66.816],[47.706,66.89],[47.953,67.377],[48.081,67.562],[48.635,67.652],[49.186,67.839],[49.63,67.936],[50.496,68.153],[51.139,68.266],[51.831,68.409],[52.245,68.545],[52.337,68.336],[52.463,68.299],[52.72,68.351],[52.939,68.471],[53.006,68.681],[53.179,68.756],[53.502,68.816],[53.889,68.787],[53.808,68.607],[53.782,68.338],[53.396,68.3],[53.316,68.233],[53.317,68.136],[53.626,68.048],[54.38,68.161],[54.576,68.161],[54.648,68.072],[54.752,68.05],[54.877,68.11],[54.996,68.207],[55.126,68.401],[55.335,68.483],[55.723,68.536],[56.195,68.567],[56.54,68.553],[57.024,68.449],[57.364,68.457],[57.526,68.495],[57.959,68.705],[58.409,68.833],[58.77,68.856],[59.199,68.774],[59.346,68.7],[59.062,68.497],[59.12,68.393],[59.218,68.349],[59.502,68.289],[59.762,68.297],[59.892,68.402],[59.925,68.581],[60,68.6],[60,36.874],[59.24,37.448],[58.972,37.599],[58.675,37.674],[58.095,37.728],[57.725,37.879],[57.407,37.992],[57.225,38.188],[56.517,38.261],[56.363,38.202],[56.131,38.048],[55.981,38.035],[55.63,38.052],[55.356,38.038],[55.17,37.973],[54.956,37.825],[54.676,37.531],[54.467,37.396],[54.214,37.337],[54.015,37.348],[53.928,37.824],[53.88,38.025],[53.937,38.159],[53.937,38.571],[53.985,38.657],[54.071,38.897],[54.033,38.993],[53.918,39.05],[53.775,39.136],[53.679,39.251],[53.66,39.318],[53.583,39.318],[53.334,39.385],[53.248,39.299],[53.209,39.405],[53.248,39.452],[53.315,39.567],[53.372,39.52],[53.545,39.539],[53.794,39.491],[53.813,39.548],[53.669,39.644],[53.554,39.654],[53.516,39.778],[53.593,39.893],[53.688,39.979],[53.506,39.998],[53.363,39.96],[53.19,39.96],[53.047,39.998],[52.989,39.931],[52.912,40.046],[52.845,40.18],[52.845,40.334],[52.826,40.468],[52.903,40.563],[52.951,40.707],[52.97,40.822],[53.056,41.052],[53.181,40.841],[53.257,40.765],[53.439,40.803],[53.612,40.745],[53.66,40.813],[53.65,40.88],[53.698,40.88],[53.765,40.87],[53.794,40.726],[53.842,40.64],[53.976,40.65],[54.11,40.678],[54.225,40.726],[54.416,40.659],[54.455,40.717],[54.387,40.803],[54.368,40.899],[54.455,40.918],[54.502,40.851],[54.608,40.813],[54.818,40.88],[54.828,40.985],[54.751,41.138],[54.598,41.244],[54.359,41.387],[54.167,41.483],[54.138,41.627],[54.119,41.78],[54.024,41.857],[54.024,42.048],[53.985,42.106],[53.736,42.134],[53.458,42.096],[53.267,42.086],[53.066,42.029],[52.98,41.904],[52.941,41.77],[52.999,41.684],[52.932,41.378],[52.96,41.272],[52.97,41.138],[52.855,41.387],[52.692,41.531],[52.711,41.607],[52.683,41.694],[52.559,41.758],[52.601,41.938],[52.574,42.019],[52.52,42.073],[52.583,42.189],[52.673,42.279],[52.736,42.423],[52.754,42.558],[52.835,42.648],[52.763,42.756],[52.583,42.828],[52.376,42.801],[52.295,42.873],[52.07,42.828],[51.98,42.909],[51.881,43.053],[51.738,43.179],[51.423,43.17],[51.423,43.259],[51.459,43.385],[51.369,43.556],[51.261,43.61],[51.171,43.718],[50.991,44.078],[50.955,44.204],[50.703,44.258],[50.389,44.294],[50.326,44.365],[50.335,44.563],[50.407,44.617],[50.542,44.644],[50.874,44.626],[51.333,44.482],[51.414,44.518],[51.576,44.554],[51.486,44.626],[51.189,44.77],[51.099,44.878],[51.216,45.04],[51.342,45.058],[51.378,45.175],[51.459,45.31],[51.513,45.373],[51.63,45.355],[51.773,45.391],[51.845,45.436],[51.998,45.382],[52.61,45.4],[53.059,45.337],[53.284,45.328],[53.059,45.453],[52.844,45.507],[52.835,45.642],[52.924,45.732],[53.05,45.831],[53.149,45.957],[53.203,46.191],[53.257,46.317],[53.185,46.425],[53.122,46.497],[53.167,46.586],[53.284,46.676],[53.23,46.73],[53.185,46.865],[53.023,46.919],[52.556,46.982],[52.466,46.91],[52.376,46.874],[52.142,46.838],[51.935,46.892],[51.791,47.009],[51.675,47.036],[51.369,47.09],[51.117,47.063],[50.82,46.919],[50.632,46.91],[50.272,46.685],[49.948,46.56],[49.723,46.533],[49.535,46.542],[49.313,46.353],[49.238,46.263],[49.058,46.137],[48.887,46.083],[48.833,46.083],[48.833,45.921],[48.77,45.885],[48.635,45.975],[48.303,45.768],[48.015,45.714],[47.871,45.678],[47.754,45.714],[47.673,45.75],[47.628,45.732],[47.601,45.66],[47.655,45.543],[47.556,45.453],[47.394,45.175],[47.251,44.986],[47.17,44.86],[47.026,44.788],[46.873,44.68],[46.81,44.536],[46.846,44.446],[46.999,44.356],[47.143,44.339],[47.224,44.204],[47.332,44.186],[47.439,44.033],[47.565,43.844],[47.538,43.673],[47.493,43.583],[47.52,43.511],[47.565,43.601],[47.61,43.754],[47.664,43.853],[47.736,43.862],[47.673,43.664],[47.574,43.502],[47.601,43.322],[47.655,43.277],[47.583,43.188],[47.565,43.008],[47.736,42.9],[47.79,42.855],[47.844,42.621],[47.97,42.594],[48.132,42.405],[48.222,42.279],[48.42,42.091],[48.5,41.929],[48.662,41.902],[48.683,41.836],[48.552,41.634],[48.329,41.506],[48.201,41.464],[48.063,41.315],[47.988,41.219],[47.818,41.198],[47.616,41.261],[47.35,41.304],[47.35,41.442],[47.222,41.57],[47.169,41.57],[47.127,41.623],[46.914,41.751],[46.85,41.836],[46.765,41.836],[46.669,41.815],[46.659,41.889],[46.556,41.878],[46.499,41.964],[46.393,41.995],[46.286,41.985],[46.159,42.006],[46.042,42.049],[45.914,42.123],[45.754,42.251],[45.808,42.389],[45.861,42.474],[45.808,42.538],[45.648,42.549],[45.478,42.549],[45.382,42.623],[45.297,42.676],[45.201,42.676],[45.138,42.719],[45.031,42.772],[44.978,42.772],[44.935,42.74],[44.872,42.666],[44.786,42.729],[44.669,42.761],[44.51,42.761],[44.414,42.729],[44.297,42.612],[44.17,42.612],[44.053,42.559],[43.957,42.591],[43.84,42.644],[43.861,42.698],[43.925,42.751],[43.787,42.804],[43.68,42.857],[43.287,42.942],[43.159,43.038],[43.116,43.102],[42.957,43.176],[42.829,43.155],[42.744,43.155],[42.563,43.229],[42.319,43.229],[42.127,43.187],[41.989,43.187],[41.829,43.208],[41.691,43.24],[41.574,43.283],[41.478,43.357],[41.234,43.357],[41.149,43.378],[40.936,43.485],[40.808,43.527],[40.425,43.549],[40.393,43.57],[40.266,43.591],[40.149,43.517],[40.098,43.378],[38.924,44.212],[38.556,44.385],[38.277,44.423],[38.109,44.494],[37.88,44.719],[37.774,44.745],[37.622,44.673],[37.474,44.692],[37.318,44.924],[36.96,45.227],[37.228,45.312],[37.461,45.312],[37.661,45.345],[37.706,45.578],[37.868,45.793],[37.99,46.007],[38.227,46.02],[38.459,46.079],[38.265,46.319],[37.97,46.441],[37.757,46.603],[37.867,46.655],[38.032,46.669],[38.401,46.721],[38.723,46.878],[39.282,47.074],[39.194,47.243],[39.16,47.269],[38.8,47.229],[37.859,47.104],[37.422,47.077],[37.193,46.894],[36.865,46.809],[36.354,46.776],[35.851,46.664],[35.624,46.521],[35.416,46.495],[35.212,46.637],[35.046,46.358],[34.907,46.273],[34.692,46.253],[34.496,46.279],[34.064,46.265],[33.839,46.193],[34.127,46.064],[35.008,45.612],[35.032,45.534],[34.99,45.45],[35.063,45.34],[35.317,45.321],[35.546,45.38],[35.85,45.445],[36.323,45.44],[36.521,45.388],[36.415,45.272],[36.367,45.161],[36.265,45.097],[36.005,45.044],[35.865,45.031],[35.6,45.102],[35.387,45.082],[35.067,44.862],[34.614,44.841],[34.372,44.757],[34.135,44.537],[34.014,44.492],[33.66,44.524],[33.395,44.6],[33.559,44.936],[33.517,45.124],[33.398,45.253],[33.013,45.381],[32.926,45.388],[32.643,45.381],[32.575,45.361],[32.503,45.445],[32.902,45.673],[33.192,45.79],[33.539,45.875],[33.639,45.927],[33.528,46.134],[33.333,46.166],[32.516,46.126],[32.202,46.17],[32.114,46.216],[31.926,46.41],[32.189,46.592],[31.951,46.865],[31.781,46.702],[31.538,46.701],[31.087,46.636],[30.833,46.577],[30.52,46.251],[30.433,46.176],[30.066,46.28],[29.807,46.505],[29.427,46.816],[29.116,47.283],[28.908,47.818],[28.427,48.097],[28.415,48.082],[28.387,48.105],[28.387,48.139],[28.347,48.15],[28.302,48.133],[28.359,48.201],[28.347,48.23],[28.296,48.23],[28.217,48.213],[28.16,48.224],[28.115,48.218],[28.058,48.281],[28.013,48.309],[27.944,48.315],[27.882,48.338],[27.82,48.394],[27.706,48.44],[27.648,48.752],[27.486,48.752],[27.486,48.671],[27.108,48.833],[27.108,48.644],[26.989,48.681],[26.48,48.586],[26.219,49.134],[26.233,49.374]]}},{"type":"Feature","properties":{"NAME":"Russian Empire","ABBREVN":"Russian Empire","SUBJECTO":"Russia","BORDERPRECISION":3,"PARTOF":"Russian Empire"},"geometry":{"type":"LineString","coordinates":[[29.033,60.113],[28.969,60.109],[28.692,60.15],[28.569,60.198],[28.559,60.209]]}},{"type":"Feature","properties":{"NAME":"Russian Empire","ABBREVN":"Russian Empire","SUBJECTO":"Russia","BORDERPRECISION":3,"PARTOF":"Russian Empire"},"geometry":{"type":"LineString","coordinates":[[29.125,66.786],[29.111,66.799]]}},{"type":"Feature","properties":{"NAME":"Russian Empire","ABBREVN":"Russian Empire","SUBJECTO":"Russia","BORDERPRECISION":3,"PARTOF":"Russian Empire"},"geometry":{"type":"LineString","coordinates":[[26.233,49.374],[26.255,49.75],[25.671,49.76],[25.505,49.844],[25.38,50.047],[25.203,50.155],[25.152,50.335],[24.404,50.634],[24.063,50.621],[23.116,50.385],[22.483,50.372],[22.394,50.68],[21.908,50.812],[21.157,50.376],[20.811,50.361],[20.271,50.104],[19.923,50.185],[19.311,50.268],[18.769,50.177],[18.646,50.645],[18.14,50.988],[18.113,51.771],[18.14,51.825],[18.005,51.879],[17.897,52.176],[18.086,52.392],[18.464,52.392],[18.599,52.5],[18.518,52.554],[18.518,52.662],[18.653,52.716],[18.572,52.824],[18.761,52.932],[18.842,53.067],[18.95,53.04],[18.991,53.131],[19.285,53.165],[19.423,53.113],[19.492,53.165],[19.579,53.079],[20.011,53.044],[20.097,53.182],[20.477,53.131],[20.702,53.321],[21.117,53.269],[22.807,53.808],[22.74,53.95],[22.699,54.415],[22.67,54.494],[22.662,54.571],[22.724,54.733],[22.824,54.787],[22.794,54.902],[22.632,54.949],[22.584,55.009],[21.684,55.353],[21.276,55.861],[20.945,56.07],[20.916,56.097],[20.949,56.473],[20.965,56.609],[21.022,56.684],[21.324,56.854],[21.34,57.177],[21.46,57.25],[21.677,57.464],[21.81,57.475],[22.285,57.565],[22.433,57.616],[22.564,57.616],[22.585,57.509],[22.881,57.334],[23.071,57.261],[23.175,57.048],[23.215,56.981],[23.414,56.892],[23.768,56.866],[24.158,56.975],[24.266,57.03],[24.346,57.16],[24.323,57.337],[24.236,57.728],[24.416,57.948],[24.414,58.106],[24.497,58.213],[24.331,58.308],[24.058,58.112],[23.908,58.224],[23.671,58.241],[23.69,58.665],[23.512,58.581],[23.361,58.767],[23.432,58.858],[23.338,58.972],[23.457,59.005],[23.416,59.119],[24.032,59.176],[24.03,59.235],[24.282,59.284],[24.342,59.369],[24.538,59.323],[24.571,59.374],[24.714,59.352],[24.751,59.448],[25.248,59.362],[25.449,59.494],[25.49,59.42],[25.721,59.46],[26.343,59.447],[26.862,59.372],[26.999,59.318],[27.265,59.338],[27.702,59.298],[27.894,59.346],[28.016,59.454],[27.973,59.517],[27.897,59.534],[27.942,59.648],[28.094,59.665],[28.163,59.591],[28.266,59.562],[28.351,59.602],[28.309,59.664],[28.444,59.734],[28.663,59.644],[28.796,59.672],[28.936,59.825],[29.076,59.908],[29.414,59.86],[29.765,59.736],[29.963,59.737],[30.127,59.806],[29.953,59.986],[29.803,60.068]]}},{"type":"Feature","properties":{"NAME":"Russian Empire","ABBREVN":"Russian Empire","SUBJECTO":"Russia","BORDERPRECISION":3,"PARTOF":"Russian Empire"},"geometry":{"type":"LineString","coordinates":[[29.673,65.231],[29.715,65.321],[29.727,65.335]]}},{"type":"Feature","properties":{"NAME":"Russian Empire","ABBREVN":"Russian Empire","SUBJECTO":"Russia","BORDERPRECISION":3,"PARTOF":"Russian Empire"},"geometry":{"type":"LineString","coordinates":[[29.751,64.79],[29.618,64.973],[29.624,65.05]]}},{"type":"Feature","properties":{"NAME":"Russian Empire","ABBREVN":"Russian Empire","SUBJECTO":"Russia","BORDERPRECISION":3,"PARTOF":"Russian Empire"},"geometry":{"type":"LineString","coordinates":[[29.743,65.355],[29.913,65.562],[29.984,65.69]]}},{"type":"Feature","properties":{"NAME":"Russian Empire","ABBREVN":"Russian Empire","SUBJECTO":"Russia","BORDERPRECISION":3,"PARTOF":"Russian Empire"},"geometry":{"type":"LineString","coordinates":[[29.042,66.904],[29.171,67.021],[29.757,67.37],[29.946,67.534],[29.939,67.539]]}},{"type":"Feature","properties":{"NAME":"Russian Empire","ABBREVN":"Russian Empire","SUBJECTO":"Russia","BORDERPRECISION":3,"PARTOF":"Russian Empire"},"geometry":{"type":"LineString","coordinates":[[30.026,64.482],[30.024,64.484]]}},{"type":"Feature","properties":{"NAME":"Russian Empire","ABBREVN":"Russian Empire","SUBJECTO":"Russia","BORDERPRECISION":3,"PARTOF":"Russian Empire"},"geometry":{"type":"LineString","coordinates":[[30.138,64.361],[30.056,64.449]]}},{"type":"Feature","properties":{"NAME":"Russian Empire","ABBREVN":"Russian Empire","SUBJECTO":"Russia","BORDERPRECISION":3,"PARTOF":"Russian Empire"},"geometry":{"type":"LineString","coordinates":[[30.115,63.674],[30.162,63.702],[30.406,63.889],[30.424,63.97]]}},{"type":"Feature","properties":{"NAME":"Russian Empire","ABBREVN":"Russian Empire","SUBJECTO":"Russia","BORDERPRECISION":3,"PARTOF":"Russian Empire"},"geometry":{"type":"LineString","coordinates":[[55.567,72],[55.721,71.642],[56.151,71.271],[56.379,71.132],[56.727,70.994],[57.251,70.818],[57.238,70.691],[56.059,70.731],[55.679,70.707],[55.266,70.561],[54.998,70.522],[54.694,70.744],[54.522,70.759],[54.032,70.719],[53.729,70.765],[53.715,70.927],[54.321,71.09],[54.353,71.198],[54.308,71.206],[53.234,71.514],[52.55,71.59],[52.402,71.52],[52.121,71.465],[51.815,71.48],[51.534,71.658],[51.482,71.845],[51.585,71.985],[51.613,72],[55.567,72]]}},{"type":"Feature","properties":{"NAME":"Bulgaria","ABBREVN":"Bulgaria","SUBJECTO":"Bulgaria","BORDERPRECISION":3,"PARTOF":"Bulgaria"},"geometry":{"type":"LineString","coordinates":[[22.335,42.434],[22.338,42.665],[22.449,42.801],[22.792,42.951],[22.928,43.086],[22.915,43.176],[22.318,43.681],[22.293,43.804],[22.374,43.939],[22.694,44.263],[22.87,44.171],[23.028,44.124],[22.923,43.98],[22.944,43.895],[23.064,43.906],[23.411,43.991],[23.638,43.99],[24.156,43.813],[24.31,43.826],[24.62,43.944],[24.755,43.938],[25.378,43.781],[25.549,43.807],[26.406,44.154],[26.684,44.253],[26.937,44.235],[27.239,44.069],[27.371,44.05],[27.603,43.948],[28.208,43.797],[28.51,43.743],[28.481,43.592],[28.446,43.476],[28.328,43.438],[28.187,43.45],[28.035,43.392],[27.887,43.064],[27.87,42.8],[27.836,42.736],[27.654,42.684],[27.502,42.516],[27.497,42.435],[27.506,42.431],[27.554,42.449],[27.617,42.447],[27.704,42.4],[27.698,42.395],[27.704,42.369],[27.76,42.246],[27.939,42.103],[28.004,42.033],[28.022,41.998],[28.013,41.982],[28.032,41.909],[28.008,41.892],[27.988,41.893],[27.971,41.876],[27.963,41.857],[27.968,41.825],[28.077,41.648],[28.202,41.534],[28.332,41.469],[28.835,41.282],[29.017,41.241],[29.051,41.256],[29.084,41.248],[29.104,41.238],[29.108,41.214],[29.071,41.174],[29.039,41.155],[29.068,41.123],[29.056,41.082],[29.039,41.057],[28.902,40.978],[28.824,40.955],[28.6,40.967],[28.599,41.004],[28.571,41.064],[28.551,41.078],[28.529,41.08],[28.537,41.062],[28.557,41.06],[28.568,41.023],[28.539,40.986],[28.523,40.988],[28.416,41.046],[28.213,41.08],[28.149,41.077],[28.011,41.036],[27.99,41.024],[27.958,40.972],[27.943,40.968],[27.867,40.97],[27.828,40.994],[27.774,41.011],[27.741,41.013],[27.502,40.981],[27.483,40.961],[27.461,40.914],[27.446,40.852],[27.298,40.704],[27.177,40.632],[27.02,40.592],[26.971,40.555],[26.878,40.533],[26.731,40.481],[26.682,40.454],[26.684,40.424],[26.615,40.356],[26.583,40.327],[26.44,40.237],[26.322,40.109],[26.222,40.054],[26.176,40.045],[26.16,40.049],[26.16,40.063],[26.249,40.177],[26.273,40.25],[26.232,40.302],[26.21,40.317],[26.214,40.326],[26.598,40.506],[26.689,40.511],[26.777,40.556],[26.824,40.584],[26.827,40.594],[26.794,40.651],[26.768,40.661],[26.686,40.638],[26.346,40.607],[26.308,40.593],[26.11,40.597],[26.07,40.619],[26.048,40.715],[26.021,40.669],[25.996,40.834],[25.912,40.848],[25.831,40.851],[25.836,40.863],[25.301,40.896],[25.046,40.952],[25.019,41.017],[24.812,40.933],[24.701,40.878],[24.519,40.873],[24.564,41.14],[24.699,41.38],[24.418,41.476],[24.155,41.449],[23.796,41.332],[22.961,41.244],[22.92,41.231],[22.899,41.32],[22.946,41.455],[22.948,41.68],[22.847,41.891],[22.686,42.063],[22.386,42.197],[22.326,42.293],[22.335,42.434]]}},{"type":"Feature","properties":{"NAME":null,"ABBREVN":null,"SUBJECTO":null,"BORDERPRECISION":3,"PARTOF":null},"geometry":{"type":"LineString","coordinates":[[24.079,35.584],[24.126,35.602],[24.181,35.587],[24.205,35.543],[24.187,35.51],[24.103,35.491],[24.184,35.451],[24.266,35.367],[24.285,35.359],[24.334,35.351],[24.465,35.362],[24.589,35.381],[24.629,35.401],[24.789,35.409],[24.963,35.404],[25.046,35.384],[25.049,35.356],[25.064,35.345],[25.201,35.334],[25.377,35.336],[25.405,35.308],[25.445,35.292],[25.658,35.342],[25.767,35.335],[25.758,35.316],[25.728,35.294],[25.723,35.264],[25.733,35.258],[25.743,35.286],[25.754,35.283],[25.755,35.254],[25.718,35.219],[25.71,35.174],[25.728,35.142],[25.808,35.108],[25.896,35.177],[26.027,35.224],[26.093,35.217],[26.112,35.205],[26.218,35.241],[26.301,35.283],[26.291,35.131],[26.275,35.087],[26.237,35.034],[26.12,34.993],[26.106,34.993],[26.1,35.009],[26.087,35.017],[25.987,35.033],[25.597,35.01],[25.552,34.989],[25.504,34.981],[25.335,34.985],[25.188,34.952],[25.017,34.931],[24.821,34.937],[24.753,34.942],[24.763,35.016],[24.744,35.071],[24.723,35.091],[24.566,35.098],[24.527,35.142],[24.386,35.191],[24.197,35.2],[24.038,35.191],[23.947,35.221],[23.824,35.247],[23.702,35.234],[23.682,35.224],[23.598,35.231],[23.521,35.288],[23.569,35.527],[23.594,35.592],[23.606,35.613],[23.616,35.521],[23.657,35.496],[23.719,35.508],[23.732,35.546],[23.727,35.575],[23.711,35.604],[23.708,35.644],[23.717,35.666],[23.739,35.686],[23.776,35.666],[23.767,35.649],[23.787,35.548],[23.844,35.524],[23.996,35.516],[24.039,35.529],[24.07,35.548],[24.083,35.568],[24.079,35.584]]}},{"type":"Feature","properties":{"NAME":null,"ABBREVN":null,"SUBJECTO":null,"BORDERPRECISION":3,"PARTOF":null},"geometry":{"type":"LineString","coordinates":[[22.926,36.377],[22.958,36.382],[22.988,36.325],[23.006,36.307],[23.107,36.244],[23.049,36.137],[22.988,36.146],[22.93,36.178],[22.912,36.199],[22.895,36.326],[22.926,36.377]]}},{"type":"Feature","properties":{"NAME":null,"ABBREVN":null,"SUBJECTO":null,"BORDERPRECISION":3,"PARTOF":null},"geometry":{"type":"LineString","coordinates":[[26.081,37.636],[26.361,37.687],[26.357,37.672],[26.308,37.619],[26.215,37.559],[25.984,37.507],[25.975,37.527],[25.982,37.544],[26.047,37.616],[26.081,37.636]]}},{"type":"Feature","properties":{"NAME":null,"ABBREVN":null,"SUBJECTO":null,"BORDERPRECISION":3,"PARTOF":null},"geometry":{"type":"LineString","coordinates":[[20.84,37.683],[20.836,37.646],[20.812,37.652],[20.714,37.723],[20.63,37.809],[20.622,37.861],[20.643,37.898],[20.7,37.93],[20.794,37.849],[20.863,37.829],[20.886,37.814],[20.999,37.714],[20.994,37.699],[20.915,37.732],[20.878,37.728],[20.84,37.683]]}},{"type":"Feature","properties":{"NAME":null,"ABBREVN":null,"SUBJECTO":null,"BORDERPRECISION":3,"PARTOF":null},"geometry":{"type":"LineString","coordinates":[[20.513,38.104],[20.344,38.175],[20.341,38.197],[20.399,38.326],[20.441,38.328],[20.484,38.308],[20.536,38.345],[20.551,38.388],[20.534,38.433],[20.537,38.468],[20.562,38.471],[20.571,38.468],[20.681,38.277],[20.814,38.114],[20.788,38.059],[20.735,38.061],[20.513,38.104]]}},{"type":"Feature","properties":{"NAME":null,"ABBREVN":null,"SUBJECTO":null,"BORDERPRECISION":3,"PARTOF":null},"geometry":{"type":"LineString","coordinates":[[26.641,37.696],[26.597,37.675],[26.582,37.686],[26.572,37.731],[26.596,37.757],[26.666,37.791],[26.743,37.811],[27.029,37.772],[27.067,37.727],[27.069,37.712],[26.818,37.637],[26.754,37.691],[26.711,37.708],[26.641,37.696]]}},{"type":"Feature","properties":{"NAME":null,"ABBREVN":null,"SUBJECTO":null,"BORDERPRECISION":3,"PARTOF":null},"geometry":{"type":"LineString","coordinates":[[25.906,38.29],[25.937,38.297],[25.992,38.344],[25.989,38.384],[25.946,38.455],[25.892,38.472],[25.852,38.501],[25.825,38.544],[25.844,38.571],[25.885,38.589],[26.001,38.601],[26.139,38.565],[26.151,38.556],[26.161,38.538],[26.133,38.408],[26.161,38.329],[26.161,38.305],[26.036,38.192],[26.015,38.149],[25.965,38.167],[25.864,38.238],[25.869,38.264],[25.906,38.29]]}},{"type":"Feature","properties":{"NAME":null,"ABBREVN":null,"SUBJECTO":null,"BORDERPRECISION":3,"PARTOF":null},"geometry":{"type":"LineString","coordinates":[[20.716,38.828],[20.729,38.807],[20.723,38.626],[20.644,38.581],[20.544,38.564],[20.558,38.684],[20.602,38.779],[20.656,38.836],[20.716,38.828]]}},{"type":"Feature","properties":{"NAME":null,"ABBREVN":null,"SUBJECTO":null,"BORDERPRECISION":3,"PARTOF":null},"geometry":{"type":"LineString","coordinates":[[19.84,39.7],[19.847,39.649],[19.932,39.472],[20.028,39.432],[20.057,39.442],[20.067,39.454],[20.075,39.451],[20.122,39.378],[20.115,39.365],[20.08,39.368],[19.884,39.444],[19.851,39.494],[19.844,39.552],[19.806,39.591],[19.74,39.625],[19.676,39.675],[19.64,39.757],[19.673,39.793],[19.792,39.79],[19.855,39.818],[19.947,39.784],[19.951,39.762],[19.929,39.731],[19.84,39.7]]}},{"type":"Feature","properties":{"NAME":null,"ABBREVN":null,"SUBJECTO":null,"BORDERPRECISION":3,"PARTOF":null},"geometry":{"type":"LineString","coordinates":[[26.614,39.012],[26.518,38.972],[26.451,38.968],[26.324,38.978],[26.187,39.017],[26.089,39.072],[26.108,39.091],[26.168,39.103],[26.277,39.156],[26.292,39.184],[26.262,39.202],[26.199,39.201],[26.165,39.191],[26.154,39.159],[26.112,39.112],[26.068,39.084],[25.89,39.141],[25.864,39.154],[25.832,39.184],[25.855,39.25],[25.908,39.287],[25.924,39.292],[25.925,39.277],[25.984,39.272],[26.169,39.324],[26.176,39.328],[26.165,39.368],[26.178,39.375],[26.222,39.383],[26.324,39.374],[26.42,39.326],[26.395,39.306],[26.378,39.269],[26.475,39.219],[26.607,39.053],[26.618,39.026],[26.614,39.012]]}},{"type":"Feature","properties":{"NAME":"German Empire","ABBREVN":"Germany","SUBJECTO":"German Empire","BORDERPRECISION":3,"PARTOF":"German Empire"},"geometry":{"type":"LineString","coordinates":[[14.227,53.91],[14.425,53.915],[14.473,53.877],[14.459,53.819],[14.334,53.83],[14.248,53.816],[14.227,53.91]]}},{"type":"Feature","properties":{"NAME":"German Empire","ABBREVN":"Germany","SUBJECTO":"German Empire","BORDERPRECISION":3,"PARTOF":"German Empire"},"geometry":{"type":"LineString","coordinates":[[18.604,49.939],[18.549,49.962],[18.188,50.021],[18.048,50.103],[17.882,50.03],[17.751,50.036],[17.746,50.249],[17.597,50.211],[17.679,50.338],[17.36,50.336],[17.243,50.39],[17.014,50.477],[16.886,50.488],[16.884,50.423],[17.012,50.287],[16.827,50.233],[16.728,50.149],[16.585,50.181],[16.451,50.352],[16.204,50.463],[16.305,50.558],[16.399,50.569],[16.443,50.623],[16.353,50.705],[16.238,50.716],[16.21,50.686],[16.001,50.656],[16.003,50.732],[15.877,50.716],[15.818,50.797],[15.472,50.833],[15.309,50.906],[15.267,51.023],[15.172,51.064],[15.009,51.056],[14.981,51.018],[15.008,50.985],[14.997,50.917],[14.829,50.917],[14.765,50.865],[14.61,50.898],[14.596,51.023],[14.458,51.077],[14.262,51.045],[14.389,50.947],[14.146,50.865],[13.911,50.844],[13.855,50.767],[13.524,50.757],[13.473,50.659],[13.394,50.691],[13.233,50.664],[13.189,50.561],[13.018,50.556],[12.982,50.474],[12.784,50.474],[12.594,50.384],[12.462,50.398],[12.235,50.241],[12.368,50.046],[12.554,50.002],[12.484,49.889],[12.448,49.706],[12.52,49.668],[12.536,49.563],[12.646,49.485],[12.861,49.366],[12.945,49.398],[13.203,49.166],[13.397,49.09],[13.48,48.999],[13.578,49.037],[13.652,48.956],[13.745,48.94],[13.947,48.655],[13.64,48.538],[13.444,48.606],[13.384,48.594],[13.367,48.442],[13.294,48.365],[12.858,48.232],[12.694,48.129],[12.936,47.873],[12.848,47.74],[12.998,47.734],[13.023,47.662],[12.979,47.508],[12.942,47.483],[12.744,47.564],[12.765,47.638],[12.7,47.69],[12.446,47.662],[12.358,47.724],[12.163,47.709],[12.122,47.628],[11.56,47.613],[11.503,47.536],[11.36,47.53],[11.34,47.471],[11.17,47.424],[10.903,47.415],[10.877,47.48],[10.835,47.545],[10.613,47.585],[10.495,47.56],[10.388,47.579],[10.403,47.455],[10.2,47.301],[10.103,47.301],[10.138,47.389],[10.021,47.406],[10.026,47.48],[9.938,47.502],[9.892,47.564],[9.78,47.567],[9.737,47.616],[9.665,47.556],[9.653,47.556],[9.628,47.57],[9.607,47.572],[9.601,47.585],[9.563,47.585],[9.534,47.597],[9.502,47.646],[9.488,47.652],[9.466,47.648],[9.421,47.666],[9.348,47.661],[9.288,47.684],[9.237,47.711],[9.226,47.739],[9.132,47.772],[9.106,47.792],[9.043,47.818],[9.031,47.805],[9.067,47.78],[9.174,47.734],[9.18,47.705],[9.201,47.707],[9.188,47.699],[9.211,47.683],[9.216,47.671],[9.199,47.678],[9.118,47.679],[9.113,47.686],[9.081,47.683],[9.043,47.693],[9.048,47.708],[9.084,47.69],[9.109,47.69],[9.101,47.702],[8.987,47.743],[9.014,47.72],[8.959,47.737],[8.94,47.726],[8.994,47.707],[9.006,47.695],[8.983,47.68],[8.815,47.681],[8.748,47.721],[8.659,47.715],[8.651,47.783],[8.332,47.693],[8.412,47.604],[8.253,47.594],[8.128,47.644],[7.873,47.573],[7.751,47.616],[7.628,47.564],[7.507,47.604],[7.333,47.465],[7.121,47.468],[7.123,47.511],[6.922,47.514],[6.866,47.706],[6.942,47.782],[6.967,47.984],[6.84,48.136],[6.992,48.313],[7.119,48.313],[7.093,48.44],[7.119,48.516],[6.486,48.946],[6.511,49.022],[6.385,49.047],[6.258,49.275],[6.26,49.476],[6.368,49.473],[6.433,49.445],[6.399,49.604],[6.511,49.669],[6.531,49.798],[6.321,49.842],[6.137,49.982],[6.109,50.117],[6.298,50.287],[6.281,50.498],[6.155,50.662],[6,50.742],[6.074,50.867],[6.01,50.964],[5.928,50.981],[5.964,51.024],[6.176,51.144],[6.089,51.198],[6.222,51.389],[6.154,51.521],[6.117,51.64],[5.948,51.722],[5.979,51.804],[6.133,51.838],[6.211,51.88],[6.381,51.82],[6.68,51.888],[6.825,51.956],[6.882,52.126],[7.068,52.219],[7.069,52.366],[6.997,52.443],[6.912,52.416],[6.714,52.476],[6.727,52.558],[6.778,52.64],[7.035,52.624],[7.073,52.804],[7.228,52.967],[7.16,53.164],[7.19,53.23],[6.981,53.317],[7.037,53.51],[7.166,53.592],[7.969,53.638],[8.099,53.444],[8.029,53.373],[8.175,53.322],[8.242,53.352],[8.261,53.439],[8.189,53.531],[8.306,53.525],[8.502,53.449],[8.429,53.612],[8.54,53.801],[8.848,53.75],[9.125,53.79],[8.857,53.867],[8.819,53.969],[8.946,54.015],[8.833,54.066],[8.779,54.132],[8.853,54.168],[8.884,54.229],[8.581,54.194],[8.554,54.275],[8.852,54.332],[8.951,54.419],[8.742,54.608],[8.596,54.761],[8.616,54.887],[8.669,54.88],[8.819,54.891],[8.85,54.876],[9.179,54.831],[9.41,54.839],[9.567,54.902],[9.864,54.726],[9.987,54.592],[9.978,54.49],[9.865,54.411],[10.065,54.434],[10.142,54.337],[10.213,54.372],[10.34,54.362],[10.446,54.292],[10.649,54.259],[11.039,54.313],[11.073,54.22],[11.016,54.097],[10.717,53.964],[10.859,53.877],[11.151,53.938],[11.202,53.857],[11.408,53.859],[11.565,54.035],[12.041,54.097],[12.312,54.202],[12.653,54.321],[12.765,54.27],[12.943,54.347],[13.026,54.265],[13.064,54.194],[13.431,54.03],[13.668,54.084],[13.738,54.03],[13.78,53.775],[13.85,53.729],[14.01,53.673],[14.177,53.683],[14.19,53.625],[14.433,53.594],[14.537,53.538],[14.495,53.625],[14.565,53.694],[14.557,53.76],[14.483,53.819],[14.467,53.91],[14.886,53.98],[15.08,54.003],[15.312,54.071],[15.898,54.128],[16.115,54.2],[16.473,54.415],[16.976,54.549],[17.658,54.685],[18.279,54.724],[18.76,54.536],[18.363,54.669],[18.338,54.603],[18.454,54.525],[18.513,54.316],[18.673,54.255],[18.965,54.228],[19.255,54.277],[19.734,54.461],[19.758,54.459],[19.318,54.272],[19.232,54.222],[19.23,54.167],[19.328,54.161],[19.457,54.217],[19.733,54.31],[20.189,54.522],[20.327,54.564],[20.194,54.575],[20.006,54.547],[19.938,54.608],[19.882,54.525],[19.833,54.531],[19.863,54.752],[19.943,54.85],[20.985,54.812],[21.137,54.845],[21.192,54.96],[21.113,55.089],[21.224,55.111],[21.143,55.256],[21.201,55.261],[21.216,55.344],[21.018,55.634],[20.996,56.024],[20.945,56.07],[21.276,55.861],[21.684,55.353],[22.584,55.009],[22.632,54.949],[22.794,54.902],[22.824,54.787],[22.724,54.733],[22.662,54.571],[22.67,54.494],[22.699,54.415],[22.74,53.95],[22.807,53.808],[21.117,53.269],[20.702,53.321],[20.477,53.131],[20.097,53.182],[20.011,53.044],[19.579,53.079],[19.492,53.165],[19.423,53.113],[19.285,53.165],[18.991,53.131],[18.95,53.04],[18.842,53.067],[18.761,52.932],[18.572,52.824],[18.653,52.716],[18.518,52.662],[18.518,52.554],[18.599,52.5],[18.464,52.392],[18.086,52.392],[17.897,52.176],[18.005,51.879],[18.14,51.825],[18.113,51.771],[18.14,50.988],[18.646,50.645],[18.769,50.177],[19.311,50.268],[18.892,50.064],[18.748,50.046],[18.604,49.939]]}},{"type":"Feature","properties":{"NAME":"German Empire","ABBREVN":"Germany","SUBJECTO":"German Empire","BORDERPRECISION":3,"PARTOF":"German Empire"},"geometry":{"type":"LineString","coordinates":[[14.145,53.826],[14.068,53.843],[14.029,53.865],[13.828,53.83],[13.777,53.949],[13.778,54.044],[14.07,53.918],[14.174,53.907],[14.205,53.813],[14.145,53.826]]}}],"metadata":{"source":"historical-basemaps (aourednik)","sourceUrl":"https://github.com/aourednik/historical-basemaps","license":"GPL-3.0","commit":"62d8f1a03a71f2d3ff17f2d166f7553f256bce68","borderPrecision":"概略（出典は確定境界を含むが、簡略化により数 km の近似）"}}