{"type":"FeatureCollection","features":[{"type":"Feature","properties":{"NAME":"Luxembourg","ABBREVN":"Luxembourg","SUBJECTO":"Luxembourg","BORDERPRECISION":3,"PARTOF":"Luxembourg"},"geometry":{"type":"LineString","coordinates":[[5.824,49.507],[5.884,49.664],[5.745,49.755],[5.738,49.902],[5.834,50.047],[6.007,50.15],[6.109,50.117],[6.137,49.982],[6.321,49.842],[6.531,49.798],[6.511,49.669],[6.399,49.604],[6.433,49.445],[6.368,49.473],[6.112,49.479],[5.824,49.507]]}},{"type":"Feature","properties":{"NAME":"Ottoman Empire","ABBREVN":"Ottoman Empi","SUBJECTO":"Ottoman Empire","BORDERPRECISION":3,"PARTOF":"Ottoman Empire"},"geometry":{"type":"LineString","coordinates":[[33.792,34.957],[33.733,34.909],[33.686,34.935],[33.539,34.944],[33.484,34.796],[33.131,34.68],[32.959,34.659],[32.915,34.636],[32.915,34.541],[32.817,34.539],[32.784,34.625],[32.603,34.615],[32.357,34.68],[32.271,34.72],[32.271,34.814],[32.199,34.861],[32.144,35.043],[32.18,35.058],[32.234,35.014],[32.301,35.016],[32.483,35.153],[32.597,35.156],[32.745,35.114],[32.78,35.153],[32.819,35.282],[32.795,35.361],[33.077,35.319],[33.374,35.306],[33.539,35.332],[33.907,35.437],[34.217,35.574],[34.458,35.645],[34.245,35.512],[34.048,35.408],[33.78,35.208],[33.773,35.129],[33.925,34.953],[33.792,34.957]]}},{"type":"Feature","properties":{"NAME":"Ottoman Empire","ABBREVN":"Ottoman Empi","SUBJECTO":"Ottoman Empire","BORDERPRECISION":3,"PARTOF":"Ottoman Empire"},"geometry":{"type":"LineString","coordinates":[[23.41,38.944],[23.79,38.719],[24.132,38.653],[24.208,38.552],[24.292,38.195],[24.588,38.153],[24.527,37.967],[24.314,37.985],[24.025,38.386],[23.661,38.404],[23.6,38.457],[23.638,38.523],[23.463,38.624],[23.121,38.867],[22.87,38.837],[23.014,38.961],[23.242,39.044],[23.41,38.944]]}},{"type":"Feature","properties":{"NAME":"Ottoman Empire","ABBREVN":"Ottoman Empi","SUBJECTO":"Ottoman Empire","BORDERPRECISION":3,"PARTOF":"Ottoman Empire"},"geometry":{"type":"LineString","coordinates":[[25.766,36.338],[25.713,36.35],[25.736,36.387],[25.789,36.405],[25.873,36.356],[25.766,36.338]]}},{"type":"Feature","properties":{"NAME":"Ottoman Empire","ABBREVN":"Ottoman Empi","SUBJECTO":"Ottoman Empire","BORDERPRECISION":3,"PARTOF":"Ottoman Empire"},"geometry":{"type":"LineString","coordinates":[[25.493,36.331],[25.386,36.319],[25.318,36.399],[25.333,36.46],[25.371,36.497],[25.493,36.423],[25.493,36.331]]}},{"type":"Feature","properties":{"NAME":"Ottoman Empire","ABBREVN":"Ottoman Empi","SUBJECTO":"Ottoman Empire","BORDERPRECISION":3,"PARTOF":"Ottoman Empire"},"geometry":{"type":"LineString","coordinates":[[26.025,36.96],[26.086,36.899],[25.835,36.783],[25.751,36.783],[25.751,36.814],[25.858,36.838],[25.949,36.911],[26.025,36.96]]}},{"type":"Feature","properties":{"NAME":"Ottoman Empire","ABBREVN":"Ottoman Empi","SUBJECTO":"Ottoman Empire","BORDERPRECISION":3,"PARTOF":"Ottoman Empire"},"geometry":{"type":"LineString","coordinates":[[24.679,36.759],[24.466,36.649],[24.299,36.753],[24.428,36.795],[24.588,36.869],[24.679,36.759]]}},{"type":"Feature","properties":{"NAME":"Ottoman Empire","ABBREVN":"Ottoman Empi","SUBJECTO":"Ottoman Empire","BORDERPRECISION":3,"PARTOF":"Ottoman Empire"},"geometry":{"type":"LineString","coordinates":[[24.976,36.637],[24.945,36.57],[24.824,36.637],[24.824,36.661],[24.877,36.68],[24.976,36.637]]}},{"type":"Feature","properties":{"NAME":"Ottoman Empire","ABBREVN":"Ottoman Empi","SUBJECTO":"Ottoman Empire","BORDERPRECISION":3,"PARTOF":"Ottoman Empire"},"geometry":{"type":"LineString","coordinates":[[25.105,36.637],[25.059,36.619],[25.044,36.661],[25.166,36.741],[25.196,36.674],[25.105,36.637]]}},{"type":"Feature","properties":{"NAME":"Ottoman Empire","ABBREVN":"Ottoman Empi","SUBJECTO":"Ottoman Empire","BORDERPRECISION":3,"PARTOF":"Ottoman Empire"},"geometry":{"type":"LineString","coordinates":[[25.432,36.698],[25.386,36.637],[25.265,36.704],[25.242,36.753],[25.295,36.808],[25.432,36.698]]}},{"type":"Feature","properties":{"NAME":"Ottoman Empire","ABBREVN":"Ottoman Empi","SUBJECTO":"Ottoman Empire","BORDERPRECISION":3,"PARTOF":"Ottoman Empire"},"geometry":{"type":"LineString","coordinates":[[24.428,37.208],[24.535,37.117],[24.444,37.099],[24.428,37.208]]}},{"type":"Feature","properties":{"NAME":"Ottoman Empire","ABBREVN":"Ottoman Empi","SUBJECTO":"Ottoman Empire","BORDERPRECISION":3,"PARTOF":"Ottoman Empire"},"geometry":{"type":"LineString","coordinates":[[24.261,37.541],[24.299,37.661],[24.398,37.667],[24.383,37.571],[24.261,37.541]]}},{"type":"Feature","properties":{"NAME":"Ottoman Empire","ABBREVN":"Ottoman Empi","SUBJECTO":"Ottoman Empire","BORDERPRECISION":3,"PARTOF":"Ottoman Empire"},"geometry":{"type":"LineString","coordinates":[[24.36,37.396],[24.398,37.468],[24.489,37.396],[24.36,37.305],[24.36,37.396]]}},{"type":"Feature","properties":{"NAME":"Ottoman Empire","ABBREVN":"Ottoman Empi","SUBJECTO":"Ottoman Empire","BORDERPRECISION":3,"PARTOF":"Ottoman Empire"},"geometry":{"type":"LineString","coordinates":[[24.846,37.366],[24.862,37.529],[24.945,37.51],[25.044,37.378],[24.846,37.366]]}},{"type":"Feature","properties":{"NAME":"Ottoman Empire","ABBREVN":"Ottoman Empi","SUBJECTO":"Ottoman Empire","BORDERPRECISION":3,"PARTOF":"Ottoman Empire"},"geometry":{"type":"LineString","coordinates":[[25.47,37.438],[25.318,37.402],[24.923,37.691],[24.656,37.901],[24.763,38.003],[25.272,37.565],[25.47,37.438]]}},{"type":"Feature","properties":{"NAME":"Ottoman Empire","ABBREVN":"Ottoman Empi","SUBJECTO":"Ottoman Empire","BORDERPRECISION":3,"PARTOF":"Ottoman Empire"},"geometry":{"type":"LineString","coordinates":[[24.679,36.905],[24.649,37.014],[24.717,37.051],[24.786,36.948],[24.679,36.905]]}},{"type":"Feature","properties":{"NAME":"Ottoman Empire","ABBREVN":"Ottoman Empi","SUBJECTO":"Ottoman Empire","BORDERPRECISION":3,"PARTOF":"Ottoman Empire"},"geometry":{"type":"LineString","coordinates":[[25.113,36.941],[24.938,36.96],[25.151,37.172],[25.31,37.196],[25.31,37.002],[25.113,36.941]]}},{"type":"Feature","properties":{"NAME":"Ottoman Empire","ABBREVN":"Ottoman Empi","SUBJECTO":"Ottoman Empire","BORDERPRECISION":3,"PARTOF":"Ottoman Empire"},"geometry":{"type":"LineString","coordinates":[[25.599,37.026],[25.546,36.96],[25.455,36.923],[25.363,37.008],[25.341,37.087],[25.538,37.22],[25.607,37.124],[25.599,37.026]]}},{"type":"Feature","properties":{"NAME":"Ottoman Empire","ABBREVN":"Ottoman Empi","SUBJECTO":"Ottoman Empire","BORDERPRECISION":3,"PARTOF":"Ottoman Empire"},"geometry":{"type":"LineString","coordinates":[[17.797,42.904],[17.766,42.913],[17.736,42.915]]}},{"type":"Feature","properties":{"NAME":"Ottoman Empire","ABBREVN":"Ottoman Empi","SUBJECTO":"Ottoman Empire","BORDERPRECISION":3,"PARTOF":"Ottoman Empire"},"geometry":{"type":"LineString","coordinates":[[17.892,42.81],[17.891,42.811]]}},{"type":"Feature","properties":{"NAME":"Ottoman Empire","ABBREVN":"Ottoman Empi","SUBJECTO":"Ottoman Empire","BORDERPRECISION":3,"PARTOF":"Ottoman Empire"},"geometry":{"type":"LineString","coordinates":[[18.264,42.61],[18.253,42.626],[18.113,42.742],[18.042,42.746]]}},{"type":"Feature","properties":{"NAME":"Ottoman Empire","ABBREVN":"Ottoman Empi","SUBJECTO":"Ottoman Empire","BORDERPRECISION":3,"PARTOF":"Ottoman Empire"},"geometry":{"type":"LineString","coordinates":[[18.504,42.438],[18.501,42.448],[18.464,42.481],[18.449,42.516],[18.459,42.556],[18.429,42.586],[18.382,42.598]]}},{"type":"Feature","properties":{"NAME":"Ottoman Empire","ABBREVN":"Ottoman Empi","SUBJECTO":"Ottoman Empire","BORDERPRECISION":3,"PARTOF":"Ottoman Empire"},"geometry":{"type":"LineString","coordinates":[[24.354,40.971],[24.219,40.83],[24.025,40.746],[23.886,40.733],[23.748,40.804],[23.635,40.773],[23.633,40.713],[23.709,40.63],[23.785,40.477],[23.924,40.451],[24.295,40.176],[24.221,40.145],[24.055,40.261],[24.048,40.308],[23.775,40.393],[23.722,40.348],[23.627,40.345],[23.659,40.287],[23.652,40.229],[23.804,40.155],[23.869,40.161],[23.92,40.055],[23.907,39.997],[23.796,39.987],[23.596,40.192],[23.442,40.256],[23.349,40.282],[23.292,40.287],[23.293,40.245],[23.259,40.229],[23.367,40.108],[23.436,40.045],[23.592,40.002],[23.639,39.96],[23.597,39.934],[23.261,39.971],[23.276,40.05],[23.215,40.182],[23.141,40.266],[22.96,40.315],[22.748,40.482],[22.864,40.535],[22.875,40.596],[22.852,40.651],[22.77,40.667],[22.701,40.577],[22.492,40.498],[22.602,40.397],[22.49,40.231],[22.467,40.118],[22.526,40.064],[22.555,39.987],[22.695,39.834],[22.754,39.818],[22.813,39.603],[23.074,39.413],[23.236,39.203],[23.158,39.14],[23.052,39.103],[23.1,39.187],[23.045,39.271],[22.981,39.329],[22.851,39.366],[22.72,39.287],[22.766,39.203],[22.835,39.166],[22.871,39.024],[22.784,38.94],[22.49,38.877],[22.602,38.856],[22.723,38.793],[22.899,38.767],[22.984,38.667],[23.1,38.672],[23.169,38.667],[23.191,38.61],[23.356,38.49],[23.494,38.483],[23.556,38.352],[23.804,38.347],[23.961,38.21],[23.967,38.152],[23.88,38.115],[23.987,37.763],[23.918,37.685],[23.836,37.685],[23.734,37.858],[23.634,37.879],[23.496,38.068],[23.419,38.068],[23.196,38.005],[22.981,37.958],[22.898,37.9],[23.04,37.858],[23.049,37.643],[23.151,37.59],[23.221,37.602],[23.322,37.637],[23.312,37.548],[23.418,37.469],[23.185,37.427],[23.186,37.375],[23.11,37.347],[22.971,37.385],[23.025,37.48],[22.942,37.518],[22.713,37.543],[22.642,37.585],[22.639,37.492],[22.726,37.289],[22.813,37.212],[22.793,37.139],[22.887,37.047],[22.983,36.615],[22.674,36.754],[22.524,36.722],[22.39,36.524],[22.191,36.855],[21.984,37.02],[21.781,36.823],[21.588,36.981],[21.531,37.115],[21.627,37.307],[21.614,37.415],[21.517,37.536],[21.296,37.727],[21.221,37.828],[21.228,37.905],[21.44,38.18],[21.714,38.135],[21.906,38.27],[21.997,38.251],[22.747,37.953],[22.899,37.998],[23.116,38.157],[22.876,38.205],[22.334,38.427],[21.826,38.464],[21.661,38.438],[21.364,38.412],[21.172,38.348],[20.772,38.851],[20.893,38.896],[21.007,38.871],[21.105,38.922],[21.16,39.005],[21.007,39.113],[20.901,39.062],[20.678,39.08],[20.212,39.405],[20.091,39.603],[20.029,39.814],[19.804,40.017],[19.369,40.26],[19.38,40.324],[19.484,40.296],[19.494,40.403],[19.339,40.589],[19.527,40.866],[19.445,40.965],[19.53,41.218],[19.417,41.345],[19.499,41.524],[19.619,41.559],[19.607,41.762],[19.458,41.798],[19.338,41.862],[19.143,41.932],[19.136,42],[18.91,42.218],[18.531,42.356]]}},{"type":"Feature","properties":{"NAME":"Ottoman Empire","ABBREVN":"Ottoman Empi","SUBJECTO":"Ottoman Empire","BORDERPRECISION":3,"PARTOF":"Ottoman Empire"},"geometry":{"type":"LineString","coordinates":[[17.57,42.927],[17.676,42.958],[17.646,43.053],[17.535,43.108],[17.385,43.234],[17.294,43.269],[17.259,43.395],[17.259,43.445],[17.214,43.47],[17.113,43.5],[17.013,43.555],[16.842,43.716],[16.712,43.771],[16.701,43.847],[16.536,44.007],[16.385,44.043],[16.335,44.093],[16.31,44.148],[16.27,44.198],[16.194,44.193],[16.184,44.258],[16.189,44.304],[16.224,44.329],[16.154,44.379],[16.144,44.434],[16.039,44.6],[15.958,44.68],[15.858,44.71],[15.818,44.751],[15.757,44.786],[15.747,44.826],[15.802,44.856],[15.787,44.987],[15.767,45.047],[15.787,45.122],[15.828,45.203],[15.883,45.223],[16.023,45.208],[16.139,45.072],[16.254,45.012],[16.345,45.002],[16.4,45.092],[16.511,45.208],[16.606,45.218],[16.832,45.188],[16.892,45.243],[16.933,45.238],[17.169,45.157],[17.194,45.132],[17.244,45.142],[17.284,45.178],[17.354,45.137],[17.43,45.132],[17.515,45.107],[17.666,45.117],[17.857,45.047],[17.932,45.082],[17.987,45.122],[18.037,45.122],[18.088,45.092],[18.148,45.072],[18.208,45.092],[18.258,45.122],[18.329,45.102],[18.394,45.102],[18.494,45.057],[18.54,45.052],[18.585,45.092],[18.715,45.047],[18.725,44.997],[18.781,44.992],[18.801,44.952],[18.776,44.906],[18.841,44.851],[18.931,44.841],[19.052,44.856],[19.017,44.896],[19.042,44.926],[19.082,44.911],[19.122,44.926],[19.107,44.997],[19.122,45.032],[19.102,45.062],[19.102,45.132],[19.137,45.132],[19.182,45.173],[19.167,45.203],[19.188,45.208],[19.213,45.203],[19.243,45.183],[19.278,45.178],[19.308,45.188],[19.348,45.173],[19.408,45.168],[19.424,45.193],[19.419,45.224],[19.534,45.251]]}},{"type":"Feature","properties":{"NAME":"Ottoman Empire","ABBREVN":"Ottoman Empi","SUBJECTO":"Ottoman Empire","BORDERPRECISION":3,"PARTOF":"Ottoman Empire"},"geometry":{"type":"LineString","coordinates":[[19.585,45.212],[19.587,45.21],[19.741,45.225]]}},{"type":"Feature","properties":{"NAME":"Ottoman Empire","ABBREVN":"Ottoman Empi","SUBJECTO":"Ottoman Empire","BORDERPRECISION":3,"PARTOF":"Ottoman Empire"},"geometry":{"type":"LineString","coordinates":[[19.85,45.236],[19.853,45.236],[19.856,45.24]]}},{"type":"Feature","properties":{"NAME":"Ottoman Empire","ABBREVN":"Ottoman Empi","SUBJECTO":"Ottoman Empire","BORDERPRECISION":3,"PARTOF":"Ottoman Empire"},"geometry":{"type":"LineString","coordinates":[[19.861,45.247],[19.872,45.264],[20.024,45.173],[20.196,45.181],[20.241,45.155],[20.319,44.999],[20.288,44.971],[20.334,44.915],[20.405,44.855],[20.525,44.83],[20.571,44.847],[20.643,44.813],[20.633,44.757],[20.769,44.66],[20.922,44.671],[21.015,44.72],[21.149,44.739],[21.33,44.82],[21.364,44.82],[21.367,44.809],[21.478,44.793],[21.583,44.793],[21.592,44.708],[21.859,44.681],[21.947,44.619],[22.133,44.511],[22.199,44.564],[22.296,44.692],[22.41,44.75],[22.343,44.986],[22.462,45.641]]}},{"type":"Feature","properties":{"NAME":"Ottoman Empire","ABBREVN":"Ottoman Empi","SUBJECTO":"Ottoman Empire","BORDERPRECISION":3,"PARTOF":"Ottoman Empire"},"geometry":{"type":"LineString","coordinates":[[26.045,46.751],[26.191,46.809],[26.292,47.214],[25.685,47.619],[25.246,47.686],[25.381,47.855],[25.786,47.956],[26.123,47.855],[26.123,48.125],[26.36,48.125],[26.163,48.941],[27.108,48.644],[27.108,48.833],[27.486,48.671],[27.486,48.752],[27.648,48.752],[27.706,48.44],[27.82,48.394],[27.882,48.338],[27.944,48.315],[28.013,48.309],[28.058,48.281],[28.115,48.218],[28.16,48.224],[28.217,48.213],[28.296,48.23],[28.347,48.23],[28.359,48.201],[28.302,48.133],[28.347,48.15],[28.387,48.139],[28.387,48.105],[28.415,48.082],[28.427,48.097],[28.908,47.818],[29.116,47.283],[29.427,46.816],[29.807,46.505],[30.066,46.28],[30.433,46.176],[30.069,45.861],[29.73,45.77],[29.63,45.75],[29.5,45.523],[29.536,45.452],[29.683,45.375],[29.711,45.258],[29.579,45.058],[29.458,44.915],[29.09,44.876],[28.918,44.766],[28.686,44.488],[28.573,44.198],[28.53,43.843],[28.481,43.592],[28.446,43.476],[28.328,43.438],[28.187,43.45],[28.035,43.392],[27.887,43.064],[27.87,42.8],[27.836,42.736],[27.654,42.684],[27.502,42.516],[27.495,42.401],[27.608,42.417],[27.723,42.316],[27.738,42.247],[27.913,42.078],[27.918,41.978],[28.026,41.882],[28.018,41.753],[28.07,41.625],[28.104,41.593],[28.371,41.433],[28.74,41.325],[29.012,41.255],[29.081,41.201],[28.964,40.989],[28.828,40.915],[28.596,40.947],[28.173,41.058],[28.026,41.026],[27.932,40.958],[27.474,40.963],[27.313,40.79],[27.264,40.667],[26.889,40.525],[26.614,40.398],[26.514,40.282],[26.376,40.213],[26.255,40.082],[26.141,40.045],[26.214,40.161],[26.223,40.224],[26.195,40.303],[26.458,40.435],[26.556,40.498],[26.455,40.584],[26.418,40.578],[26.124,40.603],[26.021,40.669],[25.993,40.852],[25.301,40.896],[25.046,40.952],[25.019,41.017],[24.812,40.933],[24.701,40.878],[24.519,40.873],[24.505,40.984],[24.354,40.971]]}},{"type":"Feature","properties":{"NAME":"Ottoman Empire","ABBREVN":"Ottoman Empi","SUBJECTO":"Ottoman Empire","BORDERPRECISION":3,"PARTOF":"Ottoman Empire"},"geometry":{"type":"LineString","coordinates":[[24.69,35.092],[24.324,35.208],[24.013,35.21],[23.786,35.263],[23.568,35.255],[23.513,35.276],[23.467,35.318],[23.529,35.57],[23.671,35.572],[23.665,35.667],[23.697,35.698],[23.734,35.627],[23.743,35.562],[23.879,35.552],[23.957,35.528],[24.039,35.562],[24.033,35.598],[24.082,35.612],[24.153,35.564],[24.136,35.522],[24.091,35.52],[24.073,35.496],[24.178,35.47],[24.22,35.449],[24.23,35.391],[24.388,35.373],[24.769,35.428],[24.997,35.421],[25.014,35.362],[25.512,35.295],[25.673,35.349],[25.714,35.327],[25.668,35.187],[25.742,35.137],[25.789,35.137],[25.935,35.213],[26.064,35.239],[26.099,35.216],[26.169,35.247],[26.274,35.313],[26.236,35.229],[26.243,35.145],[26.16,35.024],[25.899,35.045],[25.742,35.009],[25.591,35.016],[24.693,34.94],[24.716,35.035],[24.69,35.092]]}},{"type":"Feature","properties":{"NAME":"Ottoman Empire","ABBREVN":"Ottoman Empi","SUBJECTO":"Ottoman Empire","BORDERPRECISION":3,"PARTOF":"Ottoman Empire"},"geometry":{"type":"LineString","coordinates":[[35.526,34],[35.532,34.119],[35.716,34.312],[35.821,34.344],[35.873,34.422],[35.852,34.493],[35.751,34.747],[35.809,35.014],[35.841,35.043],[35.796,35.271],[35.607,35.418],[35.664,35.459],[35.68,35.528],[35.733,35.585],[35.691,35.685],[35.74,35.69],[35.856,35.835],[35.719,36.092],[35.665,36.134],[35.709,36.212],[35.817,36.301],[36.095,36.482],[36.105,36.561],[36.082,36.622],[35.957,36.747],[35.891,36.771],[35.672,36.606],[35.568,36.587],[35.506,36.559],[35.548,36.54],[35.495,36.443],[35.417,36.433],[35.389,36.454],[35.354,36.414],[35.221,36.388],[35.071,36.488],[34.87,36.577],[34.662,36.648],[34.485,36.627],[34.103,36.38],[33.952,36.252],[33.954,36.16],[33.891,36.139],[33.836,36.107],[33.834,36.071],[33.753,36.147],[33.482,36.054],[33.171,35.971],[32.904,35.977],[32.64,36.008],[32.335,36.128],[31.902,36.497],[31.371,36.712],[30.905,36.794],[30.594,36.762],[30.54,36.647],[30.473,36.188],[30.395,36.118],[30.28,36.118],[30.166,36.188],[29.662,36.078],[29.472,36.091],[29.298,36.173],[29.002,36.695],[28.814,36.535],[28.47,36.738],[28.267,36.712],[28.014,36.527],[27.912,36.699],[27.942,36.756],[28.051,36.833],[27.999,36.909],[27.308,36.921],[27.269,37.042],[27.526,37.131],[27.493,37.24],[27.365,37.329],[27.16,37.36],[27.123,37.494],[27.141,37.647],[27.18,37.774],[27.14,37.889],[26.961,37.946],[26.679,38.105],[26.512,38.066],[26.393,38.104],[26.392,38.219],[26.469,38.445],[26.527,38.418],[26.742,38.278],[26.997,38.4],[26.82,38.527],[26.829,38.583],[26.696,38.641],[26.709,38.699],[26.966,38.77],[27.035,38.821],[27.004,38.885],[26.937,38.925],[26.785,38.94],[26.79,39.024],[26.871,39.056],[26.797,39.13],[26.708,39.182],[26.704,39.25],[26.602,39.256],[26.72,39.337],[26.854,39.461],[26.926,39.477],[26.958,39.548],[26.804,39.567],[26.139,39.44],[26.064,39.456],[26.085,39.604],[26.142,39.661],[26.128,39.879],[26.186,39.997],[26.32,39.992],[26.403,40.176],[26.482,40.187],[26.765,40.377],[26.996,40.372],[27.056,40.43],[27.272,40.451],[27.329,40.356],[27.45,40.31],[27.526,40.297],[27.764,40.287],[27.83,40.345],[27.8,40.403],[27.679,40.461],[27.808,40.504],[27.954,40.488],[28.006,40.451],[27.908,40.351],[28.478,40.395],[28.756,40.376],[29.052,40.335],[29.122,40.414],[29.084,40.456],[28.873,40.472],[28.778,40.525],[28.902,40.62],[29.525,40.688],[29.713,40.694],[29.883,40.746],[29.683,40.752],[29.32,40.741],[29.29,40.807],[29.015,40.979],[29.161,41.216],[29.578,41.153],[30.138,41.132],[30.256,41.185],[30.745,41.04],[31.218,41.054],[31.404,41.164],[31.386,41.285],[31.666,41.395],[32.419,41.749],[32.688,41.846],[33.155,41.95],[33.556,41.983],[33.897,41.951],[34.304,41.894],[34.663,41.876],[35.002,42.043],[35.099,41.806],[35.286,41.671],[35.411,41.627],[35.678,41.621],[35.958,41.686],[36.161,41.353],[36.383,41.238],[36.641,41.315],[36.817,41.29],[37.253,41.028],[37.822,41.01],[38.314,40.921],[38.651,40.922],[39.139,41.044],[39.37,41.064],[39.663,41],[40.007,40.956],[40.361,40.963],[40.61,41.028],[41.293,41.286],[41.484,41.437],[42.029,41.4],[42.25,41.369],[42.352,41.402],[42.694,41.564],[42.878,41.546],[43.475,41.087],[43.847,40.75],[43.859,40.66],[43.67,40.295],[43.685,40.109],[43.812,40.014],[44.448,39.96],[44.67,39.757],[44.637,39.662],[44.453,39.673],[44.349,39.609],[44.345,39.414],[44.082,39.295],[44.065,39.173],[44.183,38.872],[44.128,38.703],[44.229,38.482],[44.269,38.429],[44.318,38.476],[44.447,38.385],[44.464,38.292],[44.361,38.166],[44.205,37.867],[44.301,37.804],[44.492,37.754],[44.427,37.644],[44.471,37.455],[44.66,37.286],[44.784,37.27],[44.795,37.132],[45.105,36.503],[45.359,36.015],[45.388,35.926],[45.73,35.832],[46.211,35.784],[46.001,35.515],[45.995,35.401],[46.184,35.058],[45.671,34.617],[45.565,34.274],[45.523,34],[40.42,34],[40.029,34.391],[39.342,34.597],[38.036,34.597],[37.559,34],[35.526,34]]}},{"type":"Feature","properties":{"NAME":"Spain","ABBREVN":"Spain","SUBJECTO":"Spain","BORDERPRECISION":3,"PARTOF":"Spain"},"geometry":{"type":"LineString","coordinates":[[-8.86,42.015],[-8.799,42.195],[-8.644,42.42],[-8.942,42.824],[-9.173,42.856],[-9.247,42.901],[-9.271,43.049],[-9.197,43.158],[-9.014,43.281],[-8.849,43.326],[-8.31,43.353],[-8.251,43.43],[-8.22,43.617],[-7.98,43.74],[-7.636,43.721],[-7.151,43.555],[-6.808,43.523],[-6.468,43.563],[-5.98,43.705],[-5.82,43.706],[-5.537,43.577],[-5.225,43.507],[-4.802,43.469],[-3.848,43.439],[-3.417,43.376],[-3.196,43.447],[-3.007,43.55],[-2.768,43.538],[-2.367,43.326],[-2.066,43.333],[-1.915,43.305],[-1.702,43.196],[-1.491,43.21],[-1.466,43.155],[-1.558,43.045],[-1.515,42.998],[-1.448,42.984],[-1.397,43.032],[-0.907,42.881],[-0.84,42.909],[-0.612,42.731],[-0.587,42.765],[-0.469,42.751],[-0.41,42.786],[-0.216,42.717],[-0.166,42.649],[0.18,42.663],[0.196,42.608],[0.348,42.635],[0.592,42.628],[0.584,42.772],[0.744,42.772],[1.307,42.635],[1.349,42.539],[1.364,42.41],[1.448,42.375],[1.709,42.423],[1.86,42.382],[1.876,42.314],[1.994,42.307],[2.171,42.382],[2.363,42.293],[2.582,42.287],[2.599,42.348],[2.937,42.41],[3.087,42.369],[3.086,42.121],[3.157,42.076],[3.129,41.857],[2.628,41.62],[2.201,41.446],[2.081,41.298],[1.311,41.157],[0.879,41.022],[0.734,40.875],[0.71,40.785],[0.827,40.727],[0.788,40.657],[0.505,40.593],[0.238,40.24],[-0.161,39.886],[-0.395,39.434],[-0.236,39.062],[-0.166,38.954],[0.126,38.821],[0.173,38.738],[-0.435,38.43],[-0.564,38.215],[-0.665,38.177],[-0.872,37.76],[-0.803,37.615],[-0.918,37.57],[-1.365,37.548],[-1.626,37.439],[-1.817,37.292],[-1.94,36.952],[-2.239,36.728],[-2.355,36.824],[-2.624,36.811],[-2.761,36.69],[-2.915,36.69],[-2.97,36.741],[-4.447,36.722],[-4.757,36.486],[-5.217,36.41],[-5.374,36.237],[-5.387,36.11],[-5.424,36.072],[-5.457,36.167],[-5.488,36.174],[-5.485,36.065],[-5.661,36.008],[-5.85,36.072],[-6.204,36.282],[-6.305,36.454],[-6.289,36.572],[-6.444,36.623],[-6.5,36.719],[-6.422,36.792],[-6.632,37.022],[-6.948,37.149],[-7.228,37.226],[-7.492,37.208],[-7.351,37.644],[-7.243,37.811],[-6.845,38.1],[-7.028,38.24],[-7.394,38.295],[-7.317,38.5],[-7.089,38.795],[-6.933,38.961],[-7.211,39.298],[-7.431,39.521],[-7.301,39.579],[-7.084,39.599],[-6.878,39.702],[-6.859,39.792],[-6.884,40.214],[-6.825,40.657],[-6.857,40.862],[-6.834,41.061],[-6.797,41.093],[-6.241,41.32],[-6.112,41.417],[-6.139,41.526],[-6.518,41.749],[-6.586,41.858],[-6.709,41.96],[-6.86,41.985],[-7.098,41.868],[-7.919,41.889],[-8.157,42.087],[-8.405,42.002],[-8.806,41.889],[-8.86,42.015]]}},{"type":"Feature","properties":{"NAME":"Austrian Netherlands","ABBREVN":"Belgium","SUBJECTO":"Austria","BORDERPRECISION":3,"PARTOF":"Austrian Netherlands"},"geometry":{"type":"LineString","coordinates":[[2.522,51.091],[2.995,51.313],[3.214,51.354],[3.472,51.314],[3.681,51.321],[3.775,51.388],[3.99,51.344],[4.173,51.325],[4.407,51.34],[4.395,51.411],[4.671,51.405],[4.791,51.487],[4.932,51.378],[5.01,51.433],[5.113,51.405],[5.244,51.237],[5.484,51.286],[5.824,51.117],[5.774,50.926],[5.697,50.883],[5.697,50.731],[6,50.742],[6.155,50.662],[6.281,50.498],[6.298,50.287],[6.109,50.117],[6.007,50.15],[5.834,50.047],[5.738,49.902],[5.745,49.755],[5.884,49.664],[5.824,49.507],[5.788,49.559],[5.475,49.48],[5.418,49.583],[5.098,49.761],[4.86,49.782],[4.877,49.885],[4.812,49.966],[4.865,50.134],[4.755,50.101],[4.668,49.96],[4.467,49.945],[4.285,49.911],[4.156,49.966],[4.188,50.055],[4.148,50.134],[4.22,50.242],[4.051,50.318],[3.791,50.34],[3.675,50.334],[3.603,50.47],[3.37,50.465],[3.283,50.524],[3.192,50.731],[3.123,50.807],[2.875,50.682],[2.755,50.739],[2.616,50.89],[2.522,51.091]]}},{"type":"Feature","properties":{"NAME":"Portugal","ABBREVN":"Portugal","SUBJECTO":"Portugal","BORDERPRECISION":3,"PARTOF":"Portugal"},"geometry":{"type":"LineString","coordinates":[[-7.492,37.208],[-7.603,37.163],[-7.836,37.032],[-8.034,37.009],[-8.28,37.089],[-8.541,37.089],[-8.667,37.121],[-8.991,36.99],[-9.017,37.07],[-8.842,37.525],[-8.851,37.91],[-8.933,37.962],[-8.823,38.206],[-8.847,38.385],[-8.789,38.436],[-8.854,38.5],[-9.237,38.417],[-9.285,38.619],[-9.069,38.643],[-8.942,38.742],[-8.961,38.818],[-9.041,38.92],[-9.176,38.732],[-9.362,38.671],[-9.522,38.69],[-9.549,38.775],[-9.46,38.953],[-9.398,39.23],[-9.415,39.367],[-9.299,39.418],[-9.118,39.644],[-8.916,40.138],[-8.97,40.19],[-8.694,40.992],[-8.852,41.408],[-8.855,41.597],[-8.921,41.767],[-8.806,41.889],[-8.405,42.002],[-8.157,42.087],[-7.919,41.889],[-7.098,41.868],[-6.86,41.985],[-6.709,41.96],[-6.586,41.858],[-6.518,41.749],[-6.139,41.526],[-6.112,41.417],[-6.241,41.32],[-6.797,41.093],[-6.834,41.061],[-6.857,40.862],[-6.825,40.657],[-6.884,40.214],[-6.859,39.792],[-6.878,39.702],[-7.084,39.599],[-7.301,39.579],[-7.431,39.521],[-7.211,39.298],[-6.933,38.961],[-7.089,38.795],[-7.317,38.5],[-7.394,38.295],[-7.028,38.24],[-6.845,38.1],[-7.243,37.811],[-7.351,37.644],[-7.492,37.208]]}},{"type":"Feature","properties":{"NAME":"Netherlands","ABBREVN":"Netherlands","SUBJECTO":"Netherlands","BORDERPRECISION":3,"PARTOF":"Netherlands"},"geometry":{"type":"LineString","coordinates":[[6.446,51.835],[6.381,51.82],[6.211,51.88],[6.133,51.838],[5.979,51.804],[5.948,51.722],[6.117,51.64],[6.154,51.521],[6.222,51.389],[6.089,51.198],[6.176,51.144],[5.964,51.024],[5.928,50.981],[6.01,50.964],[6.074,50.867],[6,50.742],[5.697,50.731],[5.697,50.883],[5.774,50.926],[5.824,51.117],[5.484,51.286],[5.244,51.237],[5.113,51.405],[5.01,51.433],[4.932,51.378],[4.791,51.487],[4.671,51.405],[4.395,51.411],[4.407,51.34],[4.173,51.325],[3.99,51.344],[3.775,51.388],[3.743,51.46],[3.52,51.579],[3.878,51.792],[4.264,52.071],[4.387,52.23],[4.641,52.756],[4.719,52.802],[5.008,52.856],[5.173,52.743],[5.235,52.623],[5.108,52.532],[5.006,52.557],[5.036,52.334],[4.95,52.278],[5.473,52.177],[5.574,52.283],[5.757,52.334],[5.817,52.521],[5.611,52.532],[5.556,52.587],[5.547,52.679],[5.653,52.75],[5.326,52.79],[5.358,52.938],[5.343,52.996],[5.332,53.011],[5.39,53.139],[5.966,53.335],[6.261,53.322],[6.751,53.39],[6.861,53.266],[7.009,53.245],[7.043,53.164],[7.16,53.164]]}},{"type":"Feature","properties":{"NAME":"Netherlands","ABBREVN":"Netherlands","SUBJECTO":"Netherlands","BORDERPRECISION":3,"PARTOF":"Netherlands"},"geometry":{"type":"LineString","coordinates":[[6.795,51.942],[6.712,51.903]]}},{"type":"Feature","properties":{"NAME":"Netherlands","ABBREVN":"Netherlands","SUBJECTO":"Netherlands","BORDERPRECISION":3,"PARTOF":"Netherlands"},"geometry":{"type":"LineString","coordinates":[[6.832,51.976],[6.828,51.964]]}},{"type":"Feature","properties":{"NAME":"Netherlands","ABBREVN":"Netherlands","SUBJECTO":"Netherlands","BORDERPRECISION":3,"PARTOF":"Netherlands"},"geometry":{"type":"LineString","coordinates":[[7.068,52.228],[7.068,52.219],[6.993,52.182]]}},{"type":"Feature","properties":{"NAME":"Netherlands","ABBREVN":"Netherlands","SUBJECTO":"Netherlands","BORDERPRECISION":3,"PARTOF":"Netherlands"},"geometry":{"type":"LineString","coordinates":[[7.07,52.789],[7.035,52.624],[6.778,52.64],[6.727,52.558],[6.714,52.476],[6.912,52.416],[6.997,52.443],[7.069,52.366],[7.068,52.241]]}},{"type":"Feature","properties":{"NAME":"Netherlands","ABBREVN":"Netherlands","SUBJECTO":"Netherlands","BORDERPRECISION":3,"PARTOF":"Netherlands"},"geometry":{"type":"LineString","coordinates":[[7.16,53.164],[7.215,53.004]]}},{"type":"Feature","properties":{"NAME":"Kingdom of the Two Sicilies","ABBREVN":"Sicily","SUBJECTO":"Kingdom of the Two Sicilies","BORDERPRECISION":3,"PARTOF":"Kingdom of the Two Sicilies"},"geometry":{"type":"LineString","coordinates":[[14.076,42.634],[14.093,42.61],[14.405,42.353],[14.519,42.23],[14.72,42.142],[14.739,42.047],[14.922,41.972],[15.449,41.857],[16.013,41.904],[16.187,41.841],[16.198,41.746],[15.989,41.635],[15.873,41.502],[15.991,41.406],[16.42,41.279],[16.946,41.094],[17.319,40.929],[18.034,40.597],[18.06,40.514],[18.384,40.308],[18.523,40.094],[18.365,39.747],[18.16,39.873],[18.017,39.948],[17.968,40.167],[17.85,40.243],[17.619,40.288],[17.402,40.292],[17.204,40.398],[17.243,40.496],[17.084,40.525],[16.949,40.481],[16.844,40.363],[16.728,40.184],[16.604,40.09],[16.624,39.968],[16.535,39.832],[16.532,39.698],[17.149,39.422],[17.107,39.28],[17.121,39.086],[17.181,39.022],[17.095,38.915],[16.798,38.926],[16.613,38.827],[16.522,38.725],[16.572,38.457],[16.331,38.321],[16.053,37.931],[15.785,37.91],[15.71,37.941],[15.627,38.004],[15.627,38.233],[15.791,38.296],[15.933,38.54],[15.827,38.623],[15.99,38.735],[16.152,38.701],[16.212,38.778],[16.177,38.931],[16.083,39.012],[15.99,39.428],[15.825,39.661],[15.757,39.934],[15.666,40.092],[15.516,40.066],[15.432,39.989],[15.027,40.212],[14.899,40.241],[14.992,40.372],[14.951,40.551],[14.743,40.705],[14.334,40.594],[14.35,40.643],[14.495,40.73],[14.37,40.851],[14.24,40.853],[14.051,40.768],[13.942,40.998],[13.853,41.091],[13.797,41.193],[13.761,41.207],[13.813,41.318],[13.979,41.335],[14.029,41.401],[13.963,41.468],[13.963,41.518],[13.929,41.634],[13.88,41.634],[13.88,41.667],[13.929,41.75],[13.863,41.783],[13.863,41.75],[13.647,41.8],[13.647,41.75],[13.597,41.8],[13.564,41.866],[13.631,41.933],[13.631,42.016],[13.581,42.049],[13.581,42.099],[13.415,42.198],[13.465,42.232],[13.415,42.364],[13.548,42.431],[13.631,42.53],[13.714,42.398],[13.763,42.464],[13.83,42.481],[13.83,42.564],[13.929,42.53],[13.996,42.613],[14.076,42.634]]}},{"type":"Feature","properties":{"NAME":"Kingdom of the Two Sicilies","ABBREVN":"Sicily","SUBJECTO":"Kingdom of the Two Sicilies","BORDERPRECISION":3,"PARTOF":"Kingdom of the Two Sicilies"},"geometry":{"type":"LineString","coordinates":[[14.942,36.739],[14.622,36.776],[14.216,37.049],[13.868,37.157],[13.012,37.525],[12.637,37.582],[12.532,37.639],[12.454,37.766],[12.517,37.919],[12.664,38.072],[12.783,38.117],[13.066,38.067],[13.322,38.221],[13.628,38.03],[13.81,37.966],[14.134,37.973],[14.766,38.058],[15.387,38.206],[15.454,38.167],[15.473,38.11],[15.423,38.053],[15.181,37.682],[15.112,37.459],[15.116,37.287],[15.301,37.058],[15.221,37],[15.027,36.745],[14.942,36.739]]}},{"type":"Feature","properties":{"NAME":"Hohenzollern","ABBREVN":"Hohenzollern","SUBJECTO":"Hohenzollern","BORDERPRECISION":3,"PARTOF":"Hohenzollern"},"geometry":{"type":"LineString","coordinates":[[8.594,47.889],[8.512,48.112],[8.512,48.141],[8.291,48.281],[8.291,48.352],[8.522,48.292],[8.612,48.231],[8.682,47.97],[8.594,47.889]]}},{"type":"Feature","properties":{"NAME":"Waldeck","ABBREVN":"Waldeck","SUBJECTO":"Waldeck","BORDERPRECISION":3,"PARTOF":"Waldeck"},"geometry":{"type":"LineString","coordinates":[[8.674,51.068],[8.674,51.068]]}},{"type":"Feature","properties":{"NAME":"Waldeck","ABBREVN":"Waldeck","SUBJECTO":"Waldeck","BORDERPRECISION":3,"PARTOF":"Waldeck"},"geometry":{"type":"LineString","coordinates":[[8.614,51.329],[8.648,51.329],[8.7,51.298],[8.741,51.298],[8.751,51.329],[8.72,51.349],[8.708,51.372]]}},{"type":"Feature","properties":{"NAME":"Waldeck","ABBREVN":"Waldeck","SUBJECTO":"Waldeck","BORDERPRECISION":3,"PARTOF":"Waldeck"},"geometry":{"type":"LineString","coordinates":[[8.71,51.04],[8.711,51.04]]}},{"type":"Feature","properties":{"NAME":"Waldeck","ABBREVN":"Waldeck","SUBJECTO":"Waldeck","BORDERPRECISION":3,"PARTOF":"Waldeck"},"geometry":{"type":"LineString","coordinates":[[8.714,51.009],[8.714,51.009]]}},{"type":"Feature","properties":{"NAME":"Waldeck","ABBREVN":"Waldeck","SUBJECTO":"Waldeck","BORDERPRECISION":3,"PARTOF":"Waldeck"},"geometry":{"type":"LineString","coordinates":[[8.723,51.461],[8.771,51.493],[8.821,51.462]]}},{"type":"Feature","properties":{"NAME":"Waldeck","ABBREVN":"Waldeck","SUBJECTO":"Waldeck","BORDERPRECISION":3,"PARTOF":"Waldeck"},"geometry":{"type":"LineString","coordinates":[[8.844,51.383],[8.833,51.308],[8.864,51.257],[8.868,51.148]]}},{"type":"Feature","properties":{"NAME":"Lippe-Detmold","ABBREVN":"Lippe","SUBJECTO":"Lippe-Detmold","BORDERPRECISION":3,"PARTOF":"Lippe-Detmold"},"geometry":{"type":"LineString","coordinates":[[8.833,52.16],[8.833,52.057],[8.864,52.057],[8.936,51.996],[8.956,51.801],[8.946,51.708],[8.987,51.729],[9.048,51.688],[9.079,51.708],[9.12,51.79],[9.192,51.801],[9.213,51.739],[9.161,51.729],[9.182,51.688],[9.173,51.625],[9.002,51.667],[8.869,51.657],[8.848,51.749],[8.818,51.719],[8.777,51.749],[8.777,51.739],[8.735,51.749],[8.684,51.708],[8.643,51.76],[8.592,51.76],[8.582,51.862],[8.541,51.914],[8.489,51.893],[8.51,51.944],[8.499,52.037],[8.561,52.098],[8.643,52.057],[8.725,52.098],[8.715,52.17],[8.766,52.191],[8.833,52.16]]}},{"type":"Feature","properties":{"NAME":"Brunswick","ABBREVN":"Brunswick","SUBJECTO":"Brunswick","BORDERPRECISION":3,"PARTOF":"Brunswick"},"geometry":{"type":"LineString","coordinates":[[9.543,51.638],[9.492,51.642]]}},{"type":"Feature","properties":{"NAME":"Brunswick","ABBREVN":"Brunswick","SUBJECTO":"Brunswick","BORDERPRECISION":3,"PARTOF":"Brunswick"},"geometry":{"type":"LineString","coordinates":[[9.606,51.633],[9.551,51.637]]}},{"type":"Feature","properties":{"NAME":"Brunswick","ABBREVN":"Brunswick","SUBJECTO":"Brunswick","BORDERPRECISION":3,"PARTOF":"Brunswick"},"geometry":{"type":"LineString","coordinates":[[9.823,51.554],[9.784,51.56],[9.725,51.623],[9.629,51.631]]}},{"type":"Feature","properties":{"NAME":"Brunswick","ABBREVN":"Brunswick","SUBJECTO":"Brunswick","BORDERPRECISION":3,"PARTOF":"Brunswick"},"geometry":{"type":"LineString","coordinates":[[9.934,51.605],[9.915,51.637],[9.905,51.616],[9.864,51.616],[9.854,51.554],[9.823,51.554]]}},{"type":"Feature","properties":{"NAME":"Brunswick","ABBREVN":"Brunswick","SUBJECTO":"Brunswick","BORDERPRECISION":3,"PARTOF":"Brunswick"},"geometry":{"type":"LineString","coordinates":[[9.987,51.587],[9.987,51.565],[9.95,51.583]]}},{"type":"Feature","properties":{"NAME":"Brunswick","ABBREVN":"Brunswick","SUBJECTO":"Brunswick","BORDERPRECISION":3,"PARTOF":"Brunswick"},"geometry":{"type":"LineString","coordinates":[[10.12,51.632],[10.08,51.626],[10.08,51.637],[10.049,51.647],[10.028,51.647],[10.018,51.657],[9.987,51.657],[9.96,51.621]]}},{"type":"Feature","properties":{"NAME":"Brunswick","ABBREVN":"Brunswick","SUBJECTO":"Brunswick","BORDERPRECISION":3,"PARTOF":"Brunswick"},"geometry":{"type":"LineString","coordinates":[[9.357,51.601],[9.325,51.589],[9.325,51.58],[9.161,51.544],[9.182,51.688],[9.161,51.729],[9.213,51.739],[9.192,51.801],[9.243,51.806],[9.243,51.883],[9.287,51.905],[9.309,51.828],[9.298,51.74],[9.397,51.729],[9.43,51.773],[9.474,51.751],[9.463,51.696],[9.584,51.674],[9.727,51.718],[9.771,51.784],[9.826,51.806],[9.925,51.674],[10.035,51.696],[10.068,51.718],[10.123,51.718],[10.123,51.707],[10.167,51.707],[10.211,51.663],[10.18,51.65]]}},{"type":"Feature","properties":{"NAME":"Brunswick","ABBREVN":"Brunswick","SUBJECTO":"Brunswick","BORDERPRECISION":3,"PARTOF":"Brunswick"},"geometry":{"type":"LineString","coordinates":[[10.184,51.462],[10.173,51.467]]}},{"type":"Feature","properties":{"NAME":"Brunswick","ABBREVN":"Brunswick","SUBJECTO":"Brunswick","BORDERPRECISION":3,"PARTOF":"Brunswick"},"geometry":{"type":"LineString","coordinates":[[10.474,51.501],[10.47,51.489],[10.466,51.49]]}},{"type":"Feature","properties":{"NAME":"Brunswick","ABBREVN":"Brunswick","SUBJECTO":"Brunswick","BORDERPRECISION":3,"PARTOF":"Brunswick"},"geometry":{"type":"LineString","coordinates":[[10.284,51.577],[10.325,51.575],[10.352,51.612],[10.389,51.591],[10.427,51.612],[10.416,51.655],[10.454,51.677],[10.475,51.65],[10.518,51.677],[10.571,51.623],[10.529,51.602],[10.55,51.575],[10.491,51.554],[10.486,51.504],[10.478,51.506]]}},{"type":"Feature","properties":{"NAME":"Anhalt","ABBREVN":"Anhalt","SUBJECTO":"Anhalt","BORDERPRECISION":3,"PARTOF":"Anhalt"},"geometry":{"type":"LineString","coordinates":[[10.47,51.489],[10.474,51.501]]}},{"type":"Feature","properties":{"NAME":"Anhalt","ABBREVN":"Anhalt","SUBJECTO":"Anhalt","BORDERPRECISION":3,"PARTOF":"Anhalt"},"geometry":{"type":"LineString","coordinates":[[10.897,51.534],[10.872,51.517],[10.879,51.47],[10.765,51.444],[10.537,51.504],[10.51,51.477],[10.47,51.489]]}},{"type":"Feature","properties":{"NAME":"Anhalt","ABBREVN":"Anhalt","SUBJECTO":"Anhalt","BORDERPRECISION":3,"PARTOF":"Anhalt"},"geometry":{"type":"LineString","coordinates":[[10.478,51.506],[10.486,51.504],[10.491,51.554],[10.55,51.575],[10.598,51.564],[10.691,51.618],[10.832,51.611],[10.872,51.651],[10.892,51.638],[10.946,51.632]]}},{"type":"Feature","properties":{"NAME":"Lübeck","ABBREVN":"Lübeck","SUBJECTO":"Lübeck","BORDERPRECISION":3,"PARTOF":"Lübeck"},"geometry":{"type":"LineString","coordinates":[[10.8,53.704],[10.723,53.611],[10.662,53.685],[10.799,53.806]]}},{"type":"Feature","properties":{"NAME":"Oldenburg","ABBREVN":"Oldenburg","SUBJECTO":"Oldenburg","BORDERPRECISION":3,"PARTOF":"Oldenburg"},"geometry":{"type":"LineString","coordinates":[[10.799,53.806],[10.662,53.685],[10.558,53.776],[10.584,53.853],[10.545,54.021],[10.584,54.125],[10.649,54.06],[10.701,53.918],[10.771,53.931]]}},{"type":"Feature","properties":{"NAME":"Oldenburg","ABBREVN":"Oldenburg","SUBJECTO":"Oldenburg","BORDERPRECISION":3,"PARTOF":"Oldenburg"},"geometry":{"type":"LineString","coordinates":[[10.771,53.931],[10.831,53.894]]}},{"type":"Feature","properties":{"NAME":"Hanover","ABBREVN":"Hanover","SUBJECTO":"Hanover","BORDERPRECISION":3,"PARTOF":"Hanover"},"geometry":{"type":"LineString","coordinates":[[9.351,51.598],[9.357,51.6]]}},{"type":"Feature","properties":{"NAME":"Hanover","ABBREVN":"Hanover","SUBJECTO":"Hanover","BORDERPRECISION":3,"PARTOF":"Hanover"},"geometry":{"type":"LineString","coordinates":[[9.358,51.579],[9.351,51.598]]}},{"type":"Feature","properties":{"NAME":"Hanover","ABBREVN":"Hanover","SUBJECTO":"Hanover","BORDERPRECISION":3,"PARTOF":"Hanover"},"geometry":{"type":"LineString","coordinates":[[9.492,51.642],[9.543,51.638]]}},{"type":"Feature","properties":{"NAME":"Hanover","ABBREVN":"Hanover","SUBJECTO":"Hanover","BORDERPRECISION":3,"PARTOF":"Hanover"},"geometry":{"type":"LineString","coordinates":[[9.551,51.637],[9.606,51.633]]}},{"type":"Feature","properties":{"NAME":"Hanover","ABBREVN":"Hanover","SUBJECTO":"Hanover","BORDERPRECISION":3,"PARTOF":"Hanover"},"geometry":{"type":"LineString","coordinates":[[9.72,51.343],[9.657,51.312]]}},{"type":"Feature","properties":{"NAME":"Hanover","ABBREVN":"Hanover","SUBJECTO":"Hanover","BORDERPRECISION":3,"PARTOF":"Hanover"},"geometry":{"type":"LineString","coordinates":[[9.862,51.373],[9.86,51.373]]}},{"type":"Feature","properties":{"NAME":"Hanover","ABBREVN":"Hanover","SUBJECTO":"Hanover","BORDERPRECISION":3,"PARTOF":"Hanover"},"geometry":{"type":"LineString","coordinates":[[9.629,51.631],[9.725,51.623],[9.784,51.56],[9.854,51.554],[9.864,51.616],[9.905,51.616],[9.915,51.637],[9.934,51.605]]}},{"type":"Feature","properties":{"NAME":"Hanover","ABBREVN":"Hanover","SUBJECTO":"Hanover","BORDERPRECISION":3,"PARTOF":"Hanover"},"geometry":{"type":"LineString","coordinates":[[9.95,51.583],[9.987,51.565],[9.987,51.587]]}},{"type":"Feature","properties":{"NAME":"Hanover","ABBREVN":"Hanover","SUBJECTO":"Hanover","BORDERPRECISION":3,"PARTOF":"Hanover"},"geometry":{"type":"LineString","coordinates":[[10.026,51.46],[9.977,51.442],[9.977,51.401],[9.926,51.394]]}},{"type":"Feature","properties":{"NAME":"Hanover","ABBREVN":"Hanover","SUBJECTO":"Hanover","BORDERPRECISION":3,"PARTOF":"Hanover"},"geometry":{"type":"LineString","coordinates":[[10.105,51.454],[10.1,51.452],[10.096,51.465]]}},{"type":"Feature","properties":{"NAME":"Hanover","ABBREVN":"Hanover","SUBJECTO":"Hanover","BORDERPRECISION":3,"PARTOF":"Hanover"},"geometry":{"type":"LineString","coordinates":[[9.96,51.621],[9.987,51.657],[10.018,51.657],[10.028,51.647],[10.08,51.637],[10.08,51.626],[10.12,51.632]]}},{"type":"Feature","properties":{"NAME":"Hanover","ABBREVN":"Hanover","SUBJECTO":"Hanover","BORDERPRECISION":3,"PARTOF":"Hanover"},"geometry":{"type":"LineString","coordinates":[[10.155,51.47],[10.153,51.469]]}},{"type":"Feature","properties":{"NAME":"Bremen","ABBREVN":"Bremen","SUBJECTO":"Bremen","BORDERPRECISION":3,"PARTOF":"Bremen"},"geometry":{"type":"LineString","coordinates":[[8.558,53.158],[8.62,53.168],[8.744,53.085],[8.66,53.027],[8.576,53.077],[8.558,53.158]]}},{"type":"Feature","properties":{"NAME":"Cuxhaven","ABBREVN":"Cuxhaven","SUBJECTO":"Cuxhaven","BORDERPRECISION":3,"PARTOF":"Cuxhaven"},"geometry":{"type":"LineString","coordinates":[[8.516,53.761],[8.54,53.801],[8.586,53.793],[8.562,53.745],[8.516,53.761]]}},{"type":"Feature","properties":{"NAME":"Holstein","ABBREVN":"Holstein","SUBJECTO":"Holstein","BORDERPRECISION":3,"PARTOF":"Holstein"},"geometry":{"type":"LineString","coordinates":[[9.125,53.79],[8.857,53.867],[8.819,53.969],[8.946,54.015],[8.833,54.066],[8.779,54.132],[8.853,54.168],[8.884,54.229],[8.962,54.276],[9.056,54.349],[9.136,54.298],[9.165,54.32],[9.216,54.29],[9.26,54.305],[9.296,54.247],[9.441,54.247],[9.449,54.189],[9.674,54.189],[9.739,54.276],[9.827,54.276],[9.885,54.254],[10.142,54.337],[10.213,54.372],[10.34,54.362],[10.446,54.292],[10.649,54.259],[11.039,54.313],[11.073,54.22],[11.016,54.097],[10.717,53.964],[10.771,53.931],[10.701,53.918],[10.649,54.06],[10.584,54.125],[10.545,54.021],[10.577,53.885],[10.357,53.76],[10.357,53.614],[10.125,53.593],[10.074,53.658],[9.943,53.6],[9.79,53.694],[9.79,53.593],[9.752,53.503],[9.376,53.571],[9.125,53.79]]}},{"type":"Feature","properties":{"NAME":"Hamburg","ABBREVN":"Hamburg","SUBJECTO":"Hamburg","BORDERPRECISION":3,"PARTOF":"Hamburg"},"geometry":{"type":"LineString","coordinates":[[9.943,53.6],[10.008,53.513],[10.074,53.513],[10.117,53.476],[10.052,53.484],[10.023,53.455],[9.752,53.503],[9.79,53.593],[9.79,53.694],[9.943,53.6]]}},{"type":"Feature","properties":{"NAME":"Anhalt","ABBREVN":"Anhalt","SUBJECTO":"Anhalt","BORDERPRECISION":3,"PARTOF":"Anhalt"},"geometry":{"type":"LineString","coordinates":[[11.347,51.653],[11.245,51.658],[11.195,51.62]]}},{"type":"Feature","properties":{"NAME":"Anhalt","ABBREVN":"Anhalt","SUBJECTO":"Anhalt","BORDERPRECISION":3,"PARTOF":"Anhalt"},"geometry":{"type":"LineString","coordinates":[[11.119,51.601],[11.067,51.747],[11.167,51.803],[11.182,51.777],[11.256,51.796],[11.282,51.762],[11.39,51.77],[11.416,51.833],[11.498,51.829],[11.588,51.918],[11.677,51.918],[11.703,51.945],[11.688,51.952],[11.761,52.025]]}},{"type":"Feature","properties":{"NAME":"Anhalt","ABBREVN":"Anhalt","SUBJECTO":"Anhalt","BORDERPRECISION":3,"PARTOF":"Anhalt"},"geometry":{"type":"LineString","coordinates":[[11.967,51.627],[11.967,51.627]]}},{"type":"Feature","properties":{"NAME":"Anhalt","ABBREVN":"Anhalt","SUBJECTO":"Anhalt","BORDERPRECISION":3,"PARTOF":"Anhalt"},"geometry":{"type":"LineString","coordinates":[[11.907,52.082],[11.934,52.093],[11.993,52.086],[11.982,52.026],[11.994,52.007]]}},{"type":"Feature","properties":{"NAME":"Anhalt","ABBREVN":"Anhalt","SUBJECTO":"Anhalt","BORDERPRECISION":3,"PARTOF":"Anhalt"},"geometry":{"type":"LineString","coordinates":[[11.986,51.596],[11.934,51.598],[11.885,51.636],[11.867,51.636],[11.885,51.617],[11.803,51.565],[11.692,51.587],[11.662,51.565],[11.625,51.61],[11.514,51.612]]}},{"type":"Feature","properties":{"NAME":"Anhalt","ABBREVN":"Anhalt","SUBJECTO":"Anhalt","BORDERPRECISION":3,"PARTOF":"Anhalt"},"geometry":{"type":"LineString","coordinates":[[12.029,51.976],[12.06,51.989],[12.09,51.985],[12.083,51.959],[12.123,51.896],[12.164,51.892],[12.161,51.84],[12.097,51.781],[12.094,51.744],[12.068,51.755],[11.986,51.74],[11.986,51.648]]}},{"type":"Feature","properties":{"NAME":"Schaumburg-Lippe","ABBREVN":"Westphalia","SUBJECTO":"Schaumburg-Lippe","BORDERPRECISION":3,"PARTOF":"Schaumburg-Lippe"},"geometry":{"type":"LineString","coordinates":[[8.787,52.365],[8.859,52.386],[8.905,52.355],[8.833,52.273],[8.864,52.221],[8.85,52.195],[8.77,52.242],[8.763,52.302],[8.787,52.365]]}},{"type":"Feature","properties":{"NAME":"Prussia","ABBREVN":"Prussia","SUBJECTO":"Prussia","BORDERPRECISION":3,"PARTOF":"Prussia"},"geometry":{"type":"LineString","coordinates":[[6.712,51.903],[6.795,51.942]]}},{"type":"Feature","properties":{"NAME":"Prussia","ABBREVN":"Prussia","SUBJECTO":"Prussia","BORDERPRECISION":3,"PARTOF":"Prussia"},"geometry":{"type":"LineString","coordinates":[[6.828,51.964],[6.832,51.976]]}},{"type":"Feature","properties":{"NAME":"Prussia","ABBREVN":"Prussia","SUBJECTO":"Prussia","BORDERPRECISION":3,"PARTOF":"Prussia"},"geometry":{"type":"LineString","coordinates":[[7.013,49.633],[7.068,49.542],[7.022,49.426],[6.884,49.426],[6.954,49.202],[6.777,49.177],[6.626,49.302],[6.433,49.445],[6.399,49.604],[6.511,49.669],[6.531,49.798],[6.321,49.842],[6.137,49.982],[6.109,50.117],[6.298,50.287],[6.281,50.498],[6.155,50.662],[6,50.742],[6.074,50.867],[6.01,50.964],[5.928,50.981],[5.964,51.024],[6.176,51.144],[6.089,51.198],[6.222,51.389],[6.154,51.521],[6.117,51.64],[5.948,51.722],[5.979,51.804],[6.133,51.838],[6.211,51.88],[6.381,51.82],[6.446,51.835]]}},{"type":"Feature","properties":{"NAME":"Prussia","ABBREVN":"Prussia","SUBJECTO":"Prussia","BORDERPRECISION":3,"PARTOF":"Prussia"},"geometry":{"type":"LineString","coordinates":[[6.993,52.182],[7.068,52.219],[7.068,52.228]]}},{"type":"Feature","properties":{"NAME":"Prussia","ABBREVN":"Prussia","SUBJECTO":"Prussia","BORDERPRECISION":3,"PARTOF":"Prussia"},"geometry":{"type":"LineString","coordinates":[[7.068,52.241],[7.068,52.273],[7.117,52.256]]}},{"type":"Feature","properties":{"NAME":"Prussia","ABBREVN":"Prussia","SUBJECTO":"Prussia","BORDERPRECISION":3,"PARTOF":"Prussia"},"geometry":{"type":"LineString","coordinates":[[7.233,49.793],[7.091,49.711]]}},{"type":"Feature","properties":{"NAME":"Prussia","ABBREVN":"Prussia","SUBJECTO":"Prussia","BORDERPRECISION":3,"PARTOF":"Prussia"},"geometry":{"type":"LineString","coordinates":[[7.284,49.823],[7.236,49.795]]}},{"type":"Feature","properties":{"NAME":"Prussia","ABBREVN":"Prussia","SUBJECTO":"Prussia","BORDERPRECISION":3,"PARTOF":"Prussia"},"geometry":{"type":"LineString","coordinates":[[7.294,52.264],[7.307,52.271]]}},{"type":"Feature","properties":{"NAME":"Prussia","ABBREVN":"Prussia","SUBJECTO":"Prussia","BORDERPRECISION":3,"PARTOF":"Prussia"},"geometry":{"type":"LineString","coordinates":[[7.397,49.889],[7.306,49.836]]}},{"type":"Feature","properties":{"NAME":"Prussia","ABBREVN":"Prussia","SUBJECTO":"Prussia","BORDERPRECISION":3,"PARTOF":"Prussia"},"geometry":{"type":"LineString","coordinates":[[7.683,50.288],[7.683,50.288]]}},{"type":"Feature","properties":{"NAME":"Prussia","ABBREVN":"Prussia","SUBJECTO":"Prussia","BORDERPRECISION":3,"PARTOF":"Prussia"},"geometry":{"type":"LineString","coordinates":[[8.169,50.797],[8.125,50.836],[8.022,50.703],[8.043,50.6],[8.002,50.59],[7.971,50.641],[7.92,50.6],[7.899,50.641],[7.858,50.641],[7.838,50.682],[7.786,50.703],[7.735,50.662],[7.704,50.58],[7.725,50.549],[7.704,50.508],[7.674,50.518],[7.663,50.467],[7.715,50.446],[7.745,50.354],[7.663,50.344],[7.676,50.309]]}},{"type":"Feature","properties":{"NAME":"Prussia","ABBREVN":"Prussia","SUBJECTO":"Prussia","BORDERPRECISION":3,"PARTOF":"Prussia"},"geometry":{"type":"LineString","coordinates":[[7.7,50.241],[7.717,50.197]]}},{"type":"Feature","properties":{"NAME":"Prussia","ABBREVN":"Prussia","SUBJECTO":"Prussia","BORDERPRECISION":3,"PARTOF":"Prussia"},"geometry":{"type":"LineString","coordinates":[[7.734,50.136],[7.645,49.98],[7.553,49.98],[7.492,49.944]]}},{"type":"Feature","properties":{"NAME":"Prussia","ABBREVN":"Prussia","SUBJECTO":"Prussia","BORDERPRECISION":3,"PARTOF":"Prussia"},"geometry":{"type":"LineString","coordinates":[[7.468,52.361],[7.514,52.386],[7.525,52.488],[7.638,52.488],[7.648,52.447],[7.73,52.416],[7.792,52.447],[7.863,52.345],[7.843,52.334],[7.843,52.232],[7.915,52.211],[7.874,52.139],[7.802,52.139],[7.802,52.1]]}},{"type":"Feature","properties":{"NAME":"Prussia","ABBREVN":"Prussia","SUBJECTO":"Prussia","BORDERPRECISION":3,"PARTOF":"Prussia"},"geometry":{"type":"LineString","coordinates":[[7.873,52.088],[7.874,52.088],[7.874,52.088]]}},{"type":"Feature","properties":{"NAME":"Prussia","ABBREVN":"Prussia","SUBJECTO":"Prussia","BORDERPRECISION":3,"PARTOF":"Prussia"},"geometry":{"type":"LineString","coordinates":[[8.514,51.04],[8.464,51.011],[8.423,51.041],[8.34,51.011],[8.34,50.959],[8.258,50.867],[8.169,50.797]]}},{"type":"Feature","properties":{"NAME":"Prussia","ABBREVN":"Prussia","SUBJECTO":"Prussia","BORDERPRECISION":3,"PARTOF":"Prussia"},"geometry":{"type":"LineString","coordinates":[[8.52,51.067],[8.515,51.062],[8.515,51.053]]}},{"type":"Feature","properties":{"NAME":"Prussia","ABBREVN":"Prussia","SUBJECTO":"Prussia","BORDERPRECISION":3,"PARTOF":"Prussia"},"geometry":{"type":"LineString","coordinates":[[8.708,51.372],[8.72,51.349],[8.751,51.329],[8.741,51.298],[8.7,51.298],[8.648,51.329],[8.614,51.329]]}},{"type":"Feature","properties":{"NAME":"Prussia","ABBREVN":"Prussia","SUBJECTO":"Prussia","BORDERPRECISION":3,"PARTOF":"Prussia"},"geometry":{"type":"LineString","coordinates":[[8.821,51.462],[8.771,51.493],[8.723,51.461]]}},{"type":"Feature","properties":{"NAME":"Prussia","ABBREVN":"Prussia","SUBJECTO":"Prussia","BORDERPRECISION":3,"PARTOF":"Prussia"},"geometry":{"type":"LineString","coordinates":[[9.079,51.411],[9.079,51.411],[8.977,51.38],[8.987,51.318],[8.864,51.257],[8.833,51.308],[8.844,51.383]]}},{"type":"Feature","properties":{"NAME":"Prussia","ABBREVN":"Prussia","SUBJECTO":"Prussia","BORDERPRECISION":3,"PARTOF":"Prussia"},"geometry":{"type":"LineString","coordinates":[[8.083,52.027],[8.181,52.057],[8.243,52.129],[8.315,52.098],[8.376,52.15],[8.417,52.119],[8.448,52.16],[8.417,52.18],[8.428,52.232],[8.469,52.273],[8.469,52.314],[8.407,52.375],[8.417,52.447],[8.469,52.468],[8.53,52.457],[8.53,52.478],[8.561,52.478],[8.561,52.468],[8.643,52.488],[8.694,52.447],[8.684,52.355],[8.735,52.375],[8.787,52.365],[8.763,52.302],[8.77,52.242],[8.85,52.195],[8.833,52.16],[8.766,52.191],[8.715,52.17],[8.725,52.098],[8.643,52.057],[8.561,52.098],[8.499,52.037],[8.51,51.944],[8.489,51.893],[8.541,51.914],[8.582,51.862],[8.592,51.76],[8.643,51.76],[8.684,51.708],[8.735,51.749],[8.777,51.739],[8.777,51.749],[8.818,51.719],[8.848,51.749],[8.869,51.657],[9.002,51.667],[9.173,51.625],[9.161,51.544],[9.213,51.534],[9.202,51.493],[9.141,51.483],[9.111,51.448]]}},{"type":"Feature","properties":{"NAME":"Algiers","ABBREVN":"Algiers","SUBJECTO":"Algiers","BORDERPRECISION":3,"PARTOF":"Algiers"},"geometry":{"type":"LineString","coordinates":[[-1.669,34],[-1.664,34.205],[-1.738,34.605],[-1.823,34.7],[-2.077,34.826],[-2.193,35.054],[-2.035,35.055],[-1.738,35.119],[-1.495,35.234],[-1.329,35.489],[-1.147,35.629],[-0.917,35.668],[-0.429,35.86],[-0.283,35.758],[-0.092,35.74],[0.015,35.804],[0.199,36.033],[0.474,36.225],[0.781,36.385],[1.058,36.462],[1.58,36.514],[2.294,36.541],[2.524,36.573],[2.81,36.714],[3.07,36.619],[3.324,36.651],[3.587,36.792],[3.741,36.837],[4.164,36.831],[4.395,36.838],[4.632,36.794],[4.777,36.743],[5.144,36.668],[5.383,36.675],[5.73,36.752],[6.047,36.842],[6.323,37.091],[6.771,36.862],[6.923,36.818],[7.063,36.882],[7.307,37.061],[7.545,37.042],[7.719,36.953],[7.792,36.832],[7.913,36.775],[8.637,36.885],[8.631,36.803],[8.324,36.521],[8.272,36.323],[8.277,35.679],[8.289,35.278],[8.313,35.011],[8.291,34.77],[8.218,34.585],[7.581,34.041],[7.572,34],[-1.669,34]]}},{"type":"Feature","properties":{"NAME":"Tunis","ABBREVN":"Tunis","SUBJECTO":"Tunis","BORDERPRECISION":3,"PARTOF":"Tunis"},"geometry":{"type":"LineString","coordinates":[[7.572,34],[7.581,34.041],[8.218,34.585],[8.291,34.77],[8.313,35.011],[8.289,35.278],[8.277,35.679],[8.272,36.323],[8.324,36.521],[8.631,36.803],[8.637,36.885],[8.866,36.968],[9.15,37.173],[9.416,37.275],[9.732,37.282],[10.021,37.2],[10.133,37.105],[10.159,36.996],[10.272,36.755],[10.393,36.717],[10.581,36.793],[10.843,36.991],[11.024,37.068],[11.039,36.909],[10.92,36.654],[10.633,36.424],[10.509,36.214],[10.511,36.086],[10.603,35.889],[10.831,35.679],[10.989,35.622],[11.125,35.241],[11.083,35.145],[10.839,34.801],[10.574,34.648],[10.116,34.234],[10.019,34.081],[10.071,34],[7.572,34]]}},{"type":"Feature","properties":{"NAME":null,"ABBREVN":null,"SUBJECTO":null,"BORDERPRECISION":3,"PARTOF":null},"geometry":{"type":"LineString","coordinates":[[37.559,34],[38.036,34.597],[39.342,34.597],[40.029,34.391],[40.42,34],[37.559,34]]}},{"type":"Feature","properties":{"NAME":"Morocco","ABBREVN":"Morocco","SUBJECTO":"Morocco","BORDERPRECISION":3,"PARTOF":"Morocco"},"geometry":{"type":"LineString","coordinates":[[-2.193,35.054],[-2.077,34.826],[-1.823,34.7],[-1.738,34.605],[-1.664,34.205],[-1.669,34],[-6.878,34],[-6.753,34.123],[-6.511,34.454],[-6.302,34.861],[-5.929,35.728],[-5.808,35.785],[-5.565,35.862],[-5.479,35.805],[-5.172,35.424],[-5.11,35.379],[-4.593,35.151],[-4.295,35.152],[-4.028,35.133],[-3.441,35.166],[-3.206,35.269],[-3.009,35.39],[-2.83,35.142],[-2.715,35.098],[-2.356,35.054],[-2.193,35.054]]}},{"type":"Feature","properties":{"NAME":"Venetia","ABBREVN":"Venetia","SUBJECTO":"Venetia","BORDERPRECISION":3,"PARTOF":"Venetia"},"geometry":{"type":"LineString","coordinates":[[13.8,45.566],[13.673,45.715],[13.565,45.727],[13.438,45.638],[13.368,45.694],[13.156,45.727],[13.105,45.582],[12.899,45.558],[12.448,45.394],[12.483,45.462],[12.28,45.402],[12.251,45.29],[12.18,45.27],[12.176,45.214],[12.313,45.178],[12.322,45.042],[12.409,44.989],[12.523,44.883],[12.476,44.787],[12.378,44.732],[12.136,45.104],[12.037,45.137],[12.053,45.021],[11.97,45.038],[11.887,45.087],[11.771,45.071],[11.605,44.905],[11.24,45.071],[10.856,45.051],[10.824,45.353],[10.675,45.353],[10.642,45.469],[10.66,45.807],[10.795,45.638],[10.93,45.84],[11.166,45.739],[11.233,46.009],[11.335,46.009],[11.571,45.975],[11.571,46.245],[11.908,46.414],[11.74,46.752],[12.075,46.928],[12.218,46.884],[12.362,46.709],[12.952,46.597],[13.354,46.561],[13.569,46.51],[13.621,46.421],[13.344,46.285],[13.389,46.216],[13.522,46.216],[13.606,46.132],[13.441,46.004],[13.592,45.964],[13.535,45.801],[13.697,45.752],[13.825,45.663],[13.8,45.566]]}},{"type":"Feature","properties":{"NAME":"Parma","ABBREVN":"Parma","SUBJECTO":"Parma","BORDERPRECISION":3,"PARTOF":"Parma"},"geometry":{"type":"LineString","coordinates":[[9.254,44.689],[9.23,44.772],[9.131,44.789],[9.131,45.121],[9.662,45.22],[10.293,45.021],[10.393,45.026],[10.276,44.905],[10.36,44.689],[10.243,44.49],[10.193,44.49],[10.127,44.357],[9.978,44.407],[9.895,44.556],[9.745,44.606],[9.596,44.573],[9.572,44.437]]}},{"type":"Feature","properties":{"NAME":"Parma","ABBREVN":"Parma","SUBJECTO":"Parma","BORDERPRECISION":3,"PARTOF":"Parma"},"geometry":{"type":"LineString","coordinates":[[9.572,44.437],[9.479,44.473],[9.471,44.47]]}},{"type":"Feature","properties":{"NAME":"Papal States","ABBREVN":"Papal States","SUBJECTO":"Papal States","BORDERPRECISION":3,"PARTOF":"Papal States"},"geometry":{"type":"LineString","coordinates":[[12.378,44.732],[12.274,44.673],[12.281,44.55],[12.345,44.301],[12.697,43.935],[13.601,43.535],[13.732,43.374],[13.792,43.123],[13.915,42.873],[14.076,42.634],[13.996,42.613],[13.929,42.53],[13.83,42.564],[13.83,42.481],[13.763,42.464],[13.714,42.398],[13.631,42.53],[13.548,42.431],[13.415,42.364],[13.465,42.232],[13.415,42.198],[13.581,42.099],[13.581,42.049],[13.631,42.016],[13.631,41.933],[13.564,41.866],[13.597,41.8],[13.647,41.75],[13.647,41.8],[13.863,41.75],[13.863,41.783],[13.929,41.75],[13.88,41.667],[13.88,41.634],[13.929,41.634],[13.963,41.518],[13.963,41.468],[14.029,41.401],[13.979,41.335],[13.813,41.318],[13.761,41.207],[13.498,41.302],[13.271,41.314],[12.977,41.371],[12.642,41.531],[12.395,41.73],[11.963,42.005],[12.02,42.099],[12.003,42.248],[12.07,42.298],[12.053,42.53],[12.169,42.63],[12.153,42.696],[12.186,42.912],[12.169,42.912],[12.153,43.062],[12.219,43.228],[12.302,43.278],[12.302,43.344],[12.219,43.344],[12.12,43.477],[12.103,43.61],[12.12,43.743],[12.219,43.892],[12.169,43.892],[12.086,43.842],[12.037,43.925],[12.053,44.108],[12.086,44.174],[12.02,44.174],[11.937,44.091],[11.887,44.257],[11.904,44.324],[11.854,44.357],[11.804,44.34],[11.738,44.357],[11.688,44.257],[11.704,44.224],[11.555,44.191],[11.572,44.224],[11.455,44.274],[11.289,44.224],[11.323,44.158],[11.202,44.143],[11.14,44.34],[11.289,44.373],[11.289,44.456],[11.173,44.606],[11.256,44.789],[11.339,44.855],[11.17,45.067],[11.24,45.071],[11.605,44.905],[11.771,45.071],[11.887,45.087],[11.97,45.038],[12.053,45.021],[12.037,45.137],[12.136,45.104],[12.378,44.732]]}},{"type":"Feature","properties":{"NAME":"Pontremoli","ABBREVN":"Pontremoli","SUBJECTO":"Pontremoli","BORDERPRECISION":3,"PARTOF":"Pontremoli"},"geometry":{"type":"LineString","coordinates":[[9.589,44.43],[9.572,44.437],[9.596,44.573],[9.745,44.606],[9.895,44.556],[9.978,44.407],[9.954,44.333],[9.892,44.343],[9.878,44.29]]}},{"type":"Feature","properties":{"NAME":"Pontremoli","ABBREVN":"Pontremoli","SUBJECTO":"Pontremoli","BORDERPRECISION":3,"PARTOF":"Pontremoli"},"geometry":{"type":"LineString","coordinates":[[9.878,44.29],[9.828,44.29],[9.778,44.357],[9.659,44.403]]}},{"type":"Feature","properties":{"NAME":"Fivizzano","ABBREVN":"Fivizzano","SUBJECTO":"Fivizzano","BORDERPRECISION":3,"PARTOF":"Fivizzano"},"geometry":{"type":"LineString","coordinates":[[10.056,44.38],[10.127,44.357],[10.172,44.312],[10.141,44.219],[10.037,44.292],[10.056,44.38]]}},{"type":"Feature","properties":{"NAME":"Lucca","ABBREVN":"Lucca","SUBJECTO":"Lucca","BORDERPRECISION":3,"PARTOF":"Lucca"},"geometry":{"type":"LineString","coordinates":[[10.338,43.596],[10.292,43.705],[10.261,43.745],[10.326,43.892],[10.36,43.859],[10.509,44.091],[10.542,44.091],[10.592,44.141],[10.692,44.091],[10.73,43.981],[10.689,43.867],[10.751,43.63],[10.596,43.578],[10.503,43.609],[10.338,43.596]]}},{"type":"Feature","properties":{"NAME":"Tuscany","ABBREVN":"Tuscany","SUBJECTO":"Tuscany","BORDERPRECISION":3,"PARTOF":"Tuscany"},"geometry":{"type":"LineString","coordinates":[[11.96,42.007],[11.497,42.376],[11.105,42.549],[10.743,42.851],[10.488,43.236],[10.338,43.596],[10.503,43.609],[10.596,43.578],[10.751,43.63],[10.689,43.867],[10.73,43.981],[10.692,44.091],[10.708,44.174],[10.824,44.207],[10.957,44.158],[11.057,44.158],[11.057,44.124],[11.323,44.158],[11.289,44.224],[11.455,44.274],[11.572,44.224],[11.555,44.191],[11.704,44.224],[11.688,44.257],[11.738,44.357],[11.804,44.34],[11.854,44.357],[11.904,44.324],[11.887,44.257],[11.937,44.091],[12.02,44.174],[12.086,44.174],[12.053,44.108],[12.037,43.925],[12.086,43.842],[12.169,43.892],[12.219,43.892],[12.12,43.743],[12.103,43.61],[12.12,43.477],[12.219,43.344],[12.302,43.344],[12.302,43.278],[12.219,43.228],[12.153,43.062],[12.169,42.912],[12.186,42.912],[12.153,42.696],[12.169,42.63],[12.053,42.53],[12.07,42.298],[12.003,42.248],[12.02,42.099],[11.96,42.007]]}},{"type":"Feature","properties":{"NAME":"Modena","ABBREVN":"Modena","SUBJECTO":"Modena","BORDERPRECISION":3,"PARTOF":"Modena"},"geometry":{"type":"LineString","coordinates":[[9.841,44.197],[9.892,44.343],[9.954,44.333],[9.978,44.407],[10.056,44.38],[10.037,44.292],[10.141,44.219],[10.172,44.312],[10.127,44.357],[10.193,44.49],[10.243,44.49],[10.36,44.689],[10.276,44.905],[10.393,45.026],[11.17,45.067],[11.339,44.855],[11.256,44.789],[11.173,44.606],[11.289,44.456],[11.289,44.373],[11.14,44.34],[11.202,44.143]]}},{"type":"Feature","properties":{"NAME":"Modena","ABBREVN":"Modena","SUBJECTO":"Modena","BORDERPRECISION":3,"PARTOF":"Modena"},"geometry":{"type":"LineString","coordinates":[[11.202,44.143],[11.057,44.124],[11.057,44.158],[10.957,44.158],[10.824,44.207],[10.708,44.174],[10.692,44.091],[10.592,44.141],[10.542,44.091],[10.509,44.091],[10.41,43.937],[10.286,43.981],[10.155,43.881],[10.005,44.021]]}},{"type":"Feature","properties":{"NAME":"Massa","ABBREVN":"Massa","SUBJECTO":"Massa","BORDERPRECISION":3,"PARTOF":"Massa"},"geometry":{"type":"LineString","coordinates":[[10.41,43.937],[10.36,43.859],[10.326,43.892],[10.261,43.745],[10.155,43.881],[10.286,43.981],[10.41,43.937]]}},{"type":"Feature","properties":{"NAME":"Afghanistan","ABBREVN":"Afghanistan","SUBJECTO":"Afghanistan","BORDERPRECISION":3,"PARTOF":"Afghanistan"},"geometry":{"type":"LineString","coordinates":[[57.314,36.829],[60,38.889],[60,34.259],[58.126,36.444],[57.314,36.829]]}},{"type":"Feature","properties":{"NAME":"Oldenburg","ABBREVN":"Oldenburg","SUBJECTO":"Oldenburg","BORDERPRECISION":3,"PARTOF":"Oldenburg"},"geometry":{"type":"LineString","coordinates":[[8.017,52.533],[8.02,52.547],[7.978,52.568],[7.937,52.63],[7.896,52.63],[7.885,52.671],[7.772,52.651],[7.761,52.63],[7.689,52.63],[7.667,52.695]]}},{"type":"Feature","properties":{"NAME":"Oldenburg","ABBREVN":"Oldenburg","SUBJECTO":"Oldenburg","BORDERPRECISION":3,"PARTOF":"Oldenburg"},"geometry":{"type":"LineString","coordinates":[[8.32,52.392],[8.237,52.371],[8.103,52.423],[7.999,52.444],[8.016,52.529]]}},{"type":"Feature","properties":{"NAME":"Oldenburg","ABBREVN":"Oldenburg","SUBJECTO":"Oldenburg","BORDERPRECISION":3,"PARTOF":"Oldenburg"},"geometry":{"type":"LineString","coordinates":[[7.799,53.174],[7.834,53.209],[7.834,53.24],[7.865,53.271],[7.906,53.271],[7.947,53.282],[7.947,53.344],[7.896,53.385],[7.854,53.396],[7.875,53.437],[7.906,53.447],[7.875,53.634],[7.969,53.638],[8.099,53.444],[8.029,53.373],[8.175,53.322],[8.242,53.352],[8.261,53.439],[8.189,53.531],[8.306,53.525],[8.502,53.449],[8.537,53.478],[8.506,53.385],[8.454,53.416],[8.434,53.396],[8.475,53.375],[8.465,53.333],[8.434,53.333],[8.423,53.261],[8.558,53.158],[8.576,53.077],[8.66,53.027],[8.641,53.013],[8.327,53.053],[8.369,52.981],[8.327,52.981],[8.241,53.038],[8.141,53.024],[8.255,52.938],[8.263,52.874]]}},{"type":"Feature","properties":{"NAME":"Oldenburg","ABBREVN":"Oldenburg","SUBJECTO":"Oldenburg","BORDERPRECISION":3,"PARTOF":"Oldenburg"},"geometry":{"type":"LineString","coordinates":[[8.331,52.539],[8.32,52.392]]}},{"type":"Feature","properties":{"NAME":"Oldenburg","ABBREVN":"Oldenburg","SUBJECTO":"Oldenburg","BORDERPRECISION":3,"PARTOF":"Oldenburg"},"geometry":{"type":"LineString","coordinates":[[8.309,52.669],[8.341,52.671],[8.334,52.574]]}},{"type":"Feature","properties":{"NAME":"Mecklenburg-Strelitz","ABBREVN":"Mecklenburg","SUBJECTO":"Mecklenburg-Strelitz","BORDERPRECISION":3,"PARTOF":"Mecklenburg-Strelitz"},"geometry":{"type":"LineString","coordinates":[[7.117,52.256],[7.068,52.273],[7.069,52.366],[6.997,52.443],[6.912,52.416],[6.714,52.476],[6.727,52.558],[6.778,52.64],[7.035,52.624],[7.07,52.789]]}},{"type":"Feature","properties":{"NAME":"Mecklenburg-Strelitz","ABBREVN":"Mecklenburg","SUBJECTO":"Mecklenburg-Strelitz","BORDERPRECISION":3,"PARTOF":"Mecklenburg-Strelitz"},"geometry":{"type":"LineString","coordinates":[[7.307,52.271],[7.294,52.264]]}},{"type":"Feature","properties":{"NAME":"Mecklenburg-Strelitz","ABBREVN":"Mecklenburg","SUBJECTO":"Mecklenburg-Strelitz","BORDERPRECISION":3,"PARTOF":"Mecklenburg-Strelitz"},"geometry":{"type":"LineString","coordinates":[[7.215,53.004],[7.16,53.164],[7.19,53.23],[6.981,53.317],[7.037,53.51],[7.166,53.592],[7.875,53.634],[7.906,53.447],[7.875,53.437],[7.854,53.396],[7.896,53.385],[7.947,53.344],[7.947,53.282],[7.906,53.271],[7.865,53.271],[7.834,53.24],[7.834,53.209],[7.799,53.174]]}},{"type":"Feature","properties":{"NAME":"Mecklenburg-Strelitz","ABBREVN":"Mecklenburg","SUBJECTO":"Mecklenburg-Strelitz","BORDERPRECISION":3,"PARTOF":"Mecklenburg-Strelitz"},"geometry":{"type":"LineString","coordinates":[[7.802,52.1],[7.802,52.139],[7.874,52.139],[7.915,52.211],[7.843,52.232],[7.843,52.334],[7.863,52.345],[7.792,52.447],[7.73,52.416],[7.648,52.447],[7.638,52.488],[7.525,52.488],[7.514,52.386],[7.468,52.361]]}},{"type":"Feature","properties":{"NAME":"Mecklenburg-Strelitz","ABBREVN":"Mecklenburg","SUBJECTO":"Mecklenburg-Strelitz","BORDERPRECISION":3,"PARTOF":"Mecklenburg-Strelitz"},"geometry":{"type":"LineString","coordinates":[[7.874,52.088],[7.874,52.088],[7.873,52.088]]}},{"type":"Feature","properties":{"NAME":"Mecklenburg-Strelitz","ABBREVN":"Mecklenburg","SUBJECTO":"Mecklenburg-Strelitz","BORDERPRECISION":3,"PARTOF":"Mecklenburg-Strelitz"},"geometry":{"type":"LineString","coordinates":[[7.667,52.695],[7.689,52.63],[7.761,52.63],[7.772,52.651],[7.885,52.671],[7.896,52.63],[7.937,52.63],[7.978,52.568],[8.02,52.547],[8.017,52.533]]}},{"type":"Feature","properties":{"NAME":"Mecklenburg-Strelitz","ABBREVN":"Mecklenburg","SUBJECTO":"Mecklenburg-Strelitz","BORDERPRECISION":3,"PARTOF":"Mecklenburg-Strelitz"},"geometry":{"type":"LineString","coordinates":[[8.016,52.529],[7.999,52.444],[8.103,52.423],[8.237,52.371],[8.32,52.392],[8.331,52.539]]}},{"type":"Feature","properties":{"NAME":"Mecklenburg-Strelitz","ABBREVN":"Mecklenburg","SUBJECTO":"Mecklenburg-Strelitz","BORDERPRECISION":3,"PARTOF":"Mecklenburg-Strelitz"},"geometry":{"type":"LineString","coordinates":[[8.334,52.574],[8.341,52.671],[8.309,52.669]]}},{"type":"Feature","properties":{"NAME":"Mecklenburg-Strelitz","ABBREVN":"Mecklenburg","SUBJECTO":"Mecklenburg-Strelitz","BORDERPRECISION":3,"PARTOF":"Mecklenburg-Strelitz"},"geometry":{"type":"LineString","coordinates":[[10.761,52.806],[10.704,52.82],[10.687,52.77],[10.553,52.804],[10.528,52.737],[10.536,52.46],[10.57,52.46],[10.57,52.443],[10.528,52.443],[10.503,52.351],[10.553,52.293],[10.553,52.276],[10.578,52.243],[10.578,52.176],[10.553,52.167],[10.578,52.092],[10.528,52.008],[10.511,51.882],[10.486,51.882],[10.486,51.824],[10.453,51.857],[10.369,51.824],[10.377,51.799],[10.335,51.774],[10.327,51.799],[10.344,51.807],[10.319,51.832],[10.294,51.815],[10.26,51.857],[10.193,51.765],[10.211,51.663],[10.167,51.707],[10.123,51.707],[10.123,51.718],[10.068,51.718],[10.035,51.696],[9.925,51.674],[9.826,51.806],[9.771,51.784],[9.727,51.718],[9.584,51.674],[9.463,51.696],[9.474,51.751],[9.43,51.773],[9.397,51.729],[9.298,51.74],[9.309,51.828],[9.287,51.905],[9.243,51.883],[9.243,51.806],[9.12,51.79],[9.079,51.708],[9.048,51.688],[8.987,51.729],[8.946,51.708],[8.956,51.801],[8.936,51.996],[8.864,52.057],[8.833,52.057],[8.833,52.16],[8.864,52.221],[8.833,52.273],[8.905,52.355],[8.859,52.386],[8.787,52.365],[8.735,52.375],[8.684,52.355],[8.694,52.447],[8.643,52.488],[8.561,52.468],[8.561,52.478],[8.53,52.478],[8.53,52.457],[8.469,52.468],[8.417,52.447],[8.407,52.375],[8.469,52.314],[8.469,52.273],[8.428,52.232],[8.417,52.18],[8.448,52.16],[8.417,52.119],[8.376,52.15],[8.315,52.098],[8.243,52.129],[8.181,52.057],[8.083,52.027]]}},{"type":"Feature","properties":{"NAME":"Mecklenburg-Strelitz","ABBREVN":"Mecklenburg","SUBJECTO":"Mecklenburg-Strelitz","BORDERPRECISION":3,"PARTOF":"Mecklenburg-Strelitz"},"geometry":{"type":"LineString","coordinates":[[8.263,52.874],[8.255,52.938],[8.141,53.024],[8.241,53.038],[8.327,52.981],[8.369,52.981],[8.327,53.053],[8.641,53.013],[8.744,53.085],[8.62,53.168],[8.558,53.158],[8.423,53.261],[8.434,53.333],[8.465,53.333],[8.475,53.375],[8.434,53.396],[8.454,53.416],[8.506,53.385],[8.537,53.478],[8.502,53.449],[8.429,53.612],[8.516,53.761],[8.562,53.745],[8.586,53.793],[8.848,53.75],[9.125,53.79],[9.376,53.571],[10.023,53.455],[10.052,53.484],[10.117,53.476],[10.074,53.513],[10.008,53.513],[9.943,53.6],[10.074,53.658],[10.125,53.593],[10.357,53.614],[10.357,53.76],[10.577,53.885],[10.584,53.853],[10.558,53.776],[10.662,53.685],[10.723,53.611],[10.8,53.704]]}},{"type":"Feature","properties":{"NAME":"Mecklenburg-Strelitz","ABBREVN":"Mecklenburg","SUBJECTO":"Mecklenburg-Strelitz","BORDERPRECISION":3,"PARTOF":"Mecklenburg-Strelitz"},"geometry":{"type":"LineString","coordinates":[[10.988,53.635],[10.989,53.633],[10.981,53.582]]}},{"type":"Feature","properties":{"NAME":"Mecklenburg-Strelitz","ABBREVN":"Mecklenburg","SUBJECTO":"Mecklenburg-Strelitz","BORDERPRECISION":3,"PARTOF":"Mecklenburg-Strelitz"},"geometry":{"type":"LineString","coordinates":[[10.998,53.483],[10.998,53.483]]}},{"type":"Feature","properties":{"NAME":"Mecklenburg-Strelitz","ABBREVN":"Mecklenburg","SUBJECTO":"Mecklenburg-Strelitz","BORDERPRECISION":3,"PARTOF":"Mecklenburg-Strelitz"},"geometry":{"type":"LineString","coordinates":[[11.004,53.831],[11.006,53.829]]}},{"type":"Feature","properties":{"NAME":"Mecklenburg-Strelitz","ABBREVN":"Mecklenburg","SUBJECTO":"Mecklenburg-Strelitz","BORDERPRECISION":3,"PARTOF":"Mecklenburg-Strelitz"},"geometry":{"type":"LineString","coordinates":[[11.014,53.752],[11.014,53.752]]}},{"type":"Feature","properties":{"NAME":"Mecklenburg-Strelitz","ABBREVN":"Mecklenburg","SUBJECTO":"Mecklenburg-Strelitz","BORDERPRECISION":3,"PARTOF":"Mecklenburg-Strelitz"},"geometry":{"type":"LineString","coordinates":[[10.819,53.315],[10.754,53.289],[10.846,53.231],[10.846,53.197],[10.905,53.155],[10.888,53.222],[10.938,53.239],[10.98,53.197],[10.98,53.164],[11.081,52.971],[11.158,52.906]]}},{"type":"Feature","properties":{"NAME":"Bavaria","ABBREVN":"Bavaria","SUBJECTO":"Bavaria","BORDERPRECISION":3,"PARTOF":"Bavaria"},"geometry":{"type":"LineString","coordinates":[[12.712,47.681],[12.7,47.69],[12.446,47.662],[12.358,47.724],[12.163,47.709],[12.122,47.628],[11.56,47.613],[11.503,47.536],[11.36,47.53],[11.34,47.471],[11.17,47.424],[10.903,47.415],[10.877,47.48],[10.835,47.545],[10.909,48.341],[10.92,48.787],[10.817,48.776],[10.714,48.707],[10.6,48.661],[10.531,48.833],[10.646,48.798],[10.897,48.833],[10.874,48.981],[11.103,48.97],[11.297,48.89],[11.446,48.878],[11.652,49.039],[11.64,49.29],[11.572,49.336],[11.652,49.37],[11.686,49.759],[11.96,49.793],[11.972,49.85],[11.938,49.862],[11.938,49.885],[11.88,49.885],[11.892,49.965],[11.915,49.965],[12.103,49.903],[12.214,50.009]]}},{"type":"Feature","properties":{"NAME":"Bavaria","ABBREVN":"Bavaria","SUBJECTO":"Bavaria","BORDERPRECISION":3,"PARTOF":"Bavaria"},"geometry":{"type":"LineString","coordinates":[[12.214,50.009],[12.484,49.889],[12.448,49.706],[12.52,49.668],[12.536,49.563],[12.646,49.485],[12.861,49.366],[12.945,49.398],[13.203,49.166],[13.397,49.09],[13.48,48.999],[13.578,49.037],[13.652,48.956],[13.745,48.94],[13.947,48.655],[13.64,48.538],[13.444,48.606],[13.384,48.594],[13.367,48.442],[13.294,48.365],[12.858,48.232],[12.694,48.129],[12.712,48.11]]}},{"type":"Feature","properties":{"NAME":"Bavaria","ABBREVN":"Bavaria","SUBJECTO":"Bavaria","BORDERPRECISION":3,"PARTOF":"Bavaria"},"geometry":{"type":"LineString","coordinates":[[12.857,47.753],[12.848,47.74],[12.919,47.737]]}},{"type":"Feature","properties":{"NAME":"Bavaria","ABBREVN":"Bavaria","SUBJECTO":"Bavaria","BORDERPRECISION":3,"PARTOF":"Bavaria"},"geometry":{"type":"LineString","coordinates":[[13.004,47.716],[13.023,47.662],[12.979,47.508],[12.945,47.485]]}},{"type":"Feature","properties":{"NAME":null,"ABBREVN":null,"SUBJECTO":null,"BORDERPRECISION":3,"PARTOF":null},"geometry":{"type":"LineString","coordinates":[[15.022,51.605],[14.888,51.596]]}},{"type":"Feature","properties":{"NAME":null,"ABBREVN":null,"SUBJECTO":null,"BORDERPRECISION":3,"PARTOF":null},"geometry":{"type":"LineString","coordinates":[[14.974,51.771],[14.978,51.771]]}},{"type":"Feature","properties":{"NAME":null,"ABBREVN":null,"SUBJECTO":null,"BORDERPRECISION":3,"PARTOF":null},"geometry":{"type":"LineString","coordinates":[[15.183,51.857],[15.183,51.858]]}},{"type":"Feature","properties":{"NAME":null,"ABBREVN":null,"SUBJECTO":null,"BORDERPRECISION":3,"PARTOF":null},"geometry":{"type":"LineString","coordinates":[[15.269,51.03],[15.275,51.051]]}},{"type":"Feature","properties":{"NAME":null,"ABBREVN":null,"SUBJECTO":null,"BORDERPRECISION":3,"PARTOF":null},"geometry":{"type":"LineString","coordinates":[[15.292,50.954],[15.292,50.954]]}},{"type":"Feature","properties":{"NAME":null,"ABBREVN":null,"SUBJECTO":null,"BORDERPRECISION":3,"PARTOF":null},"geometry":{"type":"LineString","coordinates":[[15.286,52.214],[15.765,52.265],[16.095,52.124],[16.506,52.004],[16.506,52.178],[16.855,51.917],[16.855,51.655],[17.204,51.611],[17.291,51.786],[17.553,51.655],[17.64,51.437],[18.14,50.988]]}},{"type":"Feature","properties":{"NAME":null,"ABBREVN":null,"SUBJECTO":null,"BORDERPRECISION":3,"PARTOF":null},"geometry":{"type":"LineString","coordinates":[[18.14,50.988],[18.646,50.645],[18.769,50.177],[18.796,49.713],[18.625,49.757],[18.54,49.85],[18.549,49.962],[18.188,50.021],[18.048,50.103],[17.882,50.03],[17.751,50.036],[17.746,50.249],[17.597,50.211],[17.679,50.338],[17.36,50.336],[17.243,50.39],[17.014,50.477],[16.886,50.488],[16.884,50.423],[17.012,50.287],[16.827,50.233],[16.728,50.149],[16.585,50.181],[16.451,50.352],[16.204,50.463],[16.305,50.558],[16.399,50.569],[16.443,50.623],[16.353,50.705],[16.238,50.716],[16.21,50.686],[16.001,50.656],[16.003,50.732],[15.877,50.716],[15.818,50.797],[15.472,50.833],[15.309,50.906],[15.305,50.918]]}},{"type":"Feature","properties":{"NAME":null,"ABBREVN":null,"SUBJECTO":null,"BORDERPRECISION":3,"PARTOF":null},"geometry":{"type":"LineString","coordinates":[[15.312,51.407],[15.26,51.613]]}},{"type":"Feature","properties":{"NAME":null,"ABBREVN":null,"SUBJECTO":null,"BORDERPRECISION":3,"PARTOF":null},"geometry":{"type":"LineString","coordinates":[[15.314,51.188],[15.323,51.219]]}},{"type":"Feature","properties":{"NAME":"Mecklenburg-Schwerin","ABBREVN":"Mecklenburg","SUBJECTO":"Mecklenburg-Schwerin","BORDERPRECISION":3,"PARTOF":"Mecklenburg-Schwerin"},"geometry":{"type":"LineString","coordinates":[[10.968,53.9],[10.972,53.9]]}},{"type":"Feature","properties":{"NAME":"Mecklenburg-Schwerin","ABBREVN":"Mecklenburg","SUBJECTO":"Mecklenburg-Schwerin","BORDERPRECISION":3,"PARTOF":"Mecklenburg-Schwerin"},"geometry":{"type":"LineString","coordinates":[[10.981,53.582],[10.989,53.633],[10.988,53.635]]}},{"type":"Feature","properties":{"NAME":"Mecklenburg-Schwerin","ABBREVN":"Mecklenburg","SUBJECTO":"Mecklenburg-Schwerin","BORDERPRECISION":3,"PARTOF":"Mecklenburg-Schwerin"},"geometry":{"type":"LineString","coordinates":[[10.998,53.483],[10.998,53.483]]}},{"type":"Feature","properties":{"NAME":"Mecklenburg-Schwerin","ABBREVN":"Mecklenburg","SUBJECTO":"Mecklenburg-Schwerin","BORDERPRECISION":3,"PARTOF":"Mecklenburg-Schwerin"},"geometry":{"type":"LineString","coordinates":[[11.006,53.829],[11.004,53.831]]}},{"type":"Feature","properties":{"NAME":"Mecklenburg-Schwerin","ABBREVN":"Mecklenburg","SUBJECTO":"Mecklenburg-Schwerin","BORDERPRECISION":3,"PARTOF":"Mecklenburg-Schwerin"},"geometry":{"type":"LineString","coordinates":[[11.014,53.752],[11.014,53.752]]}},{"type":"Feature","properties":{"NAME":"Mecklenburg-Schwerin","ABBREVN":"Mecklenburg","SUBJECTO":"Mecklenburg-Schwerin","BORDERPRECISION":3,"PARTOF":"Mecklenburg-Schwerin"},"geometry":{"type":"LineString","coordinates":[[11.291,53.086],[11.219,53.039],[11.187,53.039],[11.081,52.971],[10.98,53.164],[10.98,53.197],[10.938,53.239],[10.888,53.222],[10.905,53.155],[10.846,53.197],[10.846,53.231],[10.754,53.289],[10.819,53.315]]}},{"type":"Feature","properties":{"NAME":"Mecklenburg-Schwerin","ABBREVN":"Mecklenburg","SUBJECTO":"Mecklenburg-Schwerin","BORDERPRECISION":3,"PARTOF":"Mecklenburg-Schwerin"},"geometry":{"type":"LineString","coordinates":[[11.418,53.87],[11.481,53.941]]}},{"type":"Feature","properties":{"NAME":"Mecklenburg-Schwerin","ABBREVN":"Mecklenburg","SUBJECTO":"Mecklenburg-Schwerin","BORDERPRECISION":3,"PARTOF":"Mecklenburg-Schwerin"},"geometry":{"type":"LineString","coordinates":[[11.801,53.249],[11.8,53.25]]}},{"type":"Feature","properties":{"NAME":"Mecklenburg-Schwerin","ABBREVN":"Mecklenburg","SUBJECTO":"Mecklenburg-Schwerin","BORDERPRECISION":3,"PARTOF":"Mecklenburg-Schwerin"},"geometry":{"type":"LineString","coordinates":[[12.456,54.252],[12.463,54.255],[12.474,54.248]]}},{"type":"Feature","properties":{"NAME":"Mecklenburg-Schwerin","ABBREVN":"Mecklenburg","SUBJECTO":"Mecklenburg-Schwerin","BORDERPRECISION":3,"PARTOF":"Mecklenburg-Schwerin"},"geometry":{"type":"LineString","coordinates":[[12.586,54.171],[12.599,54.162]]}},{"type":"Feature","properties":{"NAME":"Mecklenburg-Schwerin","ABBREVN":"Mecklenburg","SUBJECTO":"Mecklenburg-Schwerin","BORDERPRECISION":3,"PARTOF":"Mecklenburg-Schwerin"},"geometry":{"type":"LineString","coordinates":[[12.781,53.719],[12.773,53.704]]}},{"type":"Feature","properties":{"NAME":"Mecklenburg-Schwerin","ABBREVN":"Mecklenburg","SUBJECTO":"Mecklenburg-Schwerin","BORDERPRECISION":3,"PARTOF":"Mecklenburg-Schwerin"},"geometry":{"type":"LineString","coordinates":[[12.821,53.788],[12.8,53.753]]}},{"type":"Feature","properties":{"NAME":"Mecklenburg-Schwerin","ABBREVN":"Mecklenburg","SUBJECTO":"Mecklenburg-Schwerin","BORDERPRECISION":3,"PARTOF":"Mecklenburg-Schwerin"},"geometry":{"type":"LineString","coordinates":[[12.774,53.701],[12.824,53.693]]}},{"type":"Feature","properties":{"NAME":"Mecklenburg-Schwerin","ABBREVN":"Mecklenburg","SUBJECTO":"Mecklenburg-Schwerin","BORDERPRECISION":3,"PARTOF":"Mecklenburg-Schwerin"},"geometry":{"type":"LineString","coordinates":[[12.742,54.077],[12.9,54.025],[12.869,53.973]]}},{"type":"Feature","properties":{"NAME":"Mecklenburg-Schwerin","ABBREVN":"Mecklenburg","SUBJECTO":"Mecklenburg-Schwerin","BORDERPRECISION":3,"PARTOF":"Mecklenburg-Schwerin"},"geometry":{"type":"LineString","coordinates":[[13.078,53.758],[13.143,53.782],[13.175,53.669],[13.123,53.631]]}},{"type":"Feature","properties":{"NAME":"Mecklenburg-Schwerin","ABBREVN":"Mecklenburg","SUBJECTO":"Mecklenburg-Schwerin","BORDERPRECISION":3,"PARTOF":"Mecklenburg-Schwerin"},"geometry":{"type":"LineString","coordinates":[[13.164,53.599],[13.164,53.599]]}},{"type":"Feature","properties":{"NAME":"Mecklenburg-Schwerin","ABBREVN":"Mecklenburg","SUBJECTO":"Mecklenburg-Schwerin","BORDERPRECISION":3,"PARTOF":"Mecklenburg-Schwerin"},"geometry":{"type":"LineString","coordinates":[[13.165,53.6],[13.165,53.6]]}},{"type":"Feature","properties":{"NAME":"Mecklenburg-Schwerin","ABBREVN":"Mecklenburg","SUBJECTO":"Mecklenburg-Schwerin","BORDERPRECISION":3,"PARTOF":"Mecklenburg-Schwerin"},"geometry":{"type":"LineString","coordinates":[[13.231,53.597],[13.232,53.596]]}},{"type":"Feature","properties":{"NAME":"Mecklenburg-Schwerin","ABBREVN":"Mecklenburg","SUBJECTO":"Mecklenburg-Schwerin","BORDERPRECISION":3,"PARTOF":"Mecklenburg-Schwerin"},"geometry":{"type":"LineString","coordinates":[[13.763,53.618],[13.806,53.604],[13.804,53.595]]}},{"type":"Feature","properties":{"NAME":"Mecklenburg-Schwerin","ABBREVN":"Mecklenburg","SUBJECTO":"Mecklenburg-Schwerin","BORDERPRECISION":3,"PARTOF":"Mecklenburg-Schwerin"},"geometry":{"type":"LineString","coordinates":[[13.798,53.571],[13.795,53.56]]}},{"type":"Feature","properties":{"NAME":"Prussia","ABBREVN":"Prussia","SUBJECTO":"Prussia","BORDERPRECISION":3,"PARTOF":"Prussia"},"geometry":{"type":"LineString","coordinates":[[10.946,51.632],[10.892,51.638],[10.872,51.651],[10.832,51.611],[10.691,51.618],[10.598,51.564],[10.55,51.575],[10.529,51.602],[10.571,51.623],[10.518,51.677],[10.535,51.722],[10.589,51.717],[10.589,51.749],[10.654,51.76],[10.665,51.728],[10.843,51.884],[10.578,52.092],[10.553,52.167],[10.578,52.176],[10.578,52.243],[10.553,52.276],[10.553,52.293],[10.503,52.351],[10.528,52.443],[10.57,52.443],[10.57,52.46],[10.536,52.46],[10.528,52.737],[10.553,52.804],[10.687,52.77],[10.704,52.82],[10.761,52.806]]}},{"type":"Feature","properties":{"NAME":"Prussia","ABBREVN":"Prussia","SUBJECTO":"Prussia","BORDERPRECISION":3,"PARTOF":"Prussia"},"geometry":{"type":"LineString","coordinates":[[11.158,52.906],[11.081,52.971],[11.187,53.039],[11.219,53.039],[11.291,53.086]]}},{"type":"Feature","properties":{"NAME":"Prussia","ABBREVN":"Prussia","SUBJECTO":"Prussia","BORDERPRECISION":3,"PARTOF":"Prussia"},"geometry":{"type":"LineString","coordinates":[[11.761,52.025],[11.688,51.952],[11.703,51.945],[11.677,51.918],[11.588,51.918],[11.498,51.829],[11.416,51.833],[11.39,51.77],[11.282,51.762],[11.256,51.796],[11.182,51.777],[11.167,51.803],[11.067,51.747],[11.119,51.601]]}},{"type":"Feature","properties":{"NAME":"Prussia","ABBREVN":"Prussia","SUBJECTO":"Prussia","BORDERPRECISION":3,"PARTOF":"Prussia"},"geometry":{"type":"LineString","coordinates":[[11.8,53.25],[11.801,53.249]]}},{"type":"Feature","properties":{"NAME":"Prussia","ABBREVN":"Prussia","SUBJECTO":"Prussia","BORDERPRECISION":3,"PARTOF":"Prussia"},"geometry":{"type":"LineString","coordinates":[[11.826,52.106],[11.828,52.098]]}},{"type":"Feature","properties":{"NAME":"Prussia","ABBREVN":"Prussia","SUBJECTO":"Prussia","BORDERPRECISION":3,"PARTOF":"Prussia"},"geometry":{"type":"LineString","coordinates":[[11.91,52.142],[11.815,52.154],[11.824,52.114]]}},{"type":"Feature","properties":{"NAME":"Prussia","ABBREVN":"Prussia","SUBJECTO":"Prussia","BORDERPRECISION":3,"PARTOF":"Prussia"},"geometry":{"type":"LineString","coordinates":[[12.111,52.135],[12.107,52.138],[12.113,52.147]]}},{"type":"Feature","properties":{"NAME":"Prussia","ABBREVN":"Prussia","SUBJECTO":"Prussia","BORDERPRECISION":3,"PARTOF":"Prussia"},"geometry":{"type":"LineString","coordinates":[[12.137,52.184],[12.139,52.187],[12.107,52.203],[11.94,52.138],[11.92,52.141]]}},{"type":"Feature","properties":{"NAME":"Prussia","ABBREVN":"Prussia","SUBJECTO":"Prussia","BORDERPRECISION":3,"PARTOF":"Prussia"},"geometry":{"type":"LineString","coordinates":[[12.334,52.065],[12.185,52.073],[12.118,52.129]]}},{"type":"Feature","properties":{"NAME":"Prussia","ABBREVN":"Prussia","SUBJECTO":"Prussia","BORDERPRECISION":3,"PARTOF":"Prussia"},"geometry":{"type":"LineString","coordinates":[[12.773,53.704],[12.781,53.719]]}},{"type":"Feature","properties":{"NAME":"Prussia","ABBREVN":"Prussia","SUBJECTO":"Prussia","BORDERPRECISION":3,"PARTOF":"Prussia"},"geometry":{"type":"LineString","coordinates":[[12.8,53.753],[12.821,53.788]]}},{"type":"Feature","properties":{"NAME":"Prussia","ABBREVN":"Prussia","SUBJECTO":"Prussia","BORDERPRECISION":3,"PARTOF":"Prussia"},"geometry":{"type":"LineString","coordinates":[[12.824,53.693],[12.774,53.701]]}},{"type":"Feature","properties":{"NAME":"Prussia","ABBREVN":"Prussia","SUBJECTO":"Prussia","BORDERPRECISION":3,"PARTOF":"Prussia"},"geometry":{"type":"LineString","coordinates":[[13.123,53.631],[13.175,53.669],[13.143,53.782],[13.078,53.758]]}},{"type":"Feature","properties":{"NAME":"Prussia","ABBREVN":"Prussia","SUBJECTO":"Prussia","BORDERPRECISION":3,"PARTOF":"Prussia"},"geometry":{"type":"LineString","coordinates":[[13.164,53.599],[13.164,53.599]]}},{"type":"Feature","properties":{"NAME":"Prussia","ABBREVN":"Prussia","SUBJECTO":"Prussia","BORDERPRECISION":3,"PARTOF":"Prussia"},"geometry":{"type":"LineString","coordinates":[[13.165,53.6],[13.165,53.6]]}},{"type":"Feature","properties":{"NAME":"Prussia","ABBREVN":"Prussia","SUBJECTO":"Prussia","BORDERPRECISION":3,"PARTOF":"Prussia"},"geometry":{"type":"LineString","coordinates":[[13.232,53.596],[13.231,53.597]]}},{"type":"Feature","properties":{"NAME":"Prussia","ABBREVN":"Prussia","SUBJECTO":"Prussia","BORDERPRECISION":3,"PARTOF":"Prussia"},"geometry":{"type":"LineString","coordinates":[[13.723,52.082],[13.723,52.082]]}},{"type":"Feature","properties":{"NAME":"Prussia","ABBREVN":"Prussia","SUBJECTO":"Prussia","BORDERPRECISION":3,"PARTOF":"Prussia"},"geometry":{"type":"LineString","coordinates":[[13.774,52.069],[13.774,52.069]]}},{"type":"Feature","properties":{"NAME":"Prussia","ABBREVN":"Prussia","SUBJECTO":"Prussia","BORDERPRECISION":3,"PARTOF":"Prussia"},"geometry":{"type":"LineString","coordinates":[[13.804,53.595],[13.806,53.604],[13.763,53.618]]}},{"type":"Feature","properties":{"NAME":"Prussia","ABBREVN":"Prussia","SUBJECTO":"Prussia","BORDERPRECISION":3,"PARTOF":"Prussia"},"geometry":{"type":"LineString","coordinates":[[13.795,53.56],[13.798,53.571]]}},{"type":"Feature","properties":{"NAME":"Prussia","ABBREVN":"Prussia","SUBJECTO":"Prussia","BORDERPRECISION":3,"PARTOF":"Prussia"},"geometry":{"type":"LineString","coordinates":[[12.901,53.928],[13.248,53.966],[13.555,53.827],[13.668,54.084],[13.738,54.03],[13.78,53.775],[13.85,53.729],[14.01,53.673],[14.177,53.683],[14.19,53.625],[14.433,53.594],[14.537,53.538],[14.495,53.625],[14.565,53.694],[14.557,53.76],[14.483,53.819],[14.467,53.91],[14.886,53.98],[15.08,54.003],[15.312,54.071],[15.898,54.128],[16.115,54.2],[16.473,54.415],[16.976,54.549],[17.658,54.685],[18.279,54.724],[18.76,54.536],[18.363,54.669],[18.338,54.603],[18.454,54.525],[18.513,54.316],[18.673,54.255],[18.965,54.228],[19.255,54.277],[19.734,54.461],[19.758,54.459],[19.318,54.272],[19.232,54.222],[19.23,54.167],[19.328,54.161],[19.457,54.217],[19.733,54.31],[20.189,54.522],[20.327,54.564],[20.194,54.575],[20.006,54.547],[19.938,54.608],[19.882,54.525],[19.833,54.531],[19.863,54.752],[19.943,54.85],[20.985,54.812],[21.137,54.845],[21.192,54.96],[21.113,55.089],[21.224,55.111],[21.143,55.256],[21.201,55.261],[21.216,55.344],[21.018,55.634],[20.996,56.024],[20.945,56.07],[21.276,55.861],[21.684,55.353],[22.584,55.009],[22.632,54.949],[22.794,54.902],[22.824,54.787],[22.724,54.733],[22.662,54.571],[22.67,54.494],[22.699,54.415],[22.74,53.95],[22.807,53.808],[21.117,53.269],[20.702,53.321],[20.477,53.131],[20.097,53.182],[20.011,53.044],[19.579,53.079],[19.492,53.165],[19.423,53.113],[19.285,53.165],[18.991,53.131],[19.221,52.934],[19.221,52.599],[18.886,52.515],[18.719,52.515],[18.467,53.157],[18.188,53.185],[18.105,52.766],[17.881,52.794],[17.714,52.934],[16.96,52.878],[16.793,52.738],[15.844,52.71],[15.816,52.571],[15.76,52.571],[15.765,52.265],[15.286,52.214]]}},{"type":"Feature","properties":{"NAME":"Prussia","ABBREVN":"Prussia","SUBJECTO":"Prussia","BORDERPRECISION":3,"PARTOF":"Prussia"},"geometry":{"type":"LineString","coordinates":[[14.07,53.918],[14.174,53.907],[14.205,53.813],[14.068,53.843],[14.029,53.865],[13.828,53.83],[13.777,53.949],[13.778,54.044],[14.07,53.918]]}},{"type":"Feature","properties":{"NAME":"Thuringia","ABBREVN":"Thuringia","SUBJECTO":"Thuringia","BORDERPRECISION":3,"PARTOF":"Thuringia"},"geometry":{"type":"LineString","coordinates":[[11.185,51.311],[11.137,51.407],[11.087,51.407],[11.07,51.441],[11.078,51.45]]}},{"type":"Feature","properties":{"NAME":"Thuringia","ABBREVN":"Thuringia","SUBJECTO":"Thuringia","BORDERPRECISION":3,"PARTOF":"Thuringia"},"geometry":{"type":"LineString","coordinates":[[11.195,51.62],[11.245,51.658],[11.347,51.653]]}},{"type":"Feature","properties":{"NAME":"Thuringia","ABBREVN":"Thuringia","SUBJECTO":"Thuringia","BORDERPRECISION":3,"PARTOF":"Thuringia"},"geometry":{"type":"LineString","coordinates":[[11.421,51.343],[11.421,51.374],[11.361,51.366]]}},{"type":"Feature","properties":{"NAME":"Thuringia","ABBREVN":"Thuringia","SUBJECTO":"Thuringia","BORDERPRECISION":3,"PARTOF":"Thuringia"},"geometry":{"type":"LineString","coordinates":[[11.445,51.607],[11.483,51.532]]}},{"type":"Feature","properties":{"NAME":"Thuringia","ABBREVN":"Thuringia","SUBJECTO":"Thuringia","BORDERPRECISION":3,"PARTOF":"Thuringia"},"geometry":{"type":"LineString","coordinates":[[10.515,51.361],[10.519,51.264],[10.427,51.236],[10.387,51.281]]}},{"type":"Feature","properties":{"NAME":"Thuringia","ABBREVN":"Thuringia","SUBJECTO":"Thuringia","BORDERPRECISION":3,"PARTOF":"Thuringia"},"geometry":{"type":"LineString","coordinates":[[10.465,51.485],[10.51,51.477],[10.514,51.375]]}},{"type":"Feature","properties":{"NAME":"Thuringia","ABBREVN":"Thuringia","SUBJECTO":"Thuringia","BORDERPRECISION":3,"PARTOF":"Thuringia"},"geometry":{"type":"LineString","coordinates":[[10.18,51.65],[10.211,51.663],[10.193,51.765],[10.26,51.857],[10.294,51.815],[10.319,51.832],[10.344,51.807],[10.327,51.799],[10.335,51.774],[10.377,51.799],[10.369,51.824],[10.453,51.857],[10.486,51.824],[10.486,51.882],[10.511,51.882],[10.528,52.008],[10.578,52.092],[10.843,51.884],[10.665,51.728],[10.654,51.76],[10.589,51.749],[10.589,51.717],[10.535,51.722],[10.518,51.677]]}},{"type":"Feature","properties":{"NAME":"Thuringia","ABBREVN":"Thuringia","SUBJECTO":"Thuringia","BORDERPRECISION":3,"PARTOF":"Thuringia"},"geometry":{"type":"LineString","coordinates":[[10.518,51.677],[10.475,51.65],[10.454,51.677],[10.416,51.655],[10.427,51.612],[10.389,51.591],[10.352,51.612],[10.325,51.575],[10.284,51.577]]}},{"type":"Feature","properties":{"NAME":"Saxony","ABBREVN":"Saxony","SUBJECTO":"Saxony","BORDERPRECISION":3,"PARTOF":"Saxony"},"geometry":{"type":"LineString","coordinates":[[10.444,51.074],[10.444,51.076]]}},{"type":"Feature","properties":{"NAME":"Saxony","ABBREVN":"Saxony","SUBJECTO":"Saxony","BORDERPRECISION":3,"PARTOF":"Saxony"},"geometry":{"type":"LineString","coordinates":[[10.533,51.062],[10.498,50.993],[10.442,51.049],[10.442,51.056]]}},{"type":"Feature","properties":{"NAME":"Saxony","ABBREVN":"Saxony","SUBJECTO":"Saxony","BORDERPRECISION":3,"PARTOF":"Saxony"},"geometry":{"type":"LineString","coordinates":[[10.448,51.137],[10.452,51.207],[10.545,51.219],[10.555,51.185]]}},{"type":"Feature","properties":{"NAME":"Saxony","ABBREVN":"Saxony","SUBJECTO":"Saxony","BORDERPRECISION":3,"PARTOF":"Saxony"},"geometry":{"type":"LineString","coordinates":[[10.64,51.177],[10.641,51.194]]}},{"type":"Feature","properties":{"NAME":"Saxony","ABBREVN":"Saxony","SUBJECTO":"Saxony","BORDERPRECISION":3,"PARTOF":"Saxony"},"geometry":{"type":"LineString","coordinates":[[10.744,51.122],[10.742,51.121]]}},{"type":"Feature","properties":{"NAME":"Saxony","ABBREVN":"Saxony","SUBJECTO":"Saxony","BORDERPRECISION":3,"PARTOF":"Saxony"},"geometry":{"type":"LineString","coordinates":[[10.642,51.214],[10.643,51.236],[10.736,51.257],[10.72,51.307],[10.636,51.357],[10.676,51.467],[10.765,51.444],[10.879,51.47],[10.872,51.517],[10.897,51.534]]}},{"type":"Feature","properties":{"NAME":"Saxony","ABBREVN":"Saxony","SUBJECTO":"Saxony","BORDERPRECISION":3,"PARTOF":"Saxony"},"geometry":{"type":"LineString","coordinates":[[11.078,51.45],[11.07,51.441],[11.087,51.407],[11.137,51.407],[11.185,51.311]]}},{"type":"Feature","properties":{"NAME":"Saxony","ABBREVN":"Saxony","SUBJECTO":"Saxony","BORDERPRECISION":3,"PARTOF":"Saxony"},"geometry":{"type":"LineString","coordinates":[[11.32,51.148],[11.316,51.163]]}},{"type":"Feature","properties":{"NAME":"Saxony","ABBREVN":"Saxony","SUBJECTO":"Saxony","BORDERPRECISION":3,"PARTOF":"Saxony"},"geometry":{"type":"LineString","coordinates":[[11.33,51.129],[11.325,51.127],[11.325,51.129]]}},{"type":"Feature","properties":{"NAME":"Saxony","ABBREVN":"Saxony","SUBJECTO":"Saxony","BORDERPRECISION":3,"PARTOF":"Saxony"},"geometry":{"type":"LineString","coordinates":[[11.409,51.077],[11.403,51.071],[11.381,51.071],[11.359,51.138],[11.336,51.131]]}},{"type":"Feature","properties":{"NAME":"Saxony","ABBREVN":"Saxony","SUBJECTO":"Saxony","BORDERPRECISION":3,"PARTOF":"Saxony"},"geometry":{"type":"LineString","coordinates":[[11.361,51.366],[11.421,51.374],[11.421,51.343]]}},{"type":"Feature","properties":{"NAME":"Saxony","ABBREVN":"Saxony","SUBJECTO":"Saxony","BORDERPRECISION":3,"PARTOF":"Saxony"},"geometry":{"type":"LineString","coordinates":[[11.429,51.094],[11.425,51.091]]}},{"type":"Feature","properties":{"NAME":"Saxony","ABBREVN":"Saxony","SUBJECTO":"Saxony","BORDERPRECISION":3,"PARTOF":"Saxony"},"geometry":{"type":"LineString","coordinates":[[11.483,51.532],[11.445,51.607]]}},{"type":"Feature","properties":{"NAME":"Saxony","ABBREVN":"Saxony","SUBJECTO":"Saxony","BORDERPRECISION":3,"PARTOF":"Saxony"},"geometry":{"type":"LineString","coordinates":[[11.463,51.125],[11.455,51.118]]}},{"type":"Feature","properties":{"NAME":"Saxony","ABBREVN":"Saxony","SUBJECTO":"Saxony","BORDERPRECISION":3,"PARTOF":"Saxony"},"geometry":{"type":"LineString","coordinates":[[11.575,51.108],[11.571,51.115]]}},{"type":"Feature","properties":{"NAME":"Saxony","ABBREVN":"Saxony","SUBJECTO":"Saxony","BORDERPRECISION":3,"PARTOF":"Saxony"},"geometry":{"type":"LineString","coordinates":[[11.59,51.076],[11.584,51.09]]}},{"type":"Feature","properties":{"NAME":"Saxony","ABBREVN":"Saxony","SUBJECTO":"Saxony","BORDERPRECISION":3,"PARTOF":"Saxony"},"geometry":{"type":"LineString","coordinates":[[11.596,50.994],[11.56,51.049],[11.582,51.063]]}},{"type":"Feature","properties":{"NAME":"Saxony","ABBREVN":"Saxony","SUBJECTO":"Saxony","BORDERPRECISION":3,"PARTOF":"Saxony"},"geometry":{"type":"LineString","coordinates":[[11.701,51.023],[11.694,51.026],[11.616,50.988]]}},{"type":"Feature","properties":{"NAME":"Saxony","ABBREVN":"Saxony","SUBJECTO":"Saxony","BORDERPRECISION":3,"PARTOF":"Saxony"},"geometry":{"type":"LineString","coordinates":[[11.828,52.098],[11.826,52.106]]}},{"type":"Feature","properties":{"NAME":"Saxony","ABBREVN":"Saxony","SUBJECTO":"Saxony","BORDERPRECISION":3,"PARTOF":"Saxony"},"geometry":{"type":"LineString","coordinates":[[12.084,50.262],[11.842,50.327],[11.827,50.373],[11.765,50.398],[11.842,50.436]]}},{"type":"Feature","properties":{"NAME":"Saxony","ABBREVN":"Saxony","SUBJECTO":"Saxony","BORDERPRECISION":3,"PARTOF":"Saxony"},"geometry":{"type":"LineString","coordinates":[[11.869,51.004],[11.818,50.999]]}},{"type":"Feature","properties":{"NAME":"Saxony","ABBREVN":"Saxony","SUBJECTO":"Saxony","BORDERPRECISION":3,"PARTOF":"Saxony"},"geometry":{"type":"LineString","coordinates":[[11.893,50.552],[11.771,50.556],[11.621,50.355],[11.454,50.456],[11.555,50.576]]}},{"type":"Feature","properties":{"NAME":"Saxony","ABBREVN":"Saxony","SUBJECTO":"Saxony","BORDERPRECISION":3,"PARTOF":"Saxony"},"geometry":{"type":"LineString","coordinates":[[11.766,50.782],[11.893,50.836]]}},{"type":"Feature","properties":{"NAME":"Saxony","ABBREVN":"Saxony","SUBJECTO":"Saxony","BORDERPRECISION":3,"PARTOF":"Saxony"},"geometry":{"type":"LineString","coordinates":[[11.824,52.114],[11.815,52.154],[11.91,52.142]]}},{"type":"Feature","properties":{"NAME":"Saxony","ABBREVN":"Saxony","SUBJECTO":"Saxony","BORDERPRECISION":3,"PARTOF":"Saxony"},"geometry":{"type":"LineString","coordinates":[[11.92,51.009],[11.871,51.004]]}},{"type":"Feature","properties":{"NAME":"Saxony","ABBREVN":"Saxony","SUBJECTO":"Saxony","BORDERPRECISION":3,"PARTOF":"Saxony"},"geometry":{"type":"LineString","coordinates":[[11.865,50.431],[11.865,50.423],[11.926,50.423]]}},{"type":"Feature","properties":{"NAME":"Saxony","ABBREVN":"Saxony","SUBJECTO":"Saxony","BORDERPRECISION":3,"PARTOF":"Saxony"},"geometry":{"type":"LineString","coordinates":[[11.935,50.462],[11.94,50.486],[11.953,50.48]]}},{"type":"Feature","properties":{"NAME":"Saxony","ABBREVN":"Saxony","SUBJECTO":"Saxony","BORDERPRECISION":3,"PARTOF":"Saxony"},"geometry":{"type":"LineString","coordinates":[[11.967,51.627],[11.967,51.627]]}},{"type":"Feature","properties":{"NAME":"Saxony","ABBREVN":"Saxony","SUBJECTO":"Saxony","BORDERPRECISION":3,"PARTOF":"Saxony"},"geometry":{"type":"LineString","coordinates":[[11.976,51.014],[11.93,51.01]]}},{"type":"Feature","properties":{"NAME":"Saxony","ABBREVN":"Saxony","SUBJECTO":"Saxony","BORDERPRECISION":3,"PARTOF":"Saxony"},"geometry":{"type":"LineString","coordinates":[[11.994,52.007],[11.982,52.026],[11.993,52.086],[11.934,52.093],[11.907,52.082]]}},{"type":"Feature","properties":{"NAME":"Saxony","ABBREVN":"Saxony","SUBJECTO":"Saxony","BORDERPRECISION":3,"PARTOF":"Saxony"},"geometry":{"type":"LineString","coordinates":[[11.514,51.612],[11.625,51.61],[11.662,51.565],[11.692,51.587],[11.803,51.565],[11.885,51.617],[11.867,51.636],[11.885,51.636],[11.934,51.598],[11.986,51.596]]}},{"type":"Feature","properties":{"NAME":"Saxony","ABBREVN":"Saxony","SUBJECTO":"Saxony","BORDERPRECISION":3,"PARTOF":"Saxony"},"geometry":{"type":"LineString","coordinates":[[11.921,50.849],[11.938,50.856],[11.996,50.846]]}},{"type":"Feature","properties":{"NAME":"Saxony","ABBREVN":"Saxony","SUBJECTO":"Saxony","BORDERPRECISION":3,"PARTOF":"Saxony"},"geometry":{"type":"LineString","coordinates":[[12.01,50.843],[12.064,50.833]]}},{"type":"Feature","properties":{"NAME":"Saxony","ABBREVN":"Saxony","SUBJECTO":"Saxony","BORDERPRECISION":3,"PARTOF":"Saxony"},"geometry":{"type":"LineString","coordinates":[[11.986,51.648],[11.986,51.74],[12.068,51.755],[12.094,51.744],[12.097,51.781],[12.161,51.84],[12.164,51.892],[12.123,51.896],[12.083,51.959],[12.09,51.985],[12.06,51.989],[12.029,51.976]]}},{"type":"Feature","properties":{"NAME":"Saxony","ABBREVN":"Saxony","SUBJECTO":"Saxony","BORDERPRECISION":3,"PARTOF":"Saxony"},"geometry":{"type":"LineString","coordinates":[[12.113,52.147],[12.107,52.138],[12.111,52.135]]}},{"type":"Feature","properties":{"NAME":"Saxony","ABBREVN":"Saxony","SUBJECTO":"Saxony","BORDERPRECISION":3,"PARTOF":"Saxony"},"geometry":{"type":"LineString","coordinates":[[12.108,50.826],[12.122,50.823],[12.153,50.804]]}},{"type":"Feature","properties":{"NAME":"Saxony","ABBREVN":"Saxony","SUBJECTO":"Saxony","BORDERPRECISION":3,"PARTOF":"Saxony"},"geometry":{"type":"LineString","coordinates":[[11.92,52.141],[11.94,52.138],[12.107,52.203],[12.139,52.187],[12.137,52.184]]}},{"type":"Feature","properties":{"NAME":"Saxony","ABBREVN":"Saxony","SUBJECTO":"Saxony","BORDERPRECISION":3,"PARTOF":"Saxony"},"geometry":{"type":"LineString","coordinates":[[12.185,50.784],[12.19,50.781]]}},{"type":"Feature","properties":{"NAME":"Saxony","ABBREVN":"Saxony","SUBJECTO":"Saxony","BORDERPRECISION":3,"PARTOF":"Saxony"},"geometry":{"type":"LineString","coordinates":[[12.251,50.27],[12.202,50.24],[12.177,50.192],[12.152,50.242],[12.084,50.262]]}},{"type":"Feature","properties":{"NAME":"Saxony","ABBREVN":"Saxony","SUBJECTO":"Saxony","BORDERPRECISION":3,"PARTOF":"Saxony"},"geometry":{"type":"LineString","coordinates":[[12.118,52.129],[12.185,52.073],[12.334,52.065]]}},{"type":"Feature","properties":{"NAME":"Saxony","ABBREVN":"Saxony","SUBJECTO":"Saxony","BORDERPRECISION":3,"PARTOF":"Saxony"},"geometry":{"type":"LineString","coordinates":[[12.358,50.869],[12.352,50.886],[12.24,50.898],[12.24,50.944]]}},{"type":"Feature","properties":{"NAME":"Saxony","ABBREVN":"Saxony","SUBJECTO":"Saxony","BORDERPRECISION":3,"PARTOF":"Saxony"},"geometry":{"type":"LineString","coordinates":[[12.653,50.412],[12.594,50.384],[12.512,50.393]]}},{"type":"Feature","properties":{"NAME":"Saxony","ABBREVN":"Saxony","SUBJECTO":"Saxony","BORDERPRECISION":3,"PARTOF":"Saxony"},"geometry":{"type":"LineString","coordinates":[[13.723,52.082],[13.723,52.082]]}},{"type":"Feature","properties":{"NAME":"Saxony","ABBREVN":"Saxony","SUBJECTO":"Saxony","BORDERPRECISION":3,"PARTOF":"Saxony"},"geometry":{"type":"LineString","coordinates":[[13.774,52.069],[13.774,52.069]]}},{"type":"Feature","properties":{"NAME":"Saxony","ABBREVN":"Saxony","SUBJECTO":"Saxony","BORDERPRECISION":3,"PARTOF":"Saxony"},"geometry":{"type":"LineString","coordinates":[[14.285,51.027],[14.389,50.947],[14.373,50.942]]}},{"type":"Feature","properties":{"NAME":"Saxony","ABBREVN":"Saxony","SUBJECTO":"Saxony","BORDERPRECISION":3,"PARTOF":"Saxony"},"geometry":{"type":"LineString","coordinates":[[14.318,51.054],[14.296,51.051]]}},{"type":"Feature","properties":{"NAME":"Saxony","ABBREVN":"Saxony","SUBJECTO":"Saxony","BORDERPRECISION":3,"PARTOF":"Saxony"},"geometry":{"type":"LineString","coordinates":[[14.441,51.074],[14.403,51.068]]}},{"type":"Feature","properties":{"NAME":"Saxony","ABBREVN":"Saxony","SUBJECTO":"Saxony","BORDERPRECISION":3,"PARTOF":"Saxony"},"geometry":{"type":"LineString","coordinates":[[14.635,50.893],[14.61,50.898],[14.608,50.92]]}},{"type":"Feature","properties":{"NAME":"Saxony","ABBREVN":"Saxony","SUBJECTO":"Saxony","BORDERPRECISION":3,"PARTOF":"Saxony"},"geometry":{"type":"LineString","coordinates":[[14.888,51.596],[15.022,51.605]]}},{"type":"Feature","properties":{"NAME":"Saxony","ABBREVN":"Saxony","SUBJECTO":"Saxony","BORDERPRECISION":3,"PARTOF":"Saxony"},"geometry":{"type":"LineString","coordinates":[[14.978,51.771],[14.974,51.771]]}},{"type":"Feature","properties":{"NAME":"Saxony","ABBREVN":"Saxony","SUBJECTO":"Saxony","BORDERPRECISION":3,"PARTOF":"Saxony"},"geometry":{"type":"LineString","coordinates":[[14.999,50.93],[14.997,50.917],[14.991,50.917]]}},{"type":"Feature","properties":{"NAME":"Saxony","ABBREVN":"Saxony","SUBJECTO":"Saxony","BORDERPRECISION":3,"PARTOF":"Saxony"},"geometry":{"type":"LineString","coordinates":[[15.006,50.97],[15.005,50.966]]}},{"type":"Feature","properties":{"NAME":"Saxony","ABBREVN":"Saxony","SUBJECTO":"Saxony","BORDERPRECISION":3,"PARTOF":"Saxony"},"geometry":{"type":"LineString","coordinates":[[14.987,51.01],[15.008,50.985],[15.008,50.983]]}},{"type":"Feature","properties":{"NAME":"Saxony","ABBREVN":"Saxony","SUBJECTO":"Saxony","BORDERPRECISION":3,"PARTOF":"Saxony"},"geometry":{"type":"LineString","coordinates":[[15.183,51.858],[15.183,51.857]]}},{"type":"Feature","properties":{"NAME":"Saxony","ABBREVN":"Saxony","SUBJECTO":"Saxony","BORDERPRECISION":3,"PARTOF":"Saxony"},"geometry":{"type":"LineString","coordinates":[[15.232,51.027],[15.229,51.028]]}},{"type":"Feature","properties":{"NAME":"Saxony","ABBREVN":"Saxony","SUBJECTO":"Saxony","BORDERPRECISION":3,"PARTOF":"Saxony"},"geometry":{"type":"LineString","coordinates":[[15.275,51.051],[15.269,51.03]]}},{"type":"Feature","properties":{"NAME":"Saxony","ABBREVN":"Saxony","SUBJECTO":"Saxony","BORDERPRECISION":3,"PARTOF":"Saxony"},"geometry":{"type":"LineString","coordinates":[[15.26,51.613],[15.312,51.407]]}},{"type":"Feature","properties":{"NAME":"Saxony","ABBREVN":"Saxony","SUBJECTO":"Saxony","BORDERPRECISION":3,"PARTOF":"Saxony"},"geometry":{"type":"LineString","coordinates":[[15.323,51.219],[15.314,51.188]]}},{"type":"Feature","properties":{"NAME":"Thuringia","ABBREVN":"Thuringia","SUBJECTO":"Thuringia","BORDERPRECISION":3,"PARTOF":"Thuringia"},"geometry":{"type":"LineString","coordinates":[[10.514,51.375],[10.51,51.477]]}},{"type":"Feature","properties":{"NAME":"Thuringia","ABBREVN":"Thuringia","SUBJECTO":"Thuringia","BORDERPRECISION":3,"PARTOF":"Thuringia"},"geometry":{"type":"LineString","coordinates":[[10.555,51.185],[10.545,51.219],[10.452,51.207],[10.427,51.236],[10.519,51.264],[10.515,51.361]]}},{"type":"Feature","properties":{"NAME":"Thuringia","ABBREVN":"Thuringia","SUBJECTO":"Thuringia","BORDERPRECISION":3,"PARTOF":"Thuringia"},"geometry":{"type":"LineString","coordinates":[[10.51,51.477],[10.537,51.504],[10.676,51.467],[10.636,51.357],[10.72,51.307],[10.736,51.257],[10.643,51.236],[10.642,51.214]]}},{"type":"Feature","properties":{"NAME":"Thuringia","ABBREVN":"Thuringia","SUBJECTO":"Thuringia","BORDERPRECISION":3,"PARTOF":"Thuringia"},"geometry":{"type":"LineString","coordinates":[[10.641,51.194],[10.64,51.177]]}},{"type":"Feature","properties":{"NAME":"Bavaria","ABBREVN":"Bavaria","SUBJECTO":"Bavaria","BORDERPRECISION":3,"PARTOF":"Bavaria"},"geometry":{"type":"LineString","coordinates":[[14.227,53.91],[14.425,53.915],[14.473,53.877],[14.459,53.819],[14.334,53.83],[14.248,53.816],[14.227,53.91]]}},{"type":"Feature","properties":{"NAME":"Bavaria","ABBREVN":"Bavaria","SUBJECTO":"Bavaria","BORDERPRECISION":3,"PARTOF":"Bavaria"},"geometry":{"type":"LineString","coordinates":[[7.091,49.711],[7.233,49.793]]}},{"type":"Feature","properties":{"NAME":"Bavaria","ABBREVN":"Bavaria","SUBJECTO":"Bavaria","BORDERPRECISION":3,"PARTOF":"Bavaria"},"geometry":{"type":"LineString","coordinates":[[7.236,49.795],[7.284,49.823]]}},{"type":"Feature","properties":{"NAME":"Bavaria","ABBREVN":"Bavaria","SUBJECTO":"Bavaria","BORDERPRECISION":3,"PARTOF":"Bavaria"},"geometry":{"type":"LineString","coordinates":[[7.306,49.836],[7.397,49.889]]}},{"type":"Feature","properties":{"NAME":"Bavaria","ABBREVN":"Bavaria","SUBJECTO":"Bavaria","BORDERPRECISION":3,"PARTOF":"Bavaria"},"geometry":{"type":"LineString","coordinates":[[7.631,49.067],[7.465,49.099],[7.423,49.183],[7.317,49.186],[7.285,49.164],[6.975,49.137],[6.884,49.426],[7.022,49.426],[7.068,49.542],[7.013,49.633]]}},{"type":"Feature","properties":{"NAME":"Bavaria","ABBREVN":"Bavaria","SUBJECTO":"Bavaria","BORDERPRECISION":3,"PARTOF":"Bavaria"},"geometry":{"type":"LineString","coordinates":[[7.683,50.288],[7.683,50.288]]}},{"type":"Feature","properties":{"NAME":"Bavaria","ABBREVN":"Bavaria","SUBJECTO":"Bavaria","BORDERPRECISION":3,"PARTOF":"Bavaria"},"geometry":{"type":"LineString","coordinates":[[7.717,50.197],[7.7,50.241]]}},{"type":"Feature","properties":{"NAME":"Bavaria","ABBREVN":"Bavaria","SUBJECTO":"Bavaria","BORDERPRECISION":3,"PARTOF":"Bavaria"},"geometry":{"type":"LineString","coordinates":[[7.492,49.944],[7.553,49.98],[7.645,49.98],[7.734,50.136]]}},{"type":"Feature","properties":{"NAME":"Bavaria","ABBREVN":"Bavaria","SUBJECTO":"Bavaria","BORDERPRECISION":3,"PARTOF":"Bavaria"},"geometry":{"type":"LineString","coordinates":[[7.676,50.309],[7.663,50.344],[7.745,50.354],[7.715,50.446],[7.663,50.467],[7.674,50.518],[7.704,50.508],[7.725,50.549],[7.704,50.58],[7.735,50.662],[7.786,50.703],[7.838,50.682],[7.858,50.641],[7.899,50.641],[7.92,50.6],[7.971,50.641],[8.002,50.59],[8.043,50.6],[8.022,50.703],[8.125,50.836],[8.169,50.797],[8.258,50.867],[8.34,50.959],[8.34,51.011],[8.423,51.041],[8.464,51.011],[8.514,51.04]]}},{"type":"Feature","properties":{"NAME":"Bavaria","ABBREVN":"Bavaria","SUBJECTO":"Bavaria","BORDERPRECISION":3,"PARTOF":"Bavaria"},"geometry":{"type":"LineString","coordinates":[[8.515,51.053],[8.515,51.062],[8.52,51.067]]}},{"type":"Feature","properties":{"NAME":"Bavaria","ABBREVN":"Bavaria","SUBJECTO":"Bavaria","BORDERPRECISION":3,"PARTOF":"Bavaria"},"geometry":{"type":"LineString","coordinates":[[8.674,51.068],[8.674,51.068]]}},{"type":"Feature","properties":{"NAME":"Bavaria","ABBREVN":"Bavaria","SUBJECTO":"Bavaria","BORDERPRECISION":3,"PARTOF":"Bavaria"},"geometry":{"type":"LineString","coordinates":[[8.711,51.04],[8.71,51.04]]}},{"type":"Feature","properties":{"NAME":"Bavaria","ABBREVN":"Bavaria","SUBJECTO":"Bavaria","BORDERPRECISION":3,"PARTOF":"Bavaria"},"geometry":{"type":"LineString","coordinates":[[8.714,51.009],[8.714,51.009]]}},{"type":"Feature","properties":{"NAME":"Bavaria","ABBREVN":"Bavaria","SUBJECTO":"Bavaria","BORDERPRECISION":3,"PARTOF":"Bavaria"},"geometry":{"type":"LineString","coordinates":[[8.722,49.546],[8.721,49.553],[8.656,49.553],[8.599,49.38],[8.512,49.524],[8.31,49.553],[8.483,49.294],[8.158,48.978],[7.886,49.065],[7.698,49.06]]}},{"type":"Feature","properties":{"NAME":"Bavaria","ABBREVN":"Bavaria","SUBJECTO":"Bavaria","BORDERPRECISION":3,"PARTOF":"Bavaria"},"geometry":{"type":"LineString","coordinates":[[8.868,51.148],[8.864,51.257],[8.987,51.318],[8.977,51.38],[9.079,51.411],[9.079,51.411]]}},{"type":"Feature","properties":{"NAME":"Bavaria","ABBREVN":"Bavaria","SUBJECTO":"Bavaria","BORDERPRECISION":3,"PARTOF":"Bavaria"},"geometry":{"type":"LineString","coordinates":[[9.209,49.499],[9.159,49.398],[9.075,49.377],[9.075,49.273],[8.908,49.273],[8.971,49.335],[8.929,49.356],[8.804,49.356],[8.742,49.398],[8.724,49.53]]}},{"type":"Feature","properties":{"NAME":"Bavaria","ABBREVN":"Bavaria","SUBJECTO":"Bavaria","BORDERPRECISION":3,"PARTOF":"Bavaria"},"geometry":{"type":"LineString","coordinates":[[9.111,51.448],[9.141,51.483],[9.202,51.493],[9.213,51.534],[9.161,51.544],[9.325,51.58],[9.325,51.589],[9.351,51.598],[9.358,51.579]]}},{"type":"Feature","properties":{"NAME":"Bavaria","ABBREVN":"Bavaria","SUBJECTO":"Bavaria","BORDERPRECISION":3,"PARTOF":"Bavaria"},"geometry":{"type":"LineString","coordinates":[[9.638,49.398],[9.638,49.414]]}},{"type":"Feature","properties":{"NAME":"Bavaria","ABBREVN":"Bavaria","SUBJECTO":"Bavaria","BORDERPRECISION":3,"PARTOF":"Bavaria"},"geometry":{"type":"LineString","coordinates":[[9.638,49.414],[9.638,49.549]]}},{"type":"Feature","properties":{"NAME":"Bavaria","ABBREVN":"Bavaria","SUBJECTO":"Bavaria","BORDERPRECISION":3,"PARTOF":"Bavaria"},"geometry":{"type":"LineString","coordinates":[[9.657,51.312],[9.72,51.343]]}},{"type":"Feature","properties":{"NAME":"Bavaria","ABBREVN":"Bavaria","SUBJECTO":"Bavaria","BORDERPRECISION":3,"PARTOF":"Bavaria"},"geometry":{"type":"LineString","coordinates":[[9.86,51.373],[9.862,51.373]]}},{"type":"Feature","properties":{"NAME":"Bavaria","ABBREVN":"Bavaria","SUBJECTO":"Bavaria","BORDERPRECISION":3,"PARTOF":"Bavaria"},"geometry":{"type":"LineString","coordinates":[[9.926,51.394],[9.977,51.401],[9.977,51.442],[10.026,51.46]]}},{"type":"Feature","properties":{"NAME":"Bavaria","ABBREVN":"Bavaria","SUBJECTO":"Bavaria","BORDERPRECISION":3,"PARTOF":"Bavaria"},"geometry":{"type":"LineString","coordinates":[[10.096,51.465],[10.1,51.452],[10.105,51.454]]}},{"type":"Feature","properties":{"NAME":"Bavaria","ABBREVN":"Bavaria","SUBJECTO":"Bavaria","BORDERPRECISION":3,"PARTOF":"Bavaria"},"geometry":{"type":"LineString","coordinates":[[10.153,51.469],[10.155,51.47]]}},{"type":"Feature","properties":{"NAME":"Bavaria","ABBREVN":"Bavaria","SUBJECTO":"Bavaria","BORDERPRECISION":3,"PARTOF":"Bavaria"},"geometry":{"type":"LineString","coordinates":[[10.173,51.467],[10.184,51.462]]}},{"type":"Feature","properties":{"NAME":"Bavaria","ABBREVN":"Bavaria","SUBJECTO":"Bavaria","BORDERPRECISION":3,"PARTOF":"Bavaria"},"geometry":{"type":"LineString","coordinates":[[10.442,51.056],[10.442,51.049],[10.498,50.993]]}},{"type":"Feature","properties":{"NAME":"Bavaria","ABBREVN":"Bavaria","SUBJECTO":"Bavaria","BORDERPRECISION":3,"PARTOF":"Bavaria"},"geometry":{"type":"LineString","coordinates":[[10.387,51.28],[10.452,51.207],[10.448,51.137]]}},{"type":"Feature","properties":{"NAME":"Bavaria","ABBREVN":"Bavaria","SUBJECTO":"Bavaria","BORDERPRECISION":3,"PARTOF":"Bavaria"},"geometry":{"type":"LineString","coordinates":[[10.444,51.076],[10.444,51.074]]}},{"type":"Feature","properties":{"NAME":"Bavaria","ABBREVN":"Bavaria","SUBJECTO":"Bavaria","BORDERPRECISION":3,"PARTOF":"Bavaria"},"geometry":{"type":"LineString","coordinates":[[10.498,50.993],[10.533,51.062]]}},{"type":"Feature","properties":{"NAME":"Bavaria","ABBREVN":"Bavaria","SUBJECTO":"Bavaria","BORDERPRECISION":3,"PARTOF":"Bavaria"},"geometry":{"type":"LineString","coordinates":[[10.742,51.121],[10.744,51.122]]}},{"type":"Feature","properties":{"NAME":"Bavaria","ABBREVN":"Bavaria","SUBJECTO":"Bavaria","BORDERPRECISION":3,"PARTOF":"Bavaria"},"geometry":{"type":"LineString","coordinates":[[11.316,51.163],[11.32,51.148]]}},{"type":"Feature","properties":{"NAME":"Bavaria","ABBREVN":"Bavaria","SUBJECTO":"Bavaria","BORDERPRECISION":3,"PARTOF":"Bavaria"},"geometry":{"type":"LineString","coordinates":[[11.325,51.129],[11.325,51.127],[11.33,51.129]]}},{"type":"Feature","properties":{"NAME":"Bavaria","ABBREVN":"Bavaria","SUBJECTO":"Bavaria","BORDERPRECISION":3,"PARTOF":"Bavaria"},"geometry":{"type":"LineString","coordinates":[[11.336,51.131],[11.359,51.138],[11.381,51.071],[11.403,51.071],[11.409,51.077]]}},{"type":"Feature","properties":{"NAME":"Bavaria","ABBREVN":"Bavaria","SUBJECTO":"Bavaria","BORDERPRECISION":3,"PARTOF":"Bavaria"},"geometry":{"type":"LineString","coordinates":[[11.425,51.091],[11.429,51.094]]}},{"type":"Feature","properties":{"NAME":"Bavaria","ABBREVN":"Bavaria","SUBJECTO":"Bavaria","BORDERPRECISION":3,"PARTOF":"Bavaria"},"geometry":{"type":"LineString","coordinates":[[11.455,51.118],[11.463,51.125]]}},{"type":"Feature","properties":{"NAME":"Bavaria","ABBREVN":"Bavaria","SUBJECTO":"Bavaria","BORDERPRECISION":3,"PARTOF":"Bavaria"},"geometry":{"type":"LineString","coordinates":[[11.571,51.115],[11.575,51.108]]}},{"type":"Feature","properties":{"NAME":"Bavaria","ABBREVN":"Bavaria","SUBJECTO":"Bavaria","BORDERPRECISION":3,"PARTOF":"Bavaria"},"geometry":{"type":"LineString","coordinates":[[11.584,51.09],[11.59,51.076]]}},{"type":"Feature","properties":{"NAME":"Bavaria","ABBREVN":"Bavaria","SUBJECTO":"Bavaria","BORDERPRECISION":3,"PARTOF":"Bavaria"},"geometry":{"type":"LineString","coordinates":[[11.582,51.063],[11.56,51.049],[11.596,50.994]]}},{"type":"Feature","properties":{"NAME":"Bavaria","ABBREVN":"Bavaria","SUBJECTO":"Bavaria","BORDERPRECISION":3,"PARTOF":"Bavaria"},"geometry":{"type":"LineString","coordinates":[[11.616,50.988],[11.694,51.026],[11.701,51.023]]}},{"type":"Feature","properties":{"NAME":"Bavaria","ABBREVN":"Bavaria","SUBJECTO":"Bavaria","BORDERPRECISION":3,"PARTOF":"Bavaria"},"geometry":{"type":"LineString","coordinates":[[11.842,50.436],[11.765,50.398],[11.827,50.373],[11.842,50.327],[12.084,50.262],[12.085,50.152],[12.128,50.152],[12.214,50.009],[12.103,49.903],[11.915,49.965],[11.892,49.965],[11.88,49.885],[11.938,49.885],[11.938,49.862],[11.972,49.85],[11.96,49.793],[11.686,49.759],[11.652,49.37],[11.572,49.336],[11.64,49.29],[11.652,49.039],[11.446,48.878],[11.297,48.89],[11.103,48.97],[10.874,48.981],[10.897,48.833],[10.646,48.798],[10.531,48.833],[10.6,48.661],[10.714,48.707],[10.817,48.776],[10.92,48.787],[10.909,48.341],[10.835,47.545],[10.613,47.585],[10.495,47.56],[10.388,47.579],[10.403,47.455],[10.2,47.301],[10.103,47.301],[10.138,47.389],[10.021,47.406],[10.026,47.48],[9.938,47.502],[9.892,47.564],[9.78,47.567],[9.737,47.616],[9.665,47.556],[9.653,47.556],[9.628,47.57],[9.607,47.572],[9.601,47.585],[9.563,47.585],[9.534,47.597],[9.502,47.646],[9.466,47.648],[9.638,47.709],[9.576,48.293],[9.722,48.355],[9.722,48.627],[9.659,48.772],[9.659,48.877],[9.763,48.96],[9.805,49.169],[9.805,49.315],[9.638,49.294],[9.638,49.319]]}},{"type":"Feature","properties":{"NAME":"Bavaria","ABBREVN":"Bavaria","SUBJECTO":"Bavaria","BORDERPRECISION":3,"PARTOF":"Bavaria"},"geometry":{"type":"LineString","coordinates":[[11.818,50.999],[11.869,51.004]]}},{"type":"Feature","properties":{"NAME":"Bavaria","ABBREVN":"Bavaria","SUBJECTO":"Bavaria","BORDERPRECISION":3,"PARTOF":"Bavaria"},"geometry":{"type":"LineString","coordinates":[[11.555,50.576],[11.454,50.456],[11.621,50.355],[11.771,50.556],[11.893,50.552]]}},{"type":"Feature","properties":{"NAME":"Bavaria","ABBREVN":"Bavaria","SUBJECTO":"Bavaria","BORDERPRECISION":3,"PARTOF":"Bavaria"},"geometry":{"type":"LineString","coordinates":[[11.893,50.836],[11.766,50.782]]}},{"type":"Feature","properties":{"NAME":"Bavaria","ABBREVN":"Bavaria","SUBJECTO":"Bavaria","BORDERPRECISION":3,"PARTOF":"Bavaria"},"geometry":{"type":"LineString","coordinates":[[11.871,51.004],[11.92,51.009]]}},{"type":"Feature","properties":{"NAME":"Bavaria","ABBREVN":"Bavaria","SUBJECTO":"Bavaria","BORDERPRECISION":3,"PARTOF":"Bavaria"},"geometry":{"type":"LineString","coordinates":[[11.926,50.423],[11.865,50.423],[11.865,50.431]]}},{"type":"Feature","properties":{"NAME":"Bavaria","ABBREVN":"Bavaria","SUBJECTO":"Bavaria","BORDERPRECISION":3,"PARTOF":"Bavaria"},"geometry":{"type":"LineString","coordinates":[[11.953,50.48],[11.94,50.486],[11.935,50.462]]}},{"type":"Feature","properties":{"NAME":"Bavaria","ABBREVN":"Bavaria","SUBJECTO":"Bavaria","BORDERPRECISION":3,"PARTOF":"Bavaria"},"geometry":{"type":"LineString","coordinates":[[11.93,51.01],[11.976,51.014]]}},{"type":"Feature","properties":{"NAME":"Bavaria","ABBREVN":"Bavaria","SUBJECTO":"Bavaria","BORDERPRECISION":3,"PARTOF":"Bavaria"},"geometry":{"type":"LineString","coordinates":[[11.996,50.846],[11.938,50.856],[11.921,50.849]]}},{"type":"Feature","properties":{"NAME":"Bavaria","ABBREVN":"Bavaria","SUBJECTO":"Bavaria","BORDERPRECISION":3,"PARTOF":"Bavaria"},"geometry":{"type":"LineString","coordinates":[[12.064,50.833],[12.01,50.843]]}},{"type":"Feature","properties":{"NAME":"Bavaria","ABBREVN":"Bavaria","SUBJECTO":"Bavaria","BORDERPRECISION":3,"PARTOF":"Bavaria"},"geometry":{"type":"LineString","coordinates":[[12.153,50.804],[12.122,50.823],[12.108,50.826]]}},{"type":"Feature","properties":{"NAME":"Bavaria","ABBREVN":"Bavaria","SUBJECTO":"Bavaria","BORDERPRECISION":3,"PARTOF":"Bavaria"},"geometry":{"type":"LineString","coordinates":[[12.19,50.781],[12.185,50.784]]}},{"type":"Feature","properties":{"NAME":"Bavaria","ABBREVN":"Bavaria","SUBJECTO":"Bavaria","BORDERPRECISION":3,"PARTOF":"Bavaria"},"geometry":{"type":"LineString","coordinates":[[12.24,50.944],[12.24,50.898],[12.352,50.886],[12.358,50.869]]}},{"type":"Feature","properties":{"NAME":"Persia","ABBREVN":"Persia","SUBJECTO":"Persia","BORDERPRECISION":3,"PARTOF":"Persia"},"geometry":{"type":"LineString","coordinates":[[57.314,36.829],[58.126,36.444],[60,34.259],[60,34],[45.523,34],[45.565,34.274],[45.671,34.617],[46.184,35.058],[45.995,35.401],[46.001,35.515],[46.211,35.784],[45.73,35.832],[45.388,35.926],[45.359,36.015],[45.105,36.503],[44.795,37.132],[44.784,37.27],[44.66,37.286],[44.471,37.455],[44.427,37.644],[44.492,37.754],[44.301,37.804],[44.205,37.867],[44.361,38.166],[44.464,38.292],[44.447,38.385],[44.318,38.476],[44.269,38.429],[44.229,38.482],[44.128,38.703],[44.183,38.872],[44.065,39.173],[44.082,39.295],[44.345,39.414],[44.349,39.609],[44.453,39.673],[44.637,39.662],[46.648,38.961],[49.041,39.145],[49.02,39.006],[49.052,38.932],[48.946,38.836],[48.988,38.719],[48.825,38.31],[48.832,38.306],[48.809,37.989],[48.745,37.727],[48.837,37.511],[49.06,37.398],[49.476,37.292],[49.848,37.268],[50.039,37.225],[50.111,37.098],[50.252,36.895],[50.561,36.686],[51.417,36.456],[51.796,36.432],[51.993,36.459],[52.602,36.577],[53.139,36.644],[53.8,36.679],[53.984,36.782],[54.067,36.942],[57.314,36.829]]}},{"type":"Feature","properties":{"NAME":"central Asian khanates","ABBREVN":"central Asian khanates","SUBJECTO":"central Asian khanates","BORDERPRECISION":3,"PARTOF":"central Asian khanates"},"geometry":{"type":"LineString","coordinates":[[50.326,44.365],[50.389,44.294],[50.703,44.258],[50.955,44.204],[50.991,44.078],[51.171,43.718],[51.261,43.61],[51.369,43.556],[51.459,43.385],[51.423,43.259],[51.423,43.17],[51.738,43.179],[51.881,43.053],[51.98,42.909],[52.07,42.828],[52.295,42.873],[52.376,42.801],[52.583,42.828],[52.763,42.756],[52.835,42.648],[52.754,42.558],[52.736,42.423],[52.673,42.279],[52.583,42.189],[52.52,42.073],[52.574,42.019],[52.601,41.938],[52.559,41.758],[52.683,41.694],[52.711,41.607],[52.692,41.531],[52.855,41.387],[52.97,41.138],[52.96,41.272],[52.932,41.378],[52.999,41.684],[52.941,41.77],[52.98,41.904],[53.066,42.029],[53.267,42.086],[53.458,42.096],[53.736,42.134],[53.985,42.106],[54.024,42.048],[54.024,41.857],[54.119,41.78],[54.138,41.627],[54.167,41.483],[54.359,41.387],[54.598,41.244],[54.751,41.138],[54.828,40.985],[54.818,40.88],[54.608,40.813],[54.502,40.851],[54.455,40.918],[54.368,40.899],[54.387,40.803],[54.455,40.717],[54.416,40.659],[54.225,40.726],[54.11,40.678],[53.976,40.65],[53.842,40.64],[53.794,40.726],[53.765,40.87],[53.698,40.88],[53.65,40.88],[53.66,40.813],[53.612,40.745],[53.439,40.803],[53.257,40.765],[53.181,40.841],[53.056,41.052],[52.97,40.822],[52.951,40.707],[52.903,40.563],[52.826,40.468],[52.845,40.334],[52.845,40.18],[52.912,40.046],[52.989,39.931],[53.047,39.998],[53.19,39.96],[53.363,39.96],[53.506,39.998],[53.688,39.979],[53.593,39.893],[53.516,39.778],[53.554,39.654],[53.669,39.644],[53.813,39.548],[53.794,39.491],[53.545,39.539],[53.372,39.52],[53.315,39.567],[53.248,39.452],[53.209,39.405],[53.248,39.299],[53.334,39.385],[53.583,39.318],[53.66,39.318],[53.679,39.251],[53.775,39.136],[53.918,39.05],[54.033,38.993],[54.071,38.897],[53.985,38.657],[53.937,38.571],[53.937,38.159],[53.88,38.025],[53.928,37.824],[54.015,37.348],[54.009,37.349],[54.067,36.942],[57.314,36.829],[60,38.889],[60,43.622],[59.716,43.669],[59.505,43.914],[59.248,43.854],[59.126,44.002],[59.008,43.979],[59.019,43.861],[58.827,43.844],[58.78,43.747],[58.596,43.757],[58.367,43.737],[58.345,43.866],[58.4,44.167],[58.242,44.359],[58.23,44.452],[58.199,44.52],[58.257,44.577],[58.297,44.638],[58.295,44.708],[58.251,44.786],[58.232,44.851],[58.238,44.903],[58.272,44.982],[58.378,45.178],[58.404,45.253],[58.449,45.322],[58.514,45.386],[58.56,45.457],[58.589,45.537],[58.611,45.585],[58.628,45.6],[58.655,45.716],[58.681,45.784],[58.721,45.848],[58.815,45.931],[58.881,45.956],[58.957,45.968],[59.07,46.001],[59.264,46.027],[59.329,46.026],[59.366,45.99],[59.36,45.933],[59.301,45.88],[59.287,45.835],[59.431,45.803],[59.55,45.994],[59.546,46.239],[59.481,46.317],[59.549,46.345],[59.577,46.333],[59.699,46.331],[59.749,46.322],[59.779,46.301],[59.801,46.255],[59.815,46.181],[60,46.21],[60,53.626],[59.103,53.635],[58.846,52.477],[58.331,50.934],[55.245,51.706],[51.387,51.063],[51.13,50.42],[51.901,49.391],[51.387,48.105],[51.773,47.462],[51.369,47.09],[51.791,47.009],[51.935,46.892],[52.142,46.838],[52.376,46.874],[52.466,46.91],[52.556,46.982],[53.023,46.919],[53.185,46.865],[53.23,46.73],[53.284,46.676],[53.167,46.586],[53.122,46.497],[53.185,46.425],[53.257,46.317],[53.203,46.191],[53.149,45.957],[53.05,45.831],[52.924,45.732],[52.835,45.642],[52.844,45.507],[53.059,45.453],[53.284,45.328],[53.059,45.337],[52.61,45.4],[51.998,45.382],[51.845,45.436],[51.773,45.391],[51.63,45.355],[51.513,45.373],[51.459,45.31],[51.378,45.175],[51.342,45.058],[51.216,45.04],[51.099,44.878],[51.189,44.77],[51.486,44.626],[51.576,44.554],[51.414,44.518],[51.333,44.482],[50.874,44.626],[50.542,44.644],[50.407,44.617],[50.335,44.563],[50.326,44.365]]}},{"type":"Feature","properties":{"NAME":"Poland","ABBREVN":"Poland","SUBJECTO":"Poland","BORDERPRECISION":3,"PARTOF":"Poland"},"geometry":{"type":"LineString","coordinates":[[29.011,47.554],[28.908,47.818],[28.427,48.097],[28.415,48.082],[28.387,48.105],[28.387,48.139],[28.347,48.15],[28.302,48.133],[28.359,48.201],[28.347,48.23],[28.296,48.23],[28.217,48.213],[28.16,48.224],[28.115,48.218],[28.058,48.281],[28.013,48.309],[27.944,48.315],[27.882,48.338],[27.82,48.394],[27.706,48.44],[27.648,48.752],[27.486,48.752],[27.486,48.671],[27.108,48.833],[27.108,48.644],[26.163,48.941],[26.082,49.13],[26.087,49.668],[26.115,50.645],[25.752,50.533],[25.668,50.45],[25.473,50.505],[25.138,50.924],[24.943,50.952],[24.803,50.812],[24.552,50.868],[24.524,51.119],[24.301,51.175],[24.217,51.51],[24.05,51.51],[23.966,51.315],[23.882,51.399],[23.687,51.622],[23.296,51.482],[23.324,50.952],[23.045,50.784],[23.017,50.98],[22.18,51.001],[22.319,51.105],[22.005,51.105],[21.656,50.791],[21.098,50.477],[20.575,50.477],[20.47,50.303],[20.121,50.303],[20.017,50.198],[19.772,50.198],[19.598,49.954],[18.746,50.266],[18.646,50.645],[18.14,50.988],[17.64,51.437],[17.553,51.655],[17.291,51.786],[17.204,51.611],[16.855,51.655],[16.855,51.917],[16.506,52.178],[16.506,52.004],[16.095,52.124],[15.765,52.265],[15.76,52.571],[15.816,52.571],[15.844,52.71],[16.793,52.738],[16.96,52.878],[17.714,52.934],[17.881,52.794],[18.105,52.766],[18.188,53.185],[18.467,53.157],[18.719,52.515],[18.886,52.515],[19.221,52.599],[19.221,52.934],[18.991,53.131],[19.285,53.165],[19.423,53.113],[19.492,53.165],[19.579,53.079],[20.011,53.044],[20.097,53.182],[20.477,53.131],[20.702,53.321],[21.117,53.269],[22.807,53.808],[22.74,53.95],[22.699,54.415],[22.67,54.494],[22.662,54.571],[22.724,54.733],[22.824,54.787],[22.794,54.902],[22.632,54.949],[22.584,55.009],[21.684,55.353],[21.276,55.861],[20.945,56.07],[20.916,56.097],[20.965,56.609],[21.022,56.684],[21.324,56.854],[21.34,57.177],[21.46,57.25],[21.677,57.464],[21.81,57.475],[22.285,57.565],[22.433,57.616],[22.564,57.616],[22.585,57.509],[22.881,57.334],[23.071,57.261],[23.175,57.048],[23.215,56.981],[23.414,56.892],[23.768,56.866],[24.158,56.975],[24.266,57.03],[24.346,57.16],[24.323,57.337],[27.74,56.679],[27.859,56.203],[30.832,55.728],[30.951,55.014],[30.357,53.587],[30.832,51.328],[30.594,50.614],[29.405,50.02],[31.07,48.593],[30,48.593],[29.011,47.554]]}},{"type":"Feature","properties":{"NAME":"Kingdom of Ireland","ABBREVN":"Kingdom of Ireland","SUBJECTO":"Kingdom of Ireland","BORDERPRECISION":3,"PARTOF":"Kingdom of Ireland"},"geometry":{"type":"LineString","coordinates":[[-6.963,55.241],[-6.997,55.172],[-6.645,55.206],[-6.454,55.187],[-6.279,55.14],[-6.117,55.16],[-6.018,55.093],[-5.785,54.737],[-5.764,54.657],[-5.8,54.523],[-5.662,54.322],[-5.731,54.175],[-5.912,54.027],[-6.072,53.974],[-6.343,53.94],[-6.443,53.899],[-6.335,53.786],[-6.172,53.439],[-6.043,52.893],[-6.071,52.767],[-6.232,52.613],[-6.341,52.427],[-6.406,52.214],[-6.489,52.194],[-6.617,52.221],[-6.894,52.207],[-6.962,52.111],[-7.372,52.092],[-7.751,52.033],[-7.862,51.968],[-8.159,51.84],[-8.565,51.615],[-8.848,51.6],[-9.243,51.473],[-9.819,51.435],[-9.795,51.605],[-9.835,51.803],[-10.217,51.758],[-10.294,51.978],[-9.964,52.092],[-10.497,52.102],[-10.469,52.207],[-9.891,52.194],[-9.802,52.241],[-9.784,52.341],[-9.736,52.48],[-9.504,52.541],[-9.193,52.554],[-9.134,52.681],[-9.616,52.637],[-9.442,52.833],[-9.526,52.905],[-9.309,53.115],[-8.997,53.12],[-8.924,53.161],[-9.002,53.3],[-9.158,53.221],[-9.297,53.28],[-9.441,53.266],[-9.617,53.346],[-9.803,53.345],[-9.885,53.297],[-10.16,53.374],[-10.021,53.512],[-10.151,53.576],[-9.81,53.632],[-9.872,53.768],[-9.696,53.873],[-9.913,53.97],[-10.179,53.912],[-10.16,54.133],[-9.892,54.326],[-9.474,54.241],[-9.323,54.275],[-9.086,54.258],[-8.59,54.203],[-8.687,54.364],[-8.301,54.489],[-8.211,54.634],[-8.829,54.634],[-8.76,54.701],[-8.504,54.75],[-8.476,54.88],[-8.345,55.095],[-8.118,55.177],[-7.756,55.253],[-7.427,55.294],[-7.334,55.384],[-7.112,55.315],[-6.963,55.241]]}},{"type":"Feature","properties":{"NAME":null,"ABBREVN":null,"SUBJECTO":null,"BORDERPRECISION":3,"PARTOF":null},"geometry":{"type":"LineString","coordinates":[[19.334,57.956],[19.287,57.937],[19.257,57.949],[19.163,57.927],[19.142,57.908],[19.126,57.84],[19.078,57.858],[19.034,57.901],[19.036,57.919],[19.089,57.97],[19.105,57.975],[19.296,57.977],[19.332,57.965],[19.334,57.956]]}},{"type":"Feature","properties":{"NAME":"United Kingdom","ABBREVN":"UK","SUBJECTO":"UK","BORDERPRECISION":3,"PARTOF":"United Kingdom"},"geometry":{"type":"LineString","coordinates":[[0.081,53.386],[0.175,53.293],[0.268,53.127],[0.251,53.04],[0.006,52.787],[0.327,52.707],[0.505,52.848],[0.742,52.901],[1.013,52.888],[1.376,52.809],[1.586,52.65],[1.692,52.311],[1.657,52.212],[1.512,52.026],[1.031,51.813],[0.686,51.56],[0.254,51.454],[0.804,51.378],[1.03,51.359],[1.189,51.405],[1.365,51.353],[1.335,51.121],[0.886,50.982],[0.888,50.893],[0.673,50.931],[0.192,50.731],[-0.336,50.817],[-0.839,50.722],[-1.103,50.817],[-1.373,50.766],[-2.085,50.703],[-2.024,50.57],[-2.432,50.646],[-2.551,50.57],[-2.961,50.722],[-3.111,50.657],[-3.521,50.617],[-3.563,50.361],[-3.715,50.219],[-3.882,50.2],[-4.004,50.314],[-4.243,50.391],[-4.303,50.324],[-4.541,50.358],[-4.967,50.212],[-5.282,49.964],[-5.429,50.068],[-5.778,50.134],[-5.238,50.346],[-5.017,50.561],[-4.815,50.604],[-4.605,50.779],[-4.552,50.997],[-4.443,50.969],[-4.277,51.064],[-4.281,51.187],[-3.825,51.235],[-3.483,51.181],[-3.066,51.178],[-3.033,51.33],[-2.895,51.394],[-2.75,51.644],[-3.173,51.467],[-3.499,51.46],[-4.159,51.677],[-4.999,51.702],[-5.179,51.787],[-5.249,51.86],[-5.061,52.006],[-4.619,52.094],[-4.295,52.2],[-4.124,52.373],[-4.094,52.746],[-4.148,52.832],[-4.468,52.811],[-4.621,52.831],[-4.492,52.991],[-4.318,53.091],[-3.957,53.205],[-3.33,53.233],[-2.914,53.267],[-3.057,53.514],[-2.98,53.821],[-2.865,54.028],[-2.886,54.169],[-3.261,54.141],[-3.479,54.275],[-3.569,54.415],[-3.43,54.643],[-3.153,54.838],[-3.309,54.885],[-3.577,54.924],[-3.908,54.79],[-4.122,54.762],[-4.461,54.862],[-4.5,54.775],[-4.6,54.688],[-4.903,54.734],[-5.111,54.794],[-5.067,54.948],[-4.91,55.11],[-4.638,55.428],[-4.771,55.488],[-4.908,55.664],[-4.895,55.772],[-4.758,55.82],[-4.623,55.908],[-4.711,56.131],[-4.848,56.097],[-5.135,55.893],[-5.334,55.88],[-5.57,55.751],[-5.633,55.94],[-5.497,56.177],[-5.3,56.429],[-5.271,56.544],[-5.458,56.632],[-5.547,56.652],[-5.645,56.516],[-5.822,56.4],[-6.044,56.475],[-5.909,56.733],[-5.666,56.938],[-5.625,56.999],[-5.726,57.258],[-5.562,57.299],[-5.461,57.388],[-5.763,57.62],[-5.568,57.777],[-5.23,57.71],[-5.056,57.751],[-5.346,58.093],[-4.907,58.169],[-5.113,58.395],[-4.926,58.567],[-4.51,58.403],[-4.139,58.445],[-3.831,58.507],[-3.441,58.529],[-3.165,58.522],[-3.028,58.406],[-3.166,58.275],[-3.943,57.958],[-4.15,57.835],[-4.249,57.636],[-4.148,57.555],[-3.796,57.542],[-3.401,57.576],[-3.093,57.577],[-2.854,57.543],[-2.15,57.572],[-1.945,57.402],[-2.108,57.21],[-2.203,57.065],[-2.159,57.014],[-2.413,56.717],[-2.515,56.667],[-2.667,56.471],[-2.981,56.354],[-3.152,56.337],[-2.949,56.253],[-2.721,56.178],[-2.773,56.171],[-2.895,56.086],[-3.17,56.062],[-3.294,55.974],[-3.895,55.985],[-3.713,55.885],[-3.577,55.885],[-3.356,55.843],[-3.161,55.846],[-2.928,55.946],[-2.742,55.957],[-2.54,55.885],[-2.245,55.811],[-1.942,55.556],[-1.719,55.454],[-1.666,55.38],[-1.696,55.273],[-1.556,54.922],[-1.389,54.68],[-1.192,54.595],[-0.871,54.547],[-0.605,54.3],[-0.296,54.033],[-0.235,53.799],[-0.319,53.579],[0.081,53.386]]}},{"type":"Feature","properties":{"NAME":"United Kingdom","ABBREVN":"UK","SUBJECTO":"UK","BORDERPRECISION":3,"PARTOF":"United Kingdom"},"geometry":{"type":"LineString","coordinates":[[-5.756,55.477],[-5.689,55.628],[-5.518,55.668],[-5.482,55.443],[-5.62,55.33],[-5.698,55.331],[-5.756,55.477]]}},{"type":"Feature","properties":{"NAME":null,"ABBREVN":null,"SUBJECTO":null,"BORDERPRECISION":3,"PARTOF":null},"geometry":{"type":"LineString","coordinates":[[14.698,44.948],[14.643,44.967],[14.563,45.02],[14.487,45.033],[14.429,45.078],[14.428,45.086],[14.464,45.125],[14.524,45.145],[14.539,45.239],[14.549,45.246],[14.588,45.241],[14.658,45.123],[14.704,45.068],[14.813,44.988],[14.816,44.981],[14.805,44.969],[14.761,44.942],[14.721,44.94],[14.698,44.948]]}},{"type":"Feature","properties":{"NAME":null,"ABBREVN":null,"SUBJECTO":null,"BORDERPRECISION":3,"PARTOF":null},"geometry":{"type":"LineString","coordinates":[[14.466,44.809],[14.459,44.781],[14.474,44.76],[14.475,44.701],[14.531,44.633],[14.518,44.615],[14.493,44.606],[14.451,44.626],[14.389,44.695],[14.389,44.732],[14.374,44.749],[14.365,44.798],[14.316,44.887],[14.294,44.907],[14.297,44.932],[14.309,44.947],[14.359,44.908],[14.399,44.911],[14.393,44.956],[14.354,45.045],[14.314,45.068],[14.275,45.103],[14.276,45.127],[14.312,45.173],[14.364,45.161],[14.37,45.151],[14.354,45.119],[14.377,45.052],[14.426,44.985],[14.464,44.982],[14.476,44.96],[14.462,44.951],[14.445,44.879],[14.466,44.809]]}},{"type":"Feature","properties":{"NAME":null,"ABBREVN":null,"SUBJECTO":null,"BORDERPRECISION":3,"PARTOF":null},"geometry":{"type":"LineString","coordinates":[[14.825,44.762],[14.862,44.722],[14.865,44.707],[14.841,44.703],[14.741,44.763],[14.7,44.764],[14.659,44.795],[14.688,44.795],[14.7,44.807],[14.727,44.797],[14.687,44.837],[14.687,44.843],[14.724,44.853],[14.759,44.839],[14.757,44.804],[14.825,44.762]]}},{"type":"Feature","properties":{"NAME":null,"ABBREVN":null,"SUBJECTO":null,"BORDERPRECISION":3,"PARTOF":null},"geometry":{"type":"LineString","coordinates":[[14.517,44.473],[14.367,44.59],[14.335,44.707],[14.343,44.71],[14.391,44.691],[14.394,44.63],[14.407,44.604],[14.477,44.536],[14.531,44.498],[14.53,44.477],[14.517,44.473]]}},{"type":"Feature","properties":{"NAME":"Geneva","ABBREVN":"Geneva","SUBJECTO":"Geneva","BORDERPRECISION":3,"PARTOF":"Geneva"},"geometry":{"type":"LineString","coordinates":[[6.156,46.27],[6.164,46.269],[6.148,46.207],[6.172,46.212],[6.194,46.238],[6.199,46.264],[6.275,46.257],[6.108,46.126],[5.941,46.176],[6.01,46.24],[6.156,46.27]]}},{"type":"Feature","properties":{"NAME":"France","ABBREVN":"France","SUBJECTO":"France","BORDERPRECISION":3,"PARTOF":"France"},"geometry":{"type":"LineString","coordinates":[[6.01,46.24],[5.941,46.176],[5.935,46.026],[5.86,46.026],[5.947,45.816],[5.897,45.742],[5.922,45.656],[5.91,45.507],[5.848,45.52],[5.823,45.396],[5.935,45.322],[5.947,45.26],[6.058,45.223],[6.033,45.334],[6.083,45.372],[6.145,45.322],[6.219,45.347],[6.268,45.322],[6.243,45.297],[6.28,45.199],[6.507,45.116],[6.665,44.955],[6.943,44.869],[7.003,44.72],[6.925,44.715],[6.783,44.548],[6.87,44.349],[6.787,44.297],[6.787,44.198],[6.836,44.112],[6.886,44.149],[6.935,44.136],[6.972,44.062],[6.997,44.05],[6.923,43.976],[6.96,43.914],[6.886,43.902],[6.923,43.815],[7.355,43.902],[7.397,43.764],[7.298,43.667],[6.923,43.448],[6.523,43.151],[5.829,43.021],[5.647,43.033],[5.434,43.104],[5.052,43.328],[4.91,43.366],[4.751,43.353],[4.647,43.321],[4.417,43.346],[4.078,43.487],[3.807,43.467],[3.479,43.312],[3.318,43.196],[3.068,42.945],[3.002,42.771],[3.087,42.369],[2.937,42.41],[2.599,42.348],[2.582,42.287],[2.363,42.293],[2.171,42.382],[1.994,42.307],[1.876,42.314],[1.86,42.382],[1.709,42.423],[1.448,42.375],[1.364,42.41],[1.349,42.539],[1.307,42.635],[0.744,42.772],[0.584,42.772],[0.592,42.628],[0.348,42.635],[0.196,42.608],[0.18,42.663],[-0.166,42.649],[-0.216,42.717],[-0.41,42.786],[-0.469,42.751],[-0.587,42.765],[-0.612,42.731],[-0.84,42.909],[-0.907,42.881],[-1.397,43.032],[-1.448,42.984],[-1.515,42.998],[-1.558,43.045],[-1.466,43.155],[-1.491,43.21],[-1.702,43.196],[-1.915,43.305],[-1.746,43.36],[-1.561,43.524],[-1.314,44.559],[-1.136,44.6],[-1.23,44.73],[-1.332,44.614],[-1.276,45.129],[-1.175,45.501],[-1.123,45.432],[-0.9,45.294],[-0.814,45.122],[-0.728,45.019],[-0.855,45.321],[-1.247,45.688],[-1.237,45.8],[-1.075,46.015],[-1.166,46.184],[-1.256,46.307],[-1.403,46.404],[-1.711,46.449],[-1.942,46.706],[-2.13,46.851],[-2.005,47.043],[-2.109,47.124],[-2.264,47.183],[-2.494,47.247],[-2.576,47.325],[-2.466,47.494],[-2.614,47.572],[-2.842,47.492],[-3.063,47.604],[-3.434,47.717],[-3.712,47.798],[-3.858,47.792],[-3.955,47.904],[-4.364,47.829],[-4.391,47.942],[-4.51,47.998],[-4.675,48.017],[-4.7,48.064],[-4.313,48.101],[-4.351,48.205],[-4.588,48.251],[-4.389,48.298],[-4.35,48.391],[-4.474,48.383],[-4.592,48.392],[-4.78,48.355],[-4.762,48.552],[-4.626,48.547],[-4.488,48.612],[-4.251,48.652],[-3.999,48.731],[-3.902,48.646],[-3.821,48.721],[-3.608,48.693],[-3.558,48.81],[-3.435,48.836],[-3.091,48.872],[-2.791,48.59],[-2.636,48.552],[-2.343,48.674],[-2.2,48.599],[-2.076,48.656],[-1.871,48.712],[-1.858,48.608],[-1.591,48.638],[-1.457,48.684],[-1.576,48.768],[-1.588,48.881],[-1.563,49.036],[-1.58,49.229],[-1.639,49.22],[-1.892,49.526],[-1.941,49.709],[-1.524,49.653],[-1.251,49.7],[-1.289,49.521],[-1.177,49.333],[-1.023,49.398],[-0.465,49.351],[-0.239,49.285],[0.033,49.334],[0.331,49.455],[0.09,49.511],[0.115,49.602],[0.189,49.681],[0.529,49.826],[1.275,50.004],[1.416,50.11],[1.552,50.229],[1.528,50.578],[1.589,50.822],[1.824,50.935],[2.03,51.007],[2.443,51.048],[2.522,51.091],[2.616,50.89],[2.755,50.739],[2.875,50.682],[3.123,50.807],[3.192,50.731],[3.283,50.524],[3.37,50.465],[3.603,50.47],[3.675,50.334],[3.791,50.34],[4.051,50.318],[4.22,50.242],[4.148,50.134],[4.188,50.055],[4.156,49.966],[4.285,49.911],[4.467,49.945],[4.668,49.96],[4.755,50.101],[4.865,50.134],[4.812,49.966],[4.877,49.885],[4.86,49.782],[5.098,49.761],[5.418,49.583],[5.475,49.48],[5.788,49.559],[5.824,49.507],[6.112,49.479],[6.368,49.473],[6.433,49.445],[6.626,49.302],[6.777,49.177],[6.954,49.202],[6.975,49.137],[7.285,49.164],[7.317,49.186],[7.423,49.183],[7.465,49.099],[7.631,49.067]]}},{"type":"Feature","properties":{"NAME":"France","ABBREVN":"France","SUBJECTO":"France","BORDERPRECISION":3,"PARTOF":"France"},"geometry":{"type":"LineString","coordinates":[[7.894,48.755],[7.729,48.616],[7.705,48.52],[7.681,48.359],[7.536,48.191],[7.502,48.058],[7.543,48.024],[7.446,47.709],[7.507,47.604],[7.583,47.579],[7.429,47.464],[7.606,47.432],[7.4,47.248],[6.986,46.963],[6.672,46.797],[6.452,46.805],[6.456,46.775],[6.108,46.576],[6.163,46.546],[6.069,46.417],[6.175,46.368],[6.102,46.286],[6.12,46.263],[6.01,46.24]]}},{"type":"Feature","properties":{"NAME":"France","ABBREVN":"France","SUBJECTO":"France","BORDERPRECISION":3,"PARTOF":"France"},"geometry":{"type":"LineString","coordinates":[[7.698,49.06],[7.886,49.065],[8.158,48.978],[8.023,48.864]]}},{"type":"Feature","properties":{"NAME":"France","ABBREVN":"France","SUBJECTO":"France","BORDERPRECISION":3,"PARTOF":"France"},"geometry":{"type":"LineString","coordinates":[[8.001,48.846],[7.924,48.781]]}},{"type":"Feature","properties":{"NAME":"Milano (Austria)","ABBREVN":"Milano (Austria)","SUBJECTO":"Austria","BORDERPRECISION":3,"PARTOF":"Milano (Austria)"},"geometry":{"type":"LineString","coordinates":[[8.973,45.984],[8.974,45.967],[8.959,45.97],[8.964,45.987],[8.973,45.984]]}},{"type":"Feature","properties":{"NAME":"Milano (Austria)","ABBREVN":"Milano (Austria)","SUBJECTO":"Austria","BORDERPRECISION":3,"PARTOF":"Milano (Austria)"},"geometry":{"type":"LineString","coordinates":[[9.619,45.54],[10.459,45.212],[10.671,45.367],[10.675,45.353],[10.824,45.353],[10.856,45.051],[10.293,45.021],[9.662,45.22],[9.131,45.121],[9.048,45.154],[8.815,45.17],[8.583,45.287],[8.45,45.519],[8.467,45.768],[8.55,46.001],[8.637,46.117],[8.617,46.124],[8.851,46.079],[8.785,45.993],[8.897,45.956],[8.911,45.835],[9.029,45.824],[9.088,45.905],[8.989,45.975],[9.009,46.041],[9.249,46.239],[9.283,46.499],[9.46,46.511],[9.46,46.379],[9.548,46.305],[9.59,46.313],[9.619,45.54]]}},{"type":"Feature","properties":{"NAME":"Austrian Empire","ABBREVN":"Austrian Emp","SUBJECTO":"Austrian Empire","BORDERPRECISION":3,"PARTOF":"Austrian Empire"},"geometry":{"type":"LineString","coordinates":[[9.476,47.057],[9.473,47.057],[9.475,47.065]]}},{"type":"Feature","properties":{"NAME":"Austrian Empire","ABBREVN":"Austrian Emp","SUBJECTO":"Austrian Empire","BORDERPRECISION":3,"PARTOF":"Austrian Empire"},"geometry":{"type":"LineString","coordinates":[[9.476,47.067],[9.5,47.156]]}},{"type":"Feature","properties":{"NAME":"Austrian Empire","ABBREVN":"Austrian Emp","SUBJECTO":"Austrian Empire","BORDERPRECISION":3,"PARTOF":"Austrian Empire"},"geometry":{"type":"LineString","coordinates":[[9.545,47.061],[9.516,47.059]]}},{"type":"Feature","properties":{"NAME":"Austrian Empire","ABBREVN":"Austrian Emp","SUBJECTO":"Austrian Empire","BORDERPRECISION":3,"PARTOF":"Austrian Empire"},"geometry":{"type":"LineString","coordinates":[[12.512,50.393],[12.594,50.384],[12.653,50.412]]}},{"type":"Feature","properties":{"NAME":"Austrian Empire","ABBREVN":"Austrian Emp","SUBJECTO":"Austrian Empire","BORDERPRECISION":3,"PARTOF":"Austrian Empire"},"geometry":{"type":"LineString","coordinates":[[9.527,47.256],[9.53,47.266],[9.672,47.383],[9.562,47.5],[9.598,47.487],[9.641,47.507],[9.648,47.488],[9.666,47.496],[9.678,47.489],[9.699,47.506],[9.743,47.505],[9.752,47.511],[9.712,47.551],[9.68,47.543],[9.68,47.556],[9.665,47.556],[9.737,47.616],[9.78,47.567],[9.892,47.564],[9.938,47.502],[10.026,47.48],[10.021,47.406],[10.138,47.389],[10.103,47.301],[10.2,47.301],[10.403,47.455],[10.388,47.579],[10.495,47.56],[10.613,47.585],[10.835,47.545],[10.877,47.48],[10.903,47.415],[11.17,47.424],[11.34,47.471],[11.36,47.53],[11.503,47.536],[11.56,47.613],[12.122,47.628],[12.163,47.709],[12.358,47.724],[12.446,47.662],[12.7,47.69],[12.712,47.681]]}},{"type":"Feature","properties":{"NAME":"Austrian Empire","ABBREVN":"Austrian Emp","SUBJECTO":"Austrian Empire","BORDERPRECISION":3,"PARTOF":"Austrian Empire"},"geometry":{"type":"LineString","coordinates":[[12.712,48.11],[12.694,48.129],[12.858,48.232],[13.294,48.365],[13.367,48.442],[13.384,48.594],[13.444,48.606],[13.64,48.538],[13.947,48.655],[13.745,48.94],[13.652,48.956],[13.578,49.037],[13.48,48.999],[13.397,49.09],[13.203,49.166],[12.945,49.398],[12.861,49.366],[12.646,49.485],[12.536,49.563],[12.52,49.668],[12.448,49.706],[12.484,49.889],[12.214,50.009],[12.128,50.152],[12.085,50.152],[12.084,50.262],[12.152,50.242],[12.177,50.192],[12.202,50.24],[12.251,50.27]]}},{"type":"Feature","properties":{"NAME":"Austrian Empire","ABBREVN":"Austrian Emp","SUBJECTO":"Austrian Empire","BORDERPRECISION":3,"PARTOF":"Austrian Empire"},"geometry":{"type":"LineString","coordinates":[[12.919,47.737],[12.848,47.74],[12.857,47.753]]}},{"type":"Feature","properties":{"NAME":"Austrian Empire","ABBREVN":"Austrian Emp","SUBJECTO":"Austrian Empire","BORDERPRECISION":3,"PARTOF":"Austrian Empire"},"geometry":{"type":"LineString","coordinates":[[12.945,47.485],[12.979,47.508],[13.023,47.662],[13.004,47.716]]}},{"type":"Feature","properties":{"NAME":"Austrian Empire","ABBREVN":"Austrian Emp","SUBJECTO":"Austrian Empire","BORDERPRECISION":3,"PARTOF":"Austrian Empire"},"geometry":{"type":"LineString","coordinates":[[14.373,50.942],[14.389,50.947],[14.285,51.027]]}},{"type":"Feature","properties":{"NAME":"Austrian Empire","ABBREVN":"Austrian Emp","SUBJECTO":"Austrian Empire","BORDERPRECISION":3,"PARTOF":"Austrian Empire"},"geometry":{"type":"LineString","coordinates":[[14.296,51.051],[14.318,51.054]]}},{"type":"Feature","properties":{"NAME":"Austrian Empire","ABBREVN":"Austrian Emp","SUBJECTO":"Austrian Empire","BORDERPRECISION":3,"PARTOF":"Austrian Empire"},"geometry":{"type":"LineString","coordinates":[[14.403,51.068],[14.441,51.074]]}},{"type":"Feature","properties":{"NAME":"Austrian Empire","ABBREVN":"Austrian Emp","SUBJECTO":"Austrian Empire","BORDERPRECISION":3,"PARTOF":"Austrian Empire"},"geometry":{"type":"LineString","coordinates":[[14.608,50.92],[14.61,50.898],[14.635,50.893]]}},{"type":"Feature","properties":{"NAME":"Austrian Empire","ABBREVN":"Austrian Emp","SUBJECTO":"Austrian Empire","BORDERPRECISION":3,"PARTOF":"Austrian Empire"},"geometry":{"type":"LineString","coordinates":[[14.991,50.917],[14.997,50.917],[14.999,50.93]]}},{"type":"Feature","properties":{"NAME":"Austrian Empire","ABBREVN":"Austrian Emp","SUBJECTO":"Austrian Empire","BORDERPRECISION":3,"PARTOF":"Austrian Empire"},"geometry":{"type":"LineString","coordinates":[[15.005,50.966],[15.006,50.97]]}},{"type":"Feature","properties":{"NAME":"Austrian Empire","ABBREVN":"Austrian Emp","SUBJECTO":"Austrian Empire","BORDERPRECISION":3,"PARTOF":"Austrian Empire"},"geometry":{"type":"LineString","coordinates":[[15.008,50.983],[15.008,50.985],[14.987,51.01]]}},{"type":"Feature","properties":{"NAME":"Austrian Empire","ABBREVN":"Austrian Emp","SUBJECTO":"Austrian Empire","BORDERPRECISION":3,"PARTOF":"Austrian Empire"},"geometry":{"type":"LineString","coordinates":[[15.229,51.028],[15.232,51.027]]}},{"type":"Feature","properties":{"NAME":"Austrian Empire","ABBREVN":"Austrian Emp","SUBJECTO":"Austrian Empire","BORDERPRECISION":3,"PARTOF":"Austrian Empire"},"geometry":{"type":"LineString","coordinates":[[15.292,50.954],[15.292,50.954]]}},{"type":"Feature","properties":{"NAME":"Austrian Empire","ABBREVN":"Austrian Emp","SUBJECTO":"Austrian Empire","BORDERPRECISION":3,"PARTOF":"Austrian Empire"},"geometry":{"type":"LineString","coordinates":[[17.514,42.942],[17.075,43.223],[16.992,43.323],[16.64,43.39],[16.549,43.461],[16.367,43.513],[16.059,43.433],[15.913,43.652],[15.412,43.935],[15.149,44.24],[15.548,44.229],[15.286,44.329],[14.989,44.54],[14.907,44.723],[14.946,44.927],[14.815,45.078],[14.525,45.266],[14.354,45.323],[14.239,45.062],[14.175,45.01],[14.189,44.943],[14.06,44.895],[13.991,44.783],[13.895,44.759],[13.672,45.05],[13.644,45.179],[13.527,45.454],[13.749,45.494],[13.8,45.566],[13.825,45.663],[13.697,45.752],[13.535,45.801],[13.592,45.964],[13.441,46.004],[13.606,46.132],[13.522,46.216],[13.389,46.216],[13.344,46.285],[13.621,46.421],[13.569,46.51],[13.354,46.561],[12.952,46.597],[12.362,46.709],[12.218,46.884],[12.075,46.928],[11.74,46.752],[11.908,46.414],[11.571,46.245],[11.571,45.975],[11.335,46.009],[11.233,46.009],[11.166,45.739],[10.93,45.84],[10.795,45.638],[10.66,45.807],[10.525,45.739],[10.457,46.212],[10.558,46.313],[10.558,46.718],[10.454,46.826],[10.47,46.855],[10.49,46.938],[10.39,47.001],[10.104,46.844],[9.876,46.938],[9.88,47.02],[9.607,47.063]]}},{"type":"Feature","properties":{"NAME":"Austrian Empire","ABBREVN":"Austrian Emp","SUBJECTO":"Austrian Empire","BORDERPRECISION":3,"PARTOF":"Austrian Empire"},"geometry":{"type":"LineString","coordinates":[[19.534,45.251],[19.419,45.224],[19.424,45.193],[19.408,45.168],[19.348,45.173],[19.308,45.188],[19.278,45.178],[19.243,45.183],[19.213,45.203],[19.188,45.208],[19.167,45.203],[19.182,45.173],[19.137,45.132],[19.102,45.132],[19.102,45.062],[19.122,45.032],[19.107,44.997],[19.122,44.926],[19.082,44.911],[19.042,44.926],[19.017,44.896],[19.052,44.856],[18.931,44.841],[18.841,44.851],[18.776,44.906],[18.801,44.952],[18.781,44.992],[18.725,44.997],[18.715,45.047],[18.585,45.092],[18.54,45.052],[18.494,45.057],[18.394,45.102],[18.329,45.102],[18.258,45.122],[18.208,45.092],[18.148,45.072],[18.088,45.092],[18.037,45.122],[17.987,45.122],[17.932,45.082],[17.857,45.047],[17.666,45.117],[17.515,45.107],[17.43,45.132],[17.354,45.137],[17.284,45.178],[17.244,45.142],[17.194,45.132],[17.169,45.157],[16.933,45.238],[16.892,45.243],[16.832,45.188],[16.606,45.218],[16.511,45.208],[16.4,45.092],[16.345,45.002],[16.254,45.012],[16.139,45.072],[16.023,45.208],[15.883,45.223],[15.828,45.203],[15.787,45.122],[15.767,45.047],[15.787,44.987],[15.802,44.856],[15.747,44.826],[15.757,44.786],[15.818,44.751],[15.858,44.71],[15.958,44.68],[16.039,44.6],[16.144,44.434],[16.154,44.379],[16.224,44.329],[16.189,44.304],[16.184,44.258],[16.194,44.193],[16.27,44.198],[16.31,44.148],[16.335,44.093],[16.385,44.043],[16.536,44.007],[16.701,43.847],[16.712,43.771],[16.842,43.716],[17.013,43.555],[17.113,43.5],[17.214,43.47],[17.259,43.445],[17.259,43.395],[17.294,43.269],[17.385,43.234],[17.535,43.108],[17.646,43.053],[17.676,42.958],[17.57,42.927]]}},{"type":"Feature","properties":{"NAME":"Austrian Empire","ABBREVN":"Austrian Emp","SUBJECTO":"Austrian Empire","BORDERPRECISION":3,"PARTOF":"Austrian Empire"},"geometry":{"type":"LineString","coordinates":[[19.741,45.225],[19.587,45.21],[19.585,45.212]]}},{"type":"Feature","properties":{"NAME":"Austrian Empire","ABBREVN":"Austrian Emp","SUBJECTO":"Austrian Empire","BORDERPRECISION":3,"PARTOF":"Austrian Empire"},"geometry":{"type":"LineString","coordinates":[[19.856,45.24],[19.853,45.236],[19.85,45.236]]}},{"type":"Feature","properties":{"NAME":"Austrian Empire","ABBREVN":"Austrian Emp","SUBJECTO":"Austrian Empire","BORDERPRECISION":3,"PARTOF":"Austrian Empire"},"geometry":{"type":"LineString","coordinates":[[22.343,44.986],[22.41,44.75],[22.296,44.692],[22.199,44.564],[22.133,44.511],[21.947,44.619],[21.859,44.681],[21.592,44.708],[21.583,44.793],[21.478,44.793],[21.367,44.809],[21.364,44.82],[21.33,44.82],[21.149,44.739],[21.015,44.72],[20.922,44.671],[20.769,44.66],[20.633,44.757],[20.643,44.813],[20.571,44.847],[20.525,44.83],[20.405,44.855],[20.334,44.915],[20.288,44.971],[20.319,44.999],[20.241,45.155],[20.196,45.181],[20.024,45.173],[19.872,45.264],[19.861,45.247]]}},{"type":"Feature","properties":{"NAME":"Austrian Empire","ABBREVN":"Austrian Emp","SUBJECTO":"Austrian Empire","BORDERPRECISION":3,"PARTOF":"Austrian Empire"},"geometry":{"type":"LineString","coordinates":[[22.462,45.641],[22.343,44.986]]}},{"type":"Feature","properties":{"NAME":"Austrian Empire","ABBREVN":"Austrian Emp","SUBJECTO":"Austrian Empire","BORDERPRECISION":3,"PARTOF":"Austrian Empire"},"geometry":{"type":"LineString","coordinates":[[15.305,50.918],[15.309,50.906],[15.472,50.833],[15.818,50.797],[15.877,50.716],[16.003,50.732],[16.001,50.656],[16.21,50.686],[16.238,50.716],[16.353,50.705],[16.443,50.623],[16.399,50.569],[16.305,50.558],[16.204,50.463],[16.451,50.352],[16.585,50.181],[16.728,50.149],[16.827,50.233],[17.012,50.287],[16.884,50.423],[16.886,50.488],[17.014,50.477],[17.243,50.39],[17.36,50.336],[17.679,50.338],[17.597,50.211],[17.746,50.249],[17.751,50.036],[17.882,50.03],[18.048,50.103],[18.188,50.021],[18.549,49.962],[18.54,49.85],[18.625,49.757],[18.796,49.713],[18.769,50.177],[18.746,50.266],[19.598,49.954],[19.772,50.198],[20.017,50.198],[20.121,50.303],[20.47,50.303],[20.575,50.477],[21.098,50.477],[21.656,50.791],[22.005,51.105],[22.319,51.105],[22.18,51.001],[23.017,50.98],[23.045,50.784],[23.324,50.952],[23.296,51.482],[23.687,51.622],[23.882,51.399],[23.966,51.315],[24.05,51.51],[24.217,51.51],[24.301,51.175],[24.524,51.119],[24.552,50.868],[24.803,50.812],[24.943,50.952],[25.138,50.924],[25.473,50.505],[25.668,50.45],[25.752,50.533],[26.115,50.645],[26.087,49.668],[26.082,49.13],[26.163,48.941],[26.36,48.125],[26.123,48.125],[26.123,47.855],[25.786,47.956],[25.381,47.855],[25.246,47.686],[25.685,47.619],[26.292,47.214],[26.191,46.809],[26.045,46.751]]}},{"type":"Feature","properties":{"NAME":"Austrian Empire","ABBREVN":"Austrian Emp","SUBJECTO":"Austrian Empire","BORDERPRECISION":3,"PARTOF":"Austrian Empire"},"geometry":{"type":"LineString","coordinates":[[17.736,42.915],[17.766,42.913],[17.797,42.904]]}},{"type":"Feature","properties":{"NAME":"Austrian Empire","ABBREVN":"Austrian Emp","SUBJECTO":"Austrian Empire","BORDERPRECISION":3,"PARTOF":"Austrian Empire"},"geometry":{"type":"LineString","coordinates":[[17.891,42.811],[17.892,42.81]]}},{"type":"Feature","properties":{"NAME":"Austrian Empire","ABBREVN":"Austrian Emp","SUBJECTO":"Austrian Empire","BORDERPRECISION":3,"PARTOF":"Austrian Empire"},"geometry":{"type":"LineString","coordinates":[[18.042,42.746],[18.113,42.742],[18.253,42.626],[18.264,42.61]]}},{"type":"Feature","properties":{"NAME":"Austrian Empire","ABBREVN":"Austrian Emp","SUBJECTO":"Austrian Empire","BORDERPRECISION":3,"PARTOF":"Austrian Empire"},"geometry":{"type":"LineString","coordinates":[[18.382,42.598],[18.429,42.586],[18.457,42.558],[18.449,42.516],[18.464,42.481],[18.501,42.448],[18.504,42.438]]}},{"type":"Feature","properties":{"NAME":"Kingdom of Sardinia","ABBREVN":"Sardinia","SUBJECTO":"Kingdom of Sardinia","BORDERPRECISION":3,"PARTOF":"Kingdom of Sardinia"},"geometry":{"type":"LineString","coordinates":[[7.505,43.835],[7.397,43.764],[7.355,43.902],[6.923,43.815],[6.886,43.902],[6.96,43.914],[6.923,43.976],[6.997,44.05],[6.972,44.062],[6.935,44.136],[6.886,44.149],[6.836,44.112],[6.787,44.198],[6.787,44.297],[6.87,44.349],[6.783,44.548],[6.925,44.715],[7.003,44.72],[6.943,44.869],[6.665,44.955],[6.507,45.116],[6.28,45.199],[6.243,45.297],[6.268,45.322],[6.219,45.347],[6.145,45.322],[6.083,45.372],[6.033,45.334],[6.058,45.223],[5.947,45.26],[5.935,45.322],[5.823,45.396],[5.848,45.52],[5.91,45.507],[5.922,45.656],[5.897,45.742],[5.947,45.816],[5.86,46.026],[5.935,46.026],[5.941,46.176],[6.108,46.126],[6.384,46.342],[6.414,46.36],[6.477,46.376],[6.484,46.393],[6.783,46.398],[6.807,46.394],[6.809,46.38],[6.776,46.362],[6.864,46.292],[6.804,46.137]]}},{"type":"Feature","properties":{"NAME":"Kingdom of Sardinia","ABBREVN":"Sardinia","SUBJECTO":"Kingdom of Sardinia","BORDERPRECISION":3,"PARTOF":"Kingdom of Sardinia"},"geometry":{"type":"LineString","coordinates":[[7.73,43.898],[7.689,43.887],[7.587,43.872]]}},{"type":"Feature","properties":{"NAME":"Kingdom of Sardinia","ABBREVN":"Sardinia","SUBJECTO":"Kingdom of Sardinia","BORDERPRECISION":3,"PARTOF":"Kingdom of Sardinia"},"geometry":{"type":"LineString","coordinates":[[8.042,44.013],[7.98,43.965],[7.87,43.935]]}},{"type":"Feature","properties":{"NAME":"Kingdom of Sardinia","ABBREVN":"Sardinia","SUBJECTO":"Kingdom of Sardinia","BORDERPRECISION":3,"PARTOF":"Kingdom of Sardinia"},"geometry":{"type":"LineString","coordinates":[[8.142,44.092],[8.117,44.072]]}},{"type":"Feature","properties":{"NAME":"Kingdom of Sardinia","ABBREVN":"Sardinia","SUBJECTO":"Kingdom of Sardinia","BORDERPRECISION":3,"PARTOF":"Kingdom of Sardinia"},"geometry":{"type":"LineString","coordinates":[[8.193,44.13],[8.186,44.126],[8.168,44.112]]}},{"type":"Feature","properties":{"NAME":"Kingdom of Sardinia","ABBREVN":"Sardinia","SUBJECTO":"Kingdom of Sardinia","BORDERPRECISION":3,"PARTOF":"Kingdom of Sardinia"},"geometry":{"type":"LineString","coordinates":[[6.804,46.137],[6.903,46.125],[6.876,46.054],[7.049,45.924],[7.196,45.861],[7.577,45.991],[7.873,45.921],[8.154,46.146],[8.089,46.268],[8.437,46.466],[8.443,46.251],[8.613,46.125],[8.637,46.117],[8.55,46.001],[8.467,45.768],[8.45,45.519],[8.583,45.287],[8.815,45.17],[9.048,45.154],[9.131,45.121],[9.131,44.789],[9.23,44.772],[9.254,44.689]]}},{"type":"Feature","properties":{"NAME":"Kingdom of Sardinia","ABBREVN":"Sardinia","SUBJECTO":"Kingdom of Sardinia","BORDERPRECISION":3,"PARTOF":"Kingdom of Sardinia"},"geometry":{"type":"LineString","coordinates":[[9.471,44.47],[9.479,44.473],[9.589,44.43]]}},{"type":"Feature","properties":{"NAME":"Kingdom of Sardinia","ABBREVN":"Sardinia","SUBJECTO":"Kingdom of Sardinia","BORDERPRECISION":3,"PARTOF":"Kingdom of Sardinia"},"geometry":{"type":"LineString","coordinates":[[9.659,44.403],[9.778,44.357],[9.828,44.29],[9.878,44.29],[9.842,44.197]]}},{"type":"Feature","properties":{"NAME":"Republic of the Seven Zenden","ABBREVN":"Republic of the Seven Zenden","SUBJECTO":"Republic of the Seven Zenden","BORDERPRECISION":3,"PARTOF":"Republic of the Seven Zenden"},"geometry":{"type":"LineString","coordinates":[[8.243,46.356],[8.089,46.268],[8.154,46.146],[7.873,45.921],[7.577,45.991],[7.196,45.861],[7.049,45.924],[6.876,46.054],[6.903,46.125],[6.804,46.137],[6.864,46.292],[6.776,46.362],[6.809,46.38],[6.809,46.394],[6.857,46.385],[6.864,46.395],[6.878,46.394],[7.033,46.184],[7.221,46.327],[7.5,46.373],[7.547,46.387],[7.535,46.409],[7.61,46.443],[7.694,46.426],[7.709,46.364],[7.752,46.363],[7.75,46.321],[7.907,46.302],[7.999,46.323],[8.176,46.433],[8.176,46.471],[8.314,46.396],[8.243,46.356]]}},{"type":"Feature","properties":{"NAME":"Swiss Confederation","ABBREVN":"Helvetic","SUBJECTO":"Swiss Confederation","BORDERPRECISION":3,"PARTOF":"Swiss Confederation"},"geometry":{"type":"LineString","coordinates":[[7.67,47.546],[7.691,47.534],[8.217,47.621],[8.584,47.596],[8.609,47.672],[8.407,47.674],[8.572,47.808],[8.827,47.681],[8.983,47.68],[8.936,47.659],[8.894,47.652],[8.86,47.657],[8.907,47.645],[8.961,47.657],[8.983,47.67],[9.066,47.674],[9.09,47.673],[9.096,47.666],[9.178,47.664],[9.191,47.648],[9.339,47.592]]}},{"type":"Feature","properties":{"NAME":"Swiss Confederation","ABBREVN":"Helvetic","SUBJECTO":"Swiss Confederation","BORDERPRECISION":3,"PARTOF":"Swiss Confederation"},"geometry":{"type":"LineString","coordinates":[[7.674,47.585],[7.64,47.563],[7.641,47.562]]}},{"type":"Feature","properties":{"NAME":"Swiss Confederation","ABBREVN":"Helvetic","SUBJECTO":"Swiss Confederation","BORDERPRECISION":3,"PARTOF":"Swiss Confederation"},"geometry":{"type":"LineString","coordinates":[[9.475,47.065],[9.473,47.057],[9.476,47.057]]}},{"type":"Feature","properties":{"NAME":"Swiss Confederation","ABBREVN":"Helvetic","SUBJECTO":"Swiss Confederation","BORDERPRECISION":3,"PARTOF":"Swiss Confederation"},"geometry":{"type":"LineString","coordinates":[[9.339,47.592],[9.382,47.571],[9.387,47.544],[9.437,47.519],[9.436,47.507],[9.466,47.496],[9.482,47.482],[9.53,47.481],[9.561,47.5],[9.672,47.383],[9.53,47.266],[9.527,47.256]]}},{"type":"Feature","properties":{"NAME":"Swiss Confederation","ABBREVN":"Helvetic","SUBJECTO":"Swiss Confederation","BORDERPRECISION":3,"PARTOF":"Swiss Confederation"},"geometry":{"type":"LineString","coordinates":[[9.5,47.156],[9.476,47.067]]}},{"type":"Feature","properties":{"NAME":"Swiss Confederation","ABBREVN":"Helvetic","SUBJECTO":"Swiss Confederation","BORDERPRECISION":3,"PARTOF":"Swiss Confederation"},"geometry":{"type":"LineString","coordinates":[[9.516,47.059],[9.545,47.061]]}},{"type":"Feature","properties":{"NAME":"Swiss Confederation","ABBREVN":"Helvetic","SUBJECTO":"Swiss Confederation","BORDERPRECISION":3,"PARTOF":"Swiss Confederation"},"geometry":{"type":"LineString","coordinates":[[9.607,47.063],[9.88,47.02],[9.876,46.938],[10.104,46.844],[10.39,47.001],[10.49,46.938],[10.47,46.855],[10.379,46.688],[10.491,46.621],[10.468,46.546],[10.293,46.554],[10.236,46.638],[10.044,46.546],[10.04,46.447],[10.166,46.41],[10.129,46.229],[10.039,46.234],[9.953,46.381],[9.548,46.305],[9.46,46.379],[9.46,46.511],[9.283,46.499],[9.249,46.239],[9.009,46.041],[8.989,45.975],[9.088,45.905],[9.029,45.824],[8.911,45.835],[8.897,45.956],[8.785,45.993],[8.851,46.079],[8.613,46.125],[8.443,46.251],[8.437,46.466],[8.314,46.396],[8.176,46.471],[8.176,46.433],[7.999,46.323],[7.907,46.302],[7.75,46.321],[7.752,46.363],[7.709,46.364],[7.694,46.426],[7.61,46.443],[7.535,46.409],[7.547,46.388],[7.5,46.373],[7.221,46.327],[7.033,46.184],[6.878,46.394],[6.924,46.396],[6.935,46.41],[6.907,46.44],[6.866,46.448],[6.837,46.468],[6.78,46.475],[6.749,46.489],[6.727,46.486],[6.682,46.504],[6.596,46.519],[6.563,46.508],[6.52,46.517],[6.449,46.474],[6.4,46.46],[6.347,46.461],[6.291,46.423],[6.275,46.392],[6.248,46.386],[6.218,46.355],[6.171,46.296],[6.164,46.269],[6.12,46.263],[6.102,46.286],[6.175,46.368],[6.069,46.417],[6.163,46.546],[6.108,46.576],[6.456,46.775],[6.452,46.805],[6.672,46.797],[6.986,46.963],[7.18,47.093],[7.4,47.248],[7.606,47.432],[7.429,47.464],[7.595,47.588]]}},{"type":"Feature","properties":{"NAME":"Swiss Confederation","ABBREVN":"Helvetic","SUBJECTO":"Swiss Confederation","BORDERPRECISION":3,"PARTOF":"Swiss Confederation"},"geometry":{"type":"LineString","coordinates":[[8.717,47.691],[8.702,47.714],[8.667,47.711],[8.679,47.698],[8.661,47.691],[8.666,47.686],[8.689,47.696],[8.717,47.691]]}},{"type":"Feature","properties":{"NAME":"Swiss Confederation","ABBREVN":"Helvetic","SUBJECTO":"Swiss Confederation","BORDERPRECISION":3,"PARTOF":"Swiss Confederation"},"geometry":{"type":"LineString","coordinates":[[8.97,45.968],[8.976,45.975],[8.968,45.986],[8.959,45.97],[8.97,45.968]]}},{"type":"Feature","properties":{"NAME":"Baden","ABBREVN":"Baden","SUBJECTO":"Baden","BORDERPRECISION":3,"PARTOF":"Baden"},"geometry":{"type":"LineString","coordinates":[[8.636,47.776],[8.572,47.808],[8.407,47.674],[8.609,47.672],[8.584,47.596],[8.217,47.621],[7.691,47.534],[7.67,47.546]]}},{"type":"Feature","properties":{"NAME":"Baden","ABBREVN":"Baden","SUBJECTO":"Baden","BORDERPRECISION":3,"PARTOF":"Baden"},"geometry":{"type":"LineString","coordinates":[[7.641,47.562],[7.64,47.563],[7.674,47.585]]}},{"type":"Feature","properties":{"NAME":"Baden","ABBREVN":"Baden","SUBJECTO":"Baden","BORDERPRECISION":3,"PARTOF":"Baden"},"geometry":{"type":"LineString","coordinates":[[7.595,47.588],[7.583,47.579],[7.507,47.604],[7.446,47.709],[7.543,48.024],[7.502,48.058],[7.536,48.191],[7.681,48.359],[7.705,48.52],[7.729,48.616],[7.894,48.755]]}},{"type":"Feature","properties":{"NAME":"Baden","ABBREVN":"Baden","SUBJECTO":"Baden","BORDERPRECISION":3,"PARTOF":"Baden"},"geometry":{"type":"LineString","coordinates":[[7.924,48.781],[8.001,48.846]]}},{"type":"Feature","properties":{"NAME":"Baden","ABBREVN":"Baden","SUBJECTO":"Baden","BORDERPRECISION":3,"PARTOF":"Baden"},"geometry":{"type":"LineString","coordinates":[[8.041,48.46],[8.022,48.458],[8.397,47.911],[8.512,48.112],[8.636,47.776]]}},{"type":"Feature","properties":{"NAME":"Baden","ABBREVN":"Baden","SUBJECTO":"Baden","BORDERPRECISION":3,"PARTOF":"Baden"},"geometry":{"type":"LineString","coordinates":[[8.023,48.864],[8.158,48.978],[8.483,49.294],[8.31,49.553],[8.512,49.524],[8.599,49.38],[8.656,49.553],[8.721,49.553],[8.722,49.546]]}},{"type":"Feature","properties":{"NAME":"Baden","ABBREVN":"Baden","SUBJECTO":"Baden","BORDERPRECISION":3,"PARTOF":"Baden"},"geometry":{"type":"LineString","coordinates":[[8.724,49.53],[8.742,49.398],[8.804,49.356],[8.929,49.356],[8.971,49.335],[8.908,49.273],[9.075,49.273],[9.075,49.377],[9.159,49.398],[9.209,49.499]]}},{"type":"Feature","properties":{"NAME":"Baden","ABBREVN":"Baden","SUBJECTO":"Baden","BORDERPRECISION":3,"PARTOF":"Baden"},"geometry":{"type":"LineString","coordinates":[[9.638,49.319],[9.638,49.273],[9.471,49.21],[9.428,49.095],[9.261,49.063],[8.887,48.775],[8.858,48.717],[8.743,48.833],[8.368,48.487],[8.08,48.463]]}},{"type":"Feature","properties":{"NAME":"Baden","ABBREVN":"Baden","SUBJECTO":"Baden","BORDERPRECISION":3,"PARTOF":"Baden"},"geometry":{"type":"LineString","coordinates":[[9.638,49.549],[9.638,49.414]]}},{"type":"Feature","properties":{"NAME":"Baden","ABBREVN":"Baden","SUBJECTO":"Baden","BORDERPRECISION":3,"PARTOF":"Baden"},"geometry":{"type":"LineString","coordinates":[[9.638,49.414],[9.638,49.398]]}},{"type":"Feature","properties":{"NAME":"Württemberg","ABBREVN":"Württemberg","SUBJECTO":"Württemberg","BORDERPRECISION":3,"PARTOF":"Württemberg"},"geometry":{"type":"LineString","coordinates":[[8.612,48.231],[8.522,48.292],[8.291,48.352],[8.291,48.281],[8.512,48.141],[8.512,48.112],[8.397,47.911],[8.022,48.458],[8.041,48.46]]}},{"type":"Feature","properties":{"NAME":"Württemberg","ABBREVN":"Württemberg","SUBJECTO":"Württemberg","BORDERPRECISION":3,"PARTOF":"Württemberg"},"geometry":{"type":"LineString","coordinates":[[8.08,48.463],[8.368,48.487],[8.743,48.833],[8.858,48.717],[8.887,48.775],[9.261,49.063],[9.428,49.095],[9.471,49.21],[9.638,49.273],[9.638,49.294],[9.805,49.315],[9.805,49.169],[9.763,48.96],[9.659,48.877],[9.659,48.772],[9.722,48.627],[9.722,48.355],[9.576,48.293],[9.638,47.709],[9.464,47.649],[9.421,47.666],[9.348,47.661],[9.237,47.711],[9.226,47.739],[9.132,47.772],[9.106,47.792],[9.043,47.818],[9.031,47.805],[9.067,47.78],[9.174,47.734],[9.18,47.705],[9.201,47.707],[9.188,47.699],[9.211,47.683],[9.216,47.671],[9.199,47.678],[9.118,47.679],[9.113,47.686],[9.081,47.683],[9.043,47.693],[9.048,47.708],[9.084,47.69],[9.109,47.69],[9.101,47.702],[8.987,47.743],[9.014,47.72],[8.959,47.737],[8.94,47.726],[8.994,47.707],[9.006,47.695],[8.983,47.68],[8.827,47.681],[8.636,47.776],[8.594,47.889],[8.682,47.97],[8.612,48.231]]}},{"type":"Feature","properties":{"NAME":"Württemberg","ABBREVN":"Württemberg","SUBJECTO":"Württemberg","BORDERPRECISION":3,"PARTOF":"Württemberg"},"geometry":{"type":"LineString","coordinates":[[8.667,47.711],[8.7,47.714],[8.717,47.691],[8.689,47.696],[8.666,47.686],[8.661,47.691],[8.679,47.698],[8.667,47.711]]}},{"type":"Feature","properties":{"NAME":null,"ABBREVN":null,"SUBJECTO":null,"BORDERPRECISION":3,"PARTOF":null},"geometry":{"type":"LineString","coordinates":[[27.781,35.89],[27.733,35.911],[27.719,35.941],[27.731,35.979],[27.741,36.104],[27.72,36.166],[27.803,36.268],[27.896,36.332],[28.068,36.405],[28.207,36.442],[28.216,36.458],[28.226,36.453],[28.238,36.431],[28.207,36.344],[28.123,36.186],[28.064,36.112],[28.009,36.069],[27.946,36.035],[27.866,35.932],[27.843,35.914],[27.781,35.89]]}},{"type":"Feature","properties":{"NAME":null,"ABBREVN":null,"SUBJECTO":null,"BORDERPRECISION":3,"PARTOF":null},"geometry":{"type":"LineString","coordinates":[[26.97,36.924],[26.936,36.932],[26.919,36.947],[26.882,37.069],[26.891,37.076],[26.986,37.044],[27.048,36.994],[27.046,36.944],[26.97,36.924]]}},{"type":"Feature","properties":{"NAME":null,"ABBREVN":null,"SUBJECTO":null,"BORDERPRECISION":3,"PARTOF":null},"geometry":{"type":"LineString","coordinates":[[26.971,36.672],[26.946,36.679],[26.923,36.706],[26.918,36.755],[27.061,36.837],[27.177,36.889],[27.284,36.901],[27.341,36.885],[27.353,36.872],[27.355,36.859],[27.329,36.843],[27.243,36.827],[26.981,36.747],[26.971,36.736],[26.966,36.704],[26.971,36.672]]}},{"type":"Feature","properties":{"NAME":null,"ABBREVN":null,"SUBJECTO":null,"BORDERPRECISION":3,"PARTOF":null},"geometry":{"type":"LineString","coordinates":[[26.887,37.097],[26.854,37.097],[26.821,37.111],[26.769,37.176],[26.786,37.191],[26.855,37.183],[26.889,37.109],[26.887,37.097]]}},{"type":"Feature","properties":{"NAME":null,"ABBREVN":null,"SUBJECTO":null,"BORDERPRECISION":3,"PARTOF":null},"geometry":{"type":"LineString","coordinates":[[-4.153,53.226],[-4.218,53.2],[-4.326,53.145],[-4.351,53.124],[-4.402,53.126],[-4.494,53.189],[-4.567,53.273],[-4.569,53.388],[-4.56,53.397],[-4.429,53.424],[-4.314,53.412],[-4.277,53.398],[-4.222,53.322],[-4.047,53.303],[-4.09,53.255],[-4.153,53.226]]}},{"type":"Feature","properties":{"NAME":null,"ABBREVN":null,"SUBJECTO":null,"BORDERPRECISION":3,"PARTOF":null},"geometry":{"type":"LineString","coordinates":[[-5.104,55.439],[-5.232,55.43],[-5.34,55.475],[-5.4,55.601],[-5.381,55.669],[-5.295,55.717],[-5.239,55.714],[-5.16,55.679],[-5.085,55.557],[-5.076,55.455],[-5.104,55.439]]}},{"type":"Feature","properties":{"NAME":null,"ABBREVN":null,"SUBJECTO":null,"BORDERPRECISION":3,"PARTOF":null},"geometry":{"type":"LineString","coordinates":[[-6.122,55.879],[-6.098,55.797],[-6.088,55.784],[-6.052,55.767],[-6.03,55.721],[-6.025,55.681],[-6.077,55.65],[-6.274,55.573],[-6.326,55.587],[-6.322,55.615],[-6.286,55.707],[-6.253,55.764],[-6.251,55.771],[-6.265,55.778],[-6.338,55.78],[-6.38,55.728],[-6.449,55.68],[-6.485,55.669],[-6.509,55.682],[-6.495,55.734],[-6.45,55.849],[-6.442,55.854],[-6.37,55.869],[-6.31,55.864],[-6.137,55.934],[-6.119,55.922],[-6.122,55.879]]}},{"type":"Feature","properties":{"NAME":null,"ABBREVN":null,"SUBJECTO":null,"BORDERPRECISION":3,"PARTOF":null},"geometry":{"type":"LineString","coordinates":[[-5.947,55.83],[-5.972,55.788],[-6.027,55.792],[-6.063,55.804],[-6.076,55.816],[-6.088,55.877],[-6.079,55.906],[-5.968,56.024],[-5.809,56.11],[-5.711,56.15],[-5.694,56.147],[-5.685,56.126],[-5.691,56.107],[-5.746,56.064],[-5.947,55.83]]}},{"type":"Feature","properties":{"NAME":null,"ABBREVN":null,"SUBJECTO":null,"BORDERPRECISION":3,"PARTOF":null},"geometry":{"type":"LineString","coordinates":[[-7.467,56.941],[-7.55,56.947],[-7.56,56.96],[-7.44,57.054],[-7.419,57.044],[-7.378,56.982],[-7.435,56.945],[-7.467,56.941]]}},{"type":"Feature","properties":{"NAME":null,"ABBREVN":null,"SUBJECTO":null,"BORDERPRECISION":3,"PARTOF":null},"geometry":{"type":"LineString","coordinates":[[-7.223,57.337],[-7.252,57.327],[-7.285,57.336],[-7.288,57.322],[-7.259,57.152],[-7.215,57.114],[-7.226,57.097],[-7.287,57.106],[-7.356,57.099],[-7.381,57.109],[-7.417,57.182],[-7.425,57.382],[-7.368,57.401],[-7.336,57.396],[-7.272,57.375],[-7.223,57.337]]}},{"type":"Feature","properties":{"NAME":null,"ABBREVN":null,"SUBJECTO":null,"BORDERPRECISION":3,"PARTOF":null},"geometry":{"type":"LineString","coordinates":[[-7.269,57.399],[-7.314,57.4],[-7.388,57.424],[-7.409,57.448],[-7.406,57.464],[-7.351,57.489],[-7.244,57.476],[-7.205,57.461],[-7.202,57.419],[-7.269,57.399]]}},{"type":"Feature","properties":{"NAME":null,"ABBREVN":null,"SUBJECTO":null,"BORDERPRECISION":3,"PARTOF":null},"geometry":{"type":"LineString","coordinates":[[-7.189,57.687],[-7.067,57.637],[-7.154,57.509],[-7.321,57.505],[-7.325,57.544],[-7.412,57.568],[-7.477,57.562],[-7.543,57.591],[-7.491,57.646],[-7.473,57.655],[-7.275,57.656],[-7.245,57.677],[-7.189,57.687]]}},{"type":"Feature","properties":{"NAME":null,"ABBREVN":null,"SUBJECTO":null,"BORDERPRECISION":3,"PARTOF":null},"geometry":{"type":"LineString","coordinates":[[-7.006,57.881],[-7.074,57.878],[-7.077,57.893],[-7.033,57.916],[-6.994,57.919],[-6.997,57.891],[-7.006,57.881]]}},{"type":"Feature","properties":{"NAME":null,"ABBREVN":null,"SUBJECTO":null,"BORDERPRECISION":3,"PARTOF":null},"geometry":{"type":"LineString","coordinates":[[-6.802,58.203],[-6.869,58.204],[-6.89,58.252],[-6.854,58.25],[-6.81,58.229],[-6.794,58.218],[-6.791,58.207],[-6.802,58.203]]}},{"type":"Feature","properties":{"NAME":null,"ABBREVN":null,"SUBJECTO":null,"BORDERPRECISION":3,"PARTOF":null},"geometry":{"type":"LineString","coordinates":[[-6.204,58.356],[-6.232,58.318],[-6.324,58.264],[-6.328,58.238],[-6.325,58.232],[-6.277,58.223],[-6.221,58.234],[-6.168,58.261],[-6.148,58.256],[-6.158,58.218],[-6.172,58.207],[-6.225,58.184],[-6.264,58.177],[-6.329,58.183],[-6.367,58.159],[-6.382,58.13],[-6.497,58.097],[-6.62,58.082],[-6.497,58.087],[-6.396,58.105],[-6.354,58.033],[-6.458,57.968],[-6.474,57.94],[-6.571,57.911],[-6.662,57.924],[-6.699,57.967],[-6.706,58.008],[-6.697,58.021],[-6.653,58.048],[-6.594,58.046],[-6.6,58.054],[-6.684,58.057],[-6.761,57.998],[-6.726,57.954],[-6.685,57.934],[-6.661,57.885],[-6.735,57.826],[-6.973,57.725],[-7.124,57.821],[-7.127,57.833],[-7.118,57.838],[-7.066,57.821],[-6.83,57.901],[-6.879,57.932],[-6.935,57.95],[-6.985,57.959],[-7.036,57.953],[-7.075,57.962],[-7.113,57.984],[-7.084,58.008],[-7.056,58.02],[-7.058,58.036],[-7.094,58.071],[-7.128,58.13],[-7.094,58.182],[-7.041,58.233],[-7.001,58.234],[-6.908,58.213],[-6.908,58.206],[-6.936,58.188],[-6.862,58.104],[-6.873,58.179],[-6.805,58.196],[-6.75,58.185],[-6.745,58.197],[-6.787,58.229],[-6.808,58.26],[-6.818,58.28],[-6.798,58.302],[-6.673,58.349],[-6.652,58.349],[-6.647,58.342],[-6.55,58.363],[-6.293,58.488],[-6.267,58.512],[-6.223,58.496],[-6.166,58.425],[-6.204,58.356]]}},{"type":"Feature","properties":{"NAME":null,"ABBREVN":null,"SUBJECTO":null,"BORDERPRECISION":3,"PARTOF":null},"geometry":{"type":"LineString","coordinates":[[-2.918,58.732],[-2.948,58.731],[-2.971,58.742],[-3.037,58.818],[-3.004,58.833],[-2.916,58.839],[-2.886,58.832],[-2.878,58.824],[-2.918,58.732]]}},{"type":"Feature","properties":{"NAME":null,"ABBREVN":null,"SUBJECTO":null,"BORDERPRECISION":3,"PARTOF":null},"geometry":{"type":"LineString","coordinates":[[-3.231,58.776],[-3.301,58.778],[-3.431,58.871],[-3.418,58.904],[-3.398,58.917],[-3.336,58.927],[-3.228,58.885],[-3.136,58.804],[-3.142,58.785],[-3.231,58.776]]}},{"type":"Feature","properties":{"NAME":null,"ABBREVN":null,"SUBJECTO":null,"BORDERPRECISION":3,"PARTOF":null},"geometry":{"type":"LineString","coordinates":[[-2.793,58.951],[-2.756,58.918],[-2.824,58.879],[-2.97,58.939],[-3.057,58.936],[-3.195,58.911],[-3.346,58.966],[-3.368,59.01],[-3.351,59.106],[-3.317,59.129],[-3.219,59.149],[-3.077,59.122],[-2.998,59.07],[-2.996,59.056],[-2.947,58.998],[-2.852,58.976],[-2.793,58.951]]}},{"type":"Feature","properties":{"NAME":null,"ABBREVN":null,"SUBJECTO":null,"BORDERPRECISION":3,"PARTOF":null},"geometry":{"type":"LineString","coordinates":[[-2.681,59.196],[-2.686,59.184],[-2.694,59.197],[-2.684,59.221],[-2.593,59.291],[-2.556,59.303],[-2.407,59.314],[-2.39,59.283],[-2.496,59.245],[-2.621,59.236],[-2.681,59.196]]}},{"type":"Feature","properties":{"NAME":null,"ABBREVN":null,"SUBJECTO":null,"BORDERPRECISION":3,"PARTOF":null},"geometry":{"type":"LineString","coordinates":[[-2.89,59.295],[-2.85,59.268],[-2.853,59.249],[-2.877,59.229],[-2.877,59.259],[-2.937,59.284],[-2.972,59.287],[-2.977,59.273],[-2.999,59.261],[-3.076,59.331],[-2.89,59.295]]}},{"type":"Feature","properties":{"NAME":null,"ABBREVN":null,"SUBJECTO":null,"BORDERPRECISION":3,"PARTOF":null},"geometry":{"type":"LineString","coordinates":[[-1.296,60.491],[-1.287,60.471],[-1.037,60.444],[-1.101,60.276],[-1.164,60.258],[-1.187,60.27],[-1.201,60.263],[-1.186,60.231],[-1.126,60.152],[-1.147,60.132],[-1.171,60.137],[-1.212,60.103],[-1.221,60.022],[-1.26,59.862],[-1.269,59.851],[-1.307,59.857],[-1.372,59.892],[-1.378,59.902],[-1.332,59.997],[-1.306,60.013],[-1.263,60.107],[-1.262,60.131],[-1.291,60.241],[-1.41,60.255],[-1.364,60.23],[-1.353,60.209],[-1.358,60.192],[-1.449,60.151],[-1.52,60.181],[-1.527,60.187],[-1.52,60.201],[-1.665,60.231],[-1.693,60.28],[-1.691,60.288],[-1.655,60.303],[-1.427,60.321],[-1.346,60.34],[-1.32,60.356],[-1.446,60.461],[-1.554,60.476],[-1.61,60.474],[-1.593,60.508],[-1.547,60.536],[-1.416,60.605],[-1.302,60.637],[-1.287,60.613],[-1.296,60.491]]}},{"type":"Feature","properties":{"NAME":null,"ABBREVN":null,"SUBJECTO":null,"BORDERPRECISION":3,"PARTOF":null},"geometry":{"type":"LineString","coordinates":[[-1.029,60.496],[-1.127,60.486],[-1.14,60.489],[-1.17,60.527],[-1.184,60.603],[-1.179,60.633],[-1.11,60.726],[-1.099,60.73],[-0.991,60.72],[-0.982,60.656],[-1.029,60.496]]}},{"type":"Feature","properties":{"NAME":null,"ABBREVN":null,"SUBJECTO":null,"BORDERPRECISION":3,"PARTOF":null},"geometry":{"type":"LineString","coordinates":[[-0.82,60.689],[-0.835,60.673],[-0.936,60.674],[-0.966,60.688],[-0.939,60.794],[-0.878,60.844],[-0.806,60.841],[-0.768,60.829],[-0.758,60.818],[-0.764,60.793],[-0.82,60.689]]}},{"type":"Feature","properties":{"NAME":null,"ABBREVN":null,"SUBJECTO":null,"BORDERPRECISION":3,"PARTOF":null},"geometry":{"type":"LineString","coordinates":[[-6.655,61.389],[-6.719,61.407],[-6.846,61.468],[-6.958,61.599],[-6.963,61.619],[-6.945,61.637],[-6.889,61.645],[-6.724,61.573],[-6.709,61.558],[-6.642,61.401],[-6.655,61.389]]}},{"type":"Feature","properties":{"NAME":null,"ABBREVN":null,"SUBJECTO":null,"BORDERPRECISION":3,"PARTOF":null},"geometry":{"type":"LineString","coordinates":[[-6.604,61.822],[-6.63,61.761],[-6.652,61.743],[-6.705,61.777],[-6.841,61.817],[-6.866,61.837],[-6.909,61.901],[-6.905,61.908],[-6.864,61.907],[-6.783,61.897],[-6.661,61.859],[-6.604,61.822]]}},{"type":"Feature","properties":{"NAME":null,"ABBREVN":null,"SUBJECTO":null,"BORDERPRECISION":3,"PARTOF":null},"geometry":{"type":"LineString","coordinates":[[-7.05,62.068],[-7.063,62.049],[-7.202,62.019],[-7.192,62.04],[-7.227,62.064],[-7.251,62.043],[-7.346,62.052],[-7.378,62.065],[-7.431,62.116],[-7.435,62.14],[-7.223,62.159],[-7.163,62.129],[-7.045,62.094],[-7.04,62.088],[-7.05,62.068]]}},{"type":"Feature","properties":{"NAME":null,"ABBREVN":null,"SUBJECTO":null,"BORDERPRECISION":3,"PARTOF":null},"geometry":{"type":"LineString","coordinates":[[-6.707,61.937],[-6.725,61.934],[-6.773,61.95],[-6.869,61.997],[-6.961,62.047],[-7.035,62.112],[-7.13,62.126],[-7.232,62.172],[-7.234,62.193],[-7.211,62.285],[-7.196,62.305],[-7.135,62.304],[-7.066,62.282],[-7.045,62.243],[-6.991,62.193],[-6.841,62.124],[-6.725,62.035],[-6.696,61.979],[-6.707,61.937]]}},{"type":"Feature","properties":{"NAME":null,"ABBREVN":null,"SUBJECTO":null,"BORDERPRECISION":3,"PARTOF":null},"geometry":{"type":"LineString","coordinates":[[-6.62,62.23],[-6.686,62.245],[-6.712,62.294],[-6.721,62.331],[-6.626,62.253],[-6.62,62.23]]}},{"type":"Feature","properties":{"NAME":null,"ABBREVN":null,"SUBJECTO":null,"BORDERPRECISION":3,"PARTOF":null},"geometry":{"type":"LineString","coordinates":[[-6.657,62.092],[-6.657,62.056],[-6.922,62.167],[-7.025,62.238],[-7.062,62.296],[-7.06,62.314],[-6.95,62.338],[-6.807,62.29],[-6.601,62.197],[-6.588,62.134],[-6.657,62.092]]}},{"type":"Feature","properties":{"NAME":null,"ABBREVN":null,"SUBJECTO":null,"BORDERPRECISION":3,"PARTOF":null},"geometry":{"type":"LineString","coordinates":[[-6.419,62.184],[-6.518,62.169],[-6.572,62.212],[-6.588,62.24],[-6.551,62.251],[-6.549,62.301],[-6.574,62.35],[-6.542,62.357],[-6.522,62.318],[-6.493,62.291],[-6.392,62.258],[-6.389,62.251],[-6.407,62.192],[-6.419,62.184]]}},{"type":"Feature","properties":{"NAME":null,"ABBREVN":null,"SUBJECTO":null,"BORDERPRECISION":3,"PARTOF":null},"geometry":{"type":"LineString","coordinates":[[-6.586,62.256],[-6.62,62.267],[-6.664,62.322],[-6.661,62.372],[-6.632,62.371],[-6.566,62.296],[-6.566,62.265],[-6.586,62.256]]}},{"type":"Feature","properties":{"NAME":null,"ABBREVN":null,"SUBJECTO":null,"BORDERPRECISION":3,"PARTOF":null},"geometry":{"type":"LineString","coordinates":[[-6.406,62.284],[-6.48,62.298],[-6.547,62.384],[-6.519,62.397],[-6.489,62.381],[-6.392,62.297],[-6.406,62.284]]}},{"type":"Feature","properties":{"NAME":null,"ABBREVN":null,"SUBJECTO":null,"BORDERPRECISION":3,"PARTOF":null},"geometry":{"type":"LineString","coordinates":[[-4.778,54.056],[-4.789,54.063],[-4.714,54.214],[-4.618,54.254],[-4.578,54.297],[-4.553,54.344],[-4.527,54.367],[-4.443,54.398],[-4.368,54.417],[-4.354,54.411],[-4.309,54.293],[-4.394,54.186],[-4.491,54.127],[-4.624,54.069],[-4.705,54.08],[-4.778,54.056]]}},{"type":"Feature","properties":{"NAME":"Sweden","ABBREVN":"Sweden","SUBJECTO":"Sweden","BORDERPRECISION":3,"PARTOF":"Sweden"},"geometry":{"type":"LineString","coordinates":[[26.323,60.27],[25.89,60.236],[25.846,60.115],[25.581,60.262],[25.45,60.138],[25.146,60.11],[24.993,60.03],[24.969,60.087],[24.516,59.989],[24.421,59.87],[24.281,59.938],[23.979,59.881],[23.961,59.932],[23.665,59.836],[23.201,59.818],[22.982,59.932],[22.882,60.056],[23.005,60.209],[22.625,60.201],[22.392,60.121],[22.421,60.293],[22.221,60.259],[21.931,60.381],[21.747,60.408],[21.56,60.512],[21.443,60.694],[21.427,61.015],[21.498,61.183],[21.521,61.38],[21.561,61.485],[21.405,61.702],[21.211,61.871],[21.346,62.167],[21.338,62.344],[21.2,62.435],[21.034,62.477],[21.062,62.612],[21.195,62.761],[21.481,62.889],[21.546,62.974],[21.495,63.123],[21.666,63.187],[22.075,63.103],[22.292,63.203],[22.429,63.395],[22.476,63.602],[22.569,63.723],[22.704,63.581],[22.826,63.581],[23.58,64.082],[24.094,64.377],[24.47,64.636],[24.932,64.816],[25.325,64.802],[25.352,64.939],[25.293,65.004],[25.133,65.076],[25.252,65.417],[25.104,65.54],[24.591,65.583],[24.215,65.786],[23.844,65.798],[23.406,65.725],[23.204,65.681],[22.798,65.855],[22.646,65.935],[22.49,65.883],[22.202,65.715],[21.957,65.446],[21.819,65.38],[21.522,65.372],[21.277,65.212],[21.424,65.104],[21.489,65.017],[21.329,64.894],[20.921,64.714],[21.064,64.592],[21.237,64.521],[21.386,64.385],[21.049,64.219],[20.866,64.026],[20.701,63.818],[19.67,63.389],[19.465,63.481],[19.318,63.445],[19.076,63.202],[18.785,63.138],[18.487,62.981],[18.389,62.853],[18.303,62.789],[17.967,62.775],[17.868,62.789],[17.936,62.548],[17.718,62.357],[17.29,62.441],[17.387,62.201],[17.497,62.088],[17.387,61.658],[17.163,61.63],[17.065,61.538],[17.15,61.198],[17.146,60.953],[17.318,60.753],[17.188,60.674],[17.605,60.638],[17.706,60.554],[17.931,60.59],[18.224,60.323],[18.417,60.182],[18.804,60.108],[18.893,59.926],[19.037,59.863],[19.044,59.712],[18.868,59.712],[18.639,59.567],[18.03,59.359],[17.795,59.364],[17.73,59.416],[17.368,59.468],[17.071,59.546],[16.786,59.577],[16.724,59.531],[16.523,59.583],[16.408,59.447],[16.776,59.479],[17,59.359],[17.266,59.339],[17.358,59.245],[17.575,59.214],[17.584,59.271],[17.862,59.24],[17.978,59.328],[18.111,59.323],[18.328,59.37],[18.43,59.333],[18.441,59.401],[18.515,59.401],[18.611,59.333],[18.598,59.297],[18.273,59.287],[18.372,59.157],[18.016,59.038],[17.94,58.908],[17.766,58.872],[17.726,58.914],[17.745,58.986],[17.739,59.11],[17.623,59.1],[17.582,58.893],[17.357,58.743],[17.245,58.717],[17.083,58.748],[17.081,58.65],[16.443,58.634],[16.513,58.428],[16.744,58.312],[16.774,58.038],[16.725,57.889],[16.598,57.866],[16.46,57.895],[16.477,57.702],[16.607,57.666],[16.55,57.545],[16.659,57.443],[16.494,57.279],[16.395,57.074],[16.376,56.822],[16.031,56.353],[15.771,56.033],[15.696,56.061],[15.497,56.167],[15.221,56.08],[14.653,56.121],[14.605,55.981],[14.492,56.018],[14.259,55.899],[14.126,55.667],[14.286,55.515],[14.117,55.347],[13.823,55.422],[13.302,55.301],[12.802,55.353],[12.802,55.417],[12.888,55.452],[12.859,55.533],[12.986,55.667],[12.699,55.905],[12.414,56.243],[12.652,56.296],[12.615,56.436],[12.805,56.401],[12.872,56.512],[12.786,56.617],[12.657,56.611],[12.526,56.78],[12.289,56.88],[12.005,57.325],[11.877,57.325],[11.881,57.509],[11.766,57.673],[11.61,57.807],[11.709,58.025],[11.802,58.178],[11.614,58.247],[11.431,58.202],[11.407,58.331],[11.221,58.308],[11.14,58.851],[11.039,58.91],[11.179,59.07],[11.311,59.011],[11.379,58.857],[11.563,58.863],[11.709,59.195],[11.61,59.569],[11.838,59.67],[11.891,59.86],[12.077,59.866],[12.423,60.039],[12.436,60.278],[12.548,60.434],[12.431,60.626],[12.174,60.956],[12.597,61.029],[12.792,61.33],[12.658,61.44],[12.337,61.523],[12.075,61.698],[12.226,62.226],[11.933,62.554],[12.09,63.046],[12.124,63.345],[12.299,63.566],[12.577,63.782],[12.853,63.897],[13.131,63.949],[13.551,63.937],[13.88,63.953],[14.078,64.032],[14.155,64.111],[14.042,64.376],[13.87,64.497],[13.718,64.553],[13.94,64.799],[14.199,65.023],[14.371,65.234],[14.515,65.503],[14.542,65.94],[14.597,66.05],[15.038,66.06],[15.347,66.259],[15.944,66.672],[16.221,66.828],[16.305,66.983],[16.228,67.211],[16.206,67.307],[16.874,67.837],[17.083,67.912],[17.209,67.905],[17.601,67.863],[17.914,67.864],[18.057,67.999],[18.094,68.088],[18.104,68.386],[18.179,68.469],[18.959,68.294],[19.396,68.229],[19.697,68.171],[19.843,68.164],[19.965,68.276],[20.039,68.478],[20.166,68.958],[20.555,68.975],[20.739,68.961],[20.791,68.932],[21.246,69.228],[21.406,69.273],[21.625,69.237],[22.072,68.961],[22.46,68.694],[22.701,68.635],[23.336,68.616],[24.082,68.717],[24.662,68.495],[24.801,68.429],[25.063,68.595],[25.625,68.807],[25.71,69.032],[25.746,69.258],[25.863,69.454],[26.118,69.644],[26.507,69.812],[27.409,69.855],[27.659,69.886],[27.909,69.888],[28.415,69.694],[28.717,69.642],[29.113,69.486],[29.133,69.366],[28.74,68.95],[28.696,68.785],[28.697,68.696],[29.007,68.832],[29.463,69.134],[29.924,69.355],[30.21,69.4],[29.95,68.726],[29.557,67.913],[29.688,67.415],[29.688,66.864],[29.452,66.129],[29.871,63.795],[30.007,63.755],[30.413,63.483],[32.429,63.096],[32.492,62.934],[31.106,62.762],[29.698,61.635],[28.568,61.442],[28.582,61.473],[28.693,61.484],[28.679,61.524],[28.68,61.558],[28.722,61.581],[28.79,61.59],[28.76,61.61],[28.608,61.617],[28.629,61.642],[28.73,61.671],[28.941,61.626],[29.098,61.578],[29.115,61.6],[29.266,61.615],[29.29,61.649],[29.426,61.734],[29.477,61.742],[29.531,61.778],[29.727,61.848],[29.733,61.874],[29.777,61.889],[29.757,61.949],[29.685,62.004],[29.638,62.005],[29.615,61.983],[29.552,62.003],[29.492,62.046],[29.47,62.08],[29.492,62.089],[29.518,62.123],[29.607,62.145],[29.688,62.138],[29.708,62.151],[29.911,62.115],[29.982,62.133],[29.96,62.164],[29.791,62.2],[29.727,62.199],[29.648,62.223],[29.599,62.27],[29.641,62.31],[29.768,62.313],[29.793,62.335],[29.802,62.362],[29.835,62.389],[29.926,62.434],[29.825,62.518],[29.776,62.577],[29.697,62.609],[29.633,62.597],[29.593,62.527],[29.589,62.5],[29.612,62.462],[29.65,62.427],[29.626,62.419],[29.509,62.467],[29.422,62.523],[29.364,62.53],[29.335,62.6],[29.279,62.599],[29.261,62.551],[29.3,62.476],[29.297,62.426],[29.265,62.394],[29.298,62.313],[29.298,62.275],[29.319,62.242],[29.353,62.219],[29.345,62.186],[29.33,62.166],[29.198,62.177],[28.976,62.142],[28.826,62.134],[28.786,62.177],[28.837,62.185],[28.87,62.235],[28.765,62.348],[28.693,62.383],[28.666,62.387],[28.668,62.368],[28.699,62.328],[28.67,62.306],[28.63,62.294],[28.608,62.279],[28.566,62.222],[28.506,62.22],[28.406,62.237],[28.324,62.287],[28.277,62.276],[28.276,62.256],[28.067,62.244],[27.97,62.259],[27.963,62.298],[27.991,62.337],[28.042,62.379],[28.04,62.409],[27.915,62.43],[27.846,62.524],[27.758,62.583],[27.801,62.627],[27.755,62.652],[27.766,62.68],[27.849,62.719],[27.979,62.732],[28.057,62.69],[28.138,62.538],[28.106,62.476],[28.103,62.442],[28.169,62.434],[28.191,62.448],[28.211,62.508],[28.274,62.565],[28.367,62.587],[28.424,62.575],[28.555,62.523],[28.565,62.499],[28.496,62.501],[28.529,62.474],[28.659,62.42],[28.81,62.382],[28.898,62.39],[28.799,62.456],[28.653,62.527],[28.264,62.663],[28.268,62.689],[28.211,62.73],[28.149,62.804],[28.144,62.825],[28.187,62.857],[28.154,62.933],[28.192,62.964],[28.308,63.003],[28.35,63.026],[28.352,63.04],[28.106,63.009],[28.006,63.04],[27.888,63.019],[27.851,63.032],[27.848,63.071],[27.81,63.092],[27.767,63.1],[27.736,63.059],[27.774,62.996],[27.77,62.946],[27.723,62.954],[27.605,63.015],[27.559,63.001],[27.44,63.023],[27.358,63.068],[27.264,63.146],[27.337,63.213],[27.347,63.279],[27.363,63.316],[27.338,63.346],[27.25,63.376],[27.211,63.417],[27.234,63.427],[27.234,63.457],[27.183,63.518],[27.113,63.546],[26.899,63.584],[26.899,63.566],[26.959,63.524],[27.02,63.501],[27.038,63.517],[27.068,63.523],[27.135,63.496],[27.175,63.438],[27.19,63.388],[27.239,63.332],[27.246,63.308],[27.213,63.309],[27.193,63.289],[27.193,63.169],[27.207,63.122],[27.176,63.084],[27.33,63.001],[27.391,62.941],[27.415,62.902],[27.494,62.863],[27.56,62.851],[27.564,62.877],[27.588,62.9],[27.652,62.925],[27.684,62.912],[27.65,62.816],[27.666,62.76],[27.619,62.71],[27.608,62.601],[27.669,62.528],[27.67,62.513],[27.647,62.498],[27.6,62.494],[27.398,62.576],[27.352,62.544],[27.339,62.519],[27.295,62.518],[27.191,62.572],[27.159,62.577],[27.178,62.553],[27.236,62.507],[27.297,62.477],[27.367,62.482],[27.419,62.496],[27.459,62.479],[27.489,62.443],[27.547,62.412],[27.597,62.418],[27.679,62.412],[27.755,62.429],[27.8,62.429],[27.877,62.329],[27.902,62.244],[27.899,62.157],[27.926,62.133],[28.086,62.1],[28.297,62.097],[28.403,62.069],[28.427,62.052],[28.579,61.993],[28.737,61.891],[28.838,61.863],[28.84,61.846],[28.807,61.828],[28.672,61.826],[28.539,61.841],[28.442,61.768],[28.369,61.751],[28.306,61.756],[28.262,61.744],[28.248,61.716],[28.234,61.621],[28.185,61.544],[28.129,61.549],[28.104,61.522],[28.054,61.511],[28,61.549],[27.946,61.601],[27.921,61.627],[27.918,61.657],[27.866,61.696],[27.816,61.728],[27.626,61.801],[27.605,61.781],[27.623,61.764],[27.705,61.731],[27.773,61.685],[27.758,61.656],[27.678,61.636],[27.665,61.607],[27.593,61.581],[27.515,61.577],[27.488,61.618],[27.471,61.599],[27.476,61.539],[27.459,61.523],[27.359,61.531],[27.327,61.632],[27.329,61.693],[27.276,61.653],[27.296,61.557],[27.298,61.484],[27.274,61.468],[27.301,61.433],[27.265,61.379],[27.27,61.324],[27.368,61.326],[27.435,61.296],[27.432,61.27],[27.406,61.259],[27.443,61.25],[26.695,61.122],[26.531,60.393],[26.526,60.396],[26.552,60.571],[26.443,60.333],[26.323,60.27]]}},{"type":"Feature","properties":{"NAME":"Sweden","ABBREVN":"Sweden","SUBJECTO":"Sweden","BORDERPRECISION":3,"PARTOF":"Sweden"},"geometry":{"type":"LineString","coordinates":[[13.973,59.066],[13.945,59.067],[13.931,59.09],[13.994,59.157],[14.047,59.241],[14.056,59.29],[14.046,59.314],[14.028,59.32],[13.962,59.334],[13.904,59.328],[13.83,59.341],[13.752,59.331],[13.72,59.378],[13.68,59.39],[13.278,59.357],[13.251,59.345],[13.252,59.315],[13.246,59.31],[13.218,59.311],[13.191,59.325],[13.173,59.348],[13.155,59.353],[13.108,59.284],[13.103,59.255],[13.123,59.198],[13.177,59.097],[13.221,58.993],[13.244,58.93],[13.236,58.905],[13.195,58.899],[13.122,58.921],[13.088,58.947],[13.041,59.014],[12.869,59.073],[12.818,59.082],[12.746,59.065],[12.708,59.036],[12.6,58.846],[12.576,58.826],[12.557,58.819],[12.535,58.832],[12.51,58.901],[12.497,58.92],[12.469,58.935],[12.464,58.921],[12.474,58.84],[12.459,58.817],[12.432,58.813],[12.425,58.801],[12.448,58.783],[12.471,58.783],[12.5,58.764],[12.504,58.695],[12.525,58.661],[12.611,58.641],[12.607,58.617],[12.488,58.513],[12.329,58.434],[12.313,58.395],[12.335,58.374],[12.507,58.397],[12.554,58.43],[12.571,58.432],[12.573,58.419],[12.551,58.379],[12.58,58.372],[12.624,58.382],[12.728,58.452],[12.798,58.486],[12.869,58.504],[12.952,58.572],[13.041,58.604],[13.115,58.608],[13.148,58.597],[13.149,58.559],[13.137,58.541],[13.148,58.521],[13.172,58.512],[13.24,58.515],[13.358,58.617],[13.517,58.663],[13.737,58.704],[13.8,58.722],[13.975,58.865],[13.995,58.945],[13.993,58.986],[14.012,59.004],[14.039,59.004],[14.072,59.028],[14.089,59.092],[14.083,59.1],[14.066,59.097],[14.005,59.068],[13.973,59.066]]}},{"type":"Feature","properties":{"NAME":"Sweden","ABBREVN":"Sweden","SUBJECTO":"Sweden","BORDERPRECISION":3,"PARTOF":"Sweden"},"geometry":{"type":"LineString","coordinates":[[27.574,61.272],[27.368,61.369],[27.328,61.4],[27.36,61.422],[27.418,61.437],[27.556,61.397],[27.629,61.383],[27.659,61.355],[27.677,61.31],[27.65,61.285],[27.574,61.272]]}},{"type":"Feature","properties":{"NAME":"Sweden","ABBREVN":"Sweden","SUBJECTO":"Sweden","BORDERPRECISION":3,"PARTOF":"Sweden"},"geometry":{"type":"LineString","coordinates":[[18.148,57.235],[18.158,57.316],[18.142,57.409],[18.11,57.513],[18.119,57.531],[18.179,57.588],[18.295,57.646],[18.382,57.719],[18.467,57.812],[18.682,57.914],[18.725,57.923],[19.005,57.909],[19.033,57.827],[18.929,57.74],[18.849,57.721],[18.809,57.704],[18.76,57.508],[18.769,57.467],[18.788,57.448],[18.712,57.242],[18.397,57.134],[18.341,57.074],[18.336,57.017],[18.347,56.999],[18.302,56.937],[18.216,56.913],[18.169,56.91],[18.14,56.915],[18.158,56.942],[18.257,57.032],[18.254,57.079],[18.173,57.142],[18.148,57.235]]}},{"type":"Feature","properties":{"NAME":"Sweden","ABBREVN":"Sweden","SUBJECTO":"Sweden","BORDERPRECISION":3,"PARTOF":"Sweden"},"geometry":{"type":"LineString","coordinates":[[12.474,54.248],[12.463,54.255],[12.653,54.321],[12.765,54.27],[12.943,54.347],[13.026,54.265],[13.064,54.194]]}},{"type":"Feature","properties":{"NAME":"Sweden","ABBREVN":"Sweden","SUBJECTO":"Sweden","BORDERPRECISION":3,"PARTOF":"Sweden"},"geometry":{"type":"LineString","coordinates":[[12.599,54.162],[12.586,54.171]]}},{"type":"Feature","properties":{"NAME":"Sweden","ABBREVN":"Sweden","SUBJECTO":"Sweden","BORDERPRECISION":3,"PARTOF":"Sweden"},"geometry":{"type":"LineString","coordinates":[[12.869,53.973],[12.9,54.025],[12.742,54.077]]}},{"type":"Feature","properties":{"NAME":"Sweden","ABBREVN":"Sweden","SUBJECTO":"Sweden","BORDERPRECISION":3,"PARTOF":"Sweden"},"geometry":{"type":"LineString","coordinates":[[13.064,54.194],[13.431,54.03],[13.668,54.084],[13.555,53.827],[13.248,53.966],[12.901,53.928]]}},{"type":"Feature","properties":{"NAME":"Sweden","ABBREVN":"Sweden","SUBJECTO":"Sweden","BORDERPRECISION":3,"PARTOF":"Sweden"},"geometry":{"type":"LineString","coordinates":[[13.641,54.513],[13.585,54.483],[13.578,54.454],[13.617,54.404],[13.676,54.401],[13.714,54.378],[13.744,54.331],[13.731,54.276],[13.715,54.272],[13.696,54.281],[13.711,54.297],[13.713,54.321],[13.689,54.348],[13.508,54.343],[13.359,54.275],[13.357,54.26],[13.413,54.265],[13.426,54.252],[13.429,54.238],[13.393,54.221],[13.319,54.249],[13.25,54.258],[13.156,54.306],[13.117,54.339],[13.134,54.372],[13.223,54.369],[13.268,54.383],[13.239,54.411],[13.208,54.428],[13.165,54.434],[13.229,54.465],[13.232,54.486],[13.167,54.513],[13.147,54.546],[13.304,54.55],[13.367,54.58],[13.378,54.558],[13.447,54.489],[13.484,54.484],[13.503,54.493],[13.517,54.513],[13.503,54.55],[13.459,54.551],[13.426,54.57],[13.384,54.578],[13.375,54.61],[13.311,54.573],[13.245,54.559],[13.225,54.64],[13.263,54.667],[13.438,54.68],[13.442,54.671],[13.429,54.66],[13.397,54.652],[13.383,54.639],[13.391,54.607],[13.407,54.589],[13.456,54.573],[13.647,54.583],[13.677,54.565],[13.679,54.542],[13.67,54.522],[13.641,54.513]]}},{"type":"Feature","properties":{"NAME":"Sweden","ABBREVN":"Sweden","SUBJECTO":"Sweden","BORDERPRECISION":3,"PARTOF":"Sweden"},"geometry":{"type":"LineString","coordinates":[[16.474,56.224],[16.421,56.211],[16.411,56.225],[16.403,56.274],[16.393,56.529],[16.42,56.586],[16.543,56.776],[16.617,56.874],[16.749,56.94],[16.848,57.064],[16.963,57.229],[16.959,57.274],[16.973,57.305],[17.022,57.345],[17.057,57.359],[17.106,57.348],[17.124,57.321],[17.051,57.187],[16.927,57.038],[16.841,56.832],[16.808,56.824],[16.77,56.796],[16.571,56.394],[16.576,56.361],[16.496,56.241],[16.474,56.224]]}},{"type":"Feature","properties":{"NAME":"Sweden","ABBREVN":"Sweden","SUBJECTO":"Sweden","BORDERPRECISION":3,"PARTOF":"Sweden"},"geometry":{"type":"LineString","coordinates":[[20.211,59.98],[20.137,59.992],[19.999,60.055],[20.008,60.067],[20.103,60.096],[20.123,60.081],[20.205,60.064],[20.212,60.06],[20.227,60.003],[20.211,59.98]]}},{"type":"Feature","properties":{"NAME":"Sweden","ABBREVN":"Sweden","SUBJECTO":"Sweden","BORDERPRECISION":3,"PARTOF":"Sweden"},"geometry":{"type":"LineString","coordinates":[[20.2,60.086],[20.216,60.139],[20.223,60.142],[20.269,60.141],[20.292,60.125],[20.298,60.11],[20.271,60.057],[20.263,60.054],[20.2,60.086]]}},{"type":"Feature","properties":{"NAME":"Sweden","ABBREVN":"Sweden","SUBJECTO":"Sweden","BORDERPRECISION":3,"PARTOF":"Sweden"},"geometry":{"type":"LineString","coordinates":[[19.612,60.253],[19.627,60.244],[19.666,60.193],[19.677,60.157],[19.673,60.15],[19.604,60.153],[19.575,60.122],[19.543,60.128],[19.511,60.175],[19.536,60.225],[19.58,60.255],[19.612,60.253]]}},{"type":"Feature","properties":{"NAME":"Sweden","ABBREVN":"Sweden","SUBJECTO":"Sweden","BORDERPRECISION":3,"PARTOF":"Sweden"},"geometry":{"type":"LineString","coordinates":[[20.025,60.311],[19.914,60.217],[19.937,60.184],[20.026,60.154],[20.053,60.096],[20.044,60.086],[19.958,60.089],[19.948,60.079],[19.944,60.043],[19.918,60.093],[19.875,60.095],[19.868,60.077],[19.848,60.076],[19.772,60.081],[19.751,60.095],[19.699,60.159],[19.648,60.257],[19.749,60.305],[19.783,60.293],[19.777,60.261],[19.761,60.238],[19.796,60.187],[19.817,60.188],[19.931,60.277],[19.937,60.289],[19.892,60.343],[19.883,60.342],[19.862,60.312],[19.78,60.349],[19.825,60.392],[19.857,60.404],[19.906,60.4],[20.085,60.35],[20.277,60.274],[20.172,60.164],[20.092,60.17],[20.082,60.179],[20.101,60.216],[20.123,60.226],[20.12,60.24],[20.062,60.301],[20.025,60.311]]}},{"type":"Feature","properties":{"NAME":"Sweden","ABBREVN":"Sweden","SUBJECTO":"Sweden","BORDERPRECISION":3,"PARTOF":"Sweden"},"geometry":{"type":"LineString","coordinates":[[20.397,60.195],[20.387,60.193],[20.345,60.231],[20.343,60.247],[20.366,60.266],[20.394,60.267],[20.441,60.253],[20.441,60.243],[20.397,60.195]]}},{"type":"Feature","properties":{"NAME":"Sweden","ABBREVN":"Sweden","SUBJECTO":"Sweden","BORDERPRECISION":3,"PARTOF":"Sweden"},"geometry":{"type":"LineString","coordinates":[[27.903,62.973],[28.062,62.976],[28.099,62.852],[28.109,62.755],[28.072,62.746],[27.886,62.834],[27.842,62.911],[27.849,62.951],[27.903,62.973]]}},{"type":"Feature","properties":{"NAME":"Sweden","ABBREVN":"Sweden","SUBJECTO":"Sweden","BORDERPRECISION":3,"PARTOF":"Sweden"},"geometry":{"type":"LineString","coordinates":[[27.914,61.442],[27.798,61.405],[27.712,61.403],[27.662,61.435],[27.564,61.456],[27.52,61.485],[27.548,61.491],[27.666,61.483],[27.7,61.488],[27.712,61.534],[27.732,61.547],[27.859,61.519],[27.946,61.527],[27.969,61.503],[27.959,61.48],[27.914,61.442]]}},{"type":"Feature","properties":{"NAME":"Sweden","ABBREVN":"Sweden","SUBJECTO":"Sweden","BORDERPRECISION":3,"PARTOF":"Sweden"},"geometry":{"type":"LineString","coordinates":[[28.495,61.444],[28.416,61.416],[28.24,61.394],[28.226,61.443],[28.255,61.497],[28.24,61.523],[28.243,61.539],[28.308,61.582],[28.286,61.623],[28.277,61.71],[28.328,61.73],[28.388,61.712],[28.476,61.723],[28.515,61.699],[28.536,61.622],[28.493,61.602],[28.459,61.558],[28.445,61.516],[28.496,61.478],[28.495,61.444]]}},{"type":"Feature","properties":{"NAME":"Sweden","ABBREVN":"Sweden","SUBJECTO":"Sweden","BORDERPRECISION":3,"PARTOF":"Sweden"},"geometry":{"type":"LineString","coordinates":[[29.474,61.951],[29.445,61.948],[29.403,61.975],[29.342,61.971],[29.327,61.944],[29.309,61.87],[29.255,61.807],[29.137,61.775],[28.99,61.802],[28.944,61.873],[28.828,61.963],[28.714,61.995],[28.691,62.036],[28.703,62.082],[28.809,62.082],[29.019,62.125],[29.102,62.118],[29.322,62.13],[29.363,62.105],[29.442,62.038],[29.477,61.967],[29.474,61.951]]}},{"type":"Feature","properties":{"NAME":null,"ABBREVN":null,"SUBJECTO":null,"BORDERPRECISION":3,"PARTOF":null},"geometry":{"type":"LineString","coordinates":[[23.206,58.445],[23.198,58.45],[23.142,58.444],[23.077,58.414],[23.064,58.386],[23.029,58.358],[22.757,58.24],[22.649,58.23],[22.582,58.241],[22.475,58.242],[22.367,58.22],[22.279,58.184],[22.267,58.171],[22.276,58.142],[22.262,58.094],[22.202,57.986],[22.073,57.917],[22.038,57.908],[21.994,57.923],[21.981,57.958],[21.986,57.976],[22.082,58.077],[22.101,58.085],[22.151,58.086],[22.201,58.145],[22.177,58.159],[22.079,58.171],[21.884,58.252],[21.849,58.279],[21.841,58.293],[21.874,58.34],[22.008,58.353],[21.996,58.381],[21.917,58.457],[21.868,58.478],[21.832,58.505],[21.925,58.517],[21.985,58.516],[22.112,58.492],[22.198,58.549],[22.327,58.577],[22.502,58.602],[22.624,58.593],[22.768,58.6],[22.808,58.616],[22.905,58.617],[22.991,58.598],[23.273,58.492],[23.32,58.462],[23.333,58.442],[23.328,58.434],[23.267,58.429],[23.206,58.445]]}},{"type":"Feature","properties":{"NAME":null,"ABBREVN":null,"SUBJECTO":null,"BORDERPRECISION":3,"PARTOF":null},"geometry":{"type":"LineString","coordinates":[[22.948,58.844],[22.866,58.824],[22.889,58.811],[22.887,58.788],[22.884,58.78],[22.848,58.774],[22.784,58.776],[22.777,58.79],[22.783,58.796],[22.829,58.818],[22.812,58.826],[22.776,58.819],[22.747,58.806],[22.721,58.782],[22.667,58.705],[22.624,58.691],[22.547,58.687],[22.48,58.7],[22.465,58.71],[22.472,58.764],[22.45,58.831],[22.382,58.887],[22.277,58.889],[22.229,58.878],[22.064,58.924],[22.042,58.94],[22.065,58.952],[22.376,58.952],[22.434,58.966],[22.488,58.992],[22.576,59.069],[22.699,59.051],[22.699,59.02],[22.72,59.004],[22.801,58.997],[22.861,59.002],[22.93,58.982],[22.952,58.967],[23.048,58.844],[23.022,58.821],[22.948,58.844]]}},{"type":"Feature","properties":{"NAME":null,"ABBREVN":null,"SUBJECTO":null,"BORDERPRECISION":3,"PARTOF":null},"geometry":{"type":"LineString","coordinates":[[22.601,60],[22.572,60.027],[22.521,60.003],[22.473,59.997],[22.471,60.072],[22.424,60.108],[22.415,60.152],[22.444,60.213],[22.468,60.222],[22.475,60.213],[22.588,60.202],[22.824,60.227],[22.848,60.119],[22.836,60.091],[22.736,60.003],[22.682,59.998],[22.633,60.005],[22.601,59.983],[22.601,60]]}},{"type":"Feature","properties":{"NAME":null,"ABBREVN":null,"SUBJECTO":null,"BORDERPRECISION":3,"PARTOF":null},"geometry":{"type":"LineString","coordinates":[[50.119,69.041],[50.166,69.079],[50.225,69.143],[50.224,69.15],[50.189,69.152],[50.13,69.138],[49.959,69.076],[49.806,68.952],[49.678,68.873],[49.452,68.811],[48.795,68.723],[48.576,68.733],[48.226,68.883],[48.216,68.895],[48.212,69.056],[48.266,69.123],[48.269,69.215],[48.289,69.254],[48.313,69.279],[48.414,69.348],[48.608,69.435],[48.833,69.489],[48.943,69.507],[49.244,69.506],[49.379,69.48],[49.725,69.378],[50.143,69.267],[50.194,69.241],[50.329,69.138],[50.329,69.117],[50.312,69.101],[50.143,68.993],[50.113,68.995],[50.119,69.041]]}},{"type":"Feature","properties":{"NAME":null,"ABBREVN":null,"SUBJECTO":null,"BORDERPRECISION":3,"PARTOF":null},"geometry":{"type":"LineString","coordinates":[[23.083,70.289],[22.851,70.406],[22.896,70.448],[23.19,70.548],[23.224,70.547],[23.261,70.532],[23.407,70.555],[23.401,70.602],[23.386,70.616],[23.403,70.622],[23.539,70.612],[23.592,70.583],[23.653,70.501],[23.659,70.462],[23.644,70.438],[23.345,70.309],[23.218,70.276],[23.156,70.274],[23.083,70.289]]}},{"type":"Feature","properties":{"NAME":null,"ABBREVN":null,"SUBJECTO":null,"BORDERPRECISION":3,"PARTOF":null},"geometry":{"type":"LineString","coordinates":[[-8.955,70.822],[-9.006,70.808],[-9.059,70.804],[-9.076,70.809],[-9.12,70.858],[-9.106,70.872],[-8.934,70.923],[-8.764,70.951],[-8.511,71.013],[-8.382,71.121],[-8.344,71.137],[-8.129,71.171],[-7.997,71.181],[-7.95,71.168],[-7.927,71.151],[-7.985,71.043],[-8.008,71.03],[-8.119,71.004],[-8.394,70.959],[-8.46,70.971],[-8.62,70.959],[-8.938,70.84],[-8.955,70.822]]}},{"type":"Feature","properties":{"NAME":"Russian Empire","ABBREVN":"Russia","SUBJECTO":"Russian Empire","BORDERPRECISION":3,"PARTOF":"Russian Empire"},"geometry":{"type":"LineString","coordinates":[[29.861,63.853],[30.007,63.755],[29.871,63.795],[29.861,63.853]]}},{"type":"Feature","properties":{"NAME":"Lombardy","ABBREVN":"Lombardy","SUBJECTO":"Lombardy","BORDERPRECISION":3,"PARTOF":"Lombardy"},"geometry":{"type":"LineString","coordinates":[[10.671,45.367],[10.459,45.212],[9.619,45.54],[9.59,46.313],[9.953,46.381],[10.039,46.234],[10.129,46.229],[10.166,46.41],[10.04,46.447],[10.044,46.546],[10.236,46.638],[10.293,46.554],[10.468,46.546],[10.491,46.621],[10.379,46.688],[10.454,46.826],[10.558,46.718],[10.558,46.313],[10.457,46.212],[10.525,45.739],[10.66,45.807],[10.642,45.469],[10.671,45.367]]}},{"type":"Feature","properties":{"NAME":"Denmark-Norway","ABBREVN":"","SUBJECTO":"Denmark-Norway","BORDERPRECISION":3,"PARTOF":"Denmark-Norway"},"geometry":{"type":"LineString","coordinates":[[-25,69.319],[-24.897,69.392],[-24.584,69.34],[-24.333,69.333],[-23.444,69.568],[-22.732,69.774],[-22.158,70.056],[-22.434,70.079],[-23.009,70.093],[-23.459,70.092],[-23.587,70.084],[-23.775,70.145],[-24.195,70.243],[-24.585,70.304],[-25,70.296],[-25,69.319]]}},{"type":"Feature","properties":{"NAME":"Denmark-Norway","ABBREVN":"","SUBJECTO":"Denmark-Norway","BORDERPRECISION":3,"PARTOF":"Denmark-Norway"},"geometry":{"type":"LineString","coordinates":[[-25,71.468],[-24.913,71.437],[-24.386,71.183],[-24.227,71.059],[-24.04,70.774],[-23.754,70.59],[-23.084,70.468],[-22.616,70.484],[-22.203,70.485],[-21.714,70.386],[-21.547,70.44],[-21.471,70.532],[-21.592,71.211],[-21.726,71.405],[-21.904,71.497],[-22.03,71.435],[-22.431,71.341],[-22.649,71.745],[-22.818,71.87],[-23.247,72],[-25,72],[-25,71.468]]}},{"type":"Feature","properties":{"NAME":"Denmark-Norway","ABBREVN":"","SUBJECTO":"Denmark-Norway","BORDERPRECISION":3,"PARTOF":"Denmark-Norway"},"geometry":{"type":"LineString","coordinates":[[-24.219,65.534],[-24.147,65.439],[-23.678,65.317],[-23.374,65.354],[-23.183,65.427],[-22.814,65.471],[-22.362,65.45],[-22.146,65.385],[-21.955,65.378],[-21.794,65.298],[-21.729,65.182],[-21.809,65.037],[-21.978,64.95],[-22.45,64.906],[-22.778,64.855],[-23.136,64.847],[-23.437,64.804],[-23.611,64.746],[-23.675,64.659],[-23.508,64.559],[-22.554,64.625],[-22.392,64.662],[-22.279,64.619],[-22.086,64.44],[-21.857,64.383],[-21.488,64.376],[-21.804,64.11],[-22.311,63.952],[-22.507,63.866],[-22.373,63.773],[-21.548,63.718],[-21.079,63.711],[-20.88,63.74],[-20.404,63.698],[-19.827,63.478],[-19.553,63.415],[-18.961,63.337],[-18.642,63.324],[-18.157,63.367],[-17.944,63.425],[-17.591,63.689],[-17.244,63.733],[-16.918,63.733],[-16.534,63.784],[-15.876,63.993],[-15.634,64.057],[-15.267,64.28],[-15.077,64.209],[-14.821,64.195],[-14.598,64.267],[-14.366,64.476],[-14.348,64.67],[-14.26,64.713],[-13.893,64.721],[-13.694,64.779],[-13.557,65.009],[-13.526,65.183],[-13.59,65.43],[-13.647,65.495],[-14.4,65.567],[-14.754,65.697],[-14.641,65.945],[-14.763,66.055],[-15.071,66.061],[-15.574,66.207],[-15.86,66.419],[-16.385,66.454],[-16.376,66.132],[-16.568,66.029],[-16.922,65.978],[-17.57,66.013],[-18.022,66.078],[-17.861,65.837],[-17.884,65.757],[-18.128,65.786],[-18.369,65.895],[-18.676,66.091],[-19.044,66.017],[-19.165,66.003],[-19.275,65.929],[-19.156,65.725],[-19.239,65.667],[-19.336,65.674],[-19.556,65.768],[-19.748,65.907],[-19.973,66.111],[-20.217,66.001],[-20.141,65.651],[-20.168,65.556],[-20.389,65.475],[-20.672,65.424],[-20.831,65.366],[-21.08,65.205],[-21.495,65.568],[-21.296,65.699],[-21.242,65.882],[-21.443,66.13],[-21.779,66.254],[-22.21,66.29],[-22.676,66.391],[-22.841,66.281],[-22.56,66.113],[-22.474,65.996],[-22.609,65.923],[-22.911,65.944],[-23.341,66.134],[-23.466,66.133],[-23.608,65.98],[-23.426,65.827],[-23.267,65.725],[-23.571,65.681],[-23.973,65.687],[-24.162,65.607],[-24.219,65.534]]}},{"type":"Feature","properties":{"NAME":"Denmark-Norway","ABBREVN":"","SUBJECTO":"Denmark-Norway","BORDERPRECISION":3,"PARTOF":"Denmark-Norway"},"geometry":{"type":"LineString","coordinates":[[4.98,60.689],[5.075,60.592],[5.255,60.564],[5.456,60.592],[5.551,60.509],[5.262,60.327],[5.096,60.264],[5.279,60.125],[5.525,60.168],[5.894,60.161],[5.806,59.949],[5.632,59.884],[5.543,59.824],[5.694,59.753],[5.91,59.753],[6.185,59.824],[5.97,59.711],[5.667,59.676],[5.741,59.628],[5.646,59.586],[5.449,59.658],[5.419,59.515],[5.383,59.711],[5.087,59.509],[5.177,59.307],[5.283,59.272],[5.35,59.39],[5.344,59.266],[5.529,59.266],[5.717,59.337],[5.683,59.414],[5.68,59.509],[5.8,59.432],[5.816,59.313],[6.113,59.527],[6.076,59.42],[5.877,59.313],[6.02,59.254],[6.238,59.284],[6.033,59.201],[5.772,59.076],[5.822,59.017],[5.94,58.934],[6.051,58.981],[6.266,58.993],[6.041,58.952],[5.984,58.887],[6.094,58.798],[5.794,58.916],[5.666,58.822],[5.627,58.964],[5.475,58.976],[5.531,58.881],[5.4,58.715],[5.615,58.455],[5.874,58.432],[6.231,58.278],[6.652,58.172],[6.479,58.09],[6.644,58.042],[6.726,58.137],[6.874,58.078],[6.959,57.972],[7.908,58.066],[8.03,58.066],[8.154,58.09],[8.175,58.172],[8.922,58.538],[9.146,58.656],[9.372,58.786],[9.346,58.845],[9.698,58.999],[9.938,58.94],[10.172,58.987],[10.211,59.07],[10.363,59.213],[10.43,59.26],[10.379,59.367],[10.407,59.497],[10.57,59.581],[10.634,59.45],[10.549,59.379],[10.657,59.224],[10.769,59.118],[10.829,59.106],[11.112,59.165],[11.179,59.07],[11.311,59.011],[11.379,58.857],[11.563,58.863],[11.709,59.195],[11.61,59.569],[11.838,59.67],[11.891,59.86],[12.077,59.866],[12.423,60.039],[12.436,60.278],[12.548,60.434],[12.431,60.626],[12.174,60.956],[12.597,61.029],[12.792,61.33],[12.658,61.44],[12.337,61.523],[12.075,61.698],[12.226,62.226],[11.933,62.554],[12.09,63.046],[12.124,63.345],[12.299,63.566],[12.577,63.782],[12.853,63.897],[13.131,63.949],[13.551,63.937],[13.88,63.953],[14.078,64.032],[14.155,64.111],[14.042,64.376],[13.87,64.497],[13.718,64.553],[13.94,64.799],[14.199,65.023],[14.371,65.234],[14.515,65.503],[14.542,65.94],[14.597,66.05],[15.038,66.06],[15.347,66.259],[15.944,66.672],[16.221,66.828],[16.305,66.983],[16.228,67.211],[16.206,67.307],[16.874,67.837],[17.083,67.912],[17.209,67.905],[17.601,67.863],[17.914,67.864],[18.057,67.999],[18.094,68.088],[18.104,68.386],[18.179,68.469],[18.959,68.294],[19.396,68.229],[19.697,68.171],[19.843,68.164],[19.965,68.276],[20.039,68.478],[20.166,68.958],[20.555,68.975],[20.739,68.961],[20.791,68.932],[21.246,69.228],[21.406,69.273],[21.625,69.237],[22.072,68.961],[22.46,68.694],[22.701,68.635],[23.336,68.616],[24.082,68.717],[24.662,68.495],[24.801,68.429],[25.063,68.595],[25.625,68.807],[25.71,69.032],[25.746,69.258],[25.863,69.454],[26.118,69.644],[26.507,69.812],[27.409,69.855],[27.659,69.886],[27.909,69.888],[28.415,69.694],[28.717,69.642],[29.113,69.486],[29.133,69.366],[28.74,68.95],[28.696,68.785],[28.697,68.696],[29.007,68.832],[29.463,69.134],[29.924,69.355],[30.27,69.409],[30.641,69.418],[30.872,69.51],[31.054,69.64],[30.735,69.752],[30.361,69.767],[30.056,69.721],[29.729,69.698],[29.556,69.833],[29.08,69.961],[28.73,70.136],[29.735,70.115],[30.252,70.131],[30.799,70.308],[30.754,70.43],[30.462,70.537],[30.041,70.544],[29.741,70.605],[28.984,70.857],[28.795,70.865],[28.389,70.572],[28.29,70.372],[27.875,70.425],[28.019,70.609],[27.985,70.717],[28.136,70.833],[28.308,70.949],[28.211,71.018],[27.948,71.017],[27.516,70.97],[27.131,70.577],[26.934,70.469],[26.617,70.392],[26.619,70.799],[26.607,70.915],[26.263,70.791],[25.574,70.367],[25.263,70.107],[25.074,70.144],[25.122,70.435],[25.231,70.558],[25.832,70.898],[25.389,70.905],[24.849,70.827],[24.571,70.741],[24.36,70.61],[24.208,70.472],[23.955,70.502],[23.827,70.479],[23.508,70.279],[23.292,70.011],[23.204,69.943],[22.746,70.171],[22.306,70.216],[22.163,70.093],[21.908,69.804],[21.609,69.963],[21.412,70.015],[21.103,69.818],[20.734,69.779],[20.553,69.522],[20.197,69.318],[20.278,69.582],[20.358,69.71],[20.286,69.786],[20.158,69.748],[19.821,69.37],[19.58,69.181],[19.289,69.211],[18.985,69.315],[18.553,69.247],[18.319,69.359],[18.097,69.058],[18.052,69.028],[17.928,69.005],[17.895,69.035],[17.566,68.974],[17.449,68.887],[17.407,68.772],[17.04,68.659],[16.855,68.558],[17.126,68.416],[17.033,68.338],[16.719,68.311],[16.522,68.341],[16.649,68.046],[16.412,67.874],[16.233,67.911],[16.071,68.045],[15.92,68.049],[15.854,67.925],[15.572,67.821],[15.762,67.676],[15.746,67.597],[15.58,67.583],[15.385,67.464],[15.227,67.509],[14.976,67.523],[14.699,67.374],[14.569,67.329],[14.616,67.245],[14.778,67.217],[14.639,67.123],[14.373,67.093],[14.055,66.975],[13.859,66.959],[13.747,66.922],[13.992,66.687],[13.592,66.657],[13.383,66.679],[13.242,66.569],[13.169,66.458],[13.255,66.393],[13.403,66.349],[13.581,66.188],[13.152,66.136],[13.109,66.034],[13.087,65.88],[12.709,65.909],[12.479,65.617],[12.284,65.435],[12.496,65.384],[12.526,65.109],[12.222,65.101],[12.112,65.13],[11.896,64.913],[11.69,64.776],[11.47,64.675],[11.407,64.617],[11.508,64.517],[11.364,64.416],[11.214,64.416],[10.997,64.494],[10.891,64.473],[10.74,64.386],[10.066,64.056],[9.87,63.876],[9.832,63.684],[9.441,63.498],[9.216,63.284],[9.154,63.319],[8.957,63.404],[8.606,63.325],[8.472,63.176],[8.258,63.054],[8.231,62.841],[7.989,62.94],[7.606,62.904],[7.088,62.91],[6.982,62.846],[7.102,62.705],[7.547,62.599],[7.289,62.486],[6.989,62.542],[6.613,62.583],[6.533,62.336],[6.308,62.286],[6.053,62.335],[5.824,62.179],[5.565,62.15],[5.47,62.094],[5.426,62.009],[5.528,61.933],[5.719,61.88],[5.834,61.819],[5.797,61.77],[5.592,61.79],[5.149,61.741],[5.101,61.699],[5.141,61.39],[5.018,61.305],[5.12,61.137],[5.387,61.026],[5.109,60.906],[4.98,60.689]]}},{"type":"Feature","properties":{"NAME":"Denmark-Norway","ABBREVN":"","SUBJECTO":"Denmark-Norway","BORDERPRECISION":3,"PARTOF":"Denmark-Norway"},"geometry":{"type":"LineString","coordinates":[[8.035,55.476],[8.214,55.399],[8.319,55.481],[8.481,55.349],[8.56,55.356],[8.645,55.069],[8.596,54.761],[8.742,54.608],[8.951,54.419],[8.852,54.332],[8.554,54.275],[8.581,54.194],[8.884,54.229],[8.962,54.276],[9.056,54.349],[9.136,54.298],[9.165,54.32],[9.216,54.29],[9.26,54.305],[9.296,54.247],[9.441,54.247],[9.449,54.189],[9.674,54.189],[9.739,54.276],[9.827,54.276],[9.885,54.254],[10.142,54.337],[10.065,54.434],[9.865,54.411],[9.978,54.49],[9.987,54.592],[9.864,54.726],[9.61,54.88],[9.421,54.976],[9.518,55.129],[9.517,55.223],[9.544,55.351],[9.63,55.459],[9.704,55.483],[9.768,55.467],[9.811,55.437],[9.887,55.342],[9.897,55.28],[10.006,55.193],[10.099,55.188],[10.119,55.179],[10.153,55.133],[10.151,55.122],[10.135,55.117],[10.153,55.084],[10.498,55.029],[10.529,55.029],[10.584,55.053],[10.616,55.061],[10.74,55.067],[10.783,55.122],[10.812,55.186],[10.835,55.294],[10.791,55.363],[10.744,55.497],[10.627,55.617],[10.611,55.617],[10.603,55.607],[10.617,55.564],[10.606,55.486],[10.469,55.437],[10.426,55.439],[10.416,55.453],[10.452,55.482],[10.485,55.532],[10.406,55.586],[10.31,55.617],[10.213,55.599],[10.149,55.574],[10,55.541],[9.905,55.506],[9.856,55.512],[9.838,55.522],[9.835,55.54],[9.824,55.547],[9.738,55.534],[9.69,55.605],[9.976,55.62],[10.007,55.73],[10.147,55.765],[10.23,55.951],[10.175,56.076],[10.293,56.137],[10.442,56.151],[10.496,56.034],[10.751,56.097],[10.889,56.369],[10.826,56.443],[10.314,56.469],[10.23,56.605],[10.216,56.85],[9.835,56.89],[9.37,56.882],[9.322,56.719],[9.312,56.481],[9.136,56.46],[9.003,56.657],[8.869,56.616],[8.675,56.358],[8.452,56.412],[8.309,56.479],[8.183,56.431],[8.124,56.207],[8.117,56.092],[8.317,55.849],[8.32,55.768],[8.125,55.636],[8.035,55.476]]}},{"type":"Feature","properties":{"NAME":"Denmark-Norway","ABBREVN":"","SUBJECTO":"Denmark-Norway","BORDERPRECISION":3,"PARTOF":"Denmark-Norway"},"geometry":{"type":"LineString","coordinates":[[8.183,56.798],[8.471,56.597],[8.507,56.647],[8.666,56.7],[8.778,56.798],[8.847,56.986],[8.971,57],[9.079,57.037],[9.141,57.009],[9.334,57.023],[9.503,56.975],[10.257,57.006],[10.333,57.171],[10.463,57.242],[10.451,57.458],[10.401,57.506],[10.558,57.745],[10.479,57.759],[10.39,57.661],[10.29,57.672],[9.849,57.582],[9.449,57.228],[9.302,57.166],[8.661,57.104],[8.534,57.141],[8.359,57.023],[8.183,56.798]]}},{"type":"Feature","properties":{"NAME":"Denmark-Norway","ABBREVN":"","SUBJECTO":"Denmark-Norway","BORDERPRECISION":3,"PARTOF":"Denmark-Norway"},"geometry":{"type":"LineString","coordinates":[[10.991,54.787],[11.026,54.759],[11.262,54.707],[11.35,54.659],[11.456,54.619],[11.588,54.664],[11.785,54.64],[11.834,54.661],[11.858,54.689],[11.862,54.746],[11.849,54.766],[11.709,54.875],[11.649,54.907],[11.642,54.901],[11.643,54.878],[11.564,54.822],[11.514,54.83],[11.393,54.868],[11.351,54.892],[11.331,54.919],[11.276,54.95],[11.24,54.957],[11.164,54.957],[11.071,54.941],[11.014,54.896],[11.025,54.814],[10.991,54.787]]}},{"type":"Feature","properties":{"NAME":"Denmark-Norway","ABBREVN":"","SUBJECTO":"Denmark-Norway","BORDERPRECISION":3,"PARTOF":"Denmark-Norway"},"geometry":{"type":"LineString","coordinates":[[11.102,55.634],[11.23,55.337],[11.285,55.189],[11.585,55.162],[11.767,55.176],[11.97,54.954],[12.077,54.995],[12.301,55.17],[12.43,55.245],[12.158,55.379],[12.409,55.548],[12.469,55.711],[12.444,55.968],[12.238,55.988],[12.088,55.967],[12.053,55.703],[11.962,55.581],[11.728,55.662],[11.568,55.885],[11.296,55.675],[11.102,55.634]]}},{"type":"Feature","properties":{"NAME":"Denmark-Norway","ABBREVN":"","SUBJECTO":"Denmark-Norway","BORDERPRECISION":3,"PARTOF":"Denmark-Norway"},"geometry":{"type":"LineString","coordinates":[[11.709,54.937],[11.752,54.859],[11.802,54.839],[11.899,54.719],[11.878,54.688],[11.872,54.651],[11.929,54.573],[11.969,54.562],[11.98,54.57],[11.96,54.648],[11.963,54.685],[11.981,54.71],[12.078,54.789],[12.12,54.806],[12.169,54.836],[12.168,54.842],[12.104,54.89],[12.02,54.896],[11.847,54.956],[11.751,54.961],[11.709,54.937]]}},{"type":"Feature","properties":{"NAME":"Denmark-Norway","ABBREVN":"","SUBJECTO":"Denmark-Norway","BORDERPRECISION":3,"PARTOF":"Denmark-Norway"},"geometry":{"type":"LineString","coordinates":[[14.68,55.1],[14.747,55.065],[14.942,55.013],[15.043,54.995],[15.077,55.001],[15.103,55.021],[15.148,55.082],[15.149,55.129],[15.134,55.144],[15.065,55.162],[14.887,55.229],[14.813,55.269],[14.77,55.306],[14.744,55.292],[14.699,55.215],[14.68,55.1]]}},{"type":"Feature","properties":{"NAME":"Denmark-Norway","ABBREVN":"","SUBJECTO":"Denmark-Norway","BORDERPRECISION":3,"PARTOF":"Denmark-Norway"},"geometry":{"type":"LineString","coordinates":[[14.987,68.247],[15.027,68.249],[15.111,68.281],[15.23,68.336],[15.224,68.346],[15.257,68.365],[15.343,68.395],[15.432,68.411],[15.554,68.466],[15.561,68.478],[15.542,68.497],[15.542,68.507],[15.568,68.502],[15.589,68.478],[15.501,68.413],[15.388,68.379],[15.321,68.346],[15.328,68.33],[15.364,68.324],[15.426,68.334],[15.521,68.334],[15.589,68.305],[15.697,68.341],[15.856,68.432],[15.87,68.399],[15.869,68.364],[15.933,68.369],[15.96,68.381],[16.083,68.497],[16.222,68.547],[16.349,68.556],[16.501,68.552],[16.488,68.599],[16.559,68.639],[16.568,68.696],[16.544,68.764],[16.446,68.844],[16.355,68.857],[16.179,68.852],[16.099,68.825],[16.087,68.814],[16.096,68.793],[16.116,68.78],[16.091,68.732],[15.976,68.666],[15.819,68.612],[15.809,68.6],[15.819,68.573],[15.809,68.554],[15.749,68.526],[15.739,68.526],[15.767,68.621],[15.812,68.64],[15.864,68.647],[15.94,68.684],[15.964,68.706],[15.988,68.752],[15.98,68.779],[15.871,68.786],[15.929,68.886],[15.909,68.957],[15.899,68.961],[15.684,68.956],[15.629,68.942],[15.455,68.804],[15.452,68.762],[15.509,68.736],[15.646,68.739],[15.714,68.699],[15.674,68.704],[15.635,68.724],[15.607,68.729],[15.452,68.73],[15.436,68.704],[15.458,68.657],[15.362,68.588],[15.223,68.561],[15.182,68.522],[15.262,68.52],[15.336,68.485],[15.244,68.473],[15.084,68.364],[14.995,68.297],[14.987,68.247]]}},{"type":"Feature","properties":{"NAME":"Denmark-Norway","ABBREVN":"","SUBJECTO":"Denmark-Norway","BORDERPRECISION":3,"PARTOF":"Denmark-Norway"},"geometry":{"type":"LineString","coordinates":[[16.767,69.09],[16.775,69.064],[16.812,69.05],[16.889,69.051],[16.956,69.068],[17.11,69.081],[17.136,69.075],[17.129,69.065],[17.082,69.049],[17.037,69.022],[17.046,69.003],[17.093,69.004],[17.21,69.028],[17.216,69.034],[17.206,69.043],[17.162,69.048],[17.173,69.067],[17.212,69.09],[17.407,69.162],[17.522,69.19],[17.584,69.157],[17.862,69.163],[17.995,69.186],[18.006,69.196],[17.999,69.201],[17.952,69.199],[17.876,69.24],[17.905,69.316],[17.957,69.341],[18.087,69.349],[18.101,69.364],[18.084,69.421],[18.074,69.431],[17.964,69.523],[17.856,69.586],[17.662,69.597],[17.652,69.589],[17.669,69.546],[17.693,69.523],[17.696,69.513],[17.686,69.509],[17.637,69.516],[17.594,69.551],[17.539,69.581],[17.469,69.598],[17.459,69.565],[17.474,69.541],[17.52,69.535],[17.561,69.511],[17.609,69.474],[17.59,69.455],[17.543,69.486],[17.457,69.512],[17.324,69.532],[17.302,69.526],[17.304,69.521],[17.344,69.501],[17.365,69.478],[17.296,69.461],[17.225,69.497],[17.197,69.5],[17.186,69.497],[17.187,69.491],[17.261,69.444],[17.453,69.435],[17.491,69.427],[17.49,69.422],[17.291,69.407],[16.939,69.397],[16.876,69.356],[17.089,69.343],[17.098,69.314],[16.913,69.314],[16.897,69.3],[17.039,69.268],[17.075,69.276],[17.143,69.249],[17.108,69.224],[17.001,69.233],[16.876,69.221],[16.94,69.195],[17.032,69.181],[17.086,69.178],[17.174,69.196],[17.137,69.171],[17.004,69.13],[16.801,69.116],[16.767,69.09]]}},{"type":"Feature","properties":{"NAME":"Russian Empire","ABBREVN":"Russia","SUBJECTO":"Russian Empire","BORDERPRECISION":3,"PARTOF":"Russian Empire"},"geometry":{"type":"LineString","coordinates":[[55.567,72],[55.721,71.642],[56.151,71.271],[56.379,71.132],[56.727,70.994],[57.251,70.818],[57.238,70.691],[56.059,70.731],[55.679,70.707],[55.266,70.561],[54.998,70.522],[54.694,70.744],[54.522,70.759],[54.032,70.719],[53.729,70.765],[53.715,70.927],[54.321,71.09],[54.353,71.198],[54.308,71.206],[53.234,71.514],[52.55,71.59],[52.402,71.52],[52.121,71.465],[51.815,71.48],[51.534,71.658],[51.482,71.845],[51.585,71.985],[51.613,72],[55.567,72]]}},{"type":"Feature","properties":{"NAME":"Russian Empire","ABBREVN":"Russia","SUBJECTO":"Russian Empire","BORDERPRECISION":3,"PARTOF":"Russian Empire"},"geometry":{"type":"LineString","coordinates":[[29.861,63.853],[29.452,66.129],[29.688,66.864],[29.688,67.415],[29.557,67.913],[29.95,68.726],[30.21,69.4],[30.27,69.409],[30.641,69.418],[30.872,69.51],[31.054,69.64],[31.331,69.663],[31.782,69.777],[32.072,69.883],[32.076,69.815],[32.191,69.642],[32.352,69.514],[32.596,69.424],[33.01,69.387],[33.281,69.342],[33.316,69.071],[33.628,69.215],[33.818,69.192],[34.305,69.171],[34.699,69.164],[34.934,69.149],[35.437,69.15],[36.018,69.024],[37.246,68.793],[37.689,68.63],[38.406,68.243],[38.668,68.146],[39.918,67.94],[40.826,67.66],[40.973,67.534],[40.951,67.335],[41.017,67.202],[41.209,67.069],[41.255,66.937],[41.147,66.782],[40.836,66.561],[40.345,66.319],[39.978,66.201],[39.19,66.039],[38.782,66.001],[38.048,66.007],[37.422,66.094],[36.505,66.172],[35.772,66.259],[35.168,66.412],[34.153,66.63],[33.437,66.702],[33.158,66.914],[32.991,66.988],[32.644,67.046],[32.219,66.994],[32.425,66.891],[32.754,66.649],[32.971,66.583],[33.47,66.313],[33.844,66.182],[34.258,66.11],[34.544,66.001],[34.726,65.797],[34.726,65.615],[34.601,65.484],[34.293,65.396],[34.332,65.346],[34.426,65.107],[34.773,64.682],[34.815,64.46],[34.885,64.367],[35.082,64.288],[35.623,64.254],[36.015,64.197],[36.24,63.919],[36.421,63.876],[36.988,63.841],[37.411,63.749],[37.591,63.807],[37.945,63.85],[38.054,63.986],[38.054,64.129],[37.88,64.308],[37.668,64.343],[37.463,64.3],[37.262,64.314],[36.997,64.407],[36.569,64.765],[36.884,65.068],[37.102,65.068],[37.604,64.853],[38.253,64.703],[39.193,64.511],[39.622,64.476],[39.997,64.541],[40.322,64.463],[40.44,64.564],[40.462,64.75],[40.366,64.858],[39.979,65.153],[39.823,65.436],[39.951,65.581],[40.681,65.794],[41.354,65.955],[41.623,66.065],[42.133,66.388],[42.211,66.41],[43.241,66.251],[43.876,66.011],[44.029,66.011],[44.053,66.041],[44.122,66.267],[44.384,66.612],[44.362,66.906],[44.219,67.09],[43.838,67.163],[43.704,67.266],[44.216,67.718],[44.261,67.83],[44.169,68.097],[43.822,68.327],[43.853,68.469],[44.012,68.492],[44.668,68.389],[45.58,68.443],[45.863,68.383],[46.162,68.108],[46.439,67.908],[46.634,67.701],[45.463,67.639],[45.093,67.542],[44.871,67.312],[44.957,67.231],[45.386,67.099],[45.715,66.85],[46.077,66.762],[46.402,66.719],[46.973,66.778],[47.571,66.816],[47.706,66.89],[47.953,67.377],[48.081,67.562],[48.635,67.652],[49.186,67.839],[49.63,67.936],[50.496,68.153],[51.139,68.266],[51.831,68.409],[52.245,68.545],[52.337,68.336],[52.463,68.299],[52.72,68.351],[52.939,68.471],[53.006,68.681],[53.179,68.756],[53.502,68.816],[53.889,68.787],[53.808,68.607],[53.782,68.338],[53.396,68.3],[53.316,68.233],[53.317,68.136],[53.626,68.048],[54.38,68.161],[54.576,68.161],[54.648,68.072],[54.752,68.05],[54.877,68.11],[54.996,68.207],[55.126,68.401],[55.335,68.483],[55.723,68.536],[56.195,68.567],[56.54,68.553],[57.024,68.449],[57.364,68.457],[57.526,68.495],[57.959,68.705],[58.409,68.833],[58.77,68.856],[59.199,68.774],[59.346,68.7],[59.062,68.497],[59.12,68.393],[59.218,68.349],[59.502,68.289],[59.762,68.297],[59.892,68.402],[59.925,68.581],[60,68.6],[60,53.626],[59.103,53.635],[58.846,52.477],[58.331,50.934],[55.245,51.706],[51.387,51.063],[51.13,50.42],[51.901,49.391],[51.387,48.105],[51.773,47.462],[51.369,47.09],[51.117,47.063],[50.82,46.919],[50.632,46.91],[50.272,46.685],[49.948,46.56],[49.723,46.533],[49.535,46.542],[49.313,46.353],[49.238,46.263],[49.058,46.137],[48.887,46.083],[48.833,46.083],[48.833,45.921],[48.77,45.885],[48.635,45.975],[48.303,45.768],[48.015,45.714],[47.871,45.678],[47.754,45.714],[47.673,45.75],[47.628,45.732],[47.601,45.66],[47.655,45.543],[47.556,45.453],[47.394,45.175],[47.251,44.986],[47.17,44.86],[47.026,44.788],[46.873,44.68],[46.81,44.536],[46.846,44.446],[46.999,44.356],[47.143,44.339],[47.224,44.204],[47.332,44.186],[47.565,43.844],[47.538,43.673],[47.493,43.583],[47.195,43.376],[47.249,42.785],[48.224,41.471],[48.201,41.464],[48.063,41.315],[47.988,41.219],[47.818,41.198],[47.616,41.261],[47.35,41.304],[47.35,41.442],[47.222,41.57],[47.169,41.57],[47.127,41.623],[46.914,41.751],[46.85,41.836],[46.765,41.836],[46.669,41.815],[46.659,41.889],[46.556,41.878],[46.499,41.964],[46.393,41.995],[46.286,41.985],[46.159,42.006],[46.042,42.049],[45.914,42.123],[45.754,42.251],[45.808,42.389],[45.861,42.474],[45.808,42.538],[45.648,42.549],[45.478,42.549],[45.382,42.623],[45.297,42.676],[45.201,42.676],[45.138,42.719],[45.031,42.772],[44.978,42.772],[44.935,42.74],[44.872,42.666],[44.786,42.729],[44.669,42.761],[44.51,42.761],[44.414,42.729],[44.297,42.612],[44.17,42.612],[44.053,42.559],[43.957,42.591],[42.878,41.546],[42.694,41.564],[42.352,41.402],[42.25,41.369],[42.029,41.4],[41.484,41.437],[41.521,41.466],[41.666,41.729],[41.68,41.793],[41.652,42.121],[41.503,42.608],[41.41,42.788],[41.123,43.019],[40.969,43.077],[40.557,43.147],[40.252,43.268],[38.924,44.212],[38.556,44.385],[38.277,44.423],[38.109,44.494],[37.88,44.719],[37.774,44.745],[37.622,44.673],[37.474,44.692],[37.318,44.924],[36.96,45.227],[37.228,45.312],[37.461,45.312],[37.661,45.345],[37.706,45.578],[37.868,45.793],[37.99,46.007],[38.227,46.02],[38.459,46.079],[38.265,46.319],[37.97,46.441],[37.757,46.603],[37.867,46.655],[38.032,46.669],[38.401,46.721],[38.723,46.878],[39.282,47.074],[39.194,47.243],[39.16,47.269],[38.8,47.229],[37.859,47.104],[37.422,47.077],[37.193,46.894],[36.865,46.809],[36.354,46.776],[35.851,46.664],[35.624,46.521],[35.416,46.495],[35.212,46.637],[35.046,46.358],[34.907,46.273],[34.692,46.253],[34.496,46.279],[34.064,46.265],[33.839,46.193],[34.127,46.064],[35.008,45.612],[35.032,45.534],[34.99,45.45],[35.063,45.34],[35.317,45.321],[35.546,45.38],[35.85,45.445],[36.323,45.44],[36.521,45.388],[36.415,45.272],[36.367,45.161],[36.265,45.097],[36.005,45.044],[35.865,45.031],[35.6,45.102],[35.387,45.082],[35.067,44.862],[34.614,44.841],[34.372,44.757],[34.135,44.537],[34.014,44.492],[33.66,44.524],[33.395,44.6],[33.559,44.936],[33.517,45.124],[33.398,45.253],[33.013,45.381],[32.926,45.388],[32.643,45.381],[32.575,45.361],[32.503,45.445],[32.902,45.673],[33.192,45.79],[33.539,45.875],[33.639,45.927],[33.528,46.134],[33.333,46.166],[32.516,46.126],[32.202,46.17],[32.114,46.216],[31.926,46.41],[32.189,46.592],[31.951,46.865],[31.781,46.702],[31.538,46.701],[31.087,46.636],[30.833,46.577],[30.52,46.251],[30.433,46.176],[30.066,46.28],[29.807,46.505],[29.427,46.816],[29.116,47.283],[29.011,47.554],[30,48.593],[31.07,48.593],[29.405,50.02],[30.594,50.614],[30.832,51.328],[30.357,53.587],[30.951,55.014],[30.832,55.728],[27.859,56.203],[27.74,56.679],[24.323,57.337],[24.236,57.728],[24.416,57.948],[24.414,58.106],[24.497,58.213],[24.331,58.308],[24.058,58.112],[23.908,58.224],[23.671,58.241],[23.69,58.665],[23.512,58.581],[23.361,58.767],[23.432,58.858],[23.338,58.972],[23.457,59.005],[23.416,59.119],[24.032,59.176],[24.03,59.235],[24.282,59.284],[24.342,59.369],[24.538,59.323],[24.571,59.374],[24.714,59.352],[24.751,59.448],[25.248,59.362],[25.449,59.494],[25.49,59.42],[25.721,59.46],[26.343,59.447],[26.862,59.372],[26.999,59.318],[27.265,59.338],[27.702,59.298],[27.894,59.346],[28.016,59.454],[27.973,59.517],[27.897,59.534],[27.942,59.648],[28.094,59.665],[28.163,59.591],[28.266,59.562],[28.351,59.602],[28.309,59.664],[28.444,59.734],[28.663,59.644],[28.796,59.672],[28.936,59.825],[29.076,59.908],[29.414,59.86],[29.765,59.736],[29.963,59.737],[30.127,59.806],[29.953,59.986],[29.687,60.131],[29.511,60.145],[28.969,60.109],[28.692,60.15],[28.569,60.198],[28.435,60.337],[28.551,60.533],[28.522,60.623],[28.011,60.511],[27.474,60.426],[27.406,60.345],[27.178,60.442],[26.946,60.376],[26.922,60.316],[26.613,60.348],[26.531,60.393],[26.695,61.122],[27.443,61.25],[27.519,61.23],[27.625,61.214],[27.678,61.232],[27.862,61.252],[28.072,61.233],[28.174,61.188],[28.197,61.163],[28.172,61.153],[28.082,61.179],[27.966,61.188],[27.882,61.157],[27.892,61.114],[27.919,61.08],[27.947,61.068],[27.988,61.08],[28.292,61.08],[28.788,61.204],[28.867,61.247],[28.82,61.297],[28.714,61.352],[28.663,61.368],[28.641,61.352],[28.477,61.332],[28.36,61.331],[28.345,61.349],[28.568,61.441],[29.698,61.635],[31.106,62.762],[32.492,62.934],[32.429,63.096],[30.413,63.483],[29.861,63.853]]}},{"type":"Feature","properties":{"NAME":"Russian Empire","ABBREVN":"Russia","SUBJECTO":"Russian Empire","BORDERPRECISION":3,"PARTOF":"Russian Empire"},"geometry":{"type":"LineString","coordinates":[[28.169,57.915],[28.149,57.975],[28.097,58.044],[27.973,58.133],[27.865,58.173],[27.714,58.164],[27.592,58.175],[27.569,58.215],[27.561,58.257],[27.583,58.306],[27.748,58.43],[27.798,58.447],[27.821,58.485],[27.814,58.571],[27.748,58.912],[27.683,58.98],[27.524,59.007],[27.298,58.995],[27.107,58.954],[26.974,58.884],[26.966,58.806],[27.157,58.648],[27.237,58.452],[27.324,58.402],[27.425,58.303],[27.473,58.217],[27.624,58.014],[27.678,58.019],[27.803,57.99],[27.882,57.937],[27.875,57.92],[27.911,57.896],[27.992,57.868],[28.102,57.86],[28.169,57.915]]}},{"type":"Feature","properties":{"NAME":"Russian Empire","ABBREVN":"Russia","SUBJECTO":"Russian Empire","BORDERPRECISION":3,"PARTOF":"Russian Empire"},"geometry":{"type":"LineString","coordinates":[[30.456,60.86],[30.502,60.843],[30.528,60.812],[30.533,60.766],[30.525,60.739],[30.504,60.732],[30.504,60.704],[30.534,60.63],[30.663,60.593],[30.724,60.562],[30.759,60.525],[30.774,60.492],[30.776,60.448],[30.803,60.447],[30.817,60.459],[30.832,60.458],[30.849,60.443],[30.957,60.264],[31.019,60.193],[31.109,60.146],[31.115,60.135],[31.095,60.084],[31.106,60.056],[31.143,60.032],[31.145,60.006],[31.043,59.951],[31.106,59.928],[31.176,59.926],[31.274,59.938],[31.349,59.933],[31.401,59.911],[31.455,59.907],[31.51,59.92],[31.547,59.94],[31.567,59.967],[31.565,59.998],[31.541,60.035],[31.548,60.072],[31.606,60.134],[31.591,60.156],[31.599,60.17],[31.699,60.236],[31.843,60.248],[32.057,60.227],[32.196,60.195],[32.26,60.154],[32.362,60.148],[32.5,60.177],[32.584,60.209],[32.612,60.245],[32.614,60.286],[32.59,60.33],[32.595,60.355],[32.656,60.372],[32.677,60.392],[32.664,60.427],[32.618,60.476],[32.596,60.511],[32.6,60.533],[32.642,60.537],[32.722,60.521],[32.782,60.488],[32.816,60.482],[32.841,60.497],[32.944,60.643],[32.937,60.67],[32.903,60.694],[32.844,60.712],[32.812,60.756],[32.808,60.826],[32.765,60.886],[32.641,60.969],[32.633,60.987],[32.593,60.998],[32.581,61.014],[32.581,61.045],[32.563,61.079],[32.527,61.118],[32.36,61.181],[31.899,61.324],[31.871,61.347],[31.762,61.384],[31.698,61.415],[31.637,61.463],[31.62,61.461],[31.62,61.427],[31.604,61.423],[31.576,61.437],[31.486,61.551],[31.365,61.627],[31.334,61.627],[31.308,61.605],[31.258,61.641],[31.238,61.643],[31.172,61.63],[31.161,61.619],[31.098,61.62],[31.071,61.645],[31.057,61.689],[31.026,61.714],[30.906,61.742],[30.888,61.765],[30.852,61.775],[30.758,61.733],[30.594,61.606],[30.593,61.579],[30.617,61.56],[30.606,61.541],[30.513,61.525],[30.486,61.515],[30.481,61.49],[30.466,61.487],[30.285,61.517],[30.239,61.515],[30.235,61.493],[30.252,61.473],[30.252,61.459],[30.217,61.431],[30.201,61.389],[30.179,61.373],[30.196,61.348],[30.193,61.327],[30.174,61.314],[30.13,61.313],[30.09,61.299],[30.094,61.259],[30.079,61.243],[30.029,61.254],[29.949,61.289],[29.891,61.295],[29.855,61.271],[29.865,61.251],[29.86,61.239],[29.825,61.216],[29.857,61.188],[30.125,61.087],[30.293,61.005],[30.409,60.928],[30.436,60.903],[30.441,60.874],[30.456,60.86]]}},{"type":"Feature","properties":{"NAME":"Russian Empire","ABBREVN":"Russia","SUBJECTO":"Russian Empire","BORDERPRECISION":3,"PARTOF":"Russian Empire"},"geometry":{"type":"LineString","coordinates":[[38.805,58.122],[38.819,58.135],[38.812,58.251],[38.83,58.296],[38.871,58.331],[39.005,58.358],[39,58.387],[38.97,58.441],[39.004,58.476],[38.989,58.496],[38.753,58.547],[38.427,58.747],[38.119,58.955],[38.047,58.994],[37.92,59.042],[37.858,59.075],[37.866,59.094],[37.91,59.103],[38.171,59.065],[38.239,59.063],[38.332,59.093],[38.407,59.152],[38.415,59.173],[38.294,59.161],[38.183,59.203],[38.143,59.21],[38.124,59.203],[38.176,59.148],[38.18,59.132],[38.18,59.113],[38.159,59.102],[38.116,59.103],[38.027,59.128],[38.007,59.144],[37.987,59.177],[37.843,59.155],[37.645,59.157],[37.64,59.138],[37.676,59.102],[37.696,59.064],[37.673,59.025],[37.609,58.989],[37.499,58.944],[37.484,58.927],[37.466,58.875],[37.471,58.857],[37.501,58.845],[37.581,58.899],[37.642,58.919],[37.714,58.928],[37.777,58.926],[37.828,58.914],[37.869,58.897],[37.918,58.858],[37.996,58.862],[38.024,58.746],[37.961,58.744],[37.942,58.735],[37.945,58.72],[37.984,58.692],[37.988,58.672],[38.096,58.634],[38.103,58.619],[38.074,58.592],[38.074,58.542],[37.995,58.55],[37.768,58.618],[37.715,58.618],[37.632,58.636],[37.621,58.626],[37.667,58.572],[37.661,58.557],[37.609,58.545],[37.565,58.553],[37.538,58.613],[37.459,58.634],[37.41,58.67],[37.423,58.727],[37.372,58.731],[37.308,58.76],[37.151,58.849],[37.169,58.726],[37.155,58.707],[37.155,58.695],[37.317,58.657],[37.417,58.613],[37.507,58.535],[37.897,58.292],[37.944,58.301],[38.149,58.249],[38.221,58.237],[38.251,58.199],[38.25,58.103],[38.259,58.071],[38.31,58.041],[38.415,58.016],[38.437,58.018],[38.437,58.036],[38.357,58.1],[38.383,58.122],[38.681,58.108],[38.704,58.113],[38.698,58.133],[38.619,58.201],[38.638,58.22],[38.692,58.207],[38.779,58.135],[38.805,58.122]]}},{"type":"Feature","properties":{"NAME":"Russian Empire","ABBREVN":"Russia","SUBJECTO":"Russian Empire","BORDERPRECISION":3,"PARTOF":"Russian Empire"},"geometry":{"type":"LineString","coordinates":[[48.883,53.866],[48.903,53.828],[48.877,53.754],[48.865,53.648],[49.009,53.46],[48.992,53.44],[49.205,53.368],[49.206,53.338],[49.137,53.309],[48.925,53.309],[48.759,53.324],[48.801,53.281],[49.094,53.27],[49.23,53.284],[49.258,53.352],[49.316,53.402],[49.495,53.436],[49.852,53.426],[49.905,53.457],[49.882,53.486],[49.247,53.502],[49.087,53.534],[49.063,53.607],[49.072,53.713],[49.091,53.794],[49.127,53.825],[49.19,53.807],[49.279,53.728],[49.31,53.722],[49.345,53.698],[49.369,53.695],[49.372,53.73],[49.351,53.77],[49.27,53.818],[49.219,53.878],[49.218,53.934],[49.441,54.038],[49.537,54.127],[49.666,54.159],[49.742,54.191],[49.727,54.225],[49.563,54.179],[49.275,54.071],[49.02,54.015],[48.848,54.045],[48.809,54.099],[48.798,54.131],[48.756,54.15],[48.659,54.171],[48.549,54.241],[48.499,54.334],[48.53,54.394],[48.631,54.435],[48.787,54.447],[48.864,54.462],[48.863,54.501],[48.909,54.55],[48.896,54.582],[48.973,54.641],[48.986,54.728],[49.081,54.776],[49.098,54.8],[49.03,54.809],[48.969,54.828],[48.94,54.902],[49.008,54.97],[49.224,55.023],[49.32,55.014],[49.396,55.016],[49.446,55.052],[49.461,55.114],[49.692,55.191],[49.811,55.244],[49.892,55.294],[50.734,55.407],[50.764,55.429],[50.877,55.452],[51.071,55.415],[51.13,55.393],[51.184,55.357],[51.219,55.4],[51.198,55.441],[51.174,55.463],[51.206,55.489],[51.41,55.441],[51.524,55.503],[51.55,55.558],[51.615,55.565],[51.714,55.593],[51.728,55.643],[51.748,55.675],[51.8,55.684],[51.886,55.671],[51.937,55.699],[51.763,55.72],[51.635,55.646],[51.521,55.632],[51.461,55.701],[51.48,55.833],[51.448,55.812],[51.414,55.774],[51.398,55.685],[51.467,55.59],[51.469,55.511],[51.414,55.494],[51.331,55.499],[51.255,55.526],[51.126,55.501],[50.834,55.48],[50.675,55.451],[50.481,55.46],[50.379,55.431],[50.225,55.438],[50.09,55.463],[50,55.415],[49.788,55.383],[49.583,55.39],[49.455,55.404],[49.371,55.465],[49.367,55.544],[49.329,55.518],[49.328,55.379],[49.358,55.339],[49.303,55.323],[49.233,55.338],[49.189,55.381],[49.12,55.476],[49.059,55.483],[49.048,55.443],[49.104,55.353],[49.172,55.293],[49.159,55.163],[48.859,55.012],[48.864,54.871],[48.808,54.733],[48.745,54.675],[48.551,54.652],[48.416,54.597],[48.399,54.337],[48.378,54.231],[48.387,54.168],[48.468,54.124],[48.567,54.098],[48.813,53.939],[48.883,53.866]]}},{"type":"Feature","properties":{"NAME":"Russian Empire","ABBREVN":"Russia","SUBJECTO":"Russian Empire","BORDERPRECISION":3,"PARTOF":"Russian Empire"},"geometry":{"type":"LineString","coordinates":[[36.312,61.459],[36.247,61.493],[36.061,61.654],[35.985,61.756],[35.871,61.855],[35.818,61.951],[35.689,62.04],[35.674,62.079],[35.73,62.139],[35.8,62.281],[35.823,62.352],[35.822,62.412],[35.803,62.461],[35.74,62.52],[35.585,62.576],[35.504,62.625],[35.488,62.606],[35.464,62.604],[35.326,62.666],[35.083,62.741],[34.91,62.815],[34.703,62.844],[34.605,62.873],[34.533,62.916],[34.489,62.904],[34.48,62.874],[34.536,62.818],[34.621,62.712],[34.739,62.621],[34.776,62.622],[34.839,62.591],[34.943,62.643],[34.967,62.639],[35.147,62.559],[35.271,62.545],[35.352,62.523],[35.433,62.469],[35.54,62.354],[35.567,62.287],[35.554,62.236],[35.455,62.181],[35.387,62.158],[35.341,62.149],[35.046,62.229],[35.052,62.212],[35.168,62.097],[35.165,62.081],[35.115,62.054],[35.075,62.054],[35.029,62.078],[34.892,62.187],[34.871,62.219],[34.852,62.294],[34.841,62.31],[34.641,62.489],[34.557,62.54],[34.532,62.546],[34.52,62.542],[34.547,62.498],[34.66,62.406],[34.696,62.365],[34.682,62.339],[34.633,62.348],[34.609,62.339],[34.615,62.304],[34.658,62.245],[34.632,62.182],[34.653,62.109],[34.636,62.095],[34.591,62.096],[34.514,62.12],[34.417,62.158],[34.343,62.199],[34.321,62.227],[34.329,62.246],[34.328,62.264],[34.137,62.414],[34.054,62.495],[34.027,62.512],[34.003,62.516],[33.979,62.516],[33.944,62.5],[33.947,62.453],[33.978,62.408],[34.098,62.379],[34.165,62.339],[34.257,62.262],[34.265,62.238],[34.255,62.169],[34.537,61.999],[34.586,61.938],[34.594,61.874],[34.583,61.846],[34.562,61.824],[34.531,61.812],[34.494,61.808],[34.445,61.819],[34.315,61.869],[34.345,61.831],[34.388,61.796],[34.531,61.704],[34.63,61.654],[34.772,61.601],[35.154,61.485],[35.304,61.43],[35.457,61.356],[35.537,61.292],[35.578,61.246],[35.611,61.197],[35.629,61.15],[35.632,61.108],[35.583,61.034],[35.527,61.023],[35.441,61.063],[35.345,61.073],[35.192,61.069],[35.142,61.077],[35.08,61.108],[35.062,61.126],[35.053,61.141],[35.078,61.151],[35.231,61.165],[35.157,61.194],[35.075,61.207],[34.974,61.212],[34.887,61.206],[34.838,61.194],[34.804,61.15],[34.797,61.123],[34.802,61.074],[34.846,61.027],[34.869,61.027],[34.942,61.07],[35.022,61.064],[35.093,61.045],[35.133,61.007],[35.184,61.005],[35.4,61.04],[35.45,61.023],[35.499,60.97],[35.551,60.938],[35.719,60.905],[35.801,60.872],[35.855,60.871],[35.88,60.878],[35.91,60.902],[35.904,60.917],[35.884,60.931],[35.88,60.948],[36.099,61.063],[36.279,61.114],[36.364,61.16],[36.387,61.184],[36.395,61.206],[36.371,61.257],[36.374,61.271],[36.425,61.349],[36.428,61.373],[36.406,61.411],[36.312,61.459]]}},{"type":"Feature","properties":{"NAME":"Russian Empire","ABBREVN":"Russia","SUBJECTO":"Russian Empire","BORDERPRECISION":3,"PARTOF":"Russian Empire"},"geometry":{"type":"LineString","coordinates":[[27.574,61.272],[27.65,61.285],[27.637,61.273],[27.588,61.266],[27.574,61.272]]}},{"type":"Feature","properties":{"NAME":"Russian Empire","ABBREVN":"Russia","SUBJECTO":"Russian Empire","BORDERPRECISION":3,"PARTOF":"Russian Empire"},"geometry":{"type":"LineString","coordinates":[[35.16,61.859],[35.196,61.988],[35.252,62.08],[35.308,62.077],[35.339,62.033],[35.347,61.998],[35.326,61.935],[35.274,61.87],[35.202,61.839],[35.16,61.859]]}},{"type":"Feature","properties":{"NAME":"central Asian khanates","ABBREVN":"central Asian khanates","SUBJECTO":"central Asian khanates","BORDERPRECISION":3,"PARTOF":"central Asian khanates"},"geometry":{"type":"LineString","coordinates":[[44.448,39.96],[43.812,40.014],[43.685,40.109],[43.67,40.295],[43.859,40.66],[43.847,40.75],[43.475,41.087],[42.878,41.546],[43.957,42.591],[44.053,42.559],[44.17,42.612],[44.297,42.612],[44.414,42.729],[44.51,42.761],[44.669,42.761],[44.786,42.729],[44.872,42.666],[44.935,42.74],[44.978,42.772],[45.031,42.772],[45.138,42.719],[45.201,42.676],[45.297,42.676],[45.382,42.623],[45.478,42.549],[45.648,42.549],[45.808,42.538],[45.861,42.474],[45.808,42.389],[45.754,42.251],[45.914,42.123],[46.042,42.049],[46.159,42.006],[46.286,41.985],[46.393,41.995],[46.499,41.964],[46.556,41.878],[46.659,41.889],[46.669,41.815],[46.765,41.836],[46.85,41.836],[46.914,41.751],[47.127,41.623],[47.169,41.57],[47.222,41.57],[47.35,41.442],[47.35,41.304],[47.616,41.261],[47.818,41.198],[47.988,41.219],[48.063,41.315],[48.201,41.464],[48.224,41.471],[47.249,42.785],[47.195,43.376],[47.493,43.583],[47.52,43.511],[47.565,43.601],[47.61,43.754],[47.664,43.853],[47.736,43.862],[47.673,43.664],[47.574,43.502],[47.601,43.322],[47.655,43.277],[47.583,43.188],[47.565,43.008],[47.736,42.9],[47.79,42.855],[47.844,42.621],[47.97,42.594],[48.132,42.405],[48.222,42.279],[48.42,42.091],[48.5,41.929],[48.662,41.902],[48.683,41.836],[48.892,41.687],[48.999,41.517],[49.116,41.432],[49.244,41.293],[49.286,41.059],[49.35,40.953],[49.478,40.836],[49.605,40.762],[49.605,40.687],[49.807,40.581],[50.02,40.602],[50.19,40.57],[50.318,40.496],[50.424,40.411],[50.467,40.325],[50.467,40.262],[50.307,40.325],[50.126,40.347],[50.031,40.347],[49.914,40.325],[49.85,40.272],[49.669,40.24],[49.573,40.176],[49.552,40.091],[49.541,39.879],[49.446,39.655],[49.403,39.485],[49.499,39.379],[49.488,39.294],[49.382,39.326],[49.339,39.283],[49.275,39.017],[49.222,39.038],[49.18,39.145],[49.116,39.187],[49.041,39.145],[46.648,38.961],[44.637,39.662],[44.67,39.757],[44.448,39.96]]}},{"type":"Feature","properties":{"NAME":"central Asian khanates","ABBREVN":"central Asian khanates","SUBJECTO":"central Asian khanates","BORDERPRECISION":3,"PARTOF":"central Asian khanates"},"geometry":{"type":"LineString","coordinates":[[59.447,45.188],[59.461,45.055],[59.238,44.797],[59.046,44.955],[59.133,45.195],[59.285,45.275],[59.447,45.188]]}},{"type":"Feature","properties":{"NAME":"central Asian khanates","ABBREVN":"central Asian khanates","SUBJECTO":"central Asian khanates","BORDERPRECISION":3,"PARTOF":"central Asian khanates"},"geometry":{"type":"LineString","coordinates":[[59.901,45.696],[60,45.707],[60,45.648],[59.913,45.598],[59.793,45.59],[59.763,45.632],[59.777,45.701],[59.901,45.696]]}}],"metadata":{"source":"historical-basemaps (aourednik)","sourceUrl":"https://github.com/aourednik/historical-basemaps","license":"GPL-3.0","commit":"62d8f1a03a71f2d3ff17f2d166f7553f256bce68","borderPrecision":"概略（出典は確定境界を含むが、簡略化により数 km の近似）"}}