{"type":"FeatureCollection","features":[{"type":"Feature","properties":{"NAME":"Cyprus","ABBREVN":"Cyprus","SUBJECTO":"Cyprus","BORDERPRECISION":1,"PARTOF":"Cyprus"},"geometry":{"type":"LineString","coordinates":[[33.78,35.208],[33.773,35.129],[33.925,34.953],[33.792,34.957],[33.733,34.909],[33.686,34.935],[33.539,34.944],[33.484,34.796],[33.131,34.68],[32.959,34.659],[32.915,34.636],[32.915,34.541],[32.817,34.539],[32.784,34.625],[32.603,34.615],[32.357,34.68],[32.271,34.72],[32.271,34.814],[32.199,34.861],[32.144,35.043],[32.18,35.058],[32.234,35.014],[32.301,35.016],[32.483,35.153],[32.597,35.156],[32.745,35.114],[32.78,35.153],[32.819,35.282],[32.795,35.361],[33.077,35.319],[33.374,35.306],[33.539,35.332],[33.907,35.437],[34.217,35.574],[34.458,35.645],[34.245,35.512],[34.048,35.408],[33.78,35.208]]}},{"type":"Feature","properties":{"NAME":"Denmark-Norway","ABBREVN":"DenmarkNorwa","SUBJECTO":"Denmark-Norway","BORDERPRECISION":1,"PARTOF":"Denmark-Norway"},"geometry":{"type":"LineString","coordinates":[[11.179,59.07],[11.112,59.165],[10.829,59.106],[10.769,59.118],[10.657,59.224],[10.549,59.379],[10.634,59.45],[10.57,59.581],[10.407,59.497],[10.379,59.367],[10.43,59.26],[10.363,59.213],[10.211,59.07],[10.172,58.987],[9.938,58.94],[9.698,58.999],[9.346,58.845],[9.372,58.786],[9.146,58.656],[8.922,58.538],[8.175,58.172],[8.154,58.09],[8.03,58.066],[7.908,58.066],[6.959,57.972],[6.874,58.078],[6.726,58.137],[6.644,58.042],[6.479,58.09],[6.652,58.172],[6.231,58.278],[5.874,58.432],[5.615,58.455],[5.4,58.715],[5.531,58.881],[5.475,58.976],[5.627,58.964],[5.666,58.822],[5.794,58.916],[6.094,58.798],[5.984,58.887],[6.041,58.952],[6.266,58.993],[6.051,58.981],[5.94,58.934],[5.822,59.017],[5.772,59.076],[6.033,59.201],[6.238,59.284],[6.02,59.254],[5.877,59.313],[6.076,59.42],[6.113,59.527],[5.816,59.313],[5.8,59.432],[5.68,59.509],[5.683,59.414],[5.717,59.337],[5.529,59.266],[5.344,59.266],[5.35,59.39],[5.283,59.272],[5.177,59.307],[5.087,59.509],[5.383,59.711],[5.419,59.515],[5.449,59.658],[5.646,59.586],[5.741,59.628],[5.667,59.676],[5.97,59.711],[6.185,59.824],[5.91,59.753],[5.694,59.753],[5.543,59.824],[5.632,59.884],[5.806,59.949],[5.894,60.161],[5.525,60.168],[5.279,60.125],[5.096,60.264],[5.262,60.327],[5.551,60.509],[5.456,60.592],[5.255,60.564],[5.075,60.592],[4.98,60.689],[5.109,60.906],[5.387,61.026],[5.12,61.137],[5.018,61.305],[5.141,61.39],[5.101,61.699],[5.149,61.741],[5.592,61.79],[5.797,61.77],[5.834,61.819],[5.719,61.88],[5.528,61.933],[5.426,62.009],[5.47,62.094],[5.565,62.15],[5.824,62.179],[6.053,62.335],[6.308,62.286],[6.533,62.336],[6.613,62.583],[6.989,62.542],[7.289,62.486],[7.547,62.599],[7.102,62.705],[6.982,62.846],[7.088,62.91],[7.606,62.904],[7.989,62.94],[8.231,62.841],[8.258,63.054],[8.472,63.176],[8.606,63.325],[8.957,63.404],[9.154,63.319],[9.216,63.284],[9.441,63.498],[9.832,63.684],[9.87,63.876],[10.066,64.056],[10.74,64.386],[10.891,64.473],[10.997,64.494],[11.214,64.416],[11.364,64.416],[11.508,64.517],[11.407,64.617],[11.47,64.675],[11.69,64.776],[11.896,64.913],[12.112,65.13],[12.222,65.101],[12.526,65.109],[12.496,65.384],[12.284,65.435],[12.479,65.617],[12.709,65.909],[13.087,65.88],[13.109,66.034],[13.152,66.136],[13.581,66.188],[13.403,66.349],[13.255,66.393],[13.169,66.458],[13.242,66.569],[13.383,66.679],[13.592,66.657],[13.992,66.687],[13.747,66.922],[13.859,66.959],[14.055,66.975],[14.373,67.093],[14.639,67.123],[14.778,67.217],[14.616,67.245],[14.569,67.329],[14.699,67.374],[14.976,67.523],[15.227,67.509],[15.385,67.464],[15.58,67.583],[15.746,67.597],[15.762,67.676],[15.572,67.821],[15.854,67.925],[15.92,68.049],[16.071,68.045],[16.233,67.911],[16.412,67.874],[16.649,68.046],[16.522,68.341],[16.719,68.311],[17.033,68.338],[17.126,68.416],[16.855,68.558],[17.04,68.659],[17.407,68.772],[17.449,68.887],[17.566,68.974],[17.895,69.035],[17.928,69.005],[18.052,69.028],[18.097,69.058],[18.319,69.359],[18.553,69.247],[18.985,69.315],[19.289,69.211],[19.58,69.181],[19.821,69.37],[18.959,68.294],[18.4,67.235],[18.534,66.432],[17.33,64.826],[17.731,64.559],[16.661,63.756],[15.05,63.526],[13.155,62.024],[12.792,61.33],[12.597,61.029],[12.174,60.956],[12.431,60.626],[12.548,60.434],[12.436,60.278],[12.423,60.039],[12.488,58.563],[11.736,57.698],[11.61,57.807],[11.709,58.025],[11.802,58.178],[11.614,58.247],[11.431,58.202],[11.407,58.331],[11.221,58.308],[11.14,58.851],[11.039,58.91],[11.179,59.07]]}},{"type":"Feature","properties":{"NAME":"Denmark-Norway","ABBREVN":"DenmarkNorwa","SUBJECTO":"Denmark-Norway","BORDERPRECISION":1,"PARTOF":"Denmark-Norway"},"geometry":{"type":"LineString","coordinates":[[8.616,54.887],[8.645,55.069],[8.56,55.356],[8.481,55.349],[8.319,55.481],[8.214,55.399],[8.035,55.476],[8.125,55.636],[8.32,55.768],[8.317,55.849],[8.117,56.092],[8.124,56.207],[8.183,56.431],[8.309,56.479],[8.452,56.412],[8.675,56.358],[8.869,56.616],[9.003,56.657],[9.136,56.46],[9.312,56.481],[9.322,56.719],[9.37,56.882],[9.835,56.89],[10.216,56.85],[10.23,56.605],[10.314,56.469],[10.826,56.443],[10.889,56.369],[10.751,56.097],[10.496,56.034],[10.442,56.151],[10.293,56.137],[10.175,56.076],[10.23,55.951],[10.147,55.765],[10.007,55.73],[9.976,55.62],[9.69,55.605],[9.761,55.502],[9.63,55.459],[9.544,55.351],[9.517,55.223],[9.518,55.129],[9.421,54.976],[9.61,54.88],[9.864,54.726],[9.987,54.592],[9.978,54.49],[9.865,54.411],[10.065,54.434],[10.142,54.337],[9.885,54.254],[9.827,54.276],[9.739,54.276],[9.674,54.189],[9.449,54.189],[9.441,54.247],[9.296,54.247],[9.26,54.305],[9.216,54.29],[9.165,54.32],[9.136,54.298],[9.056,54.349],[8.962,54.276],[8.884,54.229],[8.581,54.194],[8.554,54.275],[8.852,54.332],[8.951,54.419],[8.742,54.608],[8.596,54.761],[8.616,54.887]]}},{"type":"Feature","properties":{"NAME":"Denmark-Norway","ABBREVN":"DenmarkNorwa","SUBJECTO":"Denmark-Norway","BORDERPRECISION":1,"PARTOF":"Denmark-Norway"},"geometry":{"type":"LineString","coordinates":[[8.183,56.798],[8.359,57.023],[8.534,57.141],[8.661,57.104],[9.302,57.166],[9.449,57.228],[9.849,57.582],[10.29,57.672],[10.39,57.661],[10.479,57.759],[10.558,57.745],[10.401,57.506],[10.451,57.458],[10.463,57.242],[10.333,57.171],[10.257,57.006],[9.503,56.975],[9.334,57.023],[9.141,57.009],[9.079,57.037],[8.971,57],[8.847,56.986],[8.778,56.798],[8.666,56.7],[8.507,56.647],[8.471,56.597],[8.183,56.798]]}},{"type":"Feature","properties":{"NAME":"Denmark-Norway","ABBREVN":"DenmarkNorwa","SUBJECTO":"Denmark-Norway","BORDERPRECISION":1,"PARTOF":"Denmark-Norway"},"geometry":{"type":"LineString","coordinates":[[11.877,57.325],[12.318,57.68],[12.524,57.391],[12.731,57.432],[12.896,56.978],[13.226,57.102],[13.432,56.524],[14.175,56.813],[14.485,56.68],[15.427,56.766],[16.063,56.396],[15.771,56.033],[15.696,56.061],[15.497,56.167],[15.221,56.08],[14.653,56.121],[14.605,55.981],[14.492,56.018],[14.259,55.899],[14.126,55.667],[14.286,55.515],[14.117,55.347],[13.823,55.422],[13.302,55.301],[12.802,55.353],[12.802,55.417],[12.888,55.452],[12.859,55.533],[12.986,55.667],[12.699,55.905],[12.414,56.243],[12.652,56.296],[12.615,56.436],[12.805,56.401],[12.872,56.512],[12.786,56.617],[12.657,56.611],[12.526,56.78],[12.289,56.88],[12.005,57.325],[11.877,57.325]]}},{"type":"Feature","properties":{"NAME":"Denmark-Norway","ABBREVN":"DenmarkNorwa","SUBJECTO":"Denmark-Norway","BORDERPRECISION":1,"PARTOF":"Denmark-Norway"},"geometry":{"type":"LineString","coordinates":[[11.97,54.954],[11.767,55.176],[11.585,55.162],[11.285,55.189],[11.23,55.337],[11.102,55.634],[11.296,55.675],[11.568,55.885],[11.728,55.662],[11.962,55.581],[12.053,55.703],[12.088,55.967],[12.238,55.988],[12.444,55.968],[12.469,55.711],[12.409,55.548],[12.158,55.379],[12.43,55.245],[12.301,55.17],[12.077,54.995],[11.97,54.954]]}},{"type":"Feature","properties":{"NAME":"Denmark-Norway","ABBREVN":"DenmarkNorwa","SUBJECTO":"Denmark-Norway","BORDERPRECISION":1,"PARTOF":"Denmark-Norway"},"geometry":{"type":"LineString","coordinates":[[-24.219,65.534],[-24.162,65.607],[-23.973,65.687],[-23.571,65.681],[-23.267,65.725],[-23.426,65.827],[-23.608,65.98],[-23.466,66.133],[-23.341,66.134],[-22.911,65.944],[-22.609,65.923],[-22.474,65.996],[-22.56,66.113],[-22.841,66.281],[-22.676,66.391],[-22.21,66.29],[-21.779,66.254],[-21.443,66.13],[-21.242,65.882],[-21.296,65.699],[-21.495,65.568],[-21.08,65.205],[-20.831,65.366],[-20.672,65.424],[-20.389,65.475],[-20.168,65.556],[-20.141,65.651],[-20.217,66.001],[-19.973,66.111],[-19.748,65.907],[-19.556,65.768],[-19.336,65.674],[-19.239,65.667],[-19.156,65.725],[-19.275,65.929],[-19.165,66.003],[-19.044,66.017],[-18.676,66.091],[-18.369,65.895],[-18.128,65.786],[-17.884,65.757],[-17.861,65.837],[-18.022,66.078],[-17.57,66.013],[-16.922,65.978],[-16.568,66.029],[-16.376,66.132],[-16.385,66.454],[-15.86,66.419],[-15.574,66.207],[-15.071,66.061],[-14.763,66.055],[-14.641,65.945],[-14.754,65.697],[-14.4,65.567],[-13.647,65.495],[-13.59,65.43],[-13.526,65.183],[-13.557,65.009],[-13.694,64.779],[-13.893,64.721],[-14.26,64.713],[-14.348,64.67],[-14.366,64.476],[-14.598,64.267],[-14.821,64.195],[-15.077,64.209],[-15.267,64.28],[-15.634,64.057],[-15.876,63.993],[-16.534,63.784],[-16.918,63.733],[-17.244,63.733],[-17.591,63.689],[-17.944,63.425],[-18.157,63.367],[-18.642,63.324],[-18.961,63.337],[-19.553,63.415],[-19.827,63.478],[-20.404,63.698],[-20.88,63.74],[-21.079,63.711],[-21.548,63.718],[-22.373,63.773],[-22.507,63.866],[-22.311,63.952],[-21.804,64.11],[-21.488,64.376],[-21.857,64.383],[-22.086,64.44],[-22.279,64.619],[-22.392,64.662],[-22.554,64.625],[-23.508,64.559],[-23.675,64.659],[-23.611,64.746],[-23.437,64.804],[-23.136,64.847],[-22.778,64.855],[-22.45,64.906],[-21.978,64.95],[-21.809,65.037],[-21.729,65.182],[-21.794,65.298],[-21.955,65.378],[-22.146,65.385],[-22.362,65.45],[-22.814,65.471],[-23.183,65.427],[-23.374,65.354],[-23.678,65.317],[-24.147,65.439],[-24.219,65.534]]}},{"type":"Feature","properties":{"NAME":"England","ABBREVN":"England","SUBJECTO":"England","BORDERPRECISION":1,"PARTOF":"England"},"geometry":{"type":"LineString","coordinates":[[-6.973,52.11],[-7.372,52.092],[-7.751,52.033],[-7.862,51.968],[-8.159,51.84],[-8.565,51.615],[-8.848,51.6],[-9.243,51.473],[-9.819,51.435],[-9.795,51.605],[-9.835,51.803],[-10.217,51.758],[-10.294,51.978],[-9.964,52.092],[-10.497,52.102],[-10.469,52.207],[-9.891,52.194],[-9.802,52.241],[-9.784,52.341],[-9.736,52.48],[-9.504,52.541],[-9.193,52.554],[-9.134,52.681],[-9.616,52.637],[-9.442,52.833],[-9.526,52.905],[-9.309,53.115],[-8.997,53.12],[-8.924,53.161],[-9.002,53.3],[-9.158,53.221],[-9.297,53.28],[-9.441,53.266],[-9.617,53.346],[-9.803,53.345],[-9.885,53.297],[-10.16,53.374],[-10.021,53.512],[-10.151,53.576],[-9.81,53.632],[-9.872,53.768],[-9.696,53.873],[-9.913,53.97],[-10.179,53.912],[-10.16,54.133],[-9.892,54.326],[-9.474,54.241],[-9.323,54.275],[-9.086,54.258],[-8.59,54.203],[-8.687,54.364],[-8.301,54.489],[-8.211,54.634],[-8.829,54.634],[-8.76,54.701],[-8.504,54.75],[-8.476,54.88],[-8.345,55.095],[-8.118,55.177],[-7.756,55.253],[-7.657,55.117],[-7.498,55.05],[-7.225,55.104],[-6.997,55.172],[-6.645,55.206],[-6.454,55.187],[-6.279,55.14],[-6.117,55.16],[-6.018,55.093],[-5.785,54.737],[-5.764,54.657],[-5.8,54.523],[-5.662,54.322],[-5.731,54.175],[-5.912,54.027],[-6.072,53.974],[-6.343,53.94]]}},{"type":"Feature","properties":{"NAME":"England","ABBREVN":"England","SUBJECTO":"England","BORDERPRECISION":1,"PARTOF":"England"},"geometry":{"type":"LineString","coordinates":[[-6.343,53.94],[-6.443,53.899],[-6.335,53.786],[-6.172,53.439],[-6.148,53.338]]}},{"type":"Feature","properties":{"NAME":"England","ABBREVN":"England","SUBJECTO":"England","BORDERPRECISION":1,"PARTOF":"England"},"geometry":{"type":"LineString","coordinates":[[-6.059,52.822],[-6.071,52.767],[-6.092,52.747]]}},{"type":"Feature","properties":{"NAME":"England","ABBREVN":"England","SUBJECTO":"England","BORDERPRECISION":1,"PARTOF":"England"},"geometry":{"type":"LineString","coordinates":[[-1.982,55.59],[-1.942,55.556],[-1.719,55.454],[-1.666,55.38],[-1.696,55.273],[-1.556,54.922],[-1.389,54.68],[-1.192,54.595],[-0.871,54.547],[-0.605,54.3],[-0.296,54.033],[-0.235,53.799],[-0.319,53.579],[0.081,53.386],[0.175,53.293],[0.268,53.127],[0.251,53.04],[0.006,52.787],[0.327,52.707],[0.505,52.848],[0.742,52.901],[1.013,52.888],[1.376,52.809],[1.586,52.65],[1.692,52.311],[1.657,52.212],[1.512,52.026],[1.031,51.813],[0.686,51.56],[0.254,51.454],[0.804,51.378],[1.03,51.359],[1.189,51.405],[1.365,51.353],[1.335,51.121],[0.886,50.982],[0.888,50.893],[0.673,50.931],[0.192,50.731],[-0.336,50.817],[-0.839,50.722],[-1.103,50.817],[-1.373,50.766],[-2.085,50.703],[-2.024,50.57],[-2.432,50.646],[-2.551,50.57],[-2.961,50.722],[-3.111,50.657],[-3.521,50.617],[-3.563,50.361],[-3.715,50.219],[-3.882,50.2],[-4.004,50.314],[-4.243,50.391],[-4.303,50.324],[-4.541,50.358],[-4.967,50.212],[-5.282,49.964],[-5.429,50.068],[-5.778,50.134],[-5.238,50.346],[-5.017,50.561],[-4.815,50.604],[-4.605,50.779],[-4.552,50.997],[-4.443,50.969],[-4.277,51.064],[-4.281,51.187],[-3.825,51.235],[-3.483,51.181],[-3.066,51.178],[-3.033,51.33],[-2.895,51.394],[-2.75,51.644],[-3.173,51.467],[-3.499,51.46],[-4.159,51.677],[-4.999,51.702],[-5.179,51.787],[-5.249,51.86],[-5.061,52.006],[-4.619,52.094],[-4.295,52.2],[-4.124,52.373],[-4.094,52.746],[-4.148,52.832],[-4.468,52.811],[-4.621,52.831],[-4.492,52.991],[-4.318,53.091],[-3.957,53.205],[-3.33,53.233],[-2.914,53.267],[-3.057,53.514],[-2.98,53.821],[-2.865,54.028],[-2.886,54.169],[-3.261,54.141],[-3.479,54.275],[-3.569,54.415],[-3.43,54.643],[-3.153,54.838],[-3.319,54.886],[-1.982,55.59]]}},{"type":"Feature","properties":{"NAME":"Scotland","ABBREVN":"Scottland","SUBJECTO":"Scottland","BORDERPRECISION":1,"PARTOF":"Scottland"},"geometry":{"type":"LineString","coordinates":[[-3.319,54.886],[-3.577,54.924],[-3.908,54.79],[-4.122,54.762],[-4.461,54.862],[-4.5,54.775],[-4.6,54.688],[-4.903,54.734],[-5.111,54.794],[-5.067,54.948],[-4.91,55.11],[-4.638,55.428],[-4.771,55.488],[-4.908,55.664],[-4.895,55.772],[-4.758,55.82],[-4.623,55.908],[-4.711,56.131],[-4.848,56.097],[-5.135,55.893],[-5.334,55.88],[-5.57,55.751],[-5.633,55.94],[-5.497,56.177],[-5.3,56.429],[-5.271,56.544],[-5.458,56.632],[-5.547,56.652],[-5.645,56.516],[-5.822,56.4],[-6.044,56.475],[-5.909,56.733],[-5.666,56.938],[-5.625,56.999],[-5.726,57.258],[-5.562,57.299],[-5.461,57.388],[-5.763,57.62],[-5.568,57.777],[-5.23,57.71],[-5.056,57.751],[-5.346,58.093],[-4.907,58.169],[-5.113,58.395],[-4.926,58.567],[-4.51,58.403],[-4.139,58.445],[-3.831,58.507],[-3.441,58.529],[-3.165,58.522],[-3.028,58.406],[-3.166,58.275],[-3.943,57.958],[-4.15,57.835],[-4.249,57.636],[-4.148,57.555],[-3.796,57.542],[-3.401,57.576],[-3.093,57.577],[-2.854,57.543],[-2.15,57.572],[-1.945,57.402],[-2.108,57.21],[-2.203,57.065],[-2.159,57.014],[-2.413,56.717],[-2.515,56.667],[-2.667,56.471],[-2.981,56.354],[-3.152,56.337],[-2.949,56.253],[-2.721,56.178],[-2.773,56.171],[-2.895,56.086],[-3.17,56.062],[-3.294,55.974],[-3.895,55.985],[-3.713,55.885],[-3.577,55.885],[-3.356,55.843],[-3.161,55.846],[-2.928,55.946],[-2.742,55.957],[-2.54,55.885],[-2.245,55.811],[-1.982,55.59],[-3.319,54.886]]}},{"type":"Feature","properties":{"NAME":"Scotland","ABBREVN":"Scottland","SUBJECTO":"Scottland","BORDERPRECISION":1,"PARTOF":"Scottland"},"geometry":{"type":"LineString","coordinates":[[-5.756,55.477],[-5.689,55.628],[-5.518,55.668],[-5.482,55.443],[-5.62,55.33],[-5.698,55.331],[-5.756,55.477]]}},{"type":"Feature","properties":{"NAME":"Portugal","ABBREVN":"Portugal","SUBJECTO":"Portugal","BORDERPRECISION":1,"PARTOF":"Portugal"},"geometry":{"type":"LineString","coordinates":[[-7.492,37.208],[-7.603,37.163],[-7.836,37.032],[-8.034,37.009],[-8.28,37.089],[-8.541,37.089],[-8.667,37.121],[-8.991,36.99],[-9.017,37.07],[-8.842,37.525],[-8.851,37.91],[-8.933,37.962],[-8.823,38.206],[-8.847,38.385],[-8.789,38.436],[-8.854,38.5],[-9.237,38.417],[-9.285,38.619],[-9.069,38.643],[-8.942,38.742],[-8.961,38.818],[-9.041,38.92],[-9.176,38.732],[-9.362,38.671],[-9.522,38.69],[-9.549,38.775],[-9.46,38.953],[-9.398,39.23],[-9.415,39.367],[-9.299,39.418],[-9.118,39.644],[-8.916,40.138],[-8.97,40.19],[-8.694,40.992],[-8.852,41.408],[-8.855,41.597],[-8.921,41.767],[-8.806,41.889],[-8.405,42.002],[-8.157,42.087],[-7.919,41.889],[-7.098,41.868],[-6.86,41.985],[-6.709,41.96],[-6.586,41.858],[-6.518,41.749],[-6.139,41.526],[-6.112,41.417],[-6.241,41.32],[-6.797,41.093],[-6.834,41.061],[-6.857,40.862],[-6.825,40.657],[-6.884,40.214],[-6.859,39.792],[-6.878,39.702],[-7.084,39.599],[-7.301,39.579],[-7.431,39.521],[-7.211,39.298],[-6.933,38.961],[-7.089,38.795],[-7.317,38.5],[-7.394,38.295],[-7.028,38.24],[-6.845,38.1],[-7.243,37.811],[-7.351,37.644],[-7.492,37.208]]}},{"type":"Feature","properties":{"NAME":"Papal States","ABBREVN":"Papal States","SUBJECTO":"Papal States","BORDERPRECISION":1,"PARTOF":"Papal States"},"geometry":{"type":"LineString","coordinates":[[11.176,45.06],[11.175,45.061]]}},{"type":"Feature","properties":{"NAME":"Papal States","ABBREVN":"Papal States","SUBJECTO":"Papal States","BORDERPRECISION":1,"PARTOF":"Papal States"},"geometry":{"type":"LineString","coordinates":[[11.201,44.146],[11.14,44.34],[11.289,44.373],[11.289,44.456],[11.173,44.606],[11.256,44.789],[11.274,44.803]]}},{"type":"Feature","properties":{"NAME":"Papal States","ABBREVN":"Papal States","SUBJECTO":"Papal States","BORDERPRECISION":1,"PARTOF":"Papal States"},"geometry":{"type":"LineString","coordinates":[[11.272,44.939],[11.27,44.941]]}},{"type":"Feature","properties":{"NAME":"Papal States","ABBREVN":"Papal States","SUBJECTO":"Papal States","BORDERPRECISION":1,"PARTOF":"Papal States"},"geometry":{"type":"LineString","coordinates":[[11.905,44.196],[11.887,44.257],[11.904,44.324],[11.854,44.357],[11.804,44.34],[11.738,44.357],[11.688,44.257],[11.704,44.224],[11.555,44.191],[11.572,44.224],[11.455,44.274],[11.289,44.224],[11.309,44.186]]}},{"type":"Feature","properties":{"NAME":"Papal States","ABBREVN":"Papal States","SUBJECTO":"Papal States","BORDERPRECISION":1,"PARTOF":"Papal States"},"geometry":{"type":"LineString","coordinates":[[12.04,43.92],[12.039,43.922]]}},{"type":"Feature","properties":{"NAME":"Papal States","ABBREVN":"Papal States","SUBJECTO":"Papal States","BORDERPRECISION":1,"PARTOF":"Papal States"},"geometry":{"type":"LineString","coordinates":[[12.08,43.853],[12.077,43.858]]}},{"type":"Feature","properties":{"NAME":"Papal States","ABBREVN":"Papal States","SUBJECTO":"Papal States","BORDERPRECISION":1,"PARTOF":"Papal States"},"geometry":{"type":"LineString","coordinates":[[12.117,43.502],[12.114,43.524]]}},{"type":"Feature","properties":{"NAME":"Papal States","ABBREVN":"Papal States","SUBJECTO":"Papal States","BORDERPRECISION":1,"PARTOF":"Papal States"},"geometry":{"type":"LineString","coordinates":[[12.124,43.749],[12.127,43.753]]}},{"type":"Feature","properties":{"NAME":"Papal States","ABBREVN":"Papal States","SUBJECTO":"Papal States","BORDERPRECISION":1,"PARTOF":"Papal States"},"geometry":{"type":"LineString","coordinates":[[11.659,44.959],[11.771,45.071],[11.887,45.087],[11.97,45.038],[12.053,45.021],[12.037,45.137],[12.136,45.104],[12.217,44.98]]}},{"type":"Feature","properties":{"NAME":"Papal States","ABBREVN":"Papal States","SUBJECTO":"Papal States","BORDERPRECISION":1,"PARTOF":"Papal States"},"geometry":{"type":"LineString","coordinates":[[12.378,44.732],[12.294,44.684]]}},{"type":"Feature","properties":{"NAME":"Papal States","ABBREVN":"Papal States","SUBJECTO":"Papal States","BORDERPRECISION":1,"PARTOF":"Papal States"},"geometry":{"type":"LineString","coordinates":[[12.294,44.861],[12.294,44.861]]}},{"type":"Feature","properties":{"NAME":"Papal States","ABBREVN":"Papal States","SUBJECTO":"Papal States","BORDERPRECISION":1,"PARTOF":"Papal States"},"geometry":{"type":"LineString","coordinates":[[12.365,44.753],[12.378,44.732]]}},{"type":"Feature","properties":{"NAME":"Papal States","ABBREVN":"Papal States","SUBJECTO":"Papal States","BORDERPRECISION":1,"PARTOF":"Papal States"},"geometry":{"type":"LineString","coordinates":[[12.276,44.631],[12.281,44.55],[12.345,44.301],[12.409,44.235]]}},{"type":"Feature","properties":{"NAME":"Papal States","ABBREVN":"Papal States","SUBJECTO":"Papal States","BORDERPRECISION":1,"PARTOF":"Papal States"},"geometry":{"type":"LineString","coordinates":[[13.299,41.313],[13.271,41.314],[12.977,41.371],[12.642,41.531],[12.395,41.73],[11.963,42.005],[12.02,42.099],[12.003,42.248],[12.07,42.298],[12.053,42.53],[12.169,42.63],[12.153,42.696],[12.186,42.912],[12.169,42.912],[12.153,43.062],[12.219,43.228],[12.302,43.278],[12.302,43.344],[12.219,43.344],[12.122,43.474]]}},{"type":"Feature","properties":{"NAME":"Papal States","ABBREVN":"Papal States","SUBJECTO":"Papal States","BORDERPRECISION":1,"PARTOF":"Papal States"},"geometry":{"type":"LineString","coordinates":[[12.729,43.921],[13.336,43.652]]}},{"type":"Feature","properties":{"NAME":"Papal States","ABBREVN":"Papal States","SUBJECTO":"Papal States","BORDERPRECISION":1,"PARTOF":"Papal States"},"geometry":{"type":"LineString","coordinates":[[13.651,43.474],[13.732,43.374],[13.792,43.123],[13.904,42.895]]}},{"type":"Feature","properties":{"NAME":"France","ABBREVN":"France","SUBJECTO":"France","BORDERPRECISION":1,"PARTOF":"France"},"geometry":{"type":"LineString","coordinates":[[1.47,42.622],[1.456,42.619],[1.32,42.605],[1.307,42.635],[0.744,42.772],[0.584,42.772],[0.592,42.628],[0.348,42.635],[0.196,42.608],[0.18,42.663],[-0.166,42.649],[-0.216,42.717],[-0.41,42.786],[-0.469,42.751],[-0.587,42.765],[-0.612,42.731],[-0.84,42.909],[-0.907,42.881],[-1.397,43.032],[-1.448,42.984],[-1.515,42.998],[-1.558,43.045],[-1.466,43.155],[-1.491,43.21],[-1.702,43.196],[-1.915,43.305],[-1.746,43.36],[-1.561,43.524],[-1.314,44.559],[-1.136,44.6],[-1.23,44.73],[-1.332,44.614],[-1.276,45.129],[-1.175,45.501],[-1.123,45.432],[-0.9,45.294],[-0.814,45.122],[-0.728,45.019],[-0.855,45.321],[-1.247,45.688],[-1.237,45.8],[-1.075,46.015],[-1.166,46.184],[-1.256,46.307],[-1.403,46.404],[-1.711,46.449],[-1.942,46.706],[-2.13,46.851],[-2.005,47.043],[-2.109,47.124],[-2.264,47.183],[-2.494,47.247],[-2.576,47.325],[-2.01,47.746],[-1.752,48.178],[-1.999,48.677],[-1.871,48.712],[-1.858,48.608],[-1.591,48.638],[-1.457,48.684],[-1.576,48.768],[-1.588,48.881],[-1.563,49.036],[-1.58,49.229],[-1.639,49.22],[-1.892,49.526],[-1.941,49.709],[-1.524,49.653],[-1.251,49.7],[-1.289,49.521],[-1.177,49.333],[-1.023,49.398],[-0.465,49.351],[-0.239,49.285],[0.033,49.334],[0.331,49.455],[0.09,49.511],[0.115,49.602],[0.189,49.681],[0.529,49.826],[1.275,50.004],[1.416,50.11],[1.552,50.229],[1.528,50.578],[1.589,50.822],[1.796,50.921],[1.826,50.243],[1.987,50.22]]}},{"type":"Feature","properties":{"NAME":"France","ABBREVN":"France","SUBJECTO":"France","BORDERPRECISION":1,"PARTOF":"France"},"geometry":{"type":"LineString","coordinates":[[1.667,42.622],[1.577,42.648],[1.567,42.646]]}},{"type":"Feature","properties":{"NAME":"France","ABBREVN":"France","SUBJECTO":"France","BORDERPRECISION":1,"PARTOF":"France"},"geometry":{"type":"LineString","coordinates":[[1.784,42.575],[1.792,42.579],[1.755,42.597],[1.73,42.604]]}},{"type":"Feature","properties":{"NAME":"France","ABBREVN":"France","SUBJECTO":"France","BORDERPRECISION":1,"PARTOF":"France"},"geometry":{"type":"LineString","coordinates":[[1.738,42.55],[1.774,42.569]]}},{"type":"Feature","properties":{"NAME":"France","ABBREVN":"France","SUBJECTO":"France","BORDERPRECISION":1,"PARTOF":"France"},"geometry":{"type":"LineString","coordinates":[[1.987,50.22],[1.987,50.082],[2.148,50.059],[2.401,50.197],[2.677,50.151],[2.907,49.943],[3.483,49.92],[3.82,50.039],[4.255,49.887],[4.782,49.796]]}},{"type":"Feature","properties":{"NAME":"France","ABBREVN":"France","SUBJECTO":"France","BORDERPRECISION":1,"PARTOF":"France"},"geometry":{"type":"LineString","coordinates":[[4.836,49.787],[5.261,49.714]]}},{"type":"Feature","properties":{"NAME":"France","ABBREVN":"France","SUBJECTO":"France","BORDERPRECISION":1,"PARTOF":"France"},"geometry":{"type":"LineString","coordinates":[[5.275,49.712],[5.293,49.709]]}},{"type":"Feature","properties":{"NAME":"France","ABBREVN":"France","SUBJECTO":"France","BORDERPRECISION":1,"PARTOF":"France"},"geometry":{"type":"LineString","coordinates":[[5.357,45.879],[5.357,45.876],[5.371,45.874]]}},{"type":"Feature","properties":{"NAME":"France","ABBREVN":"France","SUBJECTO":"France","BORDERPRECISION":1,"PARTOF":"France"},"geometry":{"type":"LineString","coordinates":[[5.657,49.108],[5.68,49.056]]}},{"type":"Feature","properties":{"NAME":"France","ABBREVN":"France","SUBJECTO":"France","BORDERPRECISION":1,"PARTOF":"France"},"geometry":{"type":"LineString","coordinates":[[5.624,49.182],[5.65,49.123]]}},{"type":"Feature","properties":{"NAME":"France","ABBREVN":"France","SUBJECTO":"France","BORDERPRECISION":1,"PARTOF":"France"},"geometry":{"type":"LineString","coordinates":[[5.862,48.799],[5.834,48.778],[5.838,48.775]]}},{"type":"Feature","properties":{"NAME":"France","ABBREVN":"France","SUBJECTO":"France","BORDERPRECISION":1,"PARTOF":"France"},"geometry":{"type":"LineString","coordinates":[[5.847,48.769],[5.943,48.703]]}},{"type":"Feature","properties":{"NAME":"France","ABBREVN":"France","SUBJECTO":"France","BORDERPRECISION":1,"PARTOF":"France"},"geometry":{"type":"LineString","coordinates":[[5.96,47.883],[5.96,47.804],[5.82,47.735],[5.918,47.595],[5.793,47.512],[5.779,47.359],[5.737,47.234],[5.667,47.108],[5.794,46.997],[5.757,46.887],[5.646,46.85],[5.626,46.649],[5.74,46.598],[5.725,46.48],[5.646,46.457],[5.416,46.524],[5.308,46.373]]}},{"type":"Feature","properties":{"NAME":"France","ABBREVN":"France","SUBJECTO":"France","BORDERPRECISION":1,"PARTOF":"France"},"geometry":{"type":"LineString","coordinates":[[5.96,47.938],[5.96,47.904]]}},{"type":"Feature","properties":{"NAME":"France","ABBREVN":"France","SUBJECTO":"France","BORDERPRECISION":1,"PARTOF":"France"},"geometry":{"type":"LineString","coordinates":[[5.965,48.433],[5.951,48.37]]}},{"type":"Feature","properties":{"NAME":"France","ABBREVN":"France","SUBJECTO":"France","BORDERPRECISION":1,"PARTOF":"France"},"geometry":{"type":"LineString","coordinates":[[6.004,48.66],[6.015,48.653],[6.005,48.61]]}},{"type":"Feature","properties":{"NAME":"France","ABBREVN":"France","SUBJECTO":"France","BORDERPRECISION":1,"PARTOF":"France"},"geometry":{"type":"LineString","coordinates":[[6.086,48.005],[6.057,47.957],[6.017,47.969]]}},{"type":"Feature","properties":{"NAME":"France","ABBREVN":"France","SUBJECTO":"France","BORDERPRECISION":1,"PARTOF":"France"},"geometry":{"type":"LineString","coordinates":[[6.163,47.998],[6.115,48.02]]}},{"type":"Feature","properties":{"NAME":"France","ABBREVN":"France","SUBJECTO":"France","BORDERPRECISION":1,"PARTOF":"France"},"geometry":{"type":"LineString","coordinates":[[5.808,45.428],[5.823,45.396],[5.935,45.322],[5.947,45.26],[6.058,45.223],[6.033,45.334],[6.083,45.372],[6.145,45.322],[6.192,45.338]]}},{"type":"Feature","properties":{"NAME":"France","ABBREVN":"France","SUBJECTO":"France","BORDERPRECISION":1,"PARTOF":"France"},"geometry":{"type":"LineString","coordinates":[[6.248,48.059],[6.25,48.016]]}},{"type":"Feature","properties":{"NAME":"France","ABBREVN":"France","SUBJECTO":"France","BORDERPRECISION":1,"PARTOF":"France"},"geometry":{"type":"LineString","coordinates":[[6.517,45.106],[6.665,44.955],[6.943,44.869],[7.003,44.72],[6.925,44.715],[6.783,44.548],[6.785,44.544]]}},{"type":"Feature","properties":{"NAME":"France","ABBREVN":"France","SUBJECTO":"France","BORDERPRECISION":1,"PARTOF":"France"},"geometry":{"type":"LineString","coordinates":[[7.202,43.611],[6.923,43.448],[6.523,43.151],[5.829,43.021],[5.647,43.033],[5.434,43.104],[5.052,43.328],[4.91,43.366],[4.751,43.353],[4.647,43.321],[4.417,43.346],[4.078,43.487],[3.807,43.467],[3.479,43.312],[3.318,43.196],[3.068,42.945],[3.002,42.771],[3.039,42.869],[2.949,42.883],[2.825,42.85],[2.701,42.73],[2.49,42.719],[2.481,42.686],[2.272,42.69],[2.103,42.615],[1.728,42.501],[1.729,42.516]]}},{"type":"Feature","properties":{"NAME":"Venice","ABBREVN":"Venice","SUBJECTO":"Venice","BORDERPRECISION":1,"PARTOF":"Venice"},"geometry":{"type":"LineString","coordinates":[[16.701,43.847],[16.712,43.771],[16.64,43.39],[16.549,43.461],[16.367,43.513],[16.059,43.433],[15.913,43.652],[15.494,43.888],[15.75,44.098],[16.185,43.908],[16.701,43.847]]}},{"type":"Feature","properties":{"NAME":"Venice","ABBREVN":"Venice","SUBJECTO":"Venice","BORDERPRECISION":1,"PARTOF":"Venice"},"geometry":{"type":"LineString","coordinates":[[17.304,43.076],[17.075,43.223],[16.992,43.323],[17.054,43.473],[17.163,43.391],[17.326,43.337],[17.304,43.076]]}},{"type":"Feature","properties":{"NAME":"Venice","ABBREVN":"Venice","SUBJECTO":"Venice","BORDERPRECISION":1,"PARTOF":"Venice"},"geometry":{"type":"LineString","coordinates":[[9.563,45.594],[9.695,45.78],[9.582,45.893],[9.57,46.024]]}},{"type":"Feature","properties":{"NAME":"Venice","ABBREVN":"Venice","SUBJECTO":"Venice","BORDERPRECISION":1,"PARTOF":"Venice"},"geometry":{"type":"LineString","coordinates":[[9.545,46.309],[9.545,46.312],[9.642,46.325],[9.674,46.38],[9.885,46.403],[9.903,46.379]]}},{"type":"Feature","properties":{"NAME":"Venice","ABBREVN":"Venice","SUBJECTO":"Venice","BORDERPRECISION":1,"PARTOF":"Venice"},"geometry":{"type":"LineString","coordinates":[[10.011,46.281],[10.088,46.422]]}},{"type":"Feature","properties":{"NAME":"Venice","ABBREVN":"Venice","SUBJECTO":"Venice","BORDERPRECISION":1,"PARTOF":"Venice"},"geometry":{"type":"LineString","coordinates":[[10.053,46.463],[9.987,46.498],[10.024,46.621],[10.151,46.662],[10.191,46.625]]}},{"type":"Feature","properties":{"NAME":"Venice","ABBREVN":"Venice","SUBJECTO":"Venice","BORDERPRECISION":1,"PARTOF":"Venice"},"geometry":{"type":"LineString","coordinates":[[10.577,45.36],[9.998,45.401],[9.922,45.666],[9.846,45.704],[9.602,45.568]]}},{"type":"Feature","properties":{"NAME":"Venice","ABBREVN":"Venice","SUBJECTO":"Venice","BORDERPRECISION":1,"PARTOF":"Venice"},"geometry":{"type":"LineString","coordinates":[[10.243,46.587],[10.372,46.566],[10.389,46.653],[10.339,46.748],[10.396,46.887],[10.558,46.718],[10.558,46.486]]}},{"type":"Feature","properties":{"NAME":"Venice","ABBREVN":"Venice","SUBJECTO":"Venice","BORDERPRECISION":1,"PARTOF":"Venice"},"geometry":{"type":"LineString","coordinates":[[10.831,45.282],[10.824,45.353],[10.72,45.353]]}},{"type":"Feature","properties":{"NAME":"Venice","ABBREVN":"Venice","SUBJECTO":"Venice","BORDERPRECISION":1,"PARTOF":"Venice"},"geometry":{"type":"LineString","coordinates":[[12.217,44.98],[12.136,45.104],[12.037,45.137],[12.053,45.021],[11.97,45.038],[11.887,45.087],[11.771,45.071],[11.659,44.959]]}},{"type":"Feature","properties":{"NAME":"Venice","ABBREVN":"Venice","SUBJECTO":"Venice","BORDERPRECISION":1,"PARTOF":"Venice"},"geometry":{"type":"LineString","coordinates":[[12.294,44.861],[12.294,44.861]]}},{"type":"Feature","properties":{"NAME":"Venice","ABBREVN":"Venice","SUBJECTO":"Venice","BORDERPRECISION":1,"PARTOF":"Venice"},"geometry":{"type":"LineString","coordinates":[[13.606,46.132],[13.368,45.694],[13.156,45.727],[13.105,45.582],[12.899,45.558],[12.448,45.394],[12.483,45.462],[12.28,45.402],[12.251,45.29],[12.18,45.27],[12.176,45.214],[12.313,45.178],[12.322,45.042],[12.409,44.989],[12.523,44.883],[12.476,44.787],[12.378,44.732],[12.365,44.753]]}},{"type":"Feature","properties":{"NAME":"Venice","ABBREVN":"Venice","SUBJECTO":"Venice","BORDERPRECISION":1,"PARTOF":"Venice"},"geometry":{"type":"LineString","coordinates":[[10.558,46.373],[10.558,46.313],[10.457,46.212],[10.525,45.739],[10.66,45.807],[10.795,45.638],[10.93,45.84],[11.166,45.739],[11.233,46.009],[11.335,46.009],[11.571,45.975],[11.571,46.245],[11.908,46.414],[11.74,46.752],[12.075,46.928],[12.218,46.884],[12.328,46.967],[12.503,46.959]]}},{"type":"Feature","properties":{"NAME":"Venice","ABBREVN":"Venice","SUBJECTO":"Venice","BORDERPRECISION":1,"PARTOF":"Venice"},"geometry":{"type":"LineString","coordinates":[[12.588,46.956],[12.698,46.951],[13.061,47.02]]}},{"type":"Feature","properties":{"NAME":"Venice","ABBREVN":"Venice","SUBJECTO":"Venice","BORDERPRECISION":1,"PARTOF":"Venice"},"geometry":{"type":"LineString","coordinates":[[13.081,47.024],[13.151,47.037]]}},{"type":"Feature","properties":{"NAME":"Venice","ABBREVN":"Venice","SUBJECTO":"Venice","BORDERPRECISION":1,"PARTOF":"Venice"},"geometry":{"type":"LineString","coordinates":[[13.25,47.056],[13.292,47.064],[13.516,47],[13.581,46.839],[13.709,46.839],[13.725,46.646],[13.621,46.421],[13.606,46.132]]}},{"type":"Feature","properties":{"NAME":"Venice","ABBREVN":"Venice","SUBJECTO":"Venice","BORDERPRECISION":1,"PARTOF":"Venice"},"geometry":{"type":"LineString","coordinates":[[13.812,45.702],[13.982,45.687]]}},{"type":"Feature","properties":{"NAME":"Venice","ABBREVN":"Venice","SUBJECTO":"Venice","BORDERPRECISION":1,"PARTOF":"Venice"},"geometry":{"type":"LineString","coordinates":[[14.111,45.629],[14.123,45.611]]}},{"type":"Feature","properties":{"NAME":"Venice","ABBREVN":"Venice","SUBJECTO":"Venice","BORDERPRECISION":1,"PARTOF":"Venice"},"geometry":{"type":"LineString","coordinates":[[14.139,45.589],[14.154,45.569]]}},{"type":"Feature","properties":{"NAME":"Venice","ABBREVN":"Venice","SUBJECTO":"Venice","BORDERPRECISION":1,"PARTOF":"Venice"},"geometry":{"type":"LineString","coordinates":[[14.12,45.452],[13.99,45.42],[14.076,45.276],[14.204,45.298]]}},{"type":"Feature","properties":{"NAME":"Venice","ABBREVN":"Venice","SUBJECTO":"Venice","BORDERPRECISION":1,"PARTOF":"Venice"},"geometry":{"type":"LineString","coordinates":[[14.212,45.486],[14.219,45.477],[14.203,45.473]]}},{"type":"Feature","properties":{"NAME":"Venice","ABBREVN":"Venice","SUBJECTO":"Venice","BORDERPRECISION":1,"PARTOF":"Venice"},"geometry":{"type":"LineString","coordinates":[[14.348,45.309],[14.239,45.062],[14.175,45.01],[14.189,44.943],[14.06,44.895],[13.991,44.783],[13.895,44.759],[13.672,45.05],[13.644,45.179],[13.527,45.454],[13.749,45.494],[13.8,45.566],[13.673,45.715],[13.741,45.709]]}},{"type":"Feature","properties":{"NAME":null,"ABBREVN":null,"SUBJECTO":null,"BORDERPRECISION":1,"PARTOF":null},"geometry":{"type":"LineString","coordinates":[[55.567,72],[55.721,71.642],[56.151,71.271],[56.379,71.132],[56.727,70.994],[57.251,70.818],[57.238,70.691],[56.059,70.731],[55.679,70.707],[55.266,70.561],[54.998,70.522],[54.694,70.744],[54.522,70.759],[54.032,70.719],[53.729,70.765],[53.715,70.927],[54.321,71.09],[54.353,71.198],[54.308,71.206],[53.234,71.514],[52.55,71.59],[52.402,71.52],[52.121,71.465],[51.815,71.48],[51.534,71.658],[51.482,71.845],[51.585,71.985],[51.613,72],[55.567,72]]}},{"type":"Feature","properties":{"NAME":"Sweden","ABBREVN":"Sweden","SUBJECTO":"Sweden","BORDERPRECISION":1,"PARTOF":"Sweden"},"geometry":{"type":"LineString","coordinates":[[29.511,60.145],[28.969,60.109],[28.692,60.15],[28.569,60.198],[28.435,60.337],[28.551,60.533],[28.522,60.623],[28.011,60.511],[27.474,60.426],[27.406,60.345],[27.178,60.442],[26.946,60.376],[26.922,60.316],[26.613,60.348],[26.526,60.396],[26.552,60.571],[26.443,60.333],[26.323,60.27],[25.89,60.236],[25.846,60.115],[25.581,60.262],[25.45,60.138],[25.146,60.11],[24.993,60.03],[24.969,60.087],[24.516,59.989],[24.421,59.87],[24.281,59.938],[23.979,59.881],[23.961,59.932],[23.665,59.836],[23.201,59.818],[22.982,59.932],[22.882,60.056],[23.005,60.209],[22.625,60.201],[22.392,60.121],[22.421,60.293],[22.221,60.259],[21.931,60.381],[21.747,60.408],[21.56,60.512],[21.443,60.694],[21.427,61.015],[21.498,61.183],[21.521,61.38],[21.561,61.485],[21.405,61.702],[21.211,61.871],[21.346,62.167],[21.338,62.344],[21.2,62.435],[21.034,62.477],[21.062,62.612],[21.195,62.761],[21.481,62.889],[21.546,62.974],[21.495,63.123],[21.666,63.187],[22.075,63.103],[22.292,63.203],[22.429,63.395],[22.476,63.602],[22.569,63.723],[22.704,63.581],[22.826,63.581],[23.58,64.082],[24.094,64.377],[24.47,64.636],[24.932,64.816],[25.325,64.802],[25.352,64.939],[25.293,65.004],[25.133,65.076],[25.252,65.417],[25.104,65.54],[24.591,65.583],[24.215,65.786],[23.844,65.798],[23.406,65.725],[23.204,65.681],[22.798,65.855],[22.646,65.935],[22.49,65.883],[22.202,65.715],[21.957,65.446],[21.819,65.38],[21.522,65.372],[21.277,65.212],[21.424,65.104],[21.489,65.017],[21.329,64.894],[20.921,64.714],[21.064,64.592],[21.237,64.521],[21.386,64.385],[21.049,64.219],[20.866,64.026],[20.701,63.818],[19.67,63.389],[19.465,63.481],[19.318,63.445],[19.076,63.202],[18.785,63.138],[18.487,62.981],[18.389,62.853],[18.303,62.789],[17.967,62.775],[17.868,62.789],[17.936,62.548],[17.718,62.357],[17.29,62.441],[17.387,62.201],[17.497,62.088],[17.387,61.658],[17.163,61.63],[17.065,61.538],[17.15,61.198],[17.146,60.953],[17.318,60.753],[17.188,60.674],[17.605,60.638],[17.706,60.554],[17.931,60.59],[18.224,60.323],[18.417,60.182],[18.804,60.108],[18.893,59.926],[19.037,59.863],[19.044,59.712],[18.868,59.712],[18.639,59.567],[18.03,59.359],[17.795,59.364],[17.73,59.416],[17.368,59.468],[17.071,59.546],[16.786,59.577],[16.724,59.531],[16.523,59.583],[16.408,59.447],[16.776,59.479],[17,59.359],[17.266,59.339],[17.358,59.245],[17.575,59.214],[17.584,59.271],[17.862,59.24],[17.978,59.328],[18.111,59.323],[18.328,59.37],[18.43,59.333],[18.441,59.401],[18.515,59.401],[18.611,59.333],[18.598,59.297],[18.273,59.287],[18.372,59.157],[18.016,59.038],[17.94,58.908],[17.766,58.872],[17.726,58.914],[17.745,58.986],[17.739,59.11],[17.623,59.1],[17.582,58.893],[17.357,58.743],[17.245,58.717],[17.083,58.748],[17.081,58.65],[16.443,58.634],[16.513,58.428],[16.744,58.312],[16.774,58.038],[16.725,57.889],[16.598,57.866],[16.46,57.895],[16.477,57.702],[16.607,57.666],[16.55,57.545],[16.659,57.443],[16.494,57.279],[16.395,57.074],[16.376,56.822],[16.063,56.396],[15.427,56.766],[14.485,56.68],[14.175,56.813],[13.432,56.524],[13.226,57.102],[12.896,56.978],[12.731,57.432],[12.524,57.391],[12.318,57.68],[11.877,57.325],[11.881,57.509],[11.766,57.673],[11.736,57.698],[12.488,58.563],[12.423,60.039],[12.436,60.278],[12.548,60.434],[12.431,60.626],[12.174,60.956],[12.597,61.029],[12.792,61.33],[13.155,62.024],[15.05,63.526],[16.661,63.756],[17.731,64.559],[17.33,64.826],[18.534,66.432],[21.879,66.967],[25.626,66.7],[26.429,65.629],[26.479,65.572],[27.232,63.354],[28.666,62.209],[29.687,60.131],[29.511,60.145]]}},{"type":"Feature","properties":{"NAME":"Ryazan","ABBREVN":"Ryazan","SUBJECTO":"Ryazan","BORDERPRECISION":1,"PARTOF":"Ryazan"},"geometry":{"type":"LineString","coordinates":[[43.673,53.477],[41.402,51.798],[40.415,51.354],[37.699,52.736],[36.86,52.095],[36.598,54.255],[37.255,54.218],[37.452,55.106],[38.39,55.057],[38.687,55.452],[39.378,55.847],[40.76,55.452],[40.563,54.761],[41.995,54.761],[43.081,54.909],[44.809,54.662],[43.673,53.477]]}},{"type":"Feature","properties":{"NAME":"Georgia","ABBREVN":"Georgia","SUBJECTO":"Georgia","BORDERPRECISION":1,"PARTOF":"Georgia"},"geometry":{"type":"LineString","coordinates":[[45.382,42.623],[45.297,42.676],[45.201,42.676],[45.138,42.719],[45.031,42.772],[44.978,42.772],[44.935,42.74],[44.872,42.666],[44.786,42.729],[44.669,42.761],[44.51,42.761],[44.414,42.729],[44.297,42.612],[44.17,42.612],[44.053,42.559],[43.957,42.591],[42.878,41.546],[42.694,41.564],[42.352,41.402],[42.25,41.369],[42.029,41.4],[41.484,41.437],[41.521,41.466],[41.666,41.729],[41.68,41.793],[41.652,42.121],[41.503,42.608],[41.41,42.788],[41.123,43.019],[41.31,43.557],[43.617,43.773],[45.382,42.623]]}},{"type":"Feature","properties":{"NAME":"Teutonic Knights","ABBREVN":"TeutonicLand","SUBJECTO":"Teutonic Knights","BORDERPRECISION":1,"PARTOF":"Teutonic Knights"},"geometry":{"type":"LineString","coordinates":[[27.651,56.28],[27.371,55.719],[26.245,55.896],[25.307,56.489],[24.715,56.34],[21.905,56.35],[21.142,56.127],[21.31,55.513],[21.67,55.513],[22.029,55.256],[21.926,54.948],[22.132,54.794],[22.08,54.589],[22.183,54.538],[22.234,54.127],[21.464,53.819],[21.105,53.819],[20.81,53.638],[20.709,53.758],[20.428,53.778],[20.386,53.511],[20.078,53.511],[20.078,53.665],[19.565,53.46],[19.206,53.254],[18.949,53.254],[18.59,53.1],[18.282,53.357],[18.685,54.254],[18.965,54.228],[19.255,54.277],[19.734,54.461],[19.758,54.459],[19.318,54.272],[19.232,54.222],[19.23,54.167],[19.328,54.161],[19.457,54.217],[19.733,54.31],[20.189,54.522],[20.327,54.564],[20.194,54.575],[20.006,54.547],[19.938,54.608],[19.882,54.525],[19.833,54.531],[19.863,54.752],[19.943,54.85],[20.985,54.812],[21.137,54.845],[21.192,54.96],[21.113,55.089],[21.224,55.111],[21.143,55.256],[21.201,55.261],[21.216,55.344],[21.018,55.634],[20.996,56.024],[20.916,56.097],[20.965,56.609],[21.022,56.684],[21.324,56.854],[21.34,57.177],[21.46,57.25],[21.677,57.464],[21.81,57.475],[22.285,57.565],[22.433,57.616],[22.564,57.616],[22.585,57.509],[22.881,57.334],[23.071,57.261],[23.175,57.048],[23.215,56.981],[23.414,56.892],[23.768,56.866],[24.158,56.975],[24.266,57.03],[24.346,57.16],[24.323,57.337],[24.236,57.728],[24.416,57.948],[24.414,58.106],[24.497,58.213],[24.331,58.308],[24.058,58.112],[23.908,58.224],[23.671,58.241],[23.69,58.665],[23.512,58.581],[23.361,58.767],[23.432,58.858],[23.338,58.972],[23.457,59.005],[23.416,59.119],[24.032,59.176],[24.03,59.235],[24.282,59.284],[24.342,59.369],[24.538,59.323],[24.571,59.374],[24.714,59.352],[24.751,59.448],[25.248,59.362],[25.449,59.494],[25.49,59.42],[25.721,59.46],[26.343,59.447],[26.862,59.372],[26.999,59.318],[27.265,59.338],[27.702,59.298],[27.511,57.611],[27.651,56.28]]}},{"type":"Feature","properties":{"NAME":"Pskov","ABBREVN":"Pskov","SUBJECTO":"Pskov","BORDERPRECISION":1,"PARTOF":"Pskov"},"geometry":{"type":"LineString","coordinates":[[28.319,58.661],[28.418,57.92],[28.813,57.575],[28.813,56.883],[28.093,56.792],[28.017,56.567],[27.823,56.725],[27.606,56.707],[27.511,57.611],[27.661,58.938],[28.319,58.661]]}},{"type":"Feature","properties":{"NAME":"Grand Duchy of Moscow","ABBREVN":"Muscovy","SUBJECTO":"Grand Duchy of Moscow","BORDERPRECISION":1,"PARTOF":"Grand Duchy of Moscow"},"geometry":{"type":"LineString","coordinates":[[27.661,58.938],[27.702,59.298],[27.894,59.346],[28.016,59.454],[27.973,59.517],[27.897,59.534],[27.942,59.648],[28.094,59.665],[28.163,59.591],[28.266,59.562],[28.351,59.602],[28.309,59.664],[28.444,59.734],[28.663,59.644],[28.796,59.672],[28.936,59.825],[29.076,59.908],[29.414,59.86],[29.765,59.736],[29.963,59.737],[30.127,59.806],[29.953,59.986],[29.687,60.131],[28.666,62.209],[27.232,63.354],[26.479,65.572],[27.098,66.834],[31.246,67.636],[32.644,67.046],[32.219,66.994],[32.425,66.891],[32.754,66.649],[32.971,66.583],[33.47,66.313],[33.844,66.182],[34.258,66.11],[34.544,66.001],[34.726,65.797],[34.726,65.615],[34.601,65.484],[34.293,65.396],[34.332,65.346],[34.426,65.107],[34.773,64.682],[34.815,64.46],[34.885,64.367],[35.082,64.288],[35.623,64.254],[36.015,64.197],[36.24,63.919],[36.421,63.876],[36.988,63.841],[37.411,63.749],[37.591,63.807],[37.945,63.85],[38.054,63.986],[38.054,64.129],[37.88,64.308],[37.668,64.343],[37.463,64.3],[37.262,64.314],[36.997,64.407],[36.569,64.765],[36.884,65.068],[37.102,65.068],[37.604,64.853],[38.253,64.703],[39.193,64.511],[39.622,64.476],[39.997,64.541],[40.322,64.463],[40.44,64.564],[40.462,64.75],[40.366,64.858],[39.979,65.153],[39.823,65.436],[39.951,65.581],[40.681,65.794],[41.354,65.955],[41.623,66.065],[42.133,66.388],[42.211,66.41],[43.241,66.251],[43.876,66.011],[44.029,66.011],[44.053,66.041],[44.122,66.267],[44.384,66.612],[44.362,66.906],[44.219,67.09],[43.838,67.163],[43.704,67.266],[44.216,67.718],[44.261,67.83],[44.169,68.097],[43.822,68.327],[43.853,68.469],[44.012,68.492],[44.668,68.389],[45.58,68.443],[45.863,68.383],[46.162,68.108],[46.439,67.908],[46.634,67.701],[45.463,67.639],[45.093,67.542],[44.871,67.312],[44.957,67.231],[45.386,67.099],[45.715,66.85],[46.077,66.762],[46.402,66.719],[46.973,66.778],[47.571,66.816],[47.706,66.89],[47.953,67.377],[48.081,67.562],[48.635,67.652],[49.186,67.839],[49.63,67.936],[50.496,68.153],[51.139,68.266],[51.831,68.409],[52.245,68.545],[52.337,68.336],[52.463,68.299],[52.72,68.351],[52.939,68.471],[53.006,68.681],[53.179,68.756],[53.502,68.816],[53.889,68.787],[53.808,68.607],[53.782,68.338],[53.396,68.3],[53.316,68.233],[53.317,68.136],[53.626,68.048],[54.38,68.161],[54.576,68.161],[54.648,68.072],[54.752,68.05],[54.877,68.11],[54.996,68.207],[55.126,68.401],[55.335,68.483],[55.723,68.536],[56.195,68.567],[56.54,68.553],[57.024,68.449],[57.364,68.457],[57.526,68.495],[57.959,68.705],[58.409,68.833],[58.77,68.856],[59.199,68.774],[59.346,68.7],[59.062,68.497],[59.12,68.393],[59.218,68.349],[59.502,68.289],[59.762,68.297],[59.892,68.402],[59.925,68.581],[60,68.6],[60,59.103],[58.293,58.425],[55.465,58.136],[45.965,57.735],[45.43,57.467],[44.809,54.662],[43.081,54.909],[41.995,54.761],[40.563,54.761],[40.76,55.452],[39.378,55.847],[38.687,55.452],[38.39,55.057],[37.452,55.106],[37.255,54.218],[36.598,54.255],[36.218,54.267],[36.169,54.761],[34.49,54.711],[34.095,55.106],[34.441,56.242],[33.256,56.489],[32.417,57.278],[31.281,57.278],[30.738,56.982],[30.936,56.39],[30.689,55.896],[29.948,56.538],[29.06,56.538],[28.813,56.883],[28.813,57.575],[28.418,57.92],[28.319,58.661],[27.661,58.938]]}},{"type":"Feature","properties":{"NAME":"Grand Duchy of Moscow","ABBREVN":"Muscovy","SUBJECTO":"Grand Duchy of Moscow","BORDERPRECISION":1,"PARTOF":"Grand Duchy of Moscow"},"geometry":{"type":"LineString","coordinates":[[34.611,61.641],[34.904,61.523],[35.293,61.42],[35.539,61.309],[35.644,61.192],[35.665,61.099],[35.602,61.031],[35.548,60.998],[35.501,61],[35.498,60.977],[35.538,60.932],[35.672,60.922],[35.898,60.949],[36.033,60.993],[36.078,61.053],[36.185,61.112],[36.354,61.169],[36.415,61.217],[36.366,61.254],[36.371,61.29],[36.429,61.325],[36.456,61.362],[36.451,61.402],[36.399,61.438],[36.298,61.469],[36.191,61.531],[36.078,61.626],[36.017,61.701],[36.009,61.756],[35.961,61.8],[35.875,61.832],[35.851,61.868],[35.89,61.906],[35.85,61.954],[35.733,62.012],[35.723,62.134],[35.822,62.319],[35.839,62.444],[35.776,62.509],[35.694,62.545],[35.593,62.554],[35.548,62.575],[35.559,62.609],[35.543,62.621],[35.501,62.613],[35.499,62.589],[35.538,62.551],[35.524,62.551],[35.457,62.59],[35.422,62.621],[35.418,62.645],[35.173,62.717],[34.686,62.836],[34.602,62.757],[34.919,62.48],[35.053,62.375],[35.005,62.444],[34.941,62.512],[34.862,62.578],[34.865,62.607],[34.95,62.598],[34.982,62.607],[34.961,62.633],[35.046,62.609],[35.238,62.535],[35.344,62.513],[35.363,62.543],[35.431,62.476],[35.547,62.315],[35.548,62.206],[35.432,62.151],[35.285,62.155],[35.108,62.218],[35.069,62.199],[35.168,62.099],[35.204,62.036],[35.178,62.011],[35.102,62.033],[34.977,62.103],[34.892,62.169],[34.847,62.229],[34.84,62.25],[34.87,62.231],[34.868,62.253],[34.815,62.351],[34.807,62.353],[34.841,62.286],[34.83,62.262],[34.818,62.269],[34.827,62.304],[34.799,62.346],[34.737,62.41],[34.639,62.484],[34.507,62.566],[34.533,62.512],[34.718,62.322],[34.713,62.289],[34.517,62.414],[34.488,62.417],[34.701,62.219],[34.719,62.182],[34.682,62.182],[34.59,62.22],[34.592,62.184],[34.73,62.022],[34.543,62.092],[34.295,62.167],[34.256,62.191],[34.249,62.177],[34.273,62.124],[34.372,62.047],[34.544,61.946],[34.598,61.897],[34.505,61.898],[34.598,61.859],[34.559,61.863],[34.548,61.846],[34.564,61.81],[34.508,61.803],[34.38,61.825],[34.414,61.771],[34.611,61.641]]}},{"type":"Feature","properties":{"NAME":"Grand Duchy of Moscow","ABBREVN":"Muscovy","SUBJECTO":"Grand Duchy of Moscow","BORDERPRECISION":1,"PARTOF":"Grand Duchy of Moscow"},"geometry":{"type":"LineString","coordinates":[[30.079,61.264],[30.079,61.239],[30.042,61.245],[29.968,61.282],[29.921,61.299],[29.9,61.297],[29.892,61.291],[29.897,61.281],[29.883,61.28],[29.897,61.259],[29.884,61.254],[29.823,61.263],[29.897,61.241],[29.904,61.234],[29.868,61.229],[29.867,61.217],[29.898,61.198],[29.819,61.213],[30.063,61.114],[30.249,61.012],[30.437,60.879],[30.525,60.764],[30.514,60.669],[30.551,60.611],[30.636,60.589],[30.748,60.484],[30.889,60.294],[30.982,60.193],[31.028,60.182],[31.066,60.141],[31.097,60.069],[31.092,60.014],[31.05,59.976],[31.044,59.949],[31.074,59.933],[31.418,59.924],[31.536,59.94],[31.553,59.972],[31.539,60.011],[31.495,60.057],[31.535,60.121],[31.657,60.203],[31.824,60.236],[32.035,60.218],[32.166,60.187],[32.215,60.142],[32.32,60.135],[32.48,60.163],[32.578,60.194],[32.614,60.229],[32.621,60.272],[32.598,60.326],[32.612,60.363],[32.666,60.384],[32.665,60.424],[32.611,60.482],[32.648,60.513],[32.85,60.524],[32.904,60.553],[32.949,60.613],[32.926,60.651],[32.856,60.69],[32.818,60.743],[32.812,60.807],[32.753,60.877],[32.642,60.95],[32.569,61.021],[32.537,61.089],[32.367,61.166],[32.061,61.253],[31.832,61.345],[31.679,61.444],[31.621,61.467],[31.659,61.416],[31.661,61.395],[31.627,61.404],[31.556,61.453],[31.546,61.477],[31.561,61.497],[31.529,61.539],[31.449,61.602],[31.379,61.621],[31.32,61.597],[31.26,61.606],[31.164,61.663],[31.155,61.653],[31.173,61.612],[31.163,61.599],[31.127,61.598],[31.106,61.62],[31.1,61.665],[31.014,61.712],[30.848,61.761],[30.737,61.755],[30.683,61.694],[30.672,61.652],[30.704,61.627],[30.674,61.608],[30.583,61.594],[30.563,61.578],[30.614,61.558],[30.582,61.546],[30.466,61.542],[30.424,61.525],[30.453,61.494],[30.404,61.49],[30.275,61.514],[30.22,61.5],[30.239,61.448],[30.222,61.406],[30.168,61.376],[30.173,61.347],[30.238,61.319],[30.223,61.298],[30.127,61.284],[30.079,61.264]]}},{"type":"Feature","properties":{"NAME":"Poland-Lithuania","ABBREVN":"Pol.-Lith.","SUBJECTO":"Poland-Lithuania","BORDERPRECISION":1,"PARTOF":"Poland-Lithuania"},"geometry":{"type":"LineString","coordinates":[[15.765,52.27],[15.76,52.571],[15.816,52.571],[15.844,52.71],[16.053,52.716],[16.085,52.851]]}},{"type":"Feature","properties":{"NAME":"Poland-Lithuania","ABBREVN":"Pol.-Lith.","SUBJECTO":"Poland-Lithuania","BORDERPRECISION":1,"PARTOF":"Poland-Lithuania"},"geometry":{"type":"LineString","coordinates":[[16.091,52.876],[16.204,53.343],[16.24,53.374]]}},{"type":"Feature","properties":{"NAME":"Poland-Lithuania","ABBREVN":"Pol.-Lith.","SUBJECTO":"Poland-Lithuania","BORDERPRECISION":1,"PARTOF":"Poland-Lithuania"},"geometry":{"type":"LineString","coordinates":[[16.295,53.421],[16.416,53.525],[16.376,53.559]]}},{"type":"Feature","properties":{"NAME":"Poland-Lithuania","ABBREVN":"Pol.-Lith.","SUBJECTO":"Poland-Lithuania","BORDERPRECISION":1,"PARTOF":"Poland-Lithuania"},"geometry":{"type":"LineString","coordinates":[[16.669,53.83],[16.67,53.828]]}},{"type":"Feature","properties":{"NAME":"Poland-Lithuania","ABBREVN":"Pol.-Lith.","SUBJECTO":"Poland-Lithuania","BORDERPRECISION":1,"PARTOF":"Poland-Lithuania"},"geometry":{"type":"LineString","coordinates":[[16.705,54.014],[16.705,54.014]]}},{"type":"Feature","properties":{"NAME":"Poland-Lithuania","ABBREVN":"Pol.-Lith.","SUBJECTO":"Poland-Lithuania","BORDERPRECISION":1,"PARTOF":"Poland-Lithuania"},"geometry":{"type":"LineString","coordinates":[[16.794,53.88],[16.77,53.917]]}},{"type":"Feature","properties":{"NAME":"Poland-Lithuania","ABBREVN":"Pol.-Lith.","SUBJECTO":"Poland-Lithuania","BORDERPRECISION":1,"PARTOF":"Poland-Lithuania"},"geometry":{"type":"LineString","coordinates":[[16.809,53.789],[16.809,53.858],[16.808,53.859]]}},{"type":"Feature","properties":{"NAME":"Poland-Lithuania","ABBREVN":"Pol.-Lith.","SUBJECTO":"Poland-Lithuania","BORDERPRECISION":1,"PARTOF":"Poland-Lithuania"},"geometry":{"type":"LineString","coordinates":[[16.863,51.654],[16.855,51.655],[16.855,51.917],[16.506,52.178],[16.506,52.004],[16.095,52.124],[15.814,52.244]]}},{"type":"Feature","properties":{"NAME":"Poland-Lithuania","ABBREVN":"Pol.-Lith.","SUBJECTO":"Poland-Lithuania","BORDERPRECISION":1,"PARTOF":"Poland-Lithuania"},"geometry":{"type":"LineString","coordinates":[[17.28,54.211],[17.336,54.237]]}},{"type":"Feature","properties":{"NAME":"Poland-Lithuania","ABBREVN":"Pol.-Lith.","SUBJECTO":"Poland-Lithuania","BORDERPRECISION":1,"PARTOF":"Poland-Lithuania"},"geometry":{"type":"LineString","coordinates":[[17.853,51.246],[17.64,51.437],[17.553,51.655],[17.291,51.786],[17.255,51.714]]}},{"type":"Feature","properties":{"NAME":"Poland-Lithuania","ABBREVN":"Pol.-Lith.","SUBJECTO":"Poland-Lithuania","BORDERPRECISION":1,"PARTOF":"Poland-Lithuania"},"geometry":{"type":"LineString","coordinates":[[17.718,54.419],[17.747,54.433],[17.658,54.685],[18.279,54.724],[18.76,54.536],[18.363,54.669],[18.338,54.603],[18.454,54.525],[18.513,54.316],[18.685,54.254],[18.282,53.357],[18.59,53.1],[18.949,53.254],[19.206,53.254],[19.565,53.46],[20.078,53.665],[20.078,53.511],[20.386,53.511],[20.428,53.778],[20.709,53.758],[20.81,53.638],[21.105,53.819],[21.464,53.819],[22.234,54.127],[22.183,54.538],[22.08,54.589],[22.132,54.794],[21.926,54.948],[22.029,55.256],[21.67,55.513],[21.31,55.513],[21.142,56.127],[21.905,56.35],[24.715,56.34],[25.307,56.489],[26.245,55.896],[27.371,55.719],[27.651,56.28],[27.606,56.707],[27.823,56.725],[28.017,56.567],[28.093,56.792],[28.813,56.883],[29.06,56.538],[29.948,56.538],[30.689,55.896],[30.936,56.39],[30.738,56.982],[31.281,57.278],[32.417,57.278],[33.256,56.489],[34.441,56.242],[34.095,55.106],[34.49,54.711],[36.169,54.761],[36.218,54.267],[36.598,54.255],[36.86,52.095],[37.601,51.403]]}},{"type":"Feature","properties":{"NAME":"Poland-Lithuania","ABBREVN":"Pol.-Lith.","SUBJECTO":"Poland-Lithuania","BORDERPRECISION":1,"PARTOF":"Poland-Lithuania"},"geometry":{"type":"LineString","coordinates":[[26.712,45.66],[26.699,45.792],[25.902,46.876],[25.666,48.692],[24.161,48.987],[23.889,49.259],[21.771,49.592],[21.771,49.743],[21.317,49.864],[21.287,49.773],[21.135,49.834],[20.984,49.743],[20.893,49.834],[20.803,49.834],[20.893,49.743],[20.681,49.652],[20.53,49.803],[20.349,49.743],[20.016,49.803],[19.895,49.471],[19.713,49.531],[19.562,49.531],[19.562,49.713],[19.381,49.803],[19.138,49.713],[19.108,49.592],[18.987,49.612]]}},{"type":"Feature","properties":{"NAME":"Poland-Lithuania","ABBREVN":"Pol.-Lith.","SUBJECTO":"Poland-Lithuania","BORDERPRECISION":1,"PARTOF":"Poland-Lithuania"},"geometry":{"type":"LineString","coordinates":[[37.601,51.403],[38.292,51.206],[38.136,49.049],[37.699,48.935],[37.502,48.441],[36.07,47.898],[31.951,46.865],[30.886,47.454],[28.368,45.331],[28.007,45.315]]}},{"type":"Feature","properties":{"NAME":"Imperial Hungary","ABBREVN":"Hungary","SUBJECTO":"Imperial Hungary","BORDERPRECISION":1,"PARTOF":"Imperial Hungary"},"geometry":{"type":"LineString","coordinates":[[14.909,45.481],[15.096,45.463]]}},{"type":"Feature","properties":{"NAME":"Imperial Hungary","ABBREVN":"Hungary","SUBJECTO":"Imperial Hungary","BORDERPRECISION":1,"PARTOF":"Imperial Hungary"},"geometry":{"type":"LineString","coordinates":[[15.249,45.447],[15.424,45.43],[15.47,45.734],[16.122,45.582],[16.209,45.734],[16.079,45.886],[16.209,46.147],[16.448,46.104],[16.535,46.365],[16.296,46.408],[16.514,46.626],[16.448,46.778],[16.448,46.93],[16.557,47.06],[16.557,47.191],[16.644,47.3],[16.557,47.495],[16.622,47.735],[16.796,47.843],[17.408,47.822],[17.462,48.066],[17.218,48.066],[17.19,48.447],[17.292,48.771]]}},{"type":"Feature","properties":{"NAME":"Imperial Hungary","ABBREVN":"Hungary","SUBJECTO":"Imperial Hungary","BORDERPRECISION":1,"PARTOF":"Imperial Hungary"},"geometry":{"type":"LineString","coordinates":[[17.684,48.859],[17.87,48.8],[18.114,48.854],[18.114,48.99],[18.223,48.99],[18.25,49.181],[18.353,49.325]]}},{"type":"Feature","properties":{"NAME":"Imperial Hungary","ABBREVN":"Hungary","SUBJECTO":"Imperial Hungary","BORDERPRECISION":1,"PARTOF":"Imperial Hungary"},"geometry":{"type":"LineString","coordinates":[[25.535,45.508],[24.18,45.856],[23.543,45.856],[20.801,44.932],[20.291,44.9],[19.785,44.936],[18.939,44.393],[17.754,44.393],[17.458,44.146],[16.865,44.245],[16.701,43.847],[16.185,43.908],[15.75,44.098],[15.494,43.888],[15.412,43.935],[15.149,44.24],[15.548,44.229],[15.286,44.329],[14.989,44.54],[14.907,44.723],[14.946,44.927],[14.815,45.078],[14.525,45.266],[14.361,45.321]]}},{"type":"Feature","properties":{"NAME":"Imperial Hungary","ABBREVN":"Hungary","SUBJECTO":"Imperial Hungary","BORDERPRECISION":1,"PARTOF":"Imperial Hungary"},"geometry":{"type":"LineString","coordinates":[[25.854,45.426],[25.824,45.434]]}},{"type":"Feature","properties":{"NAME":"Imperial Hungary","ABBREVN":"Hungary","SUBJECTO":"Imperial Hungary","BORDERPRECISION":1,"PARTOF":"Imperial Hungary"},"geometry":{"type":"LineString","coordinates":[[18.987,49.612],[19.108,49.592],[19.138,49.713],[19.381,49.803],[19.562,49.713],[19.562,49.531],[19.713,49.531],[19.895,49.471],[20.016,49.803],[20.349,49.743],[20.53,49.803],[20.681,49.652],[20.893,49.743],[20.803,49.834],[20.893,49.834],[20.984,49.743],[21.135,49.834],[21.287,49.773],[21.317,49.864],[21.771,49.743],[21.771,49.592],[23.889,49.259],[24.161,48.987],[25.666,48.692],[25.902,46.876],[26.699,45.792],[26.712,45.66]]}},{"type":"Feature","properties":{"NAME":"Imperial Hungary","ABBREVN":"Hungary","SUBJECTO":"Imperial Hungary","BORDERPRECISION":1,"PARTOF":"Imperial Hungary"},"geometry":{"type":"LineString","coordinates":[[17.127,46.107],[17.173,46.188],[17.136,46.191],[17.127,46.107]]}},{"type":"Feature","properties":{"NAME":"Navarre","ABBREVN":"Navarre","SUBJECTO":"Navarre","BORDERPRECISION":1,"PARTOF":"Navarre"},"geometry":{"type":"LineString","coordinates":[[-2.143,43.331],[-2.066,43.333],[-1.915,43.305],[-1.702,43.196],[-1.491,43.21],[-1.466,43.155],[-1.558,43.045],[-1.515,42.998],[-1.448,42.984],[-1.397,43.032],[-0.907,42.881],[-1.664,42.125],[-1.605,41.769],[-2.259,41.828],[-2.318,42.066],[-2.08,42.066],[-2.199,42.244],[-2.675,42.423],[-2.556,43.076],[-2.14,43.136],[-2.143,43.331]]}},{"type":"Feature","properties":{"NAME":"Castile","ABBREVN":"Castille","SUBJECTO":"Castille","BORDERPRECISION":1,"PARTOF":"Castille"},"geometry":{"type":"LineString","coordinates":[[-8.806,41.889],[-8.86,42.015],[-8.799,42.195],[-8.644,42.42],[-8.942,42.824],[-9.173,42.856],[-9.247,42.901],[-9.271,43.049],[-9.197,43.158],[-9.014,43.281],[-8.849,43.326],[-8.31,43.353],[-8.251,43.43],[-8.22,43.617],[-7.98,43.74],[-7.636,43.721],[-7.151,43.555],[-6.808,43.523],[-6.468,43.563],[-5.98,43.705],[-5.82,43.706],[-5.537,43.577],[-5.225,43.507],[-4.802,43.469],[-3.848,43.439],[-3.417,43.376],[-3.196,43.447],[-3.007,43.55],[-2.768,43.538],[-2.367,43.326],[-2.143,43.331],[-2.14,43.136],[-2.556,43.076],[-2.675,42.423],[-2.199,42.244],[-2.08,42.066],[-2.318,42.066],[-2.259,41.828],[-2.13,41.817],[-2.149,41.493],[-2.301,41.493],[-2.301,41.265],[-2.035,41.227],[-1.921,40.618],[-2.301,40.39],[-2.301,40.238],[-1.997,40.086],[-1.997,39.972],[-1.807,39.858],[-1.997,39.743],[-1.997,39.591],[-1.807,39.477],[-1.807,39.173],[-2.035,39.249],[-2.035,38.602],[-1.807,38.526],[-1.807,38.26],[-1.655,38.184],[-1.655,37.918],[-1.883,37.956],[-2.035,37.842],[-1.921,37.651],[-2.149,37.233],[-1.94,36.952],[-2.239,36.728],[-2.355,36.824],[-2.624,36.811],[-2.761,36.69],[-2.915,36.69],[-2.97,36.741],[-4.447,36.722],[-4.757,36.486],[-5.217,36.41],[-5.374,36.237],[-5.387,36.11],[-5.424,36.072],[-5.457,36.167],[-5.488,36.174],[-5.485,36.065],[-5.661,36.008],[-5.85,36.072],[-6.204,36.282],[-6.305,36.454],[-6.289,36.572],[-6.444,36.623],[-6.5,36.719],[-6.422,36.792],[-6.632,37.022],[-6.948,37.149],[-7.228,37.226],[-7.492,37.208],[-7.351,37.644],[-7.243,37.811],[-6.845,38.1],[-7.028,38.24],[-7.394,38.295],[-7.317,38.5],[-7.089,38.795],[-6.933,38.961],[-7.211,39.298],[-7.431,39.521],[-7.301,39.579],[-7.084,39.599],[-6.878,39.702],[-6.859,39.792],[-6.884,40.214],[-6.825,40.657],[-6.857,40.862],[-6.834,41.061],[-6.797,41.093],[-6.241,41.32],[-6.112,41.417],[-6.139,41.526],[-6.518,41.749],[-6.586,41.858],[-6.709,41.96],[-6.86,41.985],[-7.098,41.868],[-7.919,41.889],[-8.157,42.087],[-8.405,42.002],[-8.806,41.889]]}},{"type":"Feature","properties":{"NAME":"Wattasid Caliphate","ABBREVN":"Wattasid C.","SUBJECTO":"Wattasid Caliphate","BORDERPRECISION":1,"PARTOF":"Wattasid Caliphate"},"geometry":{"type":"LineString","coordinates":[[-2.193,35.054],[-2.077,34.826],[-1.823,34.7],[-1.738,34.605],[-1.664,34.205],[-1.669,34],[-6.878,34],[-6.753,34.123],[-6.511,34.454],[-6.302,34.861],[-5.929,35.728],[-5.808,35.785],[-5.565,35.862],[-5.479,35.805],[-5.172,35.424],[-5.11,35.379],[-4.593,35.151],[-4.295,35.152],[-4.028,35.133],[-3.441,35.166],[-3.206,35.269],[-3.009,35.39],[-2.83,35.142],[-2.715,35.098],[-2.356,35.054],[-2.193,35.054]]}},{"type":"Feature","properties":{"NAME":"Zayyanid Caliphate","ABBREVN":"Zayyanid C.","SUBJECTO":"Zayyanid Caliphate","BORDERPRECISION":1,"PARTOF":"Zayyanid Caliphate"},"geometry":{"type":"LineString","coordinates":[[-1.669,34],[-1.664,34.205],[-1.738,34.605],[-1.823,34.7],[-2.077,34.826],[-2.193,35.054],[-2.035,35.055],[-1.738,35.119],[-1.495,35.234],[-1.329,35.489],[-1.147,35.629],[-0.917,35.668],[-0.429,35.86],[-0.283,35.758],[-0.092,35.74],[0.015,35.804],[0.199,36.033],[0.474,36.225],[0.781,36.385],[1.058,36.462],[1.58,36.514],[2.294,36.541],[2.524,36.573],[2.81,36.714],[3.07,36.619],[3.324,36.651],[3.587,36.792],[3.741,36.837],[4.164,36.831],[4.395,36.838],[4.632,36.794],[4.777,36.743],[5.144,36.668],[5.383,36.675],[5.73,36.752],[6.047,36.842],[6.323,37.091],[6.771,36.862],[6.923,36.818],[6.633,34],[-1.669,34]]}},{"type":"Feature","properties":{"NAME":"Hafsid Caliphate","ABBREVN":"Hafsid Cal.","SUBJECTO":"Hafsid Caliphate","BORDERPRECISION":1,"PARTOF":"Hafsid Caliphate"},"geometry":{"type":"LineString","coordinates":[[8.637,36.885],[8.866,36.968],[9.15,37.173],[9.416,37.275],[9.732,37.282],[10.021,37.2],[10.133,37.105],[10.159,36.996],[10.272,36.755],[10.393,36.717],[10.581,36.793],[10.843,36.991],[11.024,37.068],[11.039,36.909],[10.92,36.654],[10.633,36.424],[10.509,36.214],[10.511,36.086],[10.603,35.889],[10.831,35.679],[10.989,35.622],[11.125,35.241],[11.083,35.145],[10.839,34.801],[10.574,34.648],[10.116,34.234],[10.019,34.081],[10.071,34],[6.633,34],[6.923,36.818],[7.063,36.882],[7.307,37.061],[7.545,37.042],[7.719,36.953],[7.792,36.832],[7.913,36.775],[8.637,36.885]]}},{"type":"Feature","properties":{"NAME":"Mamluke Sultanate","ABBREVN":"Mamluke Sul.","SUBJECTO":"Mamluke Sultanate","BORDERPRECISION":1,"PARTOF":"Mamluke Sultanate"},"geometry":{"type":"LineString","coordinates":[[35.526,34],[35.532,34.119],[35.716,34.312],[35.821,34.344],[35.873,34.422],[35.852,34.493],[35.751,34.747],[35.809,35.014],[35.841,35.043],[35.796,35.271],[35.607,35.418],[35.664,35.459],[35.68,35.528],[35.733,35.585],[35.691,35.685],[35.74,35.69],[35.856,35.835],[35.719,36.092],[35.665,36.134],[35.709,36.212],[35.817,36.301],[36.095,36.482],[36.105,36.561],[36.082,36.622],[35.957,36.747],[35.891,36.771],[36.789,37.001],[36.494,37.369],[38.61,38.368],[39.206,38.208],[38.984,37.618],[37.952,37.323],[37.952,37.102],[38.395,36.586],[38.1,35.996],[38.906,36.006],[38.036,34.597],[37.559,34],[35.526,34]]}},{"type":"Feature","properties":{"NAME":"Arabs","ABBREVN":"Arabs","SUBJECTO":"Arabs","BORDERPRECISION":1,"PARTOF":"Arabs"},"geometry":{"type":"LineString","coordinates":[[37.559,34],[38.036,34.597],[39.342,34.597],[40.029,34.391],[40.42,34],[37.559,34]]}},{"type":"Feature","properties":{"NAME":"Emirate of the White Sheep Turks","ABBREVN":"Turks","SUBJECTO":"Emirate of the White Sheep Turks","BORDERPRECISION":1,"PARTOF":"Emirate of the White Sheep Turks"},"geometry":{"type":"LineString","coordinates":[[40.42,34],[40.029,34.391],[39.342,34.597],[38.036,34.597],[38.906,36.006],[38.1,35.996],[38.395,36.586],[37.952,37.102],[37.952,37.323],[38.984,37.618],[39.206,38.208],[38.61,38.368],[39.148,38.622],[41.212,40.244],[41.484,41.437],[42.029,41.4],[42.25,41.369],[42.352,41.402],[42.694,41.564],[42.878,41.546],[43.957,42.591],[44.053,42.559],[44.17,42.612],[44.297,42.612],[44.414,42.729],[44.51,42.761],[44.669,42.761],[44.786,42.729],[44.872,42.666],[44.935,42.74],[44.978,42.772],[45.031,42.772],[45.138,42.719],[45.201,42.676],[45.297,42.676],[45.382,42.623],[45.478,42.549],[45.648,42.549],[45.808,42.538],[45.861,42.474],[45.808,42.389],[45.754,42.251],[45.914,42.123],[46.042,42.049],[46.159,42.006],[46.286,41.985],[46.393,41.995],[46.499,41.964],[46.556,41.878],[46.659,41.889],[46.669,41.815],[46.765,41.836],[46.85,41.836],[46.914,41.751],[47.127,41.623],[47.169,41.57],[47.222,41.57],[47.35,41.442],[47.35,41.304],[47.616,41.261],[47.818,41.198],[47.988,41.219],[48.063,41.315],[48.201,41.464],[48.224,41.471],[47.249,42.785],[47.195,43.376],[47.493,43.583],[47.52,43.511],[47.565,43.601],[47.61,43.754],[47.664,43.853],[47.736,43.862],[47.673,43.664],[47.574,43.502],[47.601,43.322],[47.655,43.277],[47.583,43.188],[47.565,43.008],[47.736,42.9],[47.79,42.855],[47.844,42.621],[47.97,42.594],[48.132,42.405],[48.222,42.279],[48.42,42.091],[48.5,41.929],[48.662,41.902],[48.683,41.836],[48.892,41.687],[48.999,41.517],[49.116,41.432],[49.244,41.293],[49.286,41.059],[49.35,40.953],[49.478,40.836],[49.605,40.762],[49.605,40.687],[49.807,40.581],[50.02,40.602],[50.19,40.57],[50.318,40.496],[50.424,40.411],[50.467,40.325],[50.467,40.262],[50.307,40.325],[50.126,40.347],[50.031,40.347],[49.914,40.325],[49.85,40.272],[49.669,40.24],[49.573,40.176],[49.552,40.091],[49.541,39.879],[49.446,39.655],[49.403,39.485],[49.499,39.379],[49.488,39.294],[49.382,39.326],[49.339,39.283],[49.275,39.017],[49.222,39.038],[49.18,39.145],[49.116,39.187],[49.041,39.145],[49.02,39.006],[49.052,38.932],[48.946,38.836],[48.988,38.719],[48.825,38.31],[48.832,38.306],[48.809,37.989],[48.745,37.727],[48.837,37.511],[49.06,37.398],[49.476,37.292],[49.848,37.268],[50.039,37.225],[50.111,37.098],[50.252,36.895],[50.561,36.686],[51.417,36.456],[51.796,36.432],[51.993,36.459],[52.602,36.577],[53.139,36.644],[53.8,36.679],[53.984,36.782],[55.466,34],[40.42,34]]}},{"type":"Feature","properties":{"NAME":"Golden Horde","ABBREVN":"Golden Horde","SUBJECTO":"Golden Horde","BORDERPRECISION":1,"PARTOF":"Golden Horde"},"geometry":{"type":"LineString","coordinates":[[56.674,58.259],[52.854,46.938],[52.556,46.982],[52.466,46.91],[52.376,46.874],[52.142,46.838],[51.935,46.892],[51.791,47.009],[51.675,47.036],[51.369,47.09],[51.117,47.063],[50.82,46.919],[50.632,46.91],[50.272,46.685],[49.948,46.56],[49.723,46.533],[49.535,46.542],[49.313,46.353],[49.238,46.263],[49.058,46.137],[48.887,46.083],[48.833,46.083],[48.833,45.921],[48.77,45.885],[48.635,45.975],[48.303,45.768],[48.015,45.714],[47.871,45.678],[47.754,45.714],[47.673,45.75],[47.628,45.732],[47.601,45.66],[47.655,45.543],[47.556,45.453],[47.394,45.175],[47.251,44.986],[47.17,44.86],[47.026,44.788],[46.873,44.68],[46.81,44.536],[46.846,44.446],[46.999,44.356],[47.143,44.339],[47.224,44.204],[47.332,44.186],[47.565,43.844],[47.538,43.673],[47.493,43.583],[47.195,43.376],[47.249,42.785],[48.224,41.471],[48.201,41.464],[48.063,41.315],[47.988,41.219],[47.818,41.198],[47.616,41.261],[47.35,41.304],[47.35,41.442],[47.222,41.57],[47.169,41.57],[47.127,41.623],[46.914,41.751],[46.85,41.836],[46.765,41.836],[46.669,41.815],[46.659,41.889],[46.556,41.878],[46.499,41.964],[46.393,41.995],[46.286,41.985],[46.159,42.006],[46.042,42.049],[45.914,42.123],[45.754,42.251],[45.808,42.389],[45.861,42.474],[45.808,42.538],[45.648,42.549],[45.478,42.549],[45.382,42.623],[43.617,43.773],[41.31,43.557],[42.524,47.051],[44.364,49.429],[43.673,50.86],[42.587,50.91],[40.026,49.08],[38.136,49.049],[38.292,51.206],[37.601,51.403],[36.86,52.095],[37.699,52.736],[40.415,51.354],[41.402,51.798],[43.673,53.477],[44.809,54.662],[45.43,57.467],[45.965,57.735],[55.465,58.136],[56.674,58.259]]}},{"type":"Feature","properties":{"NAME":"Holy Roman Empire","ABBREVN":"Holy Roman E","SUBJECTO":"Holy Roman Empire","BORDERPRECISION":1,"PARTOF":"Holy Roman Empire"},"geometry":{"type":"LineString","coordinates":[[8.516,42.191],[8.516,42.193]]}},{"type":"Feature","properties":{"NAME":"Holy Roman Empire","ABBREVN":"Holy Roman E","SUBJECTO":"Holy Roman Empire","BORDERPRECISION":1,"PARTOF":"Holy Roman Empire"},"geometry":{"type":"LineString","coordinates":[[8.552,41.911],[8.538,41.948],[8.542,41.949]]}},{"type":"Feature","properties":{"NAME":"Holy Roman Empire","ABBREVN":"Holy Roman E","SUBJECTO":"Holy Roman Empire","BORDERPRECISION":1,"PARTOF":"Holy Roman Empire"},"geometry":{"type":"LineString","coordinates":[[8.573,42.445],[8.597,42.472]]}},{"type":"Feature","properties":{"NAME":"Holy Roman Empire","ABBREVN":"Holy Roman E","SUBJECTO":"Holy Roman Empire","BORDERPRECISION":1,"PARTOF":"Holy Roman Empire"},"geometry":{"type":"LineString","coordinates":[[8.651,42.057],[8.646,42.065]]}},{"type":"Feature","properties":{"NAME":"Holy Roman Empire","ABBREVN":"Holy Roman E","SUBJECTO":"Holy Roman Empire","BORDERPRECISION":1,"PARTOF":"Holy Roman Empire"},"geometry":{"type":"LineString","coordinates":[[8.736,41.555],[8.727,41.561],[8.732,41.564]]}},{"type":"Feature","properties":{"NAME":"Holy Roman Empire","ABBREVN":"Holy Roman E","SUBJECTO":"Holy Roman Empire","BORDERPRECISION":1,"PARTOF":"Holy Roman Empire"},"geometry":{"type":"LineString","coordinates":[[9.057,41.366],[9.039,41.369],[9.024,41.421]]}},{"type":"Feature","properties":{"NAME":"Holy Roman Empire","ABBREVN":"Holy Roman E","SUBJECTO":"Holy Roman Empire","BORDERPRECISION":1,"PARTOF":"Holy Roman Empire"},"geometry":{"type":"LineString","coordinates":[[9.279,42.753],[9.276,42.803]]}},{"type":"Feature","properties":{"NAME":"Holy Roman Empire","ABBREVN":"Holy Roman E","SUBJECTO":"Holy Roman Empire","BORDERPRECISION":1,"PARTOF":"Holy Roman Empire"},"geometry":{"type":"LineString","coordinates":[[9.272,42.862],[9.271,42.883],[9.273,42.89]]}},{"type":"Feature","properties":{"NAME":"Holy Roman Empire","ABBREVN":"Holy Roman E","SUBJECTO":"Holy Roman Empire","BORDERPRECISION":1,"PARTOF":"Holy Roman Empire"},"geometry":{"type":"LineString","coordinates":[[9.285,42.926],[9.295,42.957]]}},{"type":"Feature","properties":{"NAME":"Holy Roman Empire","ABBREVN":"Holy Roman E","SUBJECTO":"Holy Roman Empire","BORDERPRECISION":1,"PARTOF":"Holy Roman Empire"},"geometry":{"type":"LineString","coordinates":[[17.136,46.191],[17.173,46.188],[17.127,46.107],[17.136,46.191]]}},{"type":"Feature","properties":{"NAME":"Holy Roman Empire","ABBREVN":"Holy Roman E","SUBJECTO":"Holy Roman Empire","BORDERPRECISION":1,"PARTOF":"Holy Roman Empire"},"geometry":{"type":"LineString","coordinates":[[4.782,49.796],[4.255,49.887],[3.82,50.039],[3.483,49.92],[2.907,49.943],[2.677,50.151],[2.401,50.197],[2.148,50.059],[1.987,50.082],[1.987,50.22],[1.826,50.243],[1.796,50.921],[2.03,51.007],[2.443,51.048],[2.995,51.313],[3.214,51.354],[3.472,51.314],[3.681,51.321],[3.775,51.388],[3.743,51.46],[3.52,51.579],[3.832,51.764]]}},{"type":"Feature","properties":{"NAME":"Holy Roman Empire","ABBREVN":"Holy Roman E","SUBJECTO":"Holy Roman Empire","BORDERPRECISION":1,"PARTOF":"Holy Roman Empire"},"geometry":{"type":"LineString","coordinates":[[5.048,52.829],[5.049,52.828]]}},{"type":"Feature","properties":{"NAME":"Holy Roman Empire","ABBREVN":"Holy Roman E","SUBJECTO":"Holy Roman Empire","BORDERPRECISION":1,"PARTOF":"Holy Roman Empire"},"geometry":{"type":"LineString","coordinates":[[5.182,52.585],[5.146,52.559]]}},{"type":"Feature","properties":{"NAME":"Holy Roman Empire","ABBREVN":"Holy Roman E","SUBJECTO":"Holy Roman Empire","BORDERPRECISION":1,"PARTOF":"Holy Roman Empire"},"geometry":{"type":"LineString","coordinates":[[5.261,49.714],[4.836,49.787]]}},{"type":"Feature","properties":{"NAME":"Holy Roman Empire","ABBREVN":"Holy Roman E","SUBJECTO":"Holy Roman Empire","BORDERPRECISION":1,"PARTOF":"Holy Roman Empire"},"geometry":{"type":"LineString","coordinates":[[5.293,49.709],[5.275,49.712]]}},{"type":"Feature","properties":{"NAME":"Holy Roman Empire","ABBREVN":"Holy Roman E","SUBJECTO":"Holy Roman Empire","BORDERPRECISION":1,"PARTOF":"Holy Roman Empire"},"geometry":{"type":"LineString","coordinates":[[5.371,45.874],[5.357,45.876],[5.357,45.879]]}},{"type":"Feature","properties":{"NAME":"Holy Roman Empire","ABBREVN":"Holy Roman E","SUBJECTO":"Holy Roman Empire","BORDERPRECISION":1,"PARTOF":"Holy Roman Empire"},"geometry":{"type":"LineString","coordinates":[[5.547,52.677],[5.547,52.679],[5.653,52.75],[5.326,52.79],[5.336,52.837]]}},{"type":"Feature","properties":{"NAME":"Holy Roman Empire","ABBREVN":"Holy Roman E","SUBJECTO":"Holy Roman Empire","BORDERPRECISION":1,"PARTOF":"Holy Roman Empire"},"geometry":{"type":"LineString","coordinates":[[5.68,49.056],[5.657,49.108]]}},{"type":"Feature","properties":{"NAME":"Holy Roman Empire","ABBREVN":"Holy Roman E","SUBJECTO":"Holy Roman Empire","BORDERPRECISION":1,"PARTOF":"Holy Roman Empire"},"geometry":{"type":"LineString","coordinates":[[5.65,49.123],[5.624,49.182]]}},{"type":"Feature","properties":{"NAME":"Holy Roman Empire","ABBREVN":"Holy Roman E","SUBJECTO":"Holy Roman Empire","BORDERPRECISION":1,"PARTOF":"Holy Roman Empire"},"geometry":{"type":"LineString","coordinates":[[5.774,52.523],[5.611,52.532],[5.556,52.587],[5.552,52.631]]}},{"type":"Feature","properties":{"NAME":"Holy Roman Empire","ABBREVN":"Holy Roman E","SUBJECTO":"Holy Roman Empire","BORDERPRECISION":1,"PARTOF":"Holy Roman Empire"},"geometry":{"type":"LineString","coordinates":[[5.838,48.775],[5.834,48.778],[5.862,48.799]]}},{"type":"Feature","properties":{"NAME":"Holy Roman Empire","ABBREVN":"Holy Roman E","SUBJECTO":"Holy Roman Empire","BORDERPRECISION":1,"PARTOF":"Holy Roman Empire"},"geometry":{"type":"LineString","coordinates":[[5.943,48.703],[5.847,48.769]]}},{"type":"Feature","properties":{"NAME":"Holy Roman Empire","ABBREVN":"Holy Roman E","SUBJECTO":"Holy Roman Empire","BORDERPRECISION":1,"PARTOF":"Holy Roman Empire"},"geometry":{"type":"LineString","coordinates":[[5.96,47.904],[5.96,47.938]]}},{"type":"Feature","properties":{"NAME":"Holy Roman Empire","ABBREVN":"Holy Roman E","SUBJECTO":"Holy Roman Empire","BORDERPRECISION":1,"PARTOF":"Holy Roman Empire"},"geometry":{"type":"LineString","coordinates":[[5.308,46.373],[5.416,46.524],[5.646,46.457],[5.725,46.48],[5.74,46.598],[5.626,46.649],[5.646,46.85],[5.757,46.887],[5.794,46.997],[5.667,47.108],[5.737,47.234],[5.779,47.359],[5.793,47.512],[5.918,47.595],[5.82,47.735],[5.96,47.804],[5.96,47.883]]}},{"type":"Feature","properties":{"NAME":"Holy Roman Empire","ABBREVN":"Holy Roman E","SUBJECTO":"Holy Roman Empire","BORDERPRECISION":1,"PARTOF":"Holy Roman Empire"},"geometry":{"type":"LineString","coordinates":[[5.951,48.37],[5.965,48.433]]}},{"type":"Feature","properties":{"NAME":"Holy Roman Empire","ABBREVN":"Holy Roman E","SUBJECTO":"Holy Roman Empire","BORDERPRECISION":1,"PARTOF":"Holy Roman Empire"},"geometry":{"type":"LineString","coordinates":[[6.005,48.61],[6.015,48.653],[6.004,48.66]]}},{"type":"Feature","properties":{"NAME":"Holy Roman Empire","ABBREVN":"Holy Roman E","SUBJECTO":"Holy Roman Empire","BORDERPRECISION":1,"PARTOF":"Holy Roman Empire"},"geometry":{"type":"LineString","coordinates":[[6.017,47.969],[6.057,47.957],[6.086,48.005]]}},{"type":"Feature","properties":{"NAME":"Holy Roman Empire","ABBREVN":"Holy Roman E","SUBJECTO":"Holy Roman Empire","BORDERPRECISION":1,"PARTOF":"Holy Roman Empire"},"geometry":{"type":"LineString","coordinates":[[6.115,48.02],[6.163,47.998]]}},{"type":"Feature","properties":{"NAME":"Holy Roman Empire","ABBREVN":"Holy Roman E","SUBJECTO":"Holy Roman Empire","BORDERPRECISION":1,"PARTOF":"Holy Roman Empire"},"geometry":{"type":"LineString","coordinates":[[6.192,45.338],[6.145,45.322],[6.083,45.372],[6.033,45.334],[6.058,45.223],[5.947,45.26],[5.935,45.322],[5.823,45.396],[5.808,45.428]]}},{"type":"Feature","properties":{"NAME":"Holy Roman Empire","ABBREVN":"Holy Roman E","SUBJECTO":"Holy Roman Empire","BORDERPRECISION":1,"PARTOF":"Holy Roman Empire"},"geometry":{"type":"LineString","coordinates":[[6.25,48.016],[6.248,48.059]]}},{"type":"Feature","properties":{"NAME":"Holy Roman Empire","ABBREVN":"Holy Roman E","SUBJECTO":"Holy Roman Empire","BORDERPRECISION":1,"PARTOF":"Holy Roman Empire"},"geometry":{"type":"LineString","coordinates":[[6.785,44.544],[6.783,44.548],[6.925,44.715],[7.003,44.72],[6.943,44.869],[6.665,44.955],[6.517,45.106]]}},{"type":"Feature","properties":{"NAME":"Holy Roman Empire","ABBREVN":"Holy Roman E","SUBJECTO":"Holy Roman Empire","BORDERPRECISION":1,"PARTOF":"Holy Roman Empire"},"geometry":{"type":"LineString","coordinates":[[7.485,43.822],[7.471,43.813]]}},{"type":"Feature","properties":{"NAME":"Holy Roman Empire","ABBREVN":"Holy Roman E","SUBJECTO":"Holy Roman Empire","BORDERPRECISION":1,"PARTOF":"Holy Roman Empire"},"geometry":{"type":"LineString","coordinates":[[7.51,43.838],[7.504,43.835]]}},{"type":"Feature","properties":{"NAME":"Holy Roman Empire","ABBREVN":"Holy Roman E","SUBJECTO":"Holy Roman Empire","BORDERPRECISION":1,"PARTOF":"Holy Roman Empire"},"geometry":{"type":"LineString","coordinates":[[7.873,43.936],[7.87,43.935]]}},{"type":"Feature","properties":{"NAME":"Holy Roman Empire","ABBREVN":"Holy Roman E","SUBJECTO":"Holy Roman Empire","BORDERPRECISION":1,"PARTOF":"Holy Roman Empire"},"geometry":{"type":"LineString","coordinates":[[8.12,44.075],[8.117,44.072]]}},{"type":"Feature","properties":{"NAME":"Holy Roman Empire","ABBREVN":"Holy Roman E","SUBJECTO":"Holy Roman Empire","BORDERPRECISION":1,"PARTOF":"Holy Roman Empire"},"geometry":{"type":"LineString","coordinates":[[8.142,44.092],[8.134,44.085]]}},{"type":"Feature","properties":{"NAME":"Holy Roman Empire","ABBREVN":"Holy Roman E","SUBJECTO":"Holy Roman Empire","BORDERPRECISION":1,"PARTOF":"Holy Roman Empire"},"geometry":{"type":"LineString","coordinates":[[8.194,44.131],[8.191,44.129]]}},{"type":"Feature","properties":{"NAME":"Holy Roman Empire","ABBREVN":"Holy Roman E","SUBJECTO":"Holy Roman Empire","BORDERPRECISION":1,"PARTOF":"Holy Roman Empire"},"geometry":{"type":"LineString","coordinates":[[7.523,53.614],[7.969,53.638],[8.099,53.444],[8.029,53.373],[8.175,53.322],[8.242,53.352],[8.261,53.439],[8.189,53.531],[8.306,53.525],[8.502,53.449],[8.429,53.612],[8.472,53.685]]}},{"type":"Feature","properties":{"NAME":"Holy Roman Empire","ABBREVN":"Holy Roman E","SUBJECTO":"Holy Roman Empire","BORDERPRECISION":1,"PARTOF":"Holy Roman Empire"},"geometry":{"type":"LineString","coordinates":[[8.583,53.793],[8.586,53.793]]}},{"type":"Feature","properties":{"NAME":"Holy Roman Empire","ABBREVN":"Holy Roman E","SUBJECTO":"Holy Roman Empire","BORDERPRECISION":1,"PARTOF":"Holy Roman Empire"},"geometry":{"type":"LineString","coordinates":[[8.586,53.793],[8.848,53.75],[8.961,53.766]]}},{"type":"Feature","properties":{"NAME":"Holy Roman Empire","ABBREVN":"Holy Roman E","SUBJECTO":"Holy Roman Empire","BORDERPRECISION":1,"PARTOF":"Holy Roman Empire"},"geometry":{"type":"LineString","coordinates":[[9.57,46.024],[9.582,45.893],[9.695,45.78],[9.563,45.594]]}},{"type":"Feature","properties":{"NAME":"Holy Roman Empire","ABBREVN":"Holy Roman E","SUBJECTO":"Holy Roman Empire","BORDERPRECISION":1,"PARTOF":"Holy Roman Empire"},"geometry":{"type":"LineString","coordinates":[[9.903,46.379],[9.885,46.403],[9.674,46.38],[9.642,46.325],[9.545,46.312],[9.545,46.309]]}},{"type":"Feature","properties":{"NAME":"Holy Roman Empire","ABBREVN":"Holy Roman E","SUBJECTO":"Holy Roman Empire","BORDERPRECISION":1,"PARTOF":"Holy Roman Empire"},"geometry":{"type":"LineString","coordinates":[[10.006,44.023],[10.005,44.023]]}},{"type":"Feature","properties":{"NAME":"Holy Roman Empire","ABBREVN":"Holy Roman E","SUBJECTO":"Holy Roman Empire","BORDERPRECISION":1,"PARTOF":"Holy Roman Empire"},"geometry":{"type":"LineString","coordinates":[[10.088,46.422],[10.011,46.281]]}},{"type":"Feature","properties":{"NAME":"Holy Roman Empire","ABBREVN":"Holy Roman E","SUBJECTO":"Holy Roman Empire","BORDERPRECISION":1,"PARTOF":"Holy Roman Empire"},"geometry":{"type":"LineString","coordinates":[[10.205,43.817],[10.137,43.905],[10.039,43.993]]}},{"type":"Feature","properties":{"NAME":"Holy Roman Empire","ABBREVN":"Holy Roman E","SUBJECTO":"Holy Roman Empire","BORDERPRECISION":1,"PARTOF":"Holy Roman Empire"},"geometry":{"type":"LineString","coordinates":[[10.191,46.625],[10.151,46.662],[10.024,46.621],[9.987,46.498],[10.053,46.463]]}},{"type":"Feature","properties":{"NAME":"Holy Roman Empire","ABBREVN":"Holy Roman E","SUBJECTO":"Holy Roman Empire","BORDERPRECISION":1,"PARTOF":"Holy Roman Empire"},"geometry":{"type":"LineString","coordinates":[[10.212,43.808],[10.212,43.808]]}},{"type":"Feature","properties":{"NAME":"Holy Roman Empire","ABBREVN":"Holy Roman E","SUBJECTO":"Holy Roman Empire","BORDERPRECISION":1,"PARTOF":"Holy Roman Empire"},"geometry":{"type":"LineString","coordinates":[[9.602,45.568],[9.846,45.704],[9.922,45.666],[9.998,45.401],[10.577,45.36]]}},{"type":"Feature","properties":{"NAME":"Holy Roman Empire","ABBREVN":"Holy Roman E","SUBJECTO":"Holy Roman Empire","BORDERPRECISION":1,"PARTOF":"Holy Roman Empire"},"geometry":{"type":"LineString","coordinates":[[10.558,46.486],[10.558,46.718],[10.396,46.887],[10.339,46.748],[10.389,46.653],[10.372,46.566],[10.243,46.587]]}},{"type":"Feature","properties":{"NAME":"Holy Roman Empire","ABBREVN":"Holy Roman E","SUBJECTO":"Holy Roman Empire","BORDERPRECISION":1,"PARTOF":"Holy Roman Empire"},"geometry":{"type":"LineString","coordinates":[[10.697,42.921],[10.696,42.923]]}},{"type":"Feature","properties":{"NAME":"Holy Roman Empire","ABBREVN":"Holy Roman E","SUBJECTO":"Holy Roman Empire","BORDERPRECISION":1,"PARTOF":"Holy Roman Empire"},"geometry":{"type":"LineString","coordinates":[[10.724,42.88],[10.713,42.897]]}},{"type":"Feature","properties":{"NAME":"Holy Roman Empire","ABBREVN":"Holy Roman E","SUBJECTO":"Holy Roman Empire","BORDERPRECISION":1,"PARTOF":"Holy Roman Empire"},"geometry":{"type":"LineString","coordinates":[[10.72,45.353],[10.824,45.353],[10.831,45.282]]}},{"type":"Feature","properties":{"NAME":"Holy Roman Empire","ABBREVN":"Holy Roman E","SUBJECTO":"Holy Roman Empire","BORDERPRECISION":1,"PARTOF":"Holy Roman Empire"},"geometry":{"type":"LineString","coordinates":[[8.959,53.838],[8.857,53.867],[8.819,53.969],[8.946,54.015],[8.833,54.066],[8.779,54.132],[8.853,54.168],[8.884,54.229],[8.962,54.276],[9.056,54.349],[9.136,54.298],[9.165,54.32],[9.216,54.29],[9.26,54.305],[9.296,54.247],[9.441,54.247],[9.449,54.189],[9.674,54.189],[9.739,54.276],[9.827,54.276],[9.885,54.254],[10.142,54.337],[10.213,54.372],[10.34,54.362],[10.446,54.292],[10.649,54.259],[11.039,54.313],[11.073,54.22],[11.016,54.097],[10.844,54.02]]}},{"type":"Feature","properties":{"NAME":"Holy Roman Empire","ABBREVN":"Holy Roman E","SUBJECTO":"Holy Roman Empire","BORDERPRECISION":1,"PARTOF":"Holy Roman Empire"},"geometry":{"type":"LineString","coordinates":[[10.949,42.679],[10.913,42.709]]}},{"type":"Feature","properties":{"NAME":"Holy Roman Empire","ABBREVN":"Holy Roman E","SUBJECTO":"Holy Roman Empire","BORDERPRECISION":1,"PARTOF":"Holy Roman Empire"},"geometry":{"type":"LineString","coordinates":[[11.175,45.061],[11.176,45.06]]}},{"type":"Feature","properties":{"NAME":"Holy Roman Empire","ABBREVN":"Holy Roman E","SUBJECTO":"Holy Roman Empire","BORDERPRECISION":1,"PARTOF":"Holy Roman Empire"},"geometry":{"type":"LineString","coordinates":[[11.274,44.803],[11.256,44.789],[11.173,44.606],[11.289,44.456],[11.289,44.373],[11.14,44.34],[11.201,44.146]]}},{"type":"Feature","properties":{"NAME":"Holy Roman Empire","ABBREVN":"Holy Roman E","SUBJECTO":"Holy Roman Empire","BORDERPRECISION":1,"PARTOF":"Holy Roman Empire"},"geometry":{"type":"LineString","coordinates":[[11.27,44.941],[11.272,44.939]]}},{"type":"Feature","properties":{"NAME":"Holy Roman Empire","ABBREVN":"Holy Roman E","SUBJECTO":"Holy Roman Empire","BORDERPRECISION":1,"PARTOF":"Holy Roman Empire"},"geometry":{"type":"LineString","coordinates":[[11.309,44.186],[11.289,44.224],[11.455,44.274],[11.572,44.224],[11.555,44.191],[11.704,44.224],[11.688,44.257],[11.738,44.357],[11.804,44.34],[11.854,44.357],[11.904,44.324],[11.887,44.257],[11.905,44.196]]}},{"type":"Feature","properties":{"NAME":"Holy Roman Empire","ABBREVN":"Holy Roman E","SUBJECTO":"Holy Roman Empire","BORDERPRECISION":1,"PARTOF":"Holy Roman Empire"},"geometry":{"type":"LineString","coordinates":[[12.039,43.922],[12.04,43.92]]}},{"type":"Feature","properties":{"NAME":"Holy Roman Empire","ABBREVN":"Holy Roman E","SUBJECTO":"Holy Roman Empire","BORDERPRECISION":1,"PARTOF":"Holy Roman Empire"},"geometry":{"type":"LineString","coordinates":[[12.077,43.858],[12.08,43.853]]}},{"type":"Feature","properties":{"NAME":"Holy Roman Empire","ABBREVN":"Holy Roman E","SUBJECTO":"Holy Roman Empire","BORDERPRECISION":1,"PARTOF":"Holy Roman Empire"},"geometry":{"type":"LineString","coordinates":[[12.114,43.524],[12.117,43.502]]}},{"type":"Feature","properties":{"NAME":"Holy Roman Empire","ABBREVN":"Holy Roman E","SUBJECTO":"Holy Roman Empire","BORDERPRECISION":1,"PARTOF":"Holy Roman Empire"},"geometry":{"type":"LineString","coordinates":[[12.122,43.474],[12.219,43.344],[12.302,43.344],[12.302,43.278],[12.219,43.228],[12.153,43.062],[12.169,42.912],[12.186,42.912],[12.153,42.696],[12.169,42.63],[12.053,42.53],[12.07,42.298],[12.003,42.248],[12.02,42.099],[11.96,42.007],[11.497,42.376],[11.458,42.393]]}},{"type":"Feature","properties":{"NAME":"Holy Roman Empire","ABBREVN":"Holy Roman E","SUBJECTO":"Holy Roman Empire","BORDERPRECISION":1,"PARTOF":"Holy Roman Empire"},"geometry":{"type":"LineString","coordinates":[[12.127,43.753],[12.124,43.749]]}},{"type":"Feature","properties":{"NAME":"Holy Roman Empire","ABBREVN":"Holy Roman E","SUBJECTO":"Holy Roman Empire","BORDERPRECISION":1,"PARTOF":"Holy Roman Empire"},"geometry":{"type":"LineString","coordinates":[[10.78,53.925],[10.859,53.877],[11.151,53.938],[11.202,53.857],[11.408,53.859],[11.565,54.035],[12.041,54.097],[12.312,54.202],[12.452,54.251]]}},{"type":"Feature","properties":{"NAME":"Holy Roman Empire","ABBREVN":"Holy Roman E","SUBJECTO":"Holy Roman Empire","BORDERPRECISION":1,"PARTOF":"Holy Roman Empire"},"geometry":{"type":"LineString","coordinates":[[12.503,46.959],[12.328,46.967],[12.218,46.884],[12.075,46.928],[11.74,46.752],[11.908,46.414],[11.571,46.245],[11.571,45.975],[11.335,46.009],[11.233,46.009],[11.166,45.739],[10.93,45.84],[10.795,45.638],[10.66,45.807],[10.525,45.739],[10.457,46.212],[10.558,46.313],[10.558,46.373]]}},{"type":"Feature","properties":{"NAME":"Holy Roman Empire","ABBREVN":"Holy Roman E","SUBJECTO":"Holy Roman Empire","BORDERPRECISION":1,"PARTOF":"Holy Roman Empire"},"geometry":{"type":"LineString","coordinates":[[13.061,47.02],[12.698,46.951],[12.588,46.956]]}},{"type":"Feature","properties":{"NAME":"Holy Roman Empire","ABBREVN":"Holy Roman E","SUBJECTO":"Holy Roman Empire","BORDERPRECISION":1,"PARTOF":"Holy Roman Empire"},"geometry":{"type":"LineString","coordinates":[[13.151,47.037],[13.081,47.024]]}},{"type":"Feature","properties":{"NAME":"Holy Roman Empire","ABBREVN":"Holy Roman E","SUBJECTO":"Holy Roman Empire","BORDERPRECISION":1,"PARTOF":"Holy Roman Empire"},"geometry":{"type":"LineString","coordinates":[[13.625,45.721],[13.565,45.727],[13.438,45.638],[13.368,45.694],[13.606,46.132],[13.621,46.421],[13.725,46.646],[13.709,46.839],[13.581,46.839],[13.516,47],[13.292,47.064],[13.25,47.056]]}},{"type":"Feature","properties":{"NAME":"Holy Roman Empire","ABBREVN":"Holy Roman E","SUBJECTO":"Holy Roman Empire","BORDERPRECISION":1,"PARTOF":"Holy Roman Empire"},"geometry":{"type":"LineString","coordinates":[[13.738,45.71],[13.628,45.721]]}},{"type":"Feature","properties":{"NAME":"Holy Roman Empire","ABBREVN":"Holy Roman E","SUBJECTO":"Holy Roman Empire","BORDERPRECISION":1,"PARTOF":"Holy Roman Empire"},"geometry":{"type":"LineString","coordinates":[[13.982,45.687],[13.813,45.703]]}},{"type":"Feature","properties":{"NAME":"Holy Roman Empire","ABBREVN":"Holy Roman E","SUBJECTO":"Holy Roman Empire","BORDERPRECISION":1,"PARTOF":"Holy Roman Empire"},"geometry":{"type":"LineString","coordinates":[[14.123,45.611],[14.111,45.629]]}},{"type":"Feature","properties":{"NAME":"Holy Roman Empire","ABBREVN":"Holy Roman E","SUBJECTO":"Holy Roman Empire","BORDERPRECISION":1,"PARTOF":"Holy Roman Empire"},"geometry":{"type":"LineString","coordinates":[[14.154,45.569],[14.139,45.589]]}},{"type":"Feature","properties":{"NAME":"Holy Roman Empire","ABBREVN":"Holy Roman E","SUBJECTO":"Holy Roman Empire","BORDERPRECISION":1,"PARTOF":"Holy Roman Empire"},"geometry":{"type":"LineString","coordinates":[[14.204,45.298],[14.076,45.276],[13.99,45.42],[14.12,45.452]]}},{"type":"Feature","properties":{"NAME":"Holy Roman Empire","ABBREVN":"Holy Roman E","SUBJECTO":"Holy Roman Empire","BORDERPRECISION":1,"PARTOF":"Holy Roman Empire"},"geometry":{"type":"LineString","coordinates":[[14.203,45.473],[14.219,45.477],[14.212,45.486]]}},{"type":"Feature","properties":{"NAME":"Holy Roman Empire","ABBREVN":"Holy Roman E","SUBJECTO":"Holy Roman Empire","BORDERPRECISION":1,"PARTOF":"Holy Roman Empire"},"geometry":{"type":"LineString","coordinates":[[15.096,45.463],[14.909,45.481]]}},{"type":"Feature","properties":{"NAME":"Holy Roman Empire","ABBREVN":"Holy Roman E","SUBJECTO":"Holy Roman Empire","BORDERPRECISION":1,"PARTOF":"Holy Roman Empire"},"geometry":{"type":"LineString","coordinates":[[16.085,52.851],[16.053,52.716],[15.844,52.71],[15.816,52.571],[15.76,52.571],[15.765,52.27]]}},{"type":"Feature","properties":{"NAME":"Holy Roman Empire","ABBREVN":"Holy Roman E","SUBJECTO":"Holy Roman Empire","BORDERPRECISION":1,"PARTOF":"Holy Roman Empire"},"geometry":{"type":"LineString","coordinates":[[16.24,53.374],[16.204,53.343],[16.091,52.876]]}},{"type":"Feature","properties":{"NAME":"Holy Roman Empire","ABBREVN":"Holy Roman E","SUBJECTO":"Holy Roman Empire","BORDERPRECISION":1,"PARTOF":"Holy Roman Empire"},"geometry":{"type":"LineString","coordinates":[[16.376,53.559],[16.416,53.525],[16.295,53.421]]}},{"type":"Feature","properties":{"NAME":"Holy Roman Empire","ABBREVN":"Holy Roman E","SUBJECTO":"Holy Roman Empire","BORDERPRECISION":1,"PARTOF":"Holy Roman Empire"},"geometry":{"type":"LineString","coordinates":[[16.67,53.828],[16.669,53.83]]}},{"type":"Feature","properties":{"NAME":"Holy Roman Empire","ABBREVN":"Holy Roman E","SUBJECTO":"Holy Roman Empire","BORDERPRECISION":1,"PARTOF":"Holy Roman Empire"},"geometry":{"type":"LineString","coordinates":[[16.705,54.014],[16.705,54.014]]}},{"type":"Feature","properties":{"NAME":"Holy Roman Empire","ABBREVN":"Holy Roman E","SUBJECTO":"Holy Roman Empire","BORDERPRECISION":1,"PARTOF":"Holy Roman Empire"},"geometry":{"type":"LineString","coordinates":[[16.77,53.917],[16.794,53.88]]}},{"type":"Feature","properties":{"NAME":"Holy Roman Empire","ABBREVN":"Holy Roman E","SUBJECTO":"Holy Roman Empire","BORDERPRECISION":1,"PARTOF":"Holy Roman Empire"},"geometry":{"type":"LineString","coordinates":[[16.808,53.859],[16.809,53.858],[16.809,53.789]]}},{"type":"Feature","properties":{"NAME":"Holy Roman Empire","ABBREVN":"Holy Roman E","SUBJECTO":"Holy Roman Empire","BORDERPRECISION":1,"PARTOF":"Holy Roman Empire"},"geometry":{"type":"LineString","coordinates":[[15.814,52.244],[16.095,52.124],[16.506,52.004],[16.506,52.178],[16.855,51.917],[16.855,51.655],[16.863,51.654]]}},{"type":"Feature","properties":{"NAME":"Holy Roman Empire","ABBREVN":"Holy Roman E","SUBJECTO":"Holy Roman Empire","BORDERPRECISION":1,"PARTOF":"Holy Roman Empire"},"geometry":{"type":"LineString","coordinates":[[17.292,48.771],[17.19,48.447],[17.218,48.066],[17.462,48.066],[17.408,47.822],[16.796,47.843],[16.622,47.735],[16.557,47.495],[16.644,47.3],[16.557,47.191],[16.557,47.06],[16.448,46.93],[16.448,46.778],[16.514,46.626],[16.296,46.408],[16.535,46.365],[16.448,46.104],[16.209,46.147],[16.079,45.886],[16.209,45.734],[16.122,45.582],[15.47,45.734],[15.424,45.43],[15.249,45.447]]}},{"type":"Feature","properties":{"NAME":"Holy Roman Empire","ABBREVN":"Holy Roman E","SUBJECTO":"Holy Roman Empire","BORDERPRECISION":1,"PARTOF":"Holy Roman Empire"},"geometry":{"type":"LineString","coordinates":[[17.336,54.237],[17.28,54.211]]}},{"type":"Feature","properties":{"NAME":"Holy Roman Empire","ABBREVN":"Holy Roman E","SUBJECTO":"Holy Roman Empire","BORDERPRECISION":1,"PARTOF":"Holy Roman Empire"},"geometry":{"type":"LineString","coordinates":[[17.255,51.714],[17.291,51.786],[17.553,51.655],[17.64,51.437],[17.853,51.246]]}},{"type":"Feature","properties":{"NAME":"Holy Roman Empire","ABBREVN":"Holy Roman E","SUBJECTO":"Holy Roman Empire","BORDERPRECISION":1,"PARTOF":"Holy Roman Empire"},"geometry":{"type":"LineString","coordinates":[[17.524,54.658],[17.658,54.685],[17.747,54.433],[17.718,54.419]]}},{"type":"Feature","properties":{"NAME":"Holy Roman Empire","ABBREVN":"Holy Roman E","SUBJECTO":"Holy Roman Empire","BORDERPRECISION":1,"PARTOF":"Holy Roman Empire"},"geometry":{"type":"LineString","coordinates":[[18.353,49.325],[18.25,49.181],[18.223,48.99],[18.114,48.99],[18.114,48.854],[17.87,48.8],[17.684,48.859]]}},{"type":"Feature","properties":{"NAME":"Holy Roman Empire","ABBREVN":"Holy Roman E","SUBJECTO":"Holy Roman Empire","BORDERPRECISION":1,"PARTOF":"Holy Roman Empire"},"geometry":{"type":"LineString","coordinates":[[6.715,47.033],[6.601,46.982]]}},{"type":"Feature","properties":{"NAME":"Holy Roman Empire","ABBREVN":"Holy Roman E","SUBJECTO":"Holy Roman Empire","BORDERPRECISION":1,"PARTOF":"Holy Roman Empire"},"geometry":{"type":"LineString","coordinates":[[6.652,46.912],[6.729,46.878],[6.74,46.883]]}},{"type":"Feature","properties":{"NAME":"Holy Roman Empire","ABBREVN":"Holy Roman E","SUBJECTO":"Holy Roman Empire","BORDERPRECISION":1,"PARTOF":"Holy Roman Empire"},"geometry":{"type":"LineString","coordinates":[[6.859,47.165],[6.859,47.164]]}},{"type":"Feature","properties":{"NAME":"Holy Roman Empire","ABBREVN":"Holy Roman E","SUBJECTO":"Holy Roman Empire","BORDERPRECISION":1,"PARTOF":"Holy Roman Empire"},"geometry":{"type":"LineString","coordinates":[[7.033,47.031],[7.102,47.066]]}},{"type":"Feature","properties":{"NAME":"Holy Roman Empire","ABBREVN":"Holy Roman E","SUBJECTO":"Holy Roman Empire","BORDERPRECISION":1,"PARTOF":"Holy Roman Empire"},"geometry":{"type":"LineString","coordinates":[[7.116,47.073],[7.213,47.122],[7.043,46.72]]}},{"type":"Feature","properties":{"NAME":"Holy Roman Empire","ABBREVN":"Holy Roman E","SUBJECTO":"Holy Roman Empire","BORDERPRECISION":1,"PARTOF":"Holy Roman Empire"},"geometry":{"type":"LineString","coordinates":[[7.019,46.628],[7.257,46.44],[7.438,45.928]]}},{"type":"Feature","properties":{"NAME":"Holy Roman Empire","ABBREVN":"Holy Roman E","SUBJECTO":"Holy Roman Empire","BORDERPRECISION":1,"PARTOF":"Holy Roman Empire"},"geometry":{"type":"LineString","coordinates":[[7.519,47.534],[7.469,47.485],[7.339,47.441]]}},{"type":"Feature","properties":{"NAME":"Holy Roman Empire","ABBREVN":"Holy Roman E","SUBJECTO":"Holy Roman Empire","BORDERPRECISION":1,"PARTOF":"Holy Roman Empire"},"geometry":{"type":"LineString","coordinates":[[7.696,45.952],[7.82,45.928],[7.877,45.964]]}},{"type":"Feature","properties":{"NAME":"Holy Roman Empire","ABBREVN":"Holy Roman E","SUBJECTO":"Holy Roman Empire","BORDERPRECISION":1,"PARTOF":"Holy Roman Empire"},"geometry":{"type":"LineString","coordinates":[[7.929,45.997],[7.974,46.025],[8.025,46.063]]}},{"type":"Feature","properties":{"NAME":"Holy Roman Empire","ABBREVN":"Holy Roman E","SUBJECTO":"Holy Roman Empire","BORDERPRECISION":1,"PARTOF":"Holy Roman Empire"},"geometry":{"type":"LineString","coordinates":[[8.086,46.109],[8.143,46.152],[8.096,46.253]]}},{"type":"Feature","properties":{"NAME":"Holy Roman Empire","ABBREVN":"Holy Roman E","SUBJECTO":"Holy Roman Empire","BORDERPRECISION":1,"PARTOF":"Holy Roman Empire"},"geometry":{"type":"LineString","coordinates":[[8.089,46.269],[8.077,46.294],[8.128,46.294]]}},{"type":"Feature","properties":{"NAME":"Holy Roman Empire","ABBREVN":"Holy Roman E","SUBJECTO":"Holy Roman Empire","BORDERPRECISION":1,"PARTOF":"Holy Roman Empire"},"geometry":{"type":"LineString","coordinates":[[8.158,46.297],[8.216,46.318]]}},{"type":"Feature","properties":{"NAME":"Holy Roman Empire","ABBREVN":"Holy Roman E","SUBJECTO":"Holy Roman Empire","BORDERPRECISION":1,"PARTOF":"Holy Roman Empire"},"geometry":{"type":"LineString","coordinates":[[8.282,46.364],[8.289,46.39],[8.308,46.401]]}},{"type":"Feature","properties":{"NAME":"Holy Roman Empire","ABBREVN":"Holy Roman E","SUBJECTO":"Holy Roman Empire","BORDERPRECISION":1,"PARTOF":"Holy Roman Empire"},"geometry":{"type":"LineString","coordinates":[[8.45,46.462],[8.655,46.531],[8.778,46.397]]}},{"type":"Feature","properties":{"NAME":"Holy Roman Empire","ABBREVN":"Holy Roman E","SUBJECTO":"Holy Roman Empire","BORDERPRECISION":1,"PARTOF":"Holy Roman Empire"},"geometry":{"type":"LineString","coordinates":[[8.919,47.656],[8.897,47.653],[8.802,47.747],[8.531,47.806],[8.406,47.692],[8.509,47.599],[7.733,47.525],[7.725,47.604],[7.571,47.584],[7.547,47.56]]}},{"type":"Feature","properties":{"NAME":"Holy Roman Empire","ABBREVN":"Holy Roman E","SUBJECTO":"Holy Roman Empire","BORDERPRECISION":1,"PARTOF":"Holy Roman Empire"},"geometry":{"type":"LineString","coordinates":[[8.91,46.28],[9,46.309],[8.824,46.582],[9.498,46.793],[9.505,47.038],[9.52,47.073],[9.483,47.182],[9.571,47.267],[9.681,47.435],[9.617,47.496],[9.641,47.507],[9.648,47.488],[9.666,47.496],[9.678,47.489],[9.699,47.506],[9.743,47.505],[9.752,47.511],[9.712,47.551],[9.68,47.543],[9.68,47.556],[9.653,47.556],[9.628,47.57],[9.607,47.572],[9.601,47.585],[9.563,47.585],[9.534,47.597],[9.502,47.646],[9.466,47.648],[9.421,47.666],[9.348,47.661],[9.288,47.684],[9.237,47.711],[9.226,47.739],[9.132,47.772],[9.106,47.792],[9.043,47.818],[9.031,47.805],[9.067,47.78],[9.174,47.734],[9.18,47.705],[9.201,47.707],[9.188,47.699],[9.211,47.683],[9.218,47.666],[9.124,47.671],[9.113,47.686],[9.081,47.683],[9.043,47.693],[9.048,47.708],[9.084,47.69],[9.109,47.69],[9.101,47.702],[8.987,47.743],[9.014,47.72],[8.959,47.737],[8.94,47.726],[8.994,47.707],[9.006,47.695],[8.947,47.664]]}},{"type":"Feature","properties":{"NAME":"Holy Roman Empire","ABBREVN":"Holy Roman E","SUBJECTO":"Holy Roman Empire","BORDERPRECISION":1,"PARTOF":"Holy Roman Empire"},"geometry":{"type":"LineString","coordinates":[[6.164,46.271],[6.16,46.253]]}},{"type":"Feature","properties":{"NAME":"Holy Roman Empire","ABBREVN":"Holy Roman E","SUBJECTO":"Holy Roman Empire","BORDERPRECISION":1,"PARTOF":"Holy Roman Empire"},"geometry":{"type":"LineString","coordinates":[[6.153,46.225],[6.148,46.207],[6.172,46.212],[6.192,46.236]]}},{"type":"Feature","properties":{"NAME":"Holy Roman Empire","ABBREVN":"Holy Roman E","SUBJECTO":"Holy Roman Empire","BORDERPRECISION":1,"PARTOF":"Holy Roman Empire"},"geometry":{"type":"LineString","coordinates":[[6.85,46.455],[6.832,46.467],[6.776,46.473],[6.743,46.489],[6.721,46.486],[6.689,46.5],[6.592,46.518],[6.569,46.51]]}},{"type":"Feature","properties":{"NAME":"Holy Roman Empire","ABBREVN":"Holy Roman E","SUBJECTO":"Holy Roman Empire","BORDERPRECISION":1,"PARTOF":"Holy Roman Empire"},"geometry":{"type":"LineString","coordinates":[[6.861,46.396],[6.861,46.396],[6.919,46.395],[6.931,46.408],[6.926,46.413]]}},{"type":"Feature","properties":{"NAME":"Holy Roman Empire","ABBREVN":"Holy Roman E","SUBJECTO":"Holy Roman Empire","BORDERPRECISION":1,"PARTOF":"Holy Roman Empire"},"geometry":{"type":"LineString","coordinates":[[9.17,47.656],[9.14,47.665]]}},{"type":"Feature","properties":{"NAME":"Holy Roman Empire","ABBREVN":"Holy Roman E","SUBJECTO":"Holy Roman Empire","BORDERPRECISION":1,"PARTOF":"Holy Roman Empire"},"geometry":{"type":"LineString","coordinates":[[9.14,47.665],[9.178,47.664],[9.185,47.655]]}},{"type":"Feature","properties":{"NAME":null,"ABBREVN":null,"SUBJECTO":null,"BORDERPRECISION":1,"PARTOF":null},"geometry":{"type":"LineString","coordinates":[[19.334,57.956],[19.287,57.937],[19.257,57.949],[19.163,57.927],[19.142,57.908],[19.126,57.84],[19.078,57.858],[19.034,57.901],[19.036,57.919],[19.089,57.97],[19.105,57.975],[19.296,57.977],[19.332,57.965],[19.334,57.956]]}},{"type":"Feature","properties":{"NAME":null,"ABBREVN":null,"SUBJECTO":null,"BORDERPRECISION":1,"PARTOF":null},"geometry":{"type":"LineString","coordinates":[[18.206,56.912],[18.14,56.915],[18.158,56.942],[18.257,57.032],[18.254,57.079],[18.173,57.142],[18.148,57.235],[18.158,57.316],[18.142,57.409],[18.11,57.496],[18.119,57.531],[18.179,57.588],[18.295,57.646],[18.382,57.719],[18.467,57.812],[18.682,57.914],[18.725,57.923],[19.005,57.909],[19.033,57.827],[18.929,57.74],[18.849,57.721],[18.809,57.704],[18.76,57.508],[18.769,57.467],[18.788,57.448],[18.712,57.242],[18.397,57.134],[18.341,57.074],[18.336,57.017],[18.347,56.999],[18.302,56.937],[18.206,56.912]]}},{"type":"Feature","properties":{"NAME":"Swiss Confederation","ABBREVN":"Swiss Confederation","SUBJECTO":"Swiss Confederation","BORDERPRECISION":1,"PARTOF":"Swiss Confederation"},"geometry":{"type":"LineString","coordinates":[[6.601,46.982],[6.715,47.033]]}},{"type":"Feature","properties":{"NAME":"Swiss Confederation","ABBREVN":"Swiss Confederation","SUBJECTO":"Swiss Confederation","BORDERPRECISION":1,"PARTOF":"Swiss Confederation"},"geometry":{"type":"LineString","coordinates":[[6.74,46.883],[6.729,46.878],[6.652,46.912]]}},{"type":"Feature","properties":{"NAME":"Swiss Confederation","ABBREVN":"Swiss Confederation","SUBJECTO":"Swiss Confederation","BORDERPRECISION":1,"PARTOF":"Swiss Confederation"},"geometry":{"type":"LineString","coordinates":[[6.859,47.164],[6.859,47.165]]}},{"type":"Feature","properties":{"NAME":"Swiss Confederation","ABBREVN":"Swiss Confederation","SUBJECTO":"Swiss Confederation","BORDERPRECISION":1,"PARTOF":"Swiss Confederation"},"geometry":{"type":"LineString","coordinates":[[7.102,47.066],[7.033,47.031]]}},{"type":"Feature","properties":{"NAME":"Swiss Confederation","ABBREVN":"Swiss Confederation","SUBJECTO":"Swiss Confederation","BORDERPRECISION":1,"PARTOF":"Swiss Confederation"},"geometry":{"type":"LineString","coordinates":[[7.043,46.72],[7.213,47.122],[7.116,47.073]]}},{"type":"Feature","properties":{"NAME":"Swiss Confederation","ABBREVN":"Swiss Confederation","SUBJECTO":"Swiss Confederation","BORDERPRECISION":1,"PARTOF":"Swiss Confederation"},"geometry":{"type":"LineString","coordinates":[[7.339,47.441],[7.469,47.485]]}},{"type":"Feature","properties":{"NAME":"Swiss Confederation","ABBREVN":"Swiss Confederation","SUBJECTO":"Swiss Confederation","BORDERPRECISION":1,"PARTOF":"Swiss Confederation"},"geometry":{"type":"LineString","coordinates":[[7.438,45.928],[7.257,46.44],[7.019,46.628]]}},{"type":"Feature","properties":{"NAME":"Swiss Confederation","ABBREVN":"Swiss Confederation","SUBJECTO":"Swiss Confederation","BORDERPRECISION":1,"PARTOF":"Swiss Confederation"},"geometry":{"type":"LineString","coordinates":[[7.469,47.485],[7.519,47.534]]}},{"type":"Feature","properties":{"NAME":"Swiss Confederation","ABBREVN":"Swiss Confederation","SUBJECTO":"Swiss Confederation","BORDERPRECISION":1,"PARTOF":"Swiss Confederation"},"geometry":{"type":"LineString","coordinates":[[7.877,45.964],[7.82,45.928],[7.696,45.952]]}},{"type":"Feature","properties":{"NAME":"Swiss Confederation","ABBREVN":"Swiss Confederation","SUBJECTO":"Swiss Confederation","BORDERPRECISION":1,"PARTOF":"Swiss Confederation"},"geometry":{"type":"LineString","coordinates":[[8.025,46.063],[7.974,46.025],[7.929,45.997]]}},{"type":"Feature","properties":{"NAME":"Swiss Confederation","ABBREVN":"Swiss Confederation","SUBJECTO":"Swiss Confederation","BORDERPRECISION":1,"PARTOF":"Swiss Confederation"},"geometry":{"type":"LineString","coordinates":[[8.096,46.253],[8.143,46.152],[8.086,46.109]]}},{"type":"Feature","properties":{"NAME":"Swiss Confederation","ABBREVN":"Swiss Confederation","SUBJECTO":"Swiss Confederation","BORDERPRECISION":1,"PARTOF":"Swiss Confederation"},"geometry":{"type":"LineString","coordinates":[[8.128,46.294],[8.077,46.294],[8.089,46.269]]}},{"type":"Feature","properties":{"NAME":"Swiss Confederation","ABBREVN":"Swiss Confederation","SUBJECTO":"Swiss Confederation","BORDERPRECISION":1,"PARTOF":"Swiss Confederation"},"geometry":{"type":"LineString","coordinates":[[8.216,46.318],[8.158,46.297]]}},{"type":"Feature","properties":{"NAME":"Swiss Confederation","ABBREVN":"Swiss Confederation","SUBJECTO":"Swiss Confederation","BORDERPRECISION":1,"PARTOF":"Swiss Confederation"},"geometry":{"type":"LineString","coordinates":[[8.308,46.401],[8.289,46.39],[8.282,46.364]]}},{"type":"Feature","properties":{"NAME":"Swiss Confederation","ABBREVN":"Swiss Confederation","SUBJECTO":"Swiss Confederation","BORDERPRECISION":1,"PARTOF":"Swiss Confederation"},"geometry":{"type":"LineString","coordinates":[[8.778,46.397],[8.655,46.531],[8.45,46.462]]}},{"type":"Feature","properties":{"NAME":"Swiss Confederation","ABBREVN":"Swiss Confederation","SUBJECTO":"Swiss Confederation","BORDERPRECISION":1,"PARTOF":"Swiss Confederation"},"geometry":{"type":"LineString","coordinates":[[8.917,47.656],[8.894,47.652],[8.872,47.655]]}},{"type":"Feature","properties":{"NAME":"Swiss Confederation","ABBREVN":"Swiss Confederation","SUBJECTO":"Swiss Confederation","BORDERPRECISION":1,"PARTOF":"Swiss Confederation"},"geometry":{"type":"LineString","coordinates":[[7.547,47.56],[7.571,47.584],[7.725,47.604],[7.733,47.525],[8.509,47.599],[8.406,47.692],[8.531,47.806],[8.802,47.747],[8.897,47.653],[8.919,47.656]]}},{"type":"Feature","properties":{"NAME":"Swiss Confederation","ABBREVN":"Swiss Confederation","SUBJECTO":"Swiss Confederation","BORDERPRECISION":1,"PARTOF":"Swiss Confederation"},"geometry":{"type":"LineString","coordinates":[[9.44,47.506],[9.466,47.496],[9.469,47.493]]}},{"type":"Feature","properties":{"NAME":"Swiss Confederation","ABBREVN":"Swiss Confederation","SUBJECTO":"Swiss Confederation","BORDERPRECISION":1,"PARTOF":"Swiss Confederation"},"geometry":{"type":"LineString","coordinates":[[9.472,47.49],[9.482,47.482],[9.53,47.481],[9.561,47.5],[9.598,47.487],[9.617,47.496],[9.681,47.435],[9.571,47.267],[9.483,47.182],[9.52,47.073],[9.505,47.038],[9.498,46.793],[8.824,46.582],[9,46.309],[8.91,46.28]]}},{"type":"Feature","properties":{"NAME":null,"ABBREVN":null,"SUBJECTO":null,"BORDERPRECISION":1,"PARTOF":null},"geometry":{"type":"LineString","coordinates":[[24.324,35.208],[24.013,35.21],[23.786,35.263],[23.568,35.255],[23.513,35.276],[23.467,35.318],[23.529,35.57],[23.671,35.572],[23.665,35.667],[23.697,35.698],[23.734,35.627],[23.743,35.562],[23.879,35.552],[23.957,35.528],[24.039,35.562],[24.033,35.598],[24.082,35.612],[24.153,35.564],[24.136,35.522],[24.091,35.52],[24.073,35.496],[24.178,35.47],[24.22,35.449],[24.23,35.391],[24.388,35.373],[24.769,35.428],[24.997,35.421],[25.014,35.362],[25.512,35.295],[25.673,35.349],[25.714,35.327],[25.668,35.187],[25.742,35.137],[25.789,35.137],[25.935,35.213],[26.064,35.239],[26.099,35.216],[26.169,35.247],[26.274,35.313],[26.236,35.229],[26.243,35.145],[26.16,35.024],[25.899,35.045],[25.742,35.009],[25.591,35.016],[24.693,34.94],[24.716,35.035],[24.69,35.092],[24.324,35.208]]}},{"type":"Feature","properties":{"NAME":"Crimean Khanate","ABBREVN":"Crimean Khanate","SUBJECTO":"Ottoman Empire","BORDERPRECISION":1,"PARTOF":"Ottoman Empire","wikipedia":null},"geometry":{"type":"LineString","coordinates":[[31.977,46.836],[32.016,46.881],[36.07,47.898],[37.502,48.441],[37.699,48.935],[38.136,49.049],[40.026,49.08],[42.587,50.91],[43.673,50.86],[44.364,49.429],[42.524,47.051],[41.123,43.019],[40.969,43.077],[40.557,43.147],[40.252,43.268],[38.924,44.212],[38.556,44.385],[38.277,44.423],[38.109,44.494],[37.88,44.719],[37.774,44.745],[37.622,44.673],[37.474,44.692],[37.318,44.924],[36.96,45.227],[37.228,45.312],[37.461,45.312],[37.661,45.345],[37.706,45.578],[37.868,45.793],[37.99,46.007],[38.227,46.02],[38.459,46.079],[38.265,46.319],[37.97,46.441],[37.757,46.603],[37.867,46.655],[38.032,46.669],[38.401,46.721],[38.723,46.878],[39.282,47.074],[39.194,47.243],[39.16,47.269],[38.8,47.229],[37.859,47.104],[37.422,47.077],[37.193,46.894],[36.865,46.809],[36.354,46.776],[35.851,46.664],[35.624,46.521],[35.416,46.495],[35.212,46.637],[35.046,46.358],[34.907,46.273],[34.692,46.253],[34.496,46.279],[34.064,46.265],[33.839,46.193],[34.127,46.064],[35.008,45.612],[35.032,45.534],[34.99,45.45],[35.063,45.34],[35.317,45.321],[35.546,45.38],[35.85,45.445],[36.323,45.44],[36.521,45.388],[36.415,45.272],[36.367,45.161],[36.265,45.097],[36.005,45.044],[35.865,45.031],[35.6,45.102],[35.387,45.082],[35.067,44.862],[34.614,44.841],[34.372,44.757],[34.135,44.537],[34.014,44.492],[33.66,44.524],[33.395,44.6],[33.559,44.936],[33.517,45.124],[33.398,45.253],[33.013,45.381],[32.926,45.388],[32.643,45.381],[32.575,45.361],[32.503,45.445],[32.902,45.673],[33.192,45.79],[33.539,45.875],[33.639,45.927],[33.528,46.134],[33.333,46.166],[32.516,46.126],[32.202,46.17],[32.114,46.216],[31.926,46.41],[32.189,46.592],[31.977,46.836]]}},{"type":"Feature","properties":{"NAME":"Britany","ABBREVN":"Britany","SUBJECTO":"Britany","BORDERPRECISION":1,"PARTOF":"Britany"},"geometry":{"type":"LineString","coordinates":[[-1.999,48.677],[-1.752,48.178],[-2.01,47.746],[-2.576,47.324],[-2.466,47.494],[-2.614,47.572],[-2.842,47.492],[-3.063,47.604],[-3.434,47.717],[-3.712,47.798],[-3.858,47.792],[-3.955,47.904],[-4.364,47.829],[-4.391,47.942],[-4.51,47.998],[-4.675,48.017],[-4.7,48.064],[-4.313,48.101],[-4.351,48.205],[-4.588,48.251],[-4.389,48.298],[-4.35,48.391],[-4.474,48.383],[-4.592,48.392],[-4.78,48.355],[-4.762,48.552],[-4.626,48.547],[-4.488,48.612],[-4.251,48.652],[-3.999,48.731],[-3.902,48.646],[-3.821,48.721],[-3.608,48.693],[-3.558,48.81],[-3.435,48.836],[-3.091,48.872],[-2.791,48.59],[-2.636,48.552],[-2.343,48.674],[-2.2,48.599],[-2.076,48.656],[-1.999,48.677]]}},{"type":"Feature","properties":{"NAME":null,"ABBREVN":null,"SUBJECTO":null,"BORDERPRECISION":1,"PARTOF":null},"geometry":{"type":"LineString","coordinates":[[-1.06,50.687],[-1.168,50.602],[-1.215,50.587],[-1.282,50.579],[-1.494,50.667],[-1.569,50.657],[-1.523,50.695],[-1.297,50.772],[-1.118,50.737],[-1.06,50.687]]}},{"type":"Feature","properties":{"NAME":null,"ABBREVN":null,"SUBJECTO":null,"BORDERPRECISION":1,"PARTOF":null},"geometry":{"type":"LineString","coordinates":[[-4.153,53.226],[-4.218,53.2],[-4.326,53.145],[-4.351,53.124],[-4.402,53.126],[-4.494,53.189],[-4.567,53.273],[-4.569,53.388],[-4.56,53.397],[-4.429,53.424],[-4.314,53.412],[-4.277,53.398],[-4.222,53.322],[-4.047,53.303],[-4.09,53.255],[-4.153,53.226]]}},{"type":"Feature","properties":{"NAME":null,"ABBREVN":null,"SUBJECTO":null,"BORDERPRECISION":1,"PARTOF":null},"geometry":{"type":"LineString","coordinates":[[-5.104,55.439],[-5.232,55.43],[-5.34,55.475],[-5.4,55.601],[-5.381,55.669],[-5.295,55.717],[-5.239,55.714],[-5.16,55.679],[-5.085,55.557],[-5.076,55.455],[-5.104,55.439]]}},{"type":"Feature","properties":{"NAME":null,"ABBREVN":null,"SUBJECTO":null,"BORDERPRECISION":1,"PARTOF":null},"geometry":{"type":"LineString","coordinates":[[-6.122,55.879],[-6.098,55.797],[-6.088,55.784],[-6.052,55.767],[-6.03,55.721],[-6.025,55.681],[-6.077,55.65],[-6.274,55.573],[-6.326,55.587],[-6.322,55.615],[-6.286,55.707],[-6.253,55.764],[-6.251,55.771],[-6.265,55.778],[-6.338,55.78],[-6.38,55.728],[-6.449,55.68],[-6.485,55.669],[-6.509,55.682],[-6.495,55.734],[-6.45,55.849],[-6.442,55.854],[-6.37,55.869],[-6.31,55.864],[-6.137,55.934],[-6.119,55.922],[-6.122,55.879]]}},{"type":"Feature","properties":{"NAME":null,"ABBREVN":null,"SUBJECTO":null,"BORDERPRECISION":1,"PARTOF":null},"geometry":{"type":"LineString","coordinates":[[-5.947,55.83],[-5.972,55.788],[-6.027,55.792],[-6.063,55.804],[-6.076,55.816],[-6.088,55.877],[-6.079,55.906],[-5.968,56.024],[-5.809,56.11],[-5.711,56.15],[-5.694,56.147],[-5.685,56.126],[-5.691,56.107],[-5.746,56.064],[-5.947,55.83]]}},{"type":"Feature","properties":{"NAME":null,"ABBREVN":null,"SUBJECTO":null,"BORDERPRECISION":1,"PARTOF":null},"geometry":{"type":"LineString","coordinates":[[-7.467,56.941],[-7.55,56.947],[-7.56,56.96],[-7.44,57.054],[-7.419,57.044],[-7.378,56.982],[-7.435,56.945],[-7.467,56.941]]}},{"type":"Feature","properties":{"NAME":null,"ABBREVN":null,"SUBJECTO":null,"BORDERPRECISION":1,"PARTOF":null},"geometry":{"type":"LineString","coordinates":[[-7.223,57.337],[-7.252,57.327],[-7.285,57.336],[-7.288,57.322],[-7.259,57.152],[-7.215,57.114],[-7.226,57.097],[-7.287,57.106],[-7.356,57.099],[-7.381,57.109],[-7.417,57.182],[-7.425,57.382],[-7.368,57.401],[-7.336,57.396],[-7.272,57.375],[-7.223,57.337]]}},{"type":"Feature","properties":{"NAME":null,"ABBREVN":null,"SUBJECTO":null,"BORDERPRECISION":1,"PARTOF":null},"geometry":{"type":"LineString","coordinates":[[-7.269,57.399],[-7.314,57.4],[-7.388,57.424],[-7.409,57.448],[-7.406,57.464],[-7.351,57.489],[-7.244,57.476],[-7.205,57.461],[-7.202,57.419],[-7.269,57.399]]}},{"type":"Feature","properties":{"NAME":null,"ABBREVN":null,"SUBJECTO":null,"BORDERPRECISION":1,"PARTOF":null},"geometry":{"type":"LineString","coordinates":[[-7.189,57.687],[-7.067,57.637],[-7.154,57.509],[-7.321,57.505],[-7.325,57.544],[-7.412,57.568],[-7.477,57.562],[-7.543,57.591],[-7.491,57.646],[-7.473,57.655],[-7.275,57.656],[-7.245,57.677],[-7.189,57.687]]}},{"type":"Feature","properties":{"NAME":null,"ABBREVN":null,"SUBJECTO":null,"BORDERPRECISION":1,"PARTOF":null},"geometry":{"type":"LineString","coordinates":[[-7.006,57.881],[-7.074,57.878],[-7.077,57.893],[-7.033,57.916],[-6.994,57.919],[-6.997,57.891],[-7.006,57.881]]}},{"type":"Feature","properties":{"NAME":null,"ABBREVN":null,"SUBJECTO":null,"BORDERPRECISION":1,"PARTOF":null},"geometry":{"type":"LineString","coordinates":[[-6.802,58.203],[-6.869,58.204],[-6.89,58.252],[-6.854,58.25],[-6.81,58.229],[-6.794,58.218],[-6.791,58.207],[-6.802,58.203]]}},{"type":"Feature","properties":{"NAME":null,"ABBREVN":null,"SUBJECTO":null,"BORDERPRECISION":1,"PARTOF":null},"geometry":{"type":"LineString","coordinates":[[-6.204,58.356],[-6.232,58.318],[-6.324,58.264],[-6.328,58.238],[-6.325,58.232],[-6.277,58.223],[-6.221,58.234],[-6.168,58.261],[-6.148,58.256],[-6.158,58.218],[-6.172,58.207],[-6.225,58.184],[-6.264,58.177],[-6.329,58.183],[-6.367,58.159],[-6.382,58.13],[-6.497,58.097],[-6.62,58.082],[-6.497,58.087],[-6.396,58.105],[-6.354,58.033],[-6.458,57.968],[-6.474,57.94],[-6.571,57.911],[-6.662,57.924],[-6.699,57.967],[-6.706,58.008],[-6.697,58.021],[-6.653,58.048],[-6.594,58.046],[-6.6,58.054],[-6.684,58.057],[-6.761,57.998],[-6.726,57.954],[-6.685,57.934],[-6.661,57.885],[-6.735,57.826],[-6.973,57.725],[-7.124,57.821],[-7.127,57.833],[-7.118,57.838],[-7.066,57.821],[-6.83,57.901],[-6.879,57.932],[-6.935,57.95],[-6.985,57.959],[-7.036,57.953],[-7.075,57.962],[-7.113,57.984],[-7.084,58.008],[-7.056,58.02],[-7.058,58.036],[-7.094,58.071],[-7.128,58.13],[-7.094,58.182],[-7.041,58.233],[-7.001,58.234],[-6.908,58.213],[-6.908,58.206],[-6.936,58.188],[-6.862,58.104],[-6.873,58.179],[-6.805,58.196],[-6.75,58.185],[-6.745,58.197],[-6.787,58.229],[-6.808,58.26],[-6.818,58.28],[-6.798,58.302],[-6.673,58.349],[-6.652,58.349],[-6.647,58.342],[-6.55,58.363],[-6.293,58.488],[-6.267,58.512],[-6.223,58.496],[-6.166,58.425],[-6.204,58.356]]}},{"type":"Feature","properties":{"NAME":null,"ABBREVN":null,"SUBJECTO":null,"BORDERPRECISION":1,"PARTOF":null},"geometry":{"type":"LineString","coordinates":[[-2.918,58.732],[-2.948,58.731],[-2.971,58.742],[-3.037,58.818],[-3.004,58.833],[-2.916,58.839],[-2.886,58.832],[-2.878,58.824],[-2.918,58.732]]}},{"type":"Feature","properties":{"NAME":null,"ABBREVN":null,"SUBJECTO":null,"BORDERPRECISION":1,"PARTOF":null},"geometry":{"type":"LineString","coordinates":[[-3.231,58.776],[-3.301,58.778],[-3.431,58.871],[-3.418,58.904],[-3.398,58.917],[-3.336,58.927],[-3.228,58.885],[-3.136,58.804],[-3.142,58.785],[-3.231,58.776]]}},{"type":"Feature","properties":{"NAME":null,"ABBREVN":null,"SUBJECTO":null,"BORDERPRECISION":1,"PARTOF":null},"geometry":{"type":"LineString","coordinates":[[-2.793,58.951],[-2.756,58.918],[-2.824,58.879],[-2.97,58.939],[-3.057,58.936],[-3.195,58.911],[-3.346,58.966],[-3.368,59.01],[-3.351,59.106],[-3.317,59.129],[-3.219,59.149],[-3.077,59.122],[-2.998,59.07],[-2.996,59.056],[-2.947,58.998],[-2.852,58.976],[-2.793,58.951]]}},{"type":"Feature","properties":{"NAME":null,"ABBREVN":null,"SUBJECTO":null,"BORDERPRECISION":1,"PARTOF":null},"geometry":{"type":"LineString","coordinates":[[-2.681,59.196],[-2.686,59.184],[-2.694,59.197],[-2.684,59.221],[-2.593,59.291],[-2.556,59.303],[-2.407,59.314],[-2.39,59.283],[-2.496,59.245],[-2.621,59.236],[-2.681,59.196]]}},{"type":"Feature","properties":{"NAME":null,"ABBREVN":null,"SUBJECTO":null,"BORDERPRECISION":1,"PARTOF":null},"geometry":{"type":"LineString","coordinates":[[-2.89,59.295],[-2.85,59.268],[-2.853,59.249],[-2.877,59.229],[-2.877,59.259],[-2.937,59.284],[-2.972,59.287],[-2.977,59.273],[-2.999,59.261],[-3.076,59.331],[-2.89,59.295]]}},{"type":"Feature","properties":{"NAME":null,"ABBREVN":null,"SUBJECTO":null,"BORDERPRECISION":1,"PARTOF":null},"geometry":{"type":"LineString","coordinates":[[-1.296,60.491],[-1.287,60.471],[-1.037,60.444],[-1.101,60.276],[-1.164,60.258],[-1.187,60.27],[-1.201,60.263],[-1.186,60.231],[-1.126,60.152],[-1.147,60.132],[-1.171,60.137],[-1.212,60.103],[-1.221,60.022],[-1.26,59.862],[-1.269,59.851],[-1.307,59.857],[-1.372,59.892],[-1.378,59.902],[-1.332,59.997],[-1.306,60.013],[-1.263,60.107],[-1.262,60.131],[-1.291,60.241],[-1.41,60.255],[-1.364,60.23],[-1.353,60.209],[-1.358,60.192],[-1.449,60.151],[-1.52,60.181],[-1.527,60.187],[-1.52,60.201],[-1.665,60.231],[-1.693,60.28],[-1.691,60.288],[-1.655,60.303],[-1.427,60.321],[-1.346,60.34],[-1.32,60.356],[-1.446,60.461],[-1.554,60.476],[-1.61,60.474],[-1.593,60.508],[-1.547,60.536],[-1.416,60.605],[-1.302,60.637],[-1.287,60.613],[-1.296,60.491]]}},{"type":"Feature","properties":{"NAME":null,"ABBREVN":null,"SUBJECTO":null,"BORDERPRECISION":1,"PARTOF":null},"geometry":{"type":"LineString","coordinates":[[-1.029,60.496],[-1.127,60.486],[-1.14,60.489],[-1.17,60.527],[-1.184,60.603],[-1.179,60.633],[-1.11,60.726],[-1.099,60.73],[-0.991,60.72],[-0.982,60.656],[-1.029,60.496]]}},{"type":"Feature","properties":{"NAME":null,"ABBREVN":null,"SUBJECTO":null,"BORDERPRECISION":1,"PARTOF":null},"geometry":{"type":"LineString","coordinates":[[-0.82,60.689],[-0.835,60.673],[-0.936,60.674],[-0.966,60.688],[-0.939,60.794],[-0.878,60.844],[-0.806,60.841],[-0.768,60.829],[-0.758,60.818],[-0.764,60.793],[-0.82,60.689]]}},{"type":"Feature","properties":{"NAME":null,"ABBREVN":null,"SUBJECTO":null,"BORDERPRECISION":1,"PARTOF":null},"geometry":{"type":"LineString","coordinates":[[-6.655,61.389],[-6.719,61.407],[-6.846,61.468],[-6.958,61.599],[-6.963,61.619],[-6.945,61.637],[-6.889,61.645],[-6.724,61.573],[-6.709,61.558],[-6.642,61.401],[-6.655,61.389]]}},{"type":"Feature","properties":{"NAME":null,"ABBREVN":null,"SUBJECTO":null,"BORDERPRECISION":1,"PARTOF":null},"geometry":{"type":"LineString","coordinates":[[-6.604,61.822],[-6.63,61.761],[-6.652,61.743],[-6.705,61.777],[-6.841,61.817],[-6.866,61.837],[-6.909,61.901],[-6.905,61.908],[-6.864,61.907],[-6.783,61.897],[-6.661,61.859],[-6.604,61.822]]}},{"type":"Feature","properties":{"NAME":null,"ABBREVN":null,"SUBJECTO":null,"BORDERPRECISION":1,"PARTOF":null},"geometry":{"type":"LineString","coordinates":[[-7.05,62.068],[-7.063,62.049],[-7.202,62.019],[-7.192,62.04],[-7.227,62.064],[-7.251,62.043],[-7.346,62.052],[-7.378,62.065],[-7.431,62.116],[-7.435,62.14],[-7.223,62.159],[-7.163,62.129],[-7.045,62.094],[-7.04,62.088],[-7.05,62.068]]}},{"type":"Feature","properties":{"NAME":null,"ABBREVN":null,"SUBJECTO":null,"BORDERPRECISION":1,"PARTOF":null},"geometry":{"type":"LineString","coordinates":[[-6.707,61.937],[-6.725,61.934],[-6.773,61.95],[-6.869,61.997],[-6.961,62.047],[-7.035,62.112],[-7.13,62.126],[-7.232,62.172],[-7.234,62.193],[-7.211,62.285],[-7.196,62.305],[-7.135,62.304],[-7.066,62.282],[-7.045,62.243],[-6.991,62.193],[-6.841,62.124],[-6.725,62.035],[-6.696,61.979],[-6.707,61.937]]}},{"type":"Feature","properties":{"NAME":null,"ABBREVN":null,"SUBJECTO":null,"BORDERPRECISION":1,"PARTOF":null},"geometry":{"type":"LineString","coordinates":[[-6.62,62.23],[-6.686,62.245],[-6.712,62.294],[-6.721,62.331],[-6.626,62.253],[-6.62,62.23]]}},{"type":"Feature","properties":{"NAME":null,"ABBREVN":null,"SUBJECTO":null,"BORDERPRECISION":1,"PARTOF":null},"geometry":{"type":"LineString","coordinates":[[-6.657,62.092],[-6.657,62.056],[-6.922,62.167],[-7.025,62.238],[-7.062,62.296],[-7.06,62.314],[-6.95,62.338],[-6.807,62.29],[-6.601,62.197],[-6.588,62.134],[-6.657,62.092]]}},{"type":"Feature","properties":{"NAME":null,"ABBREVN":null,"SUBJECTO":null,"BORDERPRECISION":1,"PARTOF":null},"geometry":{"type":"LineString","coordinates":[[-6.419,62.184],[-6.518,62.169],[-6.572,62.212],[-6.588,62.24],[-6.551,62.251],[-6.549,62.301],[-6.574,62.35],[-6.542,62.357],[-6.522,62.318],[-6.493,62.291],[-6.392,62.258],[-6.389,62.251],[-6.407,62.192],[-6.419,62.184]]}},{"type":"Feature","properties":{"NAME":null,"ABBREVN":null,"SUBJECTO":null,"BORDERPRECISION":1,"PARTOF":null},"geometry":{"type":"LineString","coordinates":[[-6.586,62.256],[-6.62,62.267],[-6.664,62.322],[-6.661,62.372],[-6.632,62.371],[-6.566,62.296],[-6.566,62.265],[-6.586,62.256]]}},{"type":"Feature","properties":{"NAME":null,"ABBREVN":null,"SUBJECTO":null,"BORDERPRECISION":1,"PARTOF":null},"geometry":{"type":"LineString","coordinates":[[-6.406,62.284],[-6.48,62.298],[-6.547,62.384],[-6.519,62.397],[-6.489,62.381],[-6.392,62.297],[-6.406,62.284]]}},{"type":"Feature","properties":{"NAME":"Sámi","ABBREVN":"Sámi","SUBJECTO":"Sámi","BORDERPRECISION":1,"PARTOF":"Sámi"},"geometry":{"type":"LineString","coordinates":[[20.158,69.748],[20.286,69.786],[20.358,69.71],[20.278,69.582],[20.197,69.318],[20.553,69.522],[20.734,69.779],[21.103,69.818],[21.412,70.015],[21.609,69.963],[21.908,69.804],[22.163,70.093],[22.306,70.216],[22.746,70.171],[23.204,69.943],[23.292,70.011],[23.508,70.279],[23.827,70.479],[23.955,70.502],[24.208,70.472],[24.36,70.61],[24.571,70.741],[24.849,70.827],[25.389,70.905],[25.832,70.898],[25.231,70.558],[25.122,70.435],[25.074,70.144],[25.263,70.107],[25.574,70.367],[26.263,70.791],[26.607,70.915],[26.619,70.799],[26.617,70.392],[26.934,70.469],[27.131,70.577],[27.516,70.97],[27.948,71.017],[28.211,71.018],[28.308,70.949],[28.136,70.833],[27.985,70.717],[28.019,70.609],[27.875,70.425],[28.29,70.372],[28.389,70.572],[28.795,70.865],[28.984,70.857],[29.741,70.605],[30.041,70.544],[30.462,70.537],[30.754,70.43],[30.799,70.308],[30.252,70.131],[29.735,70.115],[28.73,70.136],[29.08,69.961],[29.556,69.833],[29.729,69.698],[30.056,69.721],[30.361,69.767],[30.735,69.752],[31.054,69.64],[31.331,69.663],[31.782,69.777],[32.072,69.883],[32.076,69.815],[32.191,69.642],[32.352,69.514],[32.596,69.424],[33.01,69.387],[33.281,69.342],[33.316,69.071],[33.628,69.215],[33.818,69.192],[34.305,69.171],[34.699,69.164],[34.934,69.149],[35.437,69.15],[36.018,69.024],[37.246,68.793],[37.689,68.63],[38.406,68.243],[38.668,68.146],[39.918,67.94],[40.826,67.66],[40.973,67.534],[40.951,67.335],[41.017,67.202],[41.209,67.069],[41.255,66.937],[41.147,66.782],[40.836,66.561],[40.345,66.319],[39.978,66.201],[39.19,66.039],[38.782,66.001],[38.048,66.007],[37.422,66.094],[36.505,66.172],[35.772,66.259],[35.168,66.412],[34.153,66.63],[33.437,66.702],[33.158,66.914],[32.991,66.988],[32.644,67.046],[31.246,67.636],[27.098,66.834],[26.479,65.572],[26.429,65.629],[25.626,66.7],[21.879,66.967],[18.534,66.432],[18.4,67.235],[18.959,68.294],[19.821,69.37],[20.158,69.748]]}},{"type":"Feature","properties":{"NAME":null,"ABBREVN":null,"SUBJECTO":null,"BORDERPRECISION":1,"PARTOF":null},"geometry":{"type":"LineString","coordinates":[[59.285,45.275],[59.447,45.188],[59.461,45.055],[59.238,44.797],[59.046,44.955],[59.133,45.195],[59.285,45.275]]}},{"type":"Feature","properties":{"NAME":null,"ABBREVN":null,"SUBJECTO":null,"BORDERPRECISION":1,"PARTOF":null},"geometry":{"type":"LineString","coordinates":[[59.777,45.701],[59.901,45.696],[60,45.707],[60,45.648],[59.913,45.598],[59.793,45.59],[59.763,45.632],[59.777,45.701]]}},{"type":"Feature","properties":{"NAME":"White Horde","ABBREVN":"White Horde","SUBJECTO":"White Horde","BORDERPRECISION":1,"PARTOF":"White Horde"},"geometry":{"type":"LineString","coordinates":[[60,46.514],[60,46.21],[59.815,46.181],[59.801,46.255],[59.779,46.301],[59.749,46.322],[59.699,46.331],[59.577,46.333],[59.549,46.345],[59.481,46.317],[59.546,46.239],[59.55,45.994],[59.431,45.803],[59.287,45.835],[59.301,45.88],[59.36,45.933],[59.366,45.99],[59.329,46.026],[59.198,46.023],[59.143,46.007],[59.07,46.001],[58.957,45.968],[58.881,45.956],[58.815,45.931],[58.772,45.895],[58.721,45.848],[58.681,45.784],[58.655,45.716],[58.628,45.6],[58.611,45.585],[58.589,45.537],[58.56,45.457],[58.514,45.386],[58.449,45.322],[58.404,45.253],[58.378,45.178],[58.272,44.982],[58.238,44.903],[58.232,44.851],[58.251,44.786],[58.295,44.708],[58.297,44.638],[58.257,44.577],[58.199,44.52],[58.23,44.452],[58.242,44.359],[58.4,44.167],[58.345,43.866],[58.367,43.737],[58.596,43.757],[58.78,43.747],[58.827,43.844],[58.879,43.849],[55.642,40.05],[54.071,38.897],[54.033,38.993],[53.918,39.05],[53.775,39.136],[53.679,39.251],[53.66,39.318],[53.583,39.318],[53.334,39.385],[53.248,39.299],[53.209,39.405],[53.248,39.452],[53.315,39.567],[53.372,39.52],[53.545,39.539],[53.794,39.491],[53.813,39.548],[53.669,39.644],[53.554,39.654],[53.516,39.778],[53.593,39.893],[53.688,39.979],[53.506,39.998],[53.363,39.96],[53.19,39.96],[53.047,39.998],[52.989,39.931],[52.912,40.046],[52.845,40.18],[52.845,40.334],[52.826,40.468],[52.903,40.563],[52.951,40.707],[52.97,40.822],[53.056,41.052],[53.181,40.841],[53.257,40.765],[53.439,40.803],[53.612,40.745],[53.66,40.813],[53.65,40.88],[53.698,40.88],[53.765,40.87],[53.794,40.726],[53.842,40.64],[53.976,40.65],[54.11,40.678],[54.225,40.726],[54.416,40.659],[54.455,40.717],[54.387,40.803],[54.368,40.899],[54.455,40.918],[54.502,40.851],[54.608,40.813],[54.818,40.88],[54.828,40.985],[54.751,41.138],[54.598,41.244],[54.359,41.387],[54.167,41.483],[54.138,41.627],[54.119,41.78],[54.024,41.857],[54.024,42.048],[53.985,42.106],[53.736,42.134],[53.458,42.096],[53.267,42.086],[53.066,42.029],[52.98,41.904],[52.941,41.77],[52.999,41.684],[52.932,41.378],[52.96,41.272],[52.97,41.138],[52.855,41.387],[52.692,41.531],[52.711,41.607],[52.683,41.694],[52.559,41.758],[52.601,41.938],[52.574,42.019],[52.52,42.073],[52.583,42.189],[52.673,42.279],[52.736,42.423],[52.754,42.558],[52.835,42.648],[52.763,42.756],[52.583,42.828],[52.376,42.801],[52.295,42.873],[52.07,42.828],[51.98,42.909],[51.881,43.053],[51.738,43.179],[51.423,43.17],[51.423,43.259],[51.459,43.385],[51.369,43.556],[51.261,43.61],[51.171,43.718],[50.991,44.078],[50.955,44.204],[50.703,44.258],[50.389,44.294],[50.326,44.365],[50.335,44.563],[50.407,44.617],[50.542,44.644],[50.874,44.626],[51.333,44.482],[51.414,44.518],[51.576,44.554],[51.486,44.626],[51.189,44.77],[51.099,44.878],[51.216,45.04],[51.342,45.058],[51.378,45.175],[51.459,45.31],[51.513,45.373],[51.63,45.355],[51.773,45.391],[51.845,45.436],[51.998,45.382],[52.61,45.4],[53.059,45.337],[53.284,45.328],[53.059,45.453],[52.844,45.507],[52.835,45.642],[52.924,45.732],[53.05,45.831],[53.149,45.957],[53.203,46.191],[53.257,46.317],[53.185,46.425],[53.122,46.497],[53.167,46.586],[53.284,46.676],[53.23,46.73],[53.185,46.865],[53.023,46.919],[52.854,46.938],[56.674,58.259],[58.293,58.425],[60,59.103],[60,46.514]]}},{"type":"Feature","properties":{"NAME":"Timurid Emirates","ABBREVN":"Timurid Em.","SUBJECTO":"Timurid Emirates","BORDERPRECISION":1,"PARTOF":"Timurid Emirates"},"geometry":{"type":"LineString","coordinates":[[60,34],[55.466,34],[53.984,36.782],[54.067,36.942],[54.009,37.349],[54.015,37.348],[53.928,37.824],[53.88,38.025],[53.937,38.159],[53.937,38.571],[53.985,38.657],[54.071,38.897],[55.642,40.05],[58.879,43.849],[59.019,43.861],[59.008,43.979],[59.126,44.002],[59.248,43.854],[59.505,43.914],[59.716,43.669],[60,43.622],[60,34]]}},{"type":"Feature","properties":{"NAME":"Aragón","ABBREVN":"Aragón","SUBJECTO":"Aragón","BORDERPRECISION":1,"PARTOF":"Aragón"},"geometry":{"type":"LineString","coordinates":[[8.582,39.066],[8.417,39.212],[8.374,39.308],[8.465,39.64],[8.508,39.946],[8.488,40.209],[8.428,40.465],[8.202,40.663],[8.159,40.785],[8.241,40.855],[8.766,40.863],[8.918,40.94],[9.306,41.184],[9.591,40.903],[9.794,40.564],[9.788,40.442],[9.696,40.314],[9.631,40.096],[9.698,39.693],[9.648,39.457],[9.479,39.144],[9.296,39.233],[9.063,39.22],[8.999,39.175],[8.931,39.054],[8.82,38.977],[8.696,38.996],[8.582,39.066]]}},{"type":"Feature","properties":{"NAME":"Aragón","ABBREVN":"Aragón","SUBJECTO":"Aragón","BORDERPRECISION":1,"PARTOF":"Aragón"},"geometry":{"type":"LineString","coordinates":[[17.407,40.292],[17.402,40.292],[17.4,40.293]]}},{"type":"Feature","properties":{"NAME":"Aragón","ABBREVN":"Aragón","SUBJECTO":"Aragón","BORDERPRECISION":1,"PARTOF":"Aragón"},"geometry":{"type":"LineString","coordinates":[[18.368,39.754],[18.365,39.747],[18.357,39.752]]}},{"type":"Feature","properties":{"NAME":"Aragón","ABBREVN":"Aragón","SUBJECTO":"Aragón","BORDERPRECISION":1,"PARTOF":"Aragón"},"geometry":{"type":"LineString","coordinates":[[18.47,39.977],[18.455,39.945]]}},{"type":"Feature","properties":{"NAME":"Aragón","ABBREVN":"Aragón","SUBJECTO":"Aragón","BORDERPRECISION":1,"PARTOF":"Aragón"},"geometry":{"type":"LineString","coordinates":[[14.216,37.049],[13.868,37.157],[13.012,37.525],[12.637,37.582],[12.532,37.639],[12.454,37.766],[12.517,37.919],[12.664,38.072],[12.783,38.117],[13.066,38.067],[13.322,38.221],[13.628,38.03],[13.81,37.966],[14.134,37.973],[14.766,38.058],[15.387,38.206],[15.454,38.167],[15.473,38.11],[15.423,38.053],[15.181,37.682],[15.112,37.459],[15.116,37.287],[15.301,37.058],[15.221,37],[15.027,36.745],[14.942,36.739],[14.622,36.776],[14.216,37.049]]}},{"type":"Feature","properties":{"NAME":"Aragón","ABBREVN":"Aragón","SUBJECTO":"Aragón","BORDERPRECISION":1,"PARTOF":"Aragón"},"geometry":{"type":"LineString","coordinates":[[-1.664,42.125],[-0.907,42.881],[-0.84,42.909],[-0.612,42.731],[-0.587,42.765],[-0.469,42.751],[-0.41,42.786],[-0.216,42.717],[-0.166,42.649],[0.18,42.663],[0.196,42.608],[0.348,42.635],[0.592,42.628],[0.584,42.772],[0.744,42.772],[1.307,42.635],[1.32,42.605],[1.456,42.619],[1.47,42.622]]}},{"type":"Feature","properties":{"NAME":"Aragón","ABBREVN":"Aragón","SUBJECTO":"Aragón","BORDERPRECISION":1,"PARTOF":"Aragón"},"geometry":{"type":"LineString","coordinates":[[1.567,42.646],[1.577,42.648],[1.667,42.622]]}},{"type":"Feature","properties":{"NAME":"Aragón","ABBREVN":"Aragón","SUBJECTO":"Aragón","BORDERPRECISION":1,"PARTOF":"Aragón"},"geometry":{"type":"LineString","coordinates":[[1.729,42.516],[1.728,42.501],[2.103,42.615],[2.272,42.69],[2.481,42.686],[2.49,42.719],[2.701,42.73],[2.825,42.85],[2.949,42.883],[3.039,42.869],[3.002,42.771],[3.087,42.369],[3.086,42.121],[3.157,42.076],[3.129,41.857],[2.628,41.62],[2.201,41.446],[2.081,41.298],[1.311,41.157],[0.879,41.022],[0.734,40.875],[0.71,40.785],[0.827,40.727],[0.788,40.657],[0.505,40.593],[0.238,40.24],[-0.161,39.886],[-0.395,39.434],[-0.236,39.062],[-0.166,38.954],[0.126,38.821],[0.173,38.738],[-0.435,38.43],[-0.564,38.215],[-0.665,38.177],[-0.872,37.76],[-0.803,37.615],[-0.918,37.57],[-1.365,37.548],[-1.626,37.439],[-1.817,37.292],[-1.94,36.952],[-2.149,37.233],[-1.921,37.651],[-2.035,37.842],[-1.883,37.956],[-1.655,37.918],[-1.655,38.184],[-1.807,38.26],[-1.807,38.526],[-2.035,38.602],[-2.035,39.249],[-1.807,39.173],[-1.807,39.477],[-1.997,39.591],[-1.997,39.743],[-1.807,39.858],[-1.997,39.972],[-1.997,40.086],[-2.301,40.238],[-2.301,40.39],[-1.921,40.618],[-2.035,41.227],[-2.301,41.265],[-2.301,41.493],[-2.149,41.493],[-2.13,41.817],[-1.605,41.769],[-1.664,42.125]]}},{"type":"Feature","properties":{"NAME":"Aragón","ABBREVN":"Aragón","SUBJECTO":"Aragón","BORDERPRECISION":1,"PARTOF":"Aragón"},"geometry":{"type":"LineString","coordinates":[[1.73,42.604],[1.755,42.597],[1.792,42.579],[1.784,42.575]]}},{"type":"Feature","properties":{"NAME":"Aragón","ABBREVN":"Aragón","SUBJECTO":"Aragón","BORDERPRECISION":1,"PARTOF":"Aragón"},"geometry":{"type":"LineString","coordinates":[[1.774,42.569],[1.738,42.55]]}},{"type":"Feature","properties":{"NAME":"Thule","ABBREVN":"Thule","SUBJECTO":"Thule","BORDERPRECISION":1,"PARTOF":"Thule"},"geometry":{"type":"LineString","coordinates":[[-25,69.319],[-24.897,69.392],[-24.584,69.34],[-24.333,69.333],[-23.444,69.568],[-22.732,69.774],[-22.158,70.056],[-22.434,70.079],[-23.009,70.093],[-23.459,70.092],[-23.587,70.084],[-23.775,70.145],[-24.195,70.243],[-24.585,70.304],[-25,70.296],[-25,69.319]]}},{"type":"Feature","properties":{"NAME":"Thule","ABBREVN":"Thule","SUBJECTO":"Thule","BORDERPRECISION":1,"PARTOF":"Thule"},"geometry":{"type":"LineString","coordinates":[[-25,71.468],[-24.913,71.437],[-24.386,71.183],[-24.227,71.059],[-24.04,70.774],[-23.754,70.59],[-23.084,70.468],[-22.616,70.484],[-22.203,70.485],[-21.714,70.386],[-21.547,70.44],[-21.471,70.532],[-21.592,71.211],[-21.726,71.405],[-21.904,71.497],[-22.03,71.435],[-22.431,71.341],[-22.649,71.745],[-22.818,71.87],[-23.247,72],[-25,72],[-25,71.468]]}},{"type":"Feature","properties":{"NAME":"Ottoman Empire","ABBREVN":"Ottoman Emp.","SUBJECTO":"Ottoman Empire","BORDERPRECISION":1,"PARTOF":"Ottoman Empire","wikipedia":null},"geometry":{"type":"LineString","coordinates":[[25.386,36.319],[25.318,36.399],[25.333,36.46],[25.371,36.497],[25.493,36.423],[25.493,36.331],[25.386,36.319]]}},{"type":"Feature","properties":{"NAME":"Ottoman Empire","ABBREVN":"Ottoman Emp.","SUBJECTO":"Ottoman Empire","BORDERPRECISION":1,"PARTOF":"Ottoman Empire","wikipedia":null},"geometry":{"type":"LineString","coordinates":[[25.835,36.783],[25.751,36.783],[25.751,36.814],[25.858,36.838],[25.949,36.911],[26.025,36.96],[26.086,36.899],[25.835,36.783]]}},{"type":"Feature","properties":{"NAME":"Ottoman Empire","ABBREVN":"Ottoman Emp.","SUBJECTO":"Ottoman Empire","BORDERPRECISION":1,"PARTOF":"Ottoman Empire","wikipedia":null},"geometry":{"type":"LineString","coordinates":[[24.588,36.869],[24.679,36.759],[24.466,36.649],[24.299,36.753],[24.428,36.795],[24.588,36.869]]}},{"type":"Feature","properties":{"NAME":"Ottoman Empire","ABBREVN":"Ottoman Emp.","SUBJECTO":"Ottoman Empire","BORDERPRECISION":1,"PARTOF":"Ottoman Empire","wikipedia":null},"geometry":{"type":"LineString","coordinates":[[24.877,36.68],[24.976,36.637],[24.945,36.57],[24.824,36.637],[24.824,36.661],[24.877,36.68]]}},{"type":"Feature","properties":{"NAME":"Ottoman Empire","ABBREVN":"Ottoman Emp.","SUBJECTO":"Ottoman Empire","BORDERPRECISION":1,"PARTOF":"Ottoman Empire","wikipedia":null},"geometry":{"type":"LineString","coordinates":[[25.166,36.741],[25.196,36.674],[25.059,36.619],[25.044,36.661],[25.166,36.741]]}},{"type":"Feature","properties":{"NAME":"Ottoman Empire","ABBREVN":"Ottoman Emp.","SUBJECTO":"Ottoman Empire","BORDERPRECISION":1,"PARTOF":"Ottoman Empire","wikipedia":null},"geometry":{"type":"LineString","coordinates":[[25.295,36.808],[25.432,36.698],[25.386,36.637],[25.265,36.704],[25.242,36.753],[25.295,36.808]]}},{"type":"Feature","properties":{"NAME":"Ottoman Empire","ABBREVN":"Ottoman Emp.","SUBJECTO":"Ottoman Empire","BORDERPRECISION":1,"PARTOF":"Ottoman Empire","wikipedia":null},"geometry":{"type":"LineString","coordinates":[[24.535,37.117],[24.444,37.099],[24.428,37.208],[24.535,37.117]]}},{"type":"Feature","properties":{"NAME":"Ottoman Empire","ABBREVN":"Ottoman Emp.","SUBJECTO":"Ottoman Empire","BORDERPRECISION":1,"PARTOF":"Ottoman Empire","wikipedia":null},"geometry":{"type":"LineString","coordinates":[[24.261,37.541],[24.299,37.661],[24.398,37.667],[24.383,37.571],[24.261,37.541]]}},{"type":"Feature","properties":{"NAME":"Ottoman Empire","ABBREVN":"Ottoman Emp.","SUBJECTO":"Ottoman Empire","BORDERPRECISION":1,"PARTOF":"Ottoman Empire","wikipedia":null},"geometry":{"type":"LineString","coordinates":[[24.36,37.396],[24.398,37.468],[24.489,37.396],[24.36,37.305],[24.36,37.396]]}},{"type":"Feature","properties":{"NAME":"Ottoman Empire","ABBREVN":"Ottoman Emp.","SUBJECTO":"Ottoman Empire","BORDERPRECISION":1,"PARTOF":"Ottoman Empire","wikipedia":null},"geometry":{"type":"LineString","coordinates":[[25.044,37.378],[24.846,37.366],[24.862,37.529],[24.945,37.51],[25.044,37.378]]}},{"type":"Feature","properties":{"NAME":"Ottoman Empire","ABBREVN":"Ottoman Emp.","SUBJECTO":"Ottoman Empire","BORDERPRECISION":1,"PARTOF":"Ottoman Empire","wikipedia":null},"geometry":{"type":"LineString","coordinates":[[24.923,37.691],[24.656,37.901],[24.763,38.003],[25.272,37.565],[25.47,37.438],[25.318,37.402],[24.923,37.691]]}},{"type":"Feature","properties":{"NAME":"Ottoman Empire","ABBREVN":"Ottoman Emp.","SUBJECTO":"Ottoman Empire","BORDERPRECISION":1,"PARTOF":"Ottoman Empire","wikipedia":null},"geometry":{"type":"LineString","coordinates":[[24.649,37.014],[24.717,37.051],[24.786,36.948],[24.679,36.905],[24.649,37.014]]}},{"type":"Feature","properties":{"NAME":"Ottoman Empire","ABBREVN":"Ottoman Emp.","SUBJECTO":"Ottoman Empire","BORDERPRECISION":1,"PARTOF":"Ottoman Empire","wikipedia":null},"geometry":{"type":"LineString","coordinates":[[25.151,37.172],[25.31,37.196],[25.31,37.002],[25.113,36.941],[24.938,36.96],[25.151,37.172]]}},{"type":"Feature","properties":{"NAME":"Ottoman Empire","ABBREVN":"Ottoman Emp.","SUBJECTO":"Ottoman Empire","BORDERPRECISION":1,"PARTOF":"Ottoman Empire","wikipedia":null},"geometry":{"type":"LineString","coordinates":[[25.363,37.008],[25.341,37.087],[25.538,37.22],[25.607,37.124],[25.599,37.026],[25.546,36.96],[25.455,36.923],[25.363,37.008]]}},{"type":"Feature","properties":{"NAME":"Ottoman Empire","ABBREVN":"Ottoman Emp.","SUBJECTO":"Ottoman Empire","BORDERPRECISION":1,"PARTOF":"Ottoman Empire","wikipedia":null},"geometry":{"type":"LineString","coordinates":[[23.661,38.404],[23.6,38.457],[23.638,38.523],[23.463,38.624],[23.121,38.867],[22.87,38.837],[23.014,38.961],[23.242,39.044],[23.79,38.719],[24.132,38.653],[24.208,38.552],[24.292,38.195],[24.588,38.153],[24.527,37.967],[24.314,37.985],[24.025,38.386],[23.661,38.404]]}},{"type":"Feature","properties":{"NAME":"Ottoman Empire","ABBREVN":"Ottoman Emp.","SUBJECTO":"Ottoman Empire","BORDERPRECISION":1,"PARTOF":"Ottoman Empire","wikipedia":null},"geometry":{"type":"LineString","coordinates":[[27.05,36.949],[26.976,36.924],[26.936,36.932],[26.919,36.947],[26.882,37.069],[26.891,37.076],[26.986,37.044],[27.048,36.994],[27.05,36.949]]}},{"type":"Feature","properties":{"NAME":"Ottoman Empire","ABBREVN":"Ottoman Emp.","SUBJECTO":"Ottoman Empire","BORDERPRECISION":1,"PARTOF":"Ottoman Empire","wikipedia":null},"geometry":{"type":"LineString","coordinates":[[29.535,36.087],[29.472,36.091],[29.298,36.173],[29.002,36.695],[28.814,36.535],[28.47,36.738],[28.267,36.712],[28.014,36.527],[27.912,36.699],[27.942,36.756],[28.051,36.833],[27.999,36.909],[27.308,36.921],[27.269,37.042],[27.526,37.131],[27.493,37.24],[27.365,37.329],[27.16,37.36],[27.123,37.494],[27.141,37.647],[27.18,37.774],[27.14,37.889],[26.961,37.946],[26.679,38.105],[26.512,38.066],[26.393,38.104],[26.392,38.219],[26.469,38.445],[26.527,38.418],[26.742,38.278],[26.997,38.4],[26.82,38.527],[26.829,38.583],[26.696,38.641],[26.709,38.699],[26.966,38.77],[27.035,38.821],[27.004,38.885],[26.937,38.925],[26.785,38.94],[26.79,39.024],[26.871,39.056],[26.797,39.13],[26.708,39.182],[26.704,39.25],[26.602,39.256],[26.72,39.337],[26.854,39.461],[26.926,39.477],[26.958,39.548],[26.804,39.567],[26.139,39.44],[26.064,39.456],[26.085,39.604],[26.142,39.661],[26.128,39.879],[26.186,39.997],[26.32,39.992],[26.403,40.176],[26.482,40.187],[26.765,40.377],[26.996,40.372],[27.056,40.43],[27.272,40.451],[27.329,40.356],[27.45,40.31],[27.526,40.297],[27.764,40.287],[27.83,40.345],[27.8,40.403],[27.679,40.461],[27.808,40.504],[27.954,40.488],[28.006,40.451],[27.908,40.351],[28.478,40.395],[28.756,40.376],[29.052,40.335],[29.122,40.414],[29.084,40.456],[28.873,40.472],[28.778,40.525],[28.902,40.62],[29.525,40.688],[29.713,40.694],[29.883,40.746],[29.683,40.752],[29.32,40.741],[29.29,40.807],[29.015,40.979],[29.161,41.216],[29.578,41.153],[30.138,41.132],[30.256,41.185],[30.745,41.04],[31.218,41.054],[31.404,41.164],[31.386,41.285],[31.666,41.395],[32.419,41.749],[32.688,41.846],[33.155,41.95],[33.556,41.983],[33.897,41.951],[34.304,41.894],[34.663,41.876],[35.002,42.043],[35.099,41.806],[35.286,41.671],[35.411,41.627],[35.678,41.621],[35.958,41.686],[36.161,41.353],[36.383,41.238],[36.641,41.315],[36.817,41.29],[37.253,41.028],[37.822,41.01],[38.314,40.921],[38.651,40.922],[39.139,41.044],[39.37,41.064],[39.663,41],[40.007,40.956],[40.361,40.963],[40.61,41.028],[41.293,41.286],[41.484,41.437],[41.212,40.244],[39.148,38.622],[36.494,37.369],[36.789,37.001],[35.891,36.771],[35.672,36.606],[35.568,36.587],[35.506,36.559],[35.548,36.54],[35.495,36.443],[35.417,36.433],[35.389,36.454],[35.354,36.414],[35.221,36.388]]}},{"type":"Feature","properties":{"NAME":"Ottoman Empire","ABBREVN":"Ottoman Emp.","SUBJECTO":"Ottoman Empire","BORDERPRECISION":1,"PARTOF":"Ottoman Empire","wikipedia":null},"geometry":{"type":"LineString","coordinates":[[35.221,36.388],[35.071,36.488],[34.87,36.577],[34.662,36.648],[34.485,36.627],[34.103,36.38],[33.952,36.252],[33.954,36.16],[33.891,36.139],[33.836,36.107],[33.834,36.071],[33.753,36.147],[33.482,36.054],[33.171,35.971],[32.904,35.977],[32.64,36.008],[32.335,36.128],[31.902,36.497],[31.371,36.712],[30.905,36.794],[30.594,36.762],[30.54,36.647],[30.473,36.188],[30.395,36.118],[30.28,36.118],[30.166,36.188],[29.671,36.08]]}},{"type":"Feature","properties":{"NAME":"Ottoman Empire","ABBREVN":"Ottoman Emp.","SUBJECTO":"Ottoman Empire","BORDERPRECISION":1,"PARTOF":"Ottoman Empire","wikipedia":null},"geometry":{"type":"LineString","coordinates":[[17.304,43.076],[17.326,43.337],[17.163,43.391],[17.054,43.473],[16.992,43.323],[16.64,43.39],[16.712,43.771],[16.701,43.847],[16.865,44.245],[17.458,44.146],[17.754,44.393],[18.939,44.393],[19.785,44.936],[20.291,44.9],[20.801,44.932],[23.543,45.856],[24.18,45.856],[25.535,45.508]]}},{"type":"Feature","properties":{"NAME":"Ottoman Empire","ABBREVN":"Ottoman Emp.","SUBJECTO":"Ottoman Empire","BORDERPRECISION":1,"PARTOF":"Ottoman Empire","wikipedia":null},"geometry":{"type":"LineString","coordinates":[[25.824,45.434],[25.854,45.426]]}},{"type":"Feature","properties":{"NAME":"Ottoman Empire","ABBREVN":"Ottoman Emp.","SUBJECTO":"Ottoman Empire","BORDERPRECISION":1,"PARTOF":"Ottoman Empire","wikipedia":null},"geometry":{"type":"LineString","coordinates":[[28.007,45.315],[28.368,45.331],[30.886,47.454],[31.951,46.865],[31.781,46.702],[31.538,46.701],[31.087,46.636],[30.833,46.577],[30.52,46.251],[30.069,45.861],[29.73,45.77],[29.63,45.75],[29.5,45.523],[29.536,45.452],[29.683,45.375],[29.711,45.258],[29.579,45.058],[29.458,44.915],[29.09,44.876],[28.918,44.766],[28.686,44.488],[28.573,44.198],[28.53,43.843],[28.481,43.592],[28.446,43.476],[28.328,43.438],[28.187,43.45],[28.035,43.392],[27.887,43.064],[27.87,42.8],[27.836,42.736],[27.654,42.684],[27.502,42.516],[27.495,42.401],[27.608,42.417],[27.723,42.316],[27.738,42.247],[27.913,42.078],[27.918,41.978],[28.026,41.882],[28.018,41.753],[28.07,41.625],[28.104,41.593],[28.371,41.433],[28.74,41.325],[29.012,41.255],[29.081,41.201],[28.964,40.989],[28.828,40.915],[28.596,40.947],[28.173,41.058],[28.026,41.026],[27.932,40.958],[27.474,40.963],[27.313,40.79],[27.264,40.667],[26.889,40.525],[26.614,40.398],[26.514,40.282],[26.376,40.213],[26.255,40.082],[26.141,40.045],[26.214,40.161],[26.223,40.224],[26.195,40.303],[26.458,40.435],[26.556,40.498],[26.455,40.584],[26.418,40.578],[26.124,40.603],[26.021,40.669],[25.993,40.852],[25.301,40.896],[25.046,40.952],[25.019,41.017],[24.812,40.933],[24.701,40.878],[24.519,40.873],[24.505,40.984],[24.354,40.971],[24.219,40.83],[24.025,40.746],[23.886,40.733],[23.748,40.804],[23.635,40.773],[23.633,40.713],[23.709,40.63],[23.785,40.477],[23.924,40.451],[24.295,40.176],[24.221,40.145],[24.055,40.261],[24.048,40.308],[23.775,40.393],[23.722,40.348],[23.627,40.345],[23.659,40.287],[23.652,40.229],[23.804,40.155],[23.869,40.161],[23.92,40.055],[23.907,39.997],[23.796,39.987],[23.596,40.192],[23.442,40.256],[23.349,40.282],[23.292,40.287],[23.293,40.245],[23.259,40.229],[23.367,40.108],[23.436,40.045],[23.592,40.002],[23.639,39.96],[23.597,39.934],[23.261,39.971],[23.276,40.05],[23.215,40.182],[23.141,40.266],[22.96,40.315],[22.748,40.482],[22.864,40.535],[22.875,40.596],[22.852,40.651],[22.77,40.667],[22.701,40.577],[22.492,40.498],[22.602,40.397],[22.49,40.231],[22.467,40.118],[22.526,40.064],[22.555,39.987],[22.695,39.834],[22.754,39.818],[22.813,39.603],[23.074,39.413],[23.236,39.203],[23.158,39.14],[23.052,39.103],[23.1,39.187],[23.045,39.271],[22.981,39.329],[22.851,39.366],[22.72,39.287],[22.766,39.203],[22.835,39.166],[22.871,39.024],[22.784,38.94],[22.49,38.877],[22.602,38.856],[22.723,38.793],[22.899,38.767],[22.984,38.667],[23.1,38.672],[23.169,38.667],[23.191,38.61],[23.356,38.49],[23.494,38.483],[23.556,38.352],[23.804,38.347],[23.961,38.21],[23.967,38.152],[23.88,38.115],[23.987,37.763],[23.918,37.685],[23.836,37.685],[23.734,37.858],[23.634,37.879],[23.496,38.068],[23.419,38.068],[23.196,38.005],[22.981,37.958],[22.898,37.9],[23.04,37.858],[23.049,37.643],[23.151,37.59],[23.221,37.602],[23.322,37.637],[23.312,37.548],[23.418,37.469],[23.185,37.427],[23.186,37.375],[23.11,37.347],[22.971,37.385],[23.025,37.48],[22.942,37.518],[22.713,37.543],[22.642,37.585],[22.639,37.492],[22.726,37.289],[22.813,37.212],[22.793,37.139],[22.887,37.047],[22.983,36.615],[22.674,36.754],[22.524,36.722],[22.39,36.524],[22.191,36.855],[21.984,37.02],[21.781,36.823],[21.588,36.981],[21.531,37.115],[21.627,37.307],[21.614,37.415],[21.517,37.536],[21.296,37.727],[21.221,37.828],[21.228,37.905],[21.44,38.18],[21.714,38.135],[21.906,38.27],[21.997,38.251],[22.747,37.953],[22.899,37.998],[23.116,38.157],[22.876,38.205],[22.334,38.427],[21.826,38.464],[21.661,38.438],[21.364,38.412],[21.172,38.348],[20.772,38.851],[20.893,38.896],[21.007,38.871],[21.105,38.922],[21.16,39.005],[21.007,39.113],[20.901,39.062],[20.678,39.08],[20.212,39.405],[20.091,39.603],[20.029,39.814],[19.804,40.017],[19.369,40.26],[19.38,40.324],[19.484,40.296],[19.494,40.403],[19.339,40.589],[19.527,40.866],[19.445,40.965],[19.53,41.218],[19.417,41.345],[19.499,41.524],[19.619,41.559],[19.607,41.762],[19.458,41.798],[19.338,41.862],[19.143,41.932],[19.136,42],[18.91,42.218],[18.529,42.353],[18.249,42.527],[18.001,42.694],[17.596,42.889],[17.304,43.076]]}},{"type":"Feature","properties":{"NAME":"Ottoman Empire","ABBREVN":"Ottoman Emp.","SUBJECTO":"Ottoman Empire","BORDERPRECISION":1,"PARTOF":"Ottoman Empire","wikipedia":null},"geometry":{"type":"LineString","coordinates":[[26.919,36.716],[26.922,36.761],[27.168,36.887],[27.284,36.901],[27.341,36.885],[27.356,36.865],[27.329,36.843],[27.243,36.827],[26.981,36.747],[26.971,36.736],[26.966,36.704],[26.971,36.672],[26.946,36.679],[26.919,36.716]]}},{"type":"Feature","properties":{"NAME":"Ottoman Empire","ABBREVN":"Ottoman Emp.","SUBJECTO":"Ottoman Empire","BORDERPRECISION":1,"PARTOF":"Ottoman Empire","wikipedia":null},"geometry":{"type":"LineString","coordinates":[[26.821,37.111],[26.769,37.169],[26.778,37.188],[26.855,37.183],[26.89,37.102],[26.864,37.095],[26.821,37.111]]}},{"type":"Feature","properties":{"NAME":"Ottoman Empire","ABBREVN":"Ottoman Emp.","SUBJECTO":"Ottoman Empire","BORDERPRECISION":1,"PARTOF":"Ottoman Empire","wikipedia":null},"geometry":{"type":"LineString","coordinates":[[25.789,36.405],[25.873,36.356],[25.766,36.338],[25.713,36.35],[25.736,36.387],[25.789,36.405]]}}],"metadata":{"source":"historical-basemaps (aourednik)","sourceUrl":"https://github.com/aourednik/historical-basemaps","license":"GPL-3.0","commit":"62d8f1a03a71f2d3ff17f2d166f7553f256bce68","borderPrecision":"概略（出典が全境界を概略と宣言）"}}