{"type":"FeatureCollection","sourcePath":"data/europe_1300.geojson","sourceHash":"cb88575841","bandKm":30,"features":[{"type":"Feature","properties":{"baseIndex":0},"geometry":{"type":"MultiPolygon","coordinates":[[[[31.82449,34.97777],[31.8802,34.79577],[31.9822,34.66457],[32.10956,34.48386],[32.19563,34.44386],[32.25679,34.42169],[32.50286,34.35669],[32.62493,34.3443],[32.6898,34.34788],[32.8251,34.26777],[32.9231,34.26977],[33.07503,34.39892],[33.17912,34.41163],[33.25268,34.42808],[33.60585,34.54408],[33.78158,34.70218],[33.93405,34.71405],[34.19347,35.10964],[34.17234,35.1342],[34.24987,35.19195],[34.42507,35.28433],[34.44661,35.2968],[34.65995,35.4298],[34.34502,35.90008],[34.10412,35.82908],[34.05892,35.81244],[33.7733,35.68611],[33.45321,35.59474],[33.35135,35.57869],[33.1154,35.58902],[32.85435,35.6279],[32.61987,35.42298],[32.5864,35.42717],[32.4724,35.42417],[32.25985,35.35268],[32.16641,35.28219],[32.03066,35.29979],[31.99469,35.28479],[31.82449,34.97777]],[[32.144,35.043],[32.18,35.058],[32.234,35.014],[32.301,35.016],[32.483,35.153],[32.597,35.156],[32.745,35.114],[32.78,35.153],[32.819,35.282],[32.795,35.361],[33.077,35.319],[33.374,35.306],[33.539,35.332],[33.907,35.437],[34.217,35.574],[34.458,35.645],[34.245,35.512],[34.048,35.408],[33.78,35.208],[33.773,35.129],[33.925,34.953],[33.792,34.957],[33.733,34.909],[33.686,34.935],[33.539,34.944],[33.484,34.796],[33.131,34.68],[32.959,34.659],[32.915,34.636],[32.915,34.541],[32.817,34.539],[32.784,34.625],[32.603,34.615],[32.357,34.68],[32.271,34.72],[32.271,34.814],[32.199,34.861],[32.144,35.043]],[[32.21016,35.27652],[32.21254,35.27732],[32.25809,35.28317],[32.28916,35.28147],[32.35399,35.26663],[32.38369,35.25401],[32.21016,35.27652]],[[32.59517,34.40391],[32.6027,34.39945],[32.59938,34.40091],[32.59517,34.40391]],[[33.08989,34.41155],[33.20332,34.50798],[33.20207,34.50536],[33.15386,34.45036],[33.1084,34.41917],[33.08989,34.41155]],[[33.5626,34.68513],[33.66258,34.69292],[33.6595,34.69157],[33.59135,34.67644],[33.57822,34.67868],[33.5626,34.68513]]],[[[33.77994,34.68587],[33.91294,34.68187],[33.9338,34.71368],[33.91165,34.70429],[33.84694,34.6895],[33.77994,34.68587]]],[[[33.9338,34.71368],[33.93481,34.71411],[33.93405,34.71405],[33.9338,34.71368]]],[[[33.93481,34.71411],[33.96448,34.71642],[34.02362,34.76442],[33.97138,34.72961],[33.93481,34.71411]]]]}},{"type":"Feature","properties":{"baseIndex":1},"geometry":{"type":"MultiPolygon","coordinates":[[[[-24.83974,65.45261],[-24.76549,65.35761],[-24.49037,65.20886],[-24.01978,65.08686],[-23.62092,65.06371],[-23.63853,65.06119],[-23.827,65.01771],[-24.00017,64.95971],[-24.2136,64.82736],[-24.27567,64.74036],[-24.18693,64.50104],[-24.01805,64.40104],[-23.40814,64.29115],[-22.67057,64.34216],[-22.65266,64.32587],[-22.46425,64.23644],[-22.66685,64.17305],[-22.74445,64.14407],[-22.93912,64.05807],[-23.02333,63.72045],[-22.88763,63.62745],[-22.46388,63.50472],[-21.6387,63.44972],[-21.5685,63.44684],[-21.0995,63.43984],[-20.88873,63.45329],[-20.84212,63.46008],[-20.67731,63.44554],[-20.21976,63.27201],[-20.10304,63.23673],[-19.82843,63.17373],[-19.72286,63.15471],[-19.1304,63.07671],[-19.0153,63.0668],[-18.69628,63.0538],[-18.52562,63.05784],[-18.04044,63.10084],[-17.84466,63.13518],[-17.63103,63.19318],[-17.42641,63.2862],[-17.19466,63.45718],[-17.1591,63.46169],[-16.918,63.46169],[-16.74282,63.47316],[-16.3585,63.52416],[-16.177,63.564],[-15.5388,63.76589],[-15.31558,63.82475],[-15.13339,63.89889],[-15.07273,63.93535],[-14.89819,63.92581],[-14.45189,63.97719],[-14.22792,64.04919],[-14.03846,64.14957],[-13.80218,64.35857],[-13.74106,64.4652],[-13.7408,64.46744],[-13.53697,64.49699],[-13.3372,64.55499],[-13.08083,64.71252],[-12.93855,64.94252],[-12.9209,64.9887],[-12.88572,65.1627],[-12.88765,65.2122],[-12.94564,65.4592],[-12.981,65.52284],[-13.03649,65.58784],[-13.50085,65.75936],[-14.03197,65.81017],[-13.99107,65.89523],[-14.03833,66.05656],[-14.15773,66.16656],[-14.73116,66.326],[-14.8442,66.3282],[-15.05903,66.39084],[-15.26773,66.54828],[-15.74919,66.68662],[-16.27403,66.72162],[-17.05956,66.45095],[-17.04905,66.25852],[-17.41498,66.27829],[-17.80011,66.33374],[-18.09337,66.22265],[-18.11524,66.23681],[-18.9712,66.33411],[-19.28271,66.27132],[-19.34637,66.26395],[-19.46107,66.22811],[-20.46758,66.29252],[-20.70945,66.18252],[-20.74793,66.13531],[-20.8105,66.21492],[-20.99364,66.33024],[-21.32743,66.45424],[-21.64298,66.51965],[-21.97896,66.54772],[-22.35623,66.62972],[-23.25249,66.53094],[-23.41497,66.42094],[-23.41393,66.40478],[-23.47917,66.40426],[-24.0893,66.22863],[-24.22756,66.07563],[-24.20953,65.91491],[-24.44185,65.87632],[-24.6294,65.79632],[-24.78296,65.69037],[-24.83822,65.61737],[-24.83974,65.45261]],[[-24.219,65.534],[-24.162,65.607],[-23.98304,65.68275],[-23.973,65.687],[-23.91073,65.68607],[-23.571,65.681],[-23.267,65.725],[-23.426,65.827],[-23.57409,65.9515],[-23.57535,65.95255],[-23.58434,65.96011],[-23.5908,65.96554],[-23.608,65.98],[-23.466,66.133],[-23.39656,66.13356],[-23.341,66.134],[-23.12672,66.03932],[-22.911,65.944],[-22.609,65.923],[-22.474,65.996],[-22.56,66.113],[-22.69012,66.1908],[-22.70629,66.20046],[-22.71477,66.20553],[-22.841,66.281],[-22.81194,66.30037],[-22.676,66.391],[-22.21,66.29],[-21.779,66.254],[-21.443,66.13],[-21.242,65.882],[-21.296,65.699],[-21.495,65.568],[-21.40741,65.49138],[-21.35765,65.44786],[-21.08,65.205],[-20.831,65.366],[-20.68574,65.41899],[-20.672,65.424],[-20.62421,65.43261],[-20.389,65.475],[-20.168,65.556],[-20.141,65.651],[-20.217,66.001],[-19.973,66.111],[-19.86254,66.01085],[-19.748,65.907],[-19.68736,65.8631],[-19.556,65.768],[-19.336,65.674],[-19.239,65.667],[-19.156,65.725],[-19.275,65.929],[-19.2628,65.93721],[-19.165,66.003],[-19.12812,66.00727],[-19.044,66.017],[-18.676,66.091],[-18.58844,66.0351],[-18.40712,65.91934],[-18.369,65.895],[-18.128,65.786],[-17.884,65.757],[-17.861,65.837],[-17.98561,66.02353],[-18.022,66.078],[-17.83041,66.05045],[-17.82657,66.0499],[-17.8173,66.04856],[-17.57,66.013],[-16.922,65.978],[-16.568,66.029],[-16.376,66.132],[-16.385,66.454],[-15.86,66.419],[-15.574,66.207],[-15.071,66.061],[-14.763,66.055],[-14.641,65.945],[-14.754,65.697],[-14.4,65.567],[-13.647,65.495],[-13.59,65.43],[-13.526,65.183],[-13.557,65.009],[-13.694,64.779],[-13.893,64.721],[-14.26,64.713],[-14.348,64.67],[-14.366,64.476],[-14.598,64.267],[-14.821,64.195],[-15.077,64.209],[-15.267,64.28],[-15.62716,64.06115],[-15.63073,64.05899],[-15.634,64.057],[-15.876,63.993],[-16.534,63.784],[-16.918,63.733],[-17.244,63.733],[-17.591,63.689],[-17.944,63.425],[-18.157,63.367],[-18.642,63.324],[-18.961,63.337],[-19.553,63.415],[-19.827,63.478],[-20.404,63.698],[-20.88,63.74],[-21.079,63.711],[-21.548,63.718],[-22.373,63.773],[-22.507,63.866],[-22.311,63.952],[-21.804,64.11],[-21.80351,64.11042],[-21.77252,64.1365],[-21.488,64.376],[-21.857,64.383],[-22.086,64.44],[-22.08972,64.44345],[-22.09864,64.45173],[-22.279,64.619],[-22.392,64.662],[-22.554,64.625],[-23.508,64.559],[-23.675,64.659],[-23.611,64.746],[-23.437,64.804],[-23.136,64.847],[-22.778,64.855],[-22.45,64.906],[-21.978,64.95],[-21.809,65.037],[-21.729,65.182],[-21.794,65.298],[-21.955,65.378],[-22.146,65.385],[-22.362,65.45],[-22.814,65.471],[-23.183,65.427],[-23.374,65.354],[-23.678,65.317],[-24.147,65.439],[-24.219,65.534]],[[-23.08166,65.1199],[-22.93702,65.15411],[-22.85987,65.18342],[-22.75882,65.19545],[-22.60196,65.18817],[-22.55454,65.17396],[-22.58652,65.17098],[-22.66855,65.16076],[-22.90579,65.12383],[-23.08166,65.1199]]],[[[4.4513,60.76458],[4.48375,60.57156],[4.58024,60.47456],[4.7405,60.40579],[4.64137,60.11544],[4.82629,59.97644],[5.12373,59.92588],[5.13782,59.84644],[4.95375,59.87257],[4.66033,59.67057],[4.56903,59.449],[4.66211,59.247],[4.89034,59.07916],[4.99664,59.04416],[5.18248,59.07987],[5.2343,59.05254],[5.01601,58.92175],[5.01624,58.9243],[5.04833,58.98367],[4.98672,58.9042],[4.97475,58.89703],[4.97756,58.89239],[4.91963,58.81767],[4.92342,58.60761],[5.14195,58.34761],[5.52882,58.18751],[5.65425,58.17638],[5.90549,58.06843],[6.00991,58.03323],[6.20482,57.98423],[6.23331,57.85227],[6.39864,57.80427],[6.5892,57.83792],[7.05241,57.70531],[7.95497,57.79469],[8.03,57.79469],[8.20513,57.81122],[8.32925,57.83522],[8.57957,58.00091],[9.27441,58.33971],[9.29752,58.35179],[9.7502,58.59979],[9.79591,58.6873],[9.8096,58.69327],[10.12761,58.68719],[10.36187,58.73419],[10.58155,58.86457],[10.61066,58.85875],[10.62252,58.81809],[10.70957,58.28696],[10.91562,58.20734],[10.92199,58.17558],[11.05122,58.13649],[10.97892,58.18129],[10.97654,58.1838],[11.21573,58.09138],[11.21428,58.08862],[11.21372,58.08734],[11.27105,58.07],[11.27223,58.06954],[11.21148,58.08227],[11.11827,57.87062],[11.17948,57.66457],[11.30677,57.55557],[11.736,57.698],[11.61,57.807],[11.68155,57.96456],[11.68834,57.9795],[11.709,58.025],[11.802,58.178],[11.614,58.247],[11.431,58.202],[11.407,58.331],[11.221,58.308],[11.14,58.851],[11.10559,58.8711],[11.06412,58.89532],[11.039,58.91],[11.179,59.07],[11.112,59.165],[10.86082,59.11263],[10.829,59.106],[10.769,59.118],[10.657,59.224],[10.59637,59.31102],[10.549,59.379],[10.634,59.45],[10.57,59.581],[10.407,59.497],[10.379,59.367],[10.39876,59.32555],[10.43,59.26],[10.363,59.213],[10.21569,59.07441],[10.211,59.07],[10.172,58.987],[9.938,58.94],[9.698,58.999],[9.346,58.845],[9.372,58.786],[8.922,58.538],[8.175,58.172],[8.154,58.09],[8.03,58.066],[7.908,58.066],[7.16219,57.99213],[7.15152,57.99107],[6.959,57.972],[6.874,58.078],[6.726,58.137],[6.644,58.042],[6.479,58.09],[6.652,58.172],[6.231,58.278],[6.19813,58.29218],[6.16711,58.30556],[5.874,58.432],[5.615,58.455],[5.4,58.715],[5.472,58.80624],[5.52607,58.87475],[5.531,58.881],[5.52343,58.89385],[5.475,58.976],[5.51246,58.97304],[5.627,58.964],[5.63759,58.92545],[5.666,58.822],[5.77646,58.90312],[5.794,58.916],[6.094,58.798],[5.984,58.887],[6.041,58.952],[6.10626,58.96389],[6.15227,58.97228],[6.266,58.993],[6.14859,58.98645],[6.08396,58.98284],[6.051,58.981],[5.94,58.934],[5.822,59.017],[5.81492,59.02536],[5.81131,59.02962],[5.80171,59.04094],[5.772,59.076],[5.79109,59.08514],[5.84048,59.1088],[5.84417,59.11056],[5.89316,59.13403],[6.01113,59.19052],[6.033,59.201],[6.11481,59.23412],[6.17794,59.25968],[6.238,59.284],[6.14132,59.2707],[6.05661,59.25904],[6.02,59.254],[5.99667,59.26362],[5.9587,59.27929],[5.877,59.313],[6.076,59.42],[6.10562,59.50565],[6.113,59.527],[6.07882,59.50237],[5.816,59.313],[5.8,59.432],[5.79988,59.43208],[5.78111,59.44412],[5.72256,59.48169],[5.68,59.509],[5.68078,59.48433],[5.683,59.414],[5.68692,59.40512],[5.70976,59.3534],[5.717,59.337],[5.529,59.266],[5.344,59.266],[5.34499,59.28642],[5.3451,59.2887],[5.3454,59.29489],[5.34562,59.29941],[5.35,59.39],[5.31413,59.32683],[5.309,59.31779],[5.30645,59.3133],[5.29526,59.29358],[5.283,59.272],[5.177,59.307],[5.087,59.509],[5.21394,59.59563],[5.21314,59.60884],[5.2251,59.60324],[5.383,59.711],[5.38387,59.70627],[5.41486,59.53753],[5.419,59.515],[5.42337,59.53583],[5.449,59.658],[5.646,59.586],[5.68637,59.60385],[5.68915,59.60508],[5.741,59.628],[5.667,59.676],[5.72918,59.68318],[5.81462,59.69305],[5.92021,59.70525],[5.97,59.711],[6.185,59.824],[5.91,59.753],[5.694,59.753],[5.66331,59.76743],[5.64989,59.77374],[5.543,59.824],[5.55267,59.83052],[5.58795,59.8543],[5.632,59.884],[5.65866,59.89396],[5.67126,59.89866],[5.70047,59.90958],[5.806,59.949],[5.81443,59.96932],[5.81529,59.97137],[5.894,60.161],[5.525,60.168],[5.46598,60.15768],[5.45625,60.15598],[5.35647,60.13854],[5.33093,60.13408],[5.279,60.125],[5.096,60.264],[5.20271,60.3045],[5.262,60.327],[5.27756,60.3368],[5.551,60.509],[5.456,60.592],[5.255,60.564],[5.075,60.592],[5.05023,60.61729],[5.04137,60.62634],[4.98,60.689],[5.109,60.906],[5.387,61.026],[5.12,61.137],[5.018,61.305],[5.141,61.39],[5.101,61.699],[5.1481,61.74021],[5.149,61.741],[5.28188,61.7557],[5.592,61.79],[5.797,61.77],[5.834,61.819],[5.719,61.88],[5.528,61.933],[5.45753,61.98551],[5.426,62.009],[5.44861,62.05268],[5.47,62.094],[5.565,62.15],[5.824,62.179],[6.053,62.335],[6.308,62.286],[6.533,62.336],[6.61118,62.57737],[6.613,62.583],[6.97734,62.54327],[6.989,62.542],[7.289,62.486],[7.547,62.599],[7.102,62.705],[7.07501,62.73671],[7.06313,62.75067],[7.05723,62.75761],[7.00502,62.81896],[6.982,62.846],[7.088,62.91],[7.606,62.904],[7.64704,62.90786],[7.66273,62.90933],[7.989,62.94],[8.231,62.841],[8.258,63.054],[8.34904,63.1059],[8.40067,63.13534],[8.472,63.176],[8.606,63.325],[8.957,63.404],[9.154,63.319],[9.216,63.284],[9.441,63.498],[9.49243,63.52247],[9.52076,63.53594],[9.832,63.684],[9.87,63.876],[10.066,64.056],[10.74,64.386],[10.8762,64.46447],[10.89042,64.47266],[10.891,64.473],[10.997,64.494],[11.214,64.416],[11.364,64.416],[11.508,64.517],[11.407,64.617],[11.45824,64.66417],[11.47,64.675],[11.47157,64.67572],[11.69,64.776],[11.896,64.913],[12.112,65.13],[12.222,65.101],[12.526,65.109],[12.5004,65.34369],[12.50001,65.34727],[12.496,65.384],[12.284,65.435],[12.479,65.617],[12.709,65.909],[13.087,65.88],[13.109,66.034],[13.152,66.136],[13.581,66.188],[13.403,66.349],[13.255,66.393],[13.22427,66.41623],[13.21101,66.42625],[13.169,66.458],[13.242,66.569],[13.3162,66.62689],[13.32724,66.6355],[13.383,66.679],[13.592,66.657],[13.992,66.687],[13.7488,66.92027],[13.74784,66.9212],[13.747,66.922],[13.82796,66.94875],[13.8359,66.95137],[13.859,66.959],[14.055,66.975],[14.23731,67.04265],[14.24245,67.04456],[14.373,67.093],[14.639,67.123],[14.778,67.217],[14.616,67.245],[14.569,67.329],[14.699,67.374],[14.976,67.523],[15.227,67.509],[15.385,67.464],[15.58,67.583],[15.746,67.597],[15.762,67.676],[15.73401,67.69736],[15.72446,67.70465],[15.572,67.821],[15.854,67.925],[15.91788,68.04502],[15.92,68.049],[15.93083,68.04871],[16.071,68.045],[16.233,67.911],[16.412,67.874],[16.649,68.046],[16.61096,68.13437],[16.60818,68.14083],[16.60736,68.14272],[16.58515,68.1943],[16.522,68.341],[16.719,68.311],[17.033,68.338],[17.126,68.416],[16.855,68.558],[16.88466,68.57419],[16.89149,68.57792],[17.04,68.659],[17.407,68.772],[17.449,68.887],[17.566,68.974],[17.895,69.035],[17.928,69.005],[18.052,69.028],[18.097,69.058],[18.19348,69.18881],[17.67661,69.25869],[17.75005,69.26861],[17.92817,69.27631],[18.10629,69.26858],[18.23906,69.25062],[18.319,69.359],[18.553,69.247],[18.9001,69.30164],[18.90557,69.3025],[18.985,69.315],[19.289,69.211],[19.58,69.181],[19.821,69.37],[19.37855,69.44082],[19.43384,69.44722],[19.61355,69.45205],[19.63776,69.45062],[19.6698,69.44572],[19.81659,69.40612],[19.69787,69.44707],[19.79137,69.44156],[19.68078,69.45297],[19.51512,69.51012],[18.67486,69.56288],[18.24383,69.49488],[18.40708,69.51327],[18.57772,69.51817],[18.7471,69.50933],[18.75638,69.50804],[17.57943,69.42771],[17.46115,69.25966],[17.2208,69.21496],[16.88977,69.09209],[16.77543,69.00509],[16.70726,68.92248],[16.70311,68.90996],[16.56098,68.8659],[16.42424,68.80972],[16.24201,68.70872],[16.2502,68.43016],[15.80099,68.29816],[15.81212,68.27404],[15.213,68.10208],[15.1914,68.05904],[15.07256,68.01486],[14.96481,67.77293],[14.40204,67.6805],[14.17288,67.55562],[14.10158,67.53077],[13.90157,67.29088],[13.89587,67.2896],[13.72295,67.22497],[13.71837,67.22459],[13.41507,67.16639],[13.30374,67.12939],[13.14081,66.86693],[12.77622,66.80199],[12.63791,66.69199],[12.58642,66.63779],[12.51634,66.52679],[12.57264,66.33111],[12.66018,66.26611],[12.66937,66.26179],[12.49539,66.1817],[12.45684,66.0843],[12.0808,65.99247],[11.86703,65.71246],[11.6915,65.54507],[11.85454,65.33526],[11.86181,65.28078],[11.52127,65.23513],[11.32992,65.03855],[11.18732,64.94244],[11.00865,64.85977],[10.89875,64.78942],[10.84021,64.73447],[10.7355,64.74049],[10.6297,64.71949],[10.3905,64.63567],[10.25572,64.55719],[9.60545,64.23618],[9.51022,64.17299],[9.31778,63.99299],[9.26028,63.89963],[9.24265,63.79965],[8.99985,63.6833],[8.92019,63.63053],[8.68692,63.64647],[8.33666,63.56747],[8.04955,63.4268],[7.94963,63.31326],[7.79207,63.2226],[7.77017,63.19639],[7.55337,63.17601],[7.10305,63.18122],[6.61572,63.07349],[6.51075,63.00949],[6.43184,62.74792],[6.03419,62.62318],[6.01161,62.54906],[5.57377,62.48807],[5.47287,62.41858],[5.43048,62.41383],[5.11305,62.31861],[5.01888,62.26261],[4.91042,62.15797],[4.86798,62.07297],[4.90581,61.96384],[4.64846,61.87018],[4.60114,61.82818],[4.53365,61.6823],[4.56562,61.46578],[4.55686,61.45967],[4.47927,61.22888],[4.58414,61.06088],[4.63222,61.02463],[4.5767,60.98158],[4.4513,60.76458]],[[5.08533,59.7245],[5.15506,59.74921],[5.15658,59.74066],[5.08533,59.7245]],[[5.29099,59.77116],[5.29884,59.77894],[5.33474,59.78108],[5.29099,59.77116]],[[5.3638,59.81436],[5.39351,59.82485],[5.47922,59.84241],[5.45545,59.80846],[5.43614,59.80409],[5.3638,59.81436]],[[6.14368,58.19982],[6.15342,58.22236],[6.18837,58.06043],[6.17903,58.06928],[6.14619,58.13339],[6.14368,58.19982]],[[6.75826,57.86777],[7.00392,57.91114],[6.91345,57.88464],[6.7873,57.86765],[6.75826,57.86777]],[[9.82108,58.7355],[9.85937,58.8088],[9.85519,58.78778],[9.82176,58.73554],[9.82108,58.7355]],[[11.36384,58.04193],[11.57887,57.9769],[11.5701,57.97669],[11.43976,57.99188],[11.42615,57.99561],[11.41362,58.00163],[11.36384,58.04193]],[[11.87599,65.30766],[11.88085,65.3014],[11.87713,65.30489],[11.87599,65.30766]],[[12.11778,65.31509],[12.17487,65.33588],[12.32371,65.36642],[12.33453,65.36731],[12.4304,65.35699],[12.11778,65.31509]],[[16.41937,68.47987],[16.42257,68.48391],[16.45003,68.50133],[16.56672,68.54677],[16.70839,68.58102],[16.71486,68.58188],[16.76168,68.58046],[16.41937,68.47987]]],[[[11.05122,58.13649],[11.05984,58.13115],[11.16124,58.0928],[11.21148,58.08227],[11.21372,58.08734],[11.05122,58.13649]]]]}},{"type":"Feature","properties":{"baseIndex":2},"geometry":{"type":"MultiPolygon","coordinates":[[[[-9.88453,38.70975],[-9.85713,38.62475],[-9.59137,38.43427],[-9.57516,38.36741],[-9.19771,38.18137],[-9.25514,38.05273],[-9.19168,37.8751],[-9.18293,37.56232],[-9.33997,37.14938],[-9.34393,37.00186],[-9.31758,36.92186],[-8.83852,36.74798],[-8.63647,36.8296],[-8.541,36.81769],[-8.34577,36.81769],[-8.16135,36.75775],[-7.98541,36.74052],[-7.7874,36.76352],[-7.6415,36.81024],[-7.42897,36.92957],[-7.33854,36.9662],[-7.492,37.208],[-7.603,37.163],[-7.836,37.032],[-8.034,37.009],[-8.28,37.089],[-8.541,37.089],[-8.667,37.121],[-8.991,36.99],[-9.017,37.07],[-8.842,37.525],[-8.851,37.91],[-8.933,37.962],[-8.823,38.206],[-8.82552,38.22479],[-8.82631,38.23072],[-8.847,38.385],[-8.789,38.436],[-8.854,38.5],[-9.13247,38.43965],[-9.15722,38.43429],[-9.237,38.417],[-9.2377,38.41996],[-9.285,38.619],[-9.069,38.643],[-9.05889,38.65088],[-8.942,38.742],[-8.961,38.818],[-9.041,38.92],[-9.176,38.732],[-9.25143,38.70726],[-9.2714,38.70071],[-9.27443,38.69972],[-9.28178,38.69731],[-9.28288,38.69695],[-9.362,38.671],[-9.51478,38.68914],[-9.522,38.69],[-9.549,38.775],[-9.46,38.953],[-9.398,39.23],[-9.415,39.367],[-9.299,39.418],[-9.118,39.644],[-8.916,40.138],[-8.97,40.19],[-8.694,40.992],[-8.852,41.408],[-8.855,41.597],[-8.921,41.767],[-8.806,41.889],[-9.10223,42.04494],[-9.21667,41.92294],[-9.26803,41.69144],[-9.21452,41.55551],[-9.21129,41.40477],[-9.19749,41.33345],[-9.06424,40.98743],[-9.31132,40.2586],[-9.28107,40.14814],[-9.43885,39.75758],[-9.54852,39.61992],[-9.58737,39.60282],[-9.76199,39.34107],[-9.74888,39.23943],[-9.79568,39.02571],[-9.87113,38.87343],[-9.88453,38.70975]],[[-9.18436,37.85462],[-9.17536,37.82942],[-9.183,37.84623],[-9.18436,37.85462]]]]}},{"type":"Feature","properties":{"baseIndex":3},"geometry":{"type":"MultiPolygon","coordinates":[[[[-25.7993,70.296],[-25.76308,69.319],[-24.3582,69.20162],[-24.46935,69.16695],[-24.64576,69.13571],[-24.83884,69.12147],[-25.03577,69.12518],[-25.2235,69.14659],[-24.90972,69.09459],[-24.64418,69.06953],[-24.39316,69.06253],[-23.87365,69.11627],[-22.9796,69.35127],[-22.94998,69.35952],[-22.23316,69.56552],[-22.09311,69.61856],[-21.51045,69.90056],[-21.9704,70.31955],[-22.24619,70.34255],[-22.3776,70.34962],[-22.95257,70.36362],[-23.01417,70.36431],[-23.3077,70.36365],[-23.32498,70.36845],[-23.74283,70.46645],[-23.8598,70.48917],[-24.24881,70.55017],[-24.63065,70.57487],[-25.04563,70.56687],[-25.7993,70.296]],[[-25,69.319],[-25,70.296],[-24.585,70.304],[-24.195,70.243],[-23.775,70.145],[-23.587,70.084],[-23.459,70.092],[-23.009,70.093],[-22.434,70.079],[-22.158,70.056],[-22.732,69.774],[-23.444,69.568],[-24.333,69.333],[-24.584,69.34],[-24.897,69.392],[-25,69.319]]],[[[-25.8721,72],[-25.84791,71.468],[-25.63253,71.28732],[-25.58008,71.26885],[-25.12148,71.0516],[-25.0195,70.97443],[-24.84019,70.71709],[-24.76782,70.64993],[-24.47518,70.46593],[-24.14277,70.3519],[-23.47043,70.2299],[-23.00197,70.1981],[-22.57222,70.21279],[-22.4236,70.21315],[-22.12936,70.15382],[-21.15665,70.19072],[-20.98817,70.24472],[-20.77105,70.36783],[-20.69152,70.45983],[-20.66377,70.54782],[-20.75671,71.22682],[-20.77506,71.26964],[-20.90084,71.46364],[-21.00627,71.54721],[-21.18081,71.63921],[-21.72682,71.64111],[-21.80096,71.79069],[-21.8564,71.85051],[-22.02012,71.97551],[-22.2127,72.06404],[-22.63748,72.19404],[-23.247,72.27131],[-25,72.27131],[-25.8721,72]],[[-25,71.468],[-25,72],[-23.247,72],[-22.818,71.87],[-22.649,71.745],[-22.59458,71.64414],[-22.59197,71.6393],[-22.5906,71.63678],[-22.57453,71.60699],[-22.431,71.341],[-22.03,71.435],[-21.904,71.497],[-21.726,71.405],[-21.592,71.211],[-21.471,70.532],[-21.547,70.44],[-21.714,70.386],[-22.203,70.485],[-22.616,70.484],[-23.084,70.468],[-23.754,70.59],[-24.04,70.774],[-24.227,71.059],[-24.386,71.183],[-24.913,71.437],[-25,71.468]]]]}},{"type":"Feature","properties":{"baseIndex":4},"geometry":{"type":"MultiPolygon","coordinates":[[[[7.81513,40.71498],[7.85876,40.59298],[7.93358,40.48526],[8.09724,40.34238],[8.13713,40.17587],[8.15533,39.95167],[8.1188,39.68199],[8.03325,39.36416],[8.04493,39.2191],[8.08838,39.1231],[8.15544,39.03316],[8.32098,38.88716],[8.36676,38.85315],[8.48097,38.78315],[8.62894,38.72981],[8.75295,38.71081],[9.05087,38.77461],[9.16213,38.85161],[9.2431,38.93906],[9.29431,38.91418],[9.79962,39.0394],[9.97006,39.3524],[9.99248,39.41327],[10.04365,39.64927],[10.04541,39.72733],[9.98835,40.08142],[10.02901,40.2155],[10.09859,40.3117],[10.14185,40.43186],[10.1485,40.55386],[10.11704,40.67611],[9.91569,41.01511],[9.8742,41.06784],[9.59041,41.34884],[9.19211,41.38258],[9.173,41.35],[9.03948,41.36893],[8.70462,41.15789],[8.65492,41.13267],[8.23382,41.12626],[7.97438,41.03498],[7.89266,40.96498],[7.81513,40.71498]],[[8.159,40.785],[8.241,40.855],[8.766,40.863],[8.918,40.94],[9.306,41.184],[9.591,40.903],[9.794,40.564],[9.788,40.442],[9.696,40.314],[9.631,40.096],[9.698,39.693],[9.648,39.457],[9.479,39.144],[9.296,39.233],[9.063,39.22],[8.999,39.175],[8.931,39.054],[8.82,38.977],[8.696,38.996],[8.582,39.066],[8.417,39.212],[8.374,39.308],[8.465,39.64],[8.508,39.946],[8.488,40.209],[8.428,40.465],[8.202,40.663],[8.159,40.785]]]]}},{"type":"Feature","properties":{"baseIndex":5},"geometry":{"type":"MultiPolygon","coordinates":[[[[19.04403,54.36967],[19.289,54.342],[19.376,54.342],[19.258,53.935],[19.328,54.161],[19.457,54.217],[19.6961,54.29757],[19.733,54.31],[19.81257,54.34699],[19.82384,54.35223],[19.94789,54.40991],[20.189,54.522],[20.327,54.564],[20.194,54.575],[20.006,54.547],[19.938,54.608],[19.882,54.525],[19.86827,54.52668],[19.833,54.531],[19.85794,54.71474],[19.863,54.752],[19.943,54.85],[20.985,54.812],[21.137,54.845],[21.192,54.96],[21.113,55.089],[21.224,55.111],[21.143,55.256],[21.201,55.261],[21.216,55.344],[21.09336,55.52363],[21.09178,55.52594],[21.018,55.634],[20.996,56.024],[20.916,56.097],[20.965,56.609],[21.022,56.684],[21.324,56.854],[21.34,57.177],[21.46,57.25],[21.677,57.464],[21.81,57.475],[22.285,57.565],[22.433,57.616],[22.564,57.616],[22.585,57.509],[22.881,57.334],[23.071,57.261],[23.175,57.048],[23.215,56.981],[23.414,56.892],[23.768,56.866],[24.158,56.975],[24.266,57.03],[24.346,57.16],[24.323,57.337],[24.236,57.728],[24.416,57.948],[24.41595,57.95175],[24.41482,58.04088],[24.414,58.106],[24.497,58.213],[24.331,58.308],[24.058,58.112],[24.00009,58.15524],[23.93905,58.20082],[23.908,58.224],[23.671,58.241],[23.67787,58.39433],[23.669,58.39391],[23.53711,58.40576],[23.4434,58.42821],[23.67817,58.40097],[23.69,58.665],[23.512,58.581],[23.361,58.767],[23.432,58.858],[23.338,58.972],[23.457,59.005],[23.416,59.119],[23.949,59.168],[23.94891,59.16827],[23.948,59.169],[23.94863,59.16905],[23.85623,59.43506],[23.32336,59.38606],[22.89969,59.06967],[22.9336,58.97915],[22.85695,58.86573],[22.87955,58.83878],[22.88217,58.6615],[23.03572,58.4755],[23.16556,58.46044],[23.15913,58.24736],[23.60188,57.97217],[23.62056,57.97083],[23.64132,57.95547],[23.86832,57.95438],[23.77326,57.83634],[23.73484,57.69582],[23.82614,57.30923],[23.8428,57.1931],[23.84152,57.19099],[23.68117,57.1461],[23.63885,57.1492],[23.55271,57.33046],[23.35979,57.4821],[23.21351,57.53848],[23.06794,57.62506],[23.0644,57.6444],[22.564,57.88731],[22.433,57.88731],[22.16088,57.84421],[22.0634,57.81053],[21.68824,57.73939],[21.60083,57.73216],[21.23739,57.5942],[21.04999,57.40719],[20.96864,57.35739],[20.843,57.18431],[20.83511,56.96645],[20.67044,56.87326],[20.56928,56.7886],[20.51318,56.7136],[20.47601,56.62337],[20.43353,56.11137],[20.50388,55.9554],[20.51908,55.94166],[20.54082,55.62541],[20.57273,55.53612],[20.73326,55.30481],[20.73055,55.28876],[20.73542,55.30171],[20.77285,55.24777],[20.69249,55.17356],[20.73849,55.09284],[19.97258,55.12077],[19.51945,54.96552],[19.44047,54.86752],[19.39747,54.77325],[19.36999,54.55225],[19.41636,54.51604],[19.22668,54.45201],[19.18238,54.43489],[19.05375,54.37889],[19.04403,54.36967]],[[19.361,54.29],[19.37,54.321],[19.56839,54.3973],[19.60338,54.41076],[19.61329,54.41457],[19.734,54.461],[19.758,54.459],[19.6314,54.40511],[19.61776,54.3993],[19.58415,54.38499],[19.361,54.29]],[[20.74572,55.32911],[20.75241,55.34691],[20.79583,55.40093],[20.85872,55.44822],[20.93807,55.48652],[21.03006,55.51397],[21.06728,55.51965],[20.77314,55.24803],[20.74628,55.30794],[20.74572,55.32911]],[[20.75397,55.10089],[20.76287,55.16666],[20.80272,55.23249],[20.8704,55.2903],[20.94377,55.32736],[20.75397,55.10089]],[[22.93492,59.02374],[22.96042,59.09063],[23.01728,59.15211],[23.07419,59.18721],[22.93895,58.98707],[22.93492,59.02374]]],[[[19.11533,54.54738],[19.34638,54.342],[19.376,54.342],[19.36993,54.32106],[19.37,54.321],[19.734,54.461],[19.758,54.459],[19.361,54.29],[19.45362,54.21553],[19.457,54.217],[19.733,54.31],[19.95728,54.41427],[19.89922,54.55053],[19.882,54.525],[19.833,54.531],[19.85101,54.66368],[19.82379,54.72757],[19.7998,54.72957],[19.47846,54.68738],[19.11533,54.54738]]]]}},{"type":"Feature","properties":{"baseIndex":6},"geometry":{"type":"MultiPolygon","coordinates":[[[[-2.15622,43.60214],[-2.143,43.331],[-2.066,43.333],[-1.915,43.305],[-1.82354,43.56791],[-1.9745,43.59591],[-2.07922,43.60414],[-2.15622,43.60214]]]]}},{"type":"Feature","properties":{"baseIndex":7},"geometry":{"type":"MultiPolygon","coordinates":[[[[-7.12667,34.17474],[-6.878,33.72869],[-1.669,33.72869],[-1.669,34],[-6.878,34],[-6.753,34.123],[-6.511,34.454],[-6.302,34.861],[-5.929,35.728],[-5.808,35.785],[-5.565,35.862],[-5.479,35.805],[-5.172,35.424],[-5.11,35.379],[-4.593,35.151],[-4.295,35.152],[-4.028,35.133],[-3.441,35.166],[-3.206,35.269],[-3.009,35.39],[-2.83,35.142],[-2.715,35.098],[-2.356,35.054],[-2.193,35.054],[-2.193,35.32531],[-2.33165,35.32531],[-2.60266,35.35853],[-2.7242,35.52775],[-3.20783,35.60675],[-3.38362,35.49862],[-3.53382,35.43273],[-4.02502,35.40511],[-4.26642,35.42229],[-4.29635,35.42331],[-4.51084,35.42259],[-4.9196,35.60301],[-4.91984,35.60318],[-5.20104,35.95367],[-5.26868,36.01505],[-5.35453,36.07205],[-5.41622,36.07999],[-5.424,36.072],[-5.42727,36.08141],[-5.48566,36.08892],[-5.485,36.065],[-5.661,36.008],[-5.83585,36.06721],[-5.92892,36.0377],[-5.97478,36.01964],[-6.09566,35.96264],[-6.24222,35.81789],[-6.60851,34.95881],[-6.80284,34.57766],[-7.01814,34.28185],[-7.12667,34.17474]]]]}},{"type":"Feature","properties":{"baseIndex":8},"geometry":{"type":"MultiPolygon","coordinates":[[[[37.559,33.72869],[40.42,33.72869],[40.42,34],[37.559,34],[37.559,33.72869]]]]}},{"type":"Feature","properties":{"baseIndex":9},"geometry":{"type":"MultiPolygon","coordinates":[[[[50.62036,71.82146],[50.68085,71.63446],[50.76776,71.53684],[51.05587,71.35884],[51.68565,71.21186],[51.99175,71.19686],[52.56596,71.23406],[52.78448,71.27664],[52.79505,71.27547],[53.23845,71.14936],[53.18959,71.13612],[52.89062,70.91931],[52.9113,70.75731],[53.38696,70.51854],[53.69075,70.47254],[54.19629,70.45663],[54.26211,70.40982],[55.32154,70.27338],[55.59016,70.31238],[55.8566,70.37538],[56.08912,70.45674],[56.09448,70.45707],[57.15473,70.42111],[58.05255,70.68185],[58.07073,70.80885],[57.83858,71.0073],[57.34622,71.17434],[57.07912,71.28165],[56.92164,71.37993],[56.55891,71.70447],[56.43135,72.03609],[55.567,72.27131],[51.613,72.27131],[50.85765,72.13561],[50.83025,72.12061],[50.73548,72.04541],[50.63881,71.90541],[50.62036,71.82146]],[[51.482,71.845],[51.585,71.985],[51.613,72],[55.567,72],[55.721,71.642],[56.151,71.271],[56.379,71.132],[56.727,70.994],[57.251,70.818],[57.238,70.691],[56.059,70.731],[55.679,70.707],[55.266,70.561],[54.998,70.522],[54.694,70.744],[54.522,70.759],[54.032,70.719],[53.729,70.765],[53.715,70.927],[53.88515,70.97277],[53.89014,70.97411],[54.321,71.09],[54.353,71.198],[54.308,71.206],[53.234,71.514],[52.55,71.59],[52.402,71.52],[52.121,71.465],[51.815,71.48],[51.534,71.658],[51.482,71.845]]]]}},{"type":"Feature","properties":{"baseIndex":10},"geometry":{"type":"MultiPolygon","coordinates":[[[[17.02317,54.69096],[17.18796,54.59146],[17.575,54.669],[17.55943,54.40969],[17.55959,54.40969],[17.576,54.681],[17.489,54.681],[17.502,54.885],[18.459,54.885],[18.445,54.681],[18.687,54.41],[19.289,54.342],[19.376,54.342],[19.258,53.935],[19.328,54.161],[19.457,54.217],[19.733,54.31],[19.7806,54.33213],[19.6588,54.41677],[19.361,54.29],[19.37,54.321],[19.64463,54.42663],[19.376,54.61331],[19.33309,54.61331],[18.99514,54.6515],[18.91643,54.74065],[18.92714,54.87427],[18.459,55.15631],[17.502,55.15631],[17.03381,54.89496],[17.02317,54.69096]]]]}},{"type":"Feature","properties":{"baseIndex":12},"geometry":{"type":"MultiPolygon","coordinates":[[[[27.887,43.064],[28.23742,42.97926],[28.326,43.1731],[28.47851,43.19],[28.5966,43.228],[28.8088,43.41802],[28.8445,43.53402],[28.84944,43.55409],[28.89999,43.80509],[28.90224,43.81946],[28.94409,44.14789],[29.03554,44.37891],[29.21372,44.59099],[29.25853,44.61957],[29.51431,44.64667],[29.78455,44.77567],[29.90636,44.91867],[29.92488,44.94352],[30.0581,45.14352],[29.711,45.258],[29.579,45.058],[29.458,44.915],[29.09,44.876],[28.918,44.766],[28.686,44.488],[28.573,44.198],[28.53,43.843],[28.481,43.592],[28.446,43.476],[28.328,43.438],[28.187,43.45],[28.035,43.392],[27.887,43.064]]]]}},{"type":"Feature","properties":{"baseIndex":13},"geometry":{"type":"MultiPolygon","coordinates":[[[[34.293,65.396],[34.332,65.346],[34.426,65.107],[34.773,64.682],[34.815,64.46],[34.885,64.367],[35.082,64.288],[35.623,64.254],[36.015,64.197],[36.24,63.919],[36.421,63.876],[36.988,63.841],[37.411,63.749],[37.591,63.807],[37.945,63.85],[38.054,63.986],[38.054,64.129],[37.88,64.308],[37.668,64.343],[37.463,64.3],[37.262,64.314],[36.997,64.407],[36.569,64.765],[36.884,65.068],[37.102,65.068],[37.604,64.853],[38.253,64.703],[39.193,64.511],[39.622,64.476],[39.997,64.541],[40.322,64.463],[40.44,64.564],[40.4592,64.72634],[40.4608,64.73983],[40.462,64.75],[40.366,64.858],[39.979,65.153],[39.823,65.436],[39.951,65.581],[40.681,65.794],[41.354,65.955],[41.623,66.065],[42.133,66.388],[42.211,66.41],[43.241,66.251],[43.47886,66.1611],[43.57528,66.20879],[43.70969,66.24876],[43.86417,66.27379],[43.95263,66.27836],[44.04027,66.27385],[44.12015,66.26095],[44.122,66.267],[44.13428,66.28317],[43.69777,66.44927],[43.48116,66.50424],[42.45269,66.66324],[41.82317,66.6318],[41.74551,66.6098],[41.5654,66.53368],[41.10084,66.23524],[40.94588,66.17139],[40.34899,66.02815],[40.30096,66.01536],[39.57407,65.80236],[39.33882,65.67424],[39.21421,65.52924],[39.19128,65.37509],[39.35402,65.09209],[39.41806,65.02147],[39.73047,64.78706],[39.55869,64.75724],[39.38786,64.77118],[38.53815,64.94509],[37.98838,65.07249],[37.55673,65.25871],[37.102,65.33931],[36.884,65.33931],[36.29899,65.17742],[35.99057,64.87442],[36.00658,64.64115],[36.25846,64.43402],[36.21135,64.45431],[35.81976,64.51131],[35.71189,64.52251],[35.42832,64.54034],[35.40112,64.70397],[35.36847,64.77081],[35.05012,65.17169],[34.96945,65.39012],[34.94641,65.42987],[34.90858,65.47987],[34.293,65.396]],[[36.69589,64.1642],[36.80458,64.12625],[36.72179,64.13136],[36.69589,64.1642]]],[[[43.6576,66.09355],[43.876,66.011],[44.029,66.011],[44.053,66.041],[43.6576,66.09355]]],[[[26.71058,63.21914],[28.12423,62.10582],[29.11749,60.1529],[28.66581,60.08333],[28.52683,60.00033],[28.44909,59.93858],[28.44542,59.93451],[28.06079,59.92321],[28.04289,59.91387],[27.97866,59.9299],[27.82672,59.9129],[27.41902,59.70116],[27.37579,59.58716],[27.45992,59.50448],[27.42907,59.47507],[27.46351,59.50096],[27.48449,59.48034],[27.49664,59.51343],[27.702,59.298],[27.894,59.346],[28.013,59.458],[27.973,59.517],[27.897,59.534],[27.942,59.648],[28.094,59.665],[28.163,59.591],[28.266,59.562],[28.351,59.602],[28.309,59.664],[28.444,59.734],[28.663,59.644],[28.796,59.672],[28.936,59.825],[28.99063,59.85739],[28.99137,59.85783],[29.076,59.908],[29.414,59.86],[29.50845,59.82663],[29.51752,59.82343],[29.53035,59.8189],[29.59275,59.79685],[29.765,59.736],[29.963,59.737],[30.127,59.806],[29.953,59.986],[29.9454,59.99014],[29.91684,60.00571],[29.91251,60.00807],[29.87791,60.02693],[29.687,60.131],[28.666,62.209],[27.232,63.354],[26.71058,63.21914]],[[27.82234,59.61716],[27.82296,59.63739],[27.85277,59.69788],[27.86202,59.707],[27.82234,59.61716]],[[28.40338,59.82393],[28.47394,59.80948],[28.50327,59.799],[28.40338,59.82393]]],[[[27.47068,59.42869],[27.51155,59.36969],[27.49885,59.39769],[27.47068,59.42869]]],[[[27.48447,59.48026],[27.4868,59.42426],[27.49885,59.39769],[27.51666,59.37809],[27.58193,59.33337],[27.64958,59.3028],[27.66677,59.30122],[27.48449,59.48034],[27.48447,59.48026]]],[[[27.70015,59.28182],[27.70017,59.28182],[27.7006,59.28566],[27.70059,59.28566],[27.70015,59.28182]]]]}},{"type":"Feature","properties":{"baseIndex":14},"geometry":{"type":"MultiPolygon","coordinates":[[[[21.34821,49.85569],[21.34821,49.85568],[21.76828,49.74372],[21.766,49.871],[21.768,49.744],[21.34821,49.85569]]]]}},{"type":"Feature","properties":{"baseIndex":15},"geometry":{"type":"MultiPolygon","coordinates":[[[[43.06421,67.37394],[43.08123,67.14392],[43.21789,67.04092],[43.53099,66.91965],[43.64822,66.89724],[43.67928,66.85863],[43.70114,66.64551],[43.48128,66.34581],[43.45745,66.30024],[43.42436,66.1817],[43.75712,66.05593],[44.053,66.041],[44.122,66.267],[44.384,66.612],[44.362,66.906],[44.219,67.09],[43.838,67.163],[43.704,67.266],[44.216,67.718],[44.261,67.83],[44.169,68.097],[43.822,68.327],[43.853,68.469],[44.012,68.492],[44.668,68.389],[45.58,68.443],[45.863,68.383],[46.162,68.108],[46.439,67.908],[46.634,67.701],[45.463,67.639],[45.093,67.542],[44.871,67.312],[44.957,67.231],[45.386,67.099],[45.715,66.85],[46.077,66.762],[46.402,66.719],[46.973,66.778],[47.571,66.816],[47.706,66.89],[47.953,67.377],[48.081,67.562],[48.635,67.652],[49.186,67.839],[49.63,67.936],[50.496,68.153],[51.139,68.266],[51.831,68.409],[52.21935,68.53658],[52.23503,68.54172],[52.245,68.545],[52.337,68.336],[52.463,68.299],[52.72,68.351],[52.939,68.471],[52.94318,68.48412],[52.97463,68.58268],[53.006,68.681],[53.179,68.756],[53.502,68.816],[53.889,68.787],[53.808,68.607],[53.7845,68.3639],[53.78259,68.34407],[53.7824,68.34216],[53.782,68.338],[53.57042,68.31717],[53.396,68.3],[53.316,68.233],[53.317,68.136],[53.626,68.048],[53.77913,68.07095],[54.04494,68.11079],[54.38,68.161],[54.576,68.161],[54.648,68.072],[54.752,68.05],[54.877,68.11],[54.996,68.207],[55.0542,68.29385],[55.05456,68.29439],[55.05625,68.29691],[55.05725,68.29841],[55.126,68.401],[55.335,68.483],[55.723,68.536],[56.195,68.567],[56.54,68.553],[57.024,68.449],[57.364,68.457],[57.526,68.495],[57.959,68.705],[58.409,68.833],[58.77,68.856],[59.199,68.774],[59.34489,68.70056],[59.346,68.7],[59.18672,68.58615],[59.062,68.497],[59.10702,68.41627],[59.10767,68.41511],[59.12,68.393],[59.218,68.349],[59.502,68.289],[59.762,68.297],[59.892,68.402],[59.91196,68.51026],[59.925,68.581],[60,68.6],[60,59.103],[60.52482,59.103],[60.73859,68.6],[59.97113,68.74751],[59.94796,68.85859],[59.80296,68.93259],[59.54702,69.01383],[59.11931,69.09583],[58.64012,69.12318],[58.27925,69.10018],[57.94798,69.04636],[57.50063,68.91836],[57.36602,68.86811],[57.11309,68.74386],[56.91279,68.78705],[56.62132,68.82265],[56.27638,68.83665],[56.06462,68.83404],[55.5928,68.80304],[55.46569,68.79021],[55.0783,68.73721],[54.79871,68.66846],[54.59165,68.58646],[54.54043,68.55153],[54.5437,68.57681],[54.62404,68.74323],[54.04013,69.05267],[53.65333,69.08167],[53.16141,69.05737],[52.83933,68.99737],[52.60872,68.93016],[52.43763,68.85516],[52.26972,68.71241],[52.26074,68.68104],[51.75351,68.74713],[51.40316,68.63121],[50.80635,68.50748],[50.18613,68.39822],[50.09282,68.37838],[49.25107,68.16653],[48.82738,68.07365],[48.70921,68.04105],[48.25015,67.88418],[47.80404,67.81157],[47.39851,67.63153],[47.2758,67.44653],[47.26563,67.42946],[47.08871,67.06012],[46.86417,67.04585],[46.79993,67.04047],[46.42586,67.00179],[46.36756,67.00951],[46.23757,67.04122],[46.00123,67.22356],[45.81626,67.3116],[45.66563,67.3582],[45.67282,67.36545],[45.72457,67.37896],[46.73203,67.43229],[47.30313,67.79196],[47.11408,67.99896],[47.07509,68.03291],[46.82134,68.21985],[46.5415,68.48441],[46.22824,68.61807],[45.94621,68.67807],[45.46344,68.71086],[44.76023,68.66921],[44.30082,68.74149],[43.74234,68.7444],[43.58362,68.7214],[43.12106,68.49074],[43.09462,68.34874],[43.18531,68.19444],[43.47324,68.00703],[43.53974,67.82985],[43.5253,67.79101],[43.06421,67.37394]]]]}},{"type":"Feature","properties":{"baseIndex":16},"geometry":{"type":"MultiPolygon","coordinates":[[[[16.54608,43.12753],[16.75407,43.08796],[16.75848,43.08267],[16.83109,43.01906],[17.35342,42.68506],[17.39422,42.66216],[17.77646,42.47841],[18.00215,42.32683],[18.01346,42.31947],[18.29411,42.14547],[18.37148,42.10831],[18.67568,42.00061],[18.84854,41.8346],[18.81339,41.87664],[18.98564,41.68762],[19.15383,41.6273],[19.2476,41.57738],[19.34658,41.5399],[19.49037,41.50517],[19.499,41.524],[19.50508,41.52577],[19.607,41.762],[19.458,41.798],[19.338,41.862],[19.143,41.932],[19.136,42],[18.91,42.218],[18.529,42.353],[18.249,42.527],[18.001,42.694],[17.596,42.889],[17.075,43.223],[16.992,43.323],[16.64,43.39],[16.54608,43.12753]]]]}},{"type":"Feature","properties":{"baseIndex":17},"geometry":{"type":"MultiPolygon","coordinates":[[[[12.176,45.214],[12.35233,45.20771],[12.34284,45.20938],[12.25641,45.24289],[12.20532,45.27713],[12.18,45.27],[12.176,45.214]]],[[[12.27211,45.37154],[12.54031,45.20541],[12.53422,45.20122],[12.54785,45.20074],[12.54923,45.19988],[12.54822,45.19556],[12.53711,45.19339],[12.52262,45.19326],[12.51127,45.18547],[12.42898,45.15196],[12.54234,45.18544],[12.52087,45.14865],[12.56715,45.18878],[12.62467,45.15315],[13.02148,45.29728],[13.16821,45.31437],[13.47892,45.51723],[13.53089,45.66223],[13.49493,45.59711],[13.43651,45.5406],[13.35949,45.49644],[13.29928,45.47723],[13.368,45.694],[13.156,45.727],[13.105,45.582],[12.899,45.558],[12.448,45.394],[12.483,45.462],[12.28,45.402],[12.27211,45.37154]]],[[[12.34621,45.02725],[12.34891,45.02561],[12.39337,45.03812],[12.41733,45.05889],[12.39897,45.04742],[12.34621,45.02725]]],[[[12.35233,45.20771],[12.43851,45.19251],[12.52262,45.19326],[12.53422,45.20122],[12.35233,45.20771]]],[[[12.41733,45.05889],[12.4643,45.08824],[12.51492,45.13846],[12.52087,45.14865],[12.41733,45.05889]]],[[[13.15894,45.37624],[13.27061,45.11769],[13.29494,45.00892],[13.33675,44.92057],[13.56144,44.62957],[14.02106,44.50309],[14.11711,44.52709],[14.33893,44.67439],[14.35378,44.69825],[14.36611,44.70283],[14.56565,44.98267],[14.55209,45.04967],[14.175,45.01],[14.189,44.943],[14.06,44.895],[13.991,44.783],[13.895,44.759],[13.672,45.05],[13.644,45.179],[13.527,45.454],[13.749,45.494],[13.8,45.566],[13.48998,45.67443],[13.438,45.638],[13.43091,45.64367],[13.42715,45.64668],[13.39554,45.67197],[13.15894,45.37624]]]]}},{"type":"Feature","properties":{"baseIndex":18},"geometry":{"type":"MultiPolygon","coordinates":[[[[8.14825,42.15027],[8.27794,41.99263],[8.18824,41.87713],[8.2126,41.81113],[8.3791,41.74306],[8.48092,41.55141],[8.48553,41.3597],[8.58779,41.2907],[8.74285,41.22858],[8.81979,41.21437],[8.97234,41.1024],[9.10636,41.0834],[9.21453,41.12648],[9.306,41.184],[9.32124,41.16897],[9.50164,41.24081],[9.63478,41.46581],[9.66272,41.54293],[9.70882,41.82216],[9.77947,41.9295],[9.81502,42.02897],[9.85108,42.38697],[9.84857,42.443],[9.82143,42.593],[9.78058,42.63994],[9.79767,42.76883],[9.7969,42.82467],[9.77959,42.94067],[9.75066,43.01949],[9.70408,43.09749],[9.32788,43.25778],[9.26388,43.25278],[8.94433,43.04489],[8.91291,42.94489],[8.91148,42.93364],[8.85977,42.89641],[8.83812,42.89462],[8.67021,42.84791],[8.40067,42.70991],[8.30029,42.6322],[8.19192,42.5052],[8.21894,42.30815],[8.15382,42.22427],[8.14825,42.15027]],[[8.30524,42.03332],[8.3155,42.09319],[8.32223,42.10698],[8.35018,42.08565],[8.30585,42.02857],[8.30524,42.03332]],[[8.32558,42.11383],[8.3432,42.14988],[8.35484,42.16337],[8.36352,42.1698],[8.4278,42.20062],[8.44273,42.20481],[8.3518,42.08773],[8.32558,42.11383]],[[8.46889,41.70635],[8.47727,41.70292],[8.47735,41.69955],[8.46889,41.70635]],[[8.49806,41.68693],[8.49997,41.69364],[8.60175,41.65203],[8.53502,41.66886],[8.49806,41.68693]],[[8.5,42.36],[8.609,42.487],[8.879,42.625],[9,42.635],[9.018,42.691],[9.149,42.711],[9.238,42.664],[9.28,42.728],[9.271,42.883],[9.28687,42.93258],[9.29013,42.94278],[9.303,42.983],[9.367,42.988],[9.414,42.91],[9.41495,42.90385],[9.41572,42.89889],[9.432,42.794],[9.405,42.581],[9.459,42.556],[9.487,42.406],[9.453,42.048],[9.357,41.901],[9.305,41.575],[9.173,41.35],[9.039,41.369],[9.013,41.458],[8.829,41.492],[8.727,41.561],[8.855,41.654],[8.823,41.688],[8.627,41.732],[8.742,41.882],[8.693,41.913],[8.562,41.882],[8.538,41.948],[8.59,41.958],[8.668,42.029],[8.626,42.097],[8.511,42.134],[8.517,42.208],[8.628,42.262],[8.5,42.36]],[[8.68412,42.76992],[8.72529,42.81448],[8.79238,42.85853],[8.8242,42.87079],[8.68412,42.76992]],[[9.67001,42.76697],[9.71341,42.72709],[9.74165,42.68467],[9.67001,42.76697]]]]}},{"type":"Feature","properties":{"baseIndex":19},"geometry":{"type":"MultiPolygon","coordinates":[[[[12.697,43.935],[13.601,43.535],[13.732,43.374],[13.792,43.123],[13.915,42.873],[14.076,42.634],[14.40434,42.75429],[14.25406,42.97915],[14.1505,43.19207],[14.09725,43.42054],[14.05122,43.51198],[13.92108,43.67298],[13.79514,43.76637],[12.89244,44.16637],[12.697,43.935]]],[[[11.72429,41.8008],[12.14571,41.53307],[12.37809,41.34648],[12.44854,41.30219],[12.78402,41.14219],[12.88721,41.10831],[13.18129,41.05131],[13.24581,41.04336],[13.40501,41.03494],[13.60587,40.96245],[13.761,41.207],[13.498,41.302],[13.271,41.314],[12.977,41.371],[12.642,41.531],[12.395,41.73],[11.96,42.007],[11.72429,41.8008]]]]}},{"type":"Feature","properties":{"baseIndex":20},"geometry":{"type":"MultiPolygon","coordinates":[[[[12.1298,37.8499],[12.14738,37.64742],[12.2259,37.52042],[12.33962,37.4152],[12.44477,37.3582],[12.57297,37.31554],[12.89708,37.26628],[13.70716,36.91835],[13.74538,36.90416],[14.04236,36.81204],[14.40545,36.56836],[14.57394,36.50747],[14.89396,36.47047],[14.97151,36.46874],[15.05651,36.47474],[15.31429,36.60395],[15.48294,36.82453],[15.52803,36.85715],[15.58495,37.20485],[15.45323,37.36867],[15.45213,37.4275],[15.50152,37.58488],[15.71632,37.91212],[15.73329,37.93137],[15.71,37.941],[15.627,38.004],[15.627,38.233],[15.74817,38.27955],[15.658,38.38503],[15.59111,38.42403],[15.28755,38.46565],[14.68779,38.32267],[14.10062,38.24369],[13.87792,38.23888],[13.80607,38.26416],[13.53521,38.43354],[13.11359,38.4365],[12.98536,38.35922],[12.85803,38.38172],[12.63465,38.36155],[12.51574,38.31655],[12.39108,38.23578],[12.24465,38.08278],[12.19213,38.0029],[12.1298,37.8499]],[[12.454,37.766],[12.517,37.919],[12.664,38.072],[12.783,38.117],[13.066,38.067],[13.322,38.221],[13.628,38.03],[13.81,37.966],[14.134,37.973],[14.766,38.058],[15.387,38.206],[15.454,38.167],[15.473,38.11],[15.423,38.053],[15.181,37.682],[15.112,37.459],[15.116,37.287],[15.301,37.058],[15.221,37],[15.027,36.745],[14.942,36.739],[14.622,36.776],[14.216,37.049],[13.868,37.157],[13.012,37.525],[12.637,37.582],[12.532,37.639],[12.454,37.766]]],[[[13.46604,41.08934],[13.52255,40.98734],[13.56306,40.93222],[13.62379,40.86905],[13.71602,40.67649],[14.12814,40.56345],[14.45353,40.33854],[14.59288,40.37634],[14.58853,40.37017],[14.79856,39.9809],[14.87018,39.96468],[15.22651,39.7688],[15.43565,39.78915],[15.48117,39.61],[15.51776,39.53097],[15.65665,39.33605],[15.74126,38.9657],[15.75917,38.93689],[15.5991,38.82666],[15.58985,38.60122],[15.52983,38.49732],[15.47622,38.47671],[15.28392,38.233],[15.28416,38.18149],[15.387,38.206],[15.454,38.167],[15.473,38.11],[15.423,38.053],[15.33283,37.91477],[15.38978,37.80856],[15.47298,37.74556],[15.5514,37.70068],[15.62646,37.66968],[15.81876,37.64002],[16.08677,37.66102],[16.35102,37.7983],[16.59242,38.13503],[16.77308,38.23682],[16.91255,38.49615],[16.8856,38.64437],[16.89745,38.6507],[17.07853,38.644],[17.38872,38.77122],[17.47517,38.87822],[17.4643,39.11831],[17.46765,39.10115],[17.45727,39.25568],[17.48908,39.36151],[17.32408,39.65667],[16.9297,39.83329],[16.93825,39.84627],[16.96939,39.98607],[16.97638,39.99134],[17.04421,40.06375],[17.08724,40.12968],[17.19892,40.06999],[17.39346,40.02077],[17.57073,40.0175],[17.64755,40.00254],[17.67051,39.9022],[17.81859,39.72404],[17.95203,39.65416],[18.14602,39.53515],[18.69591,39.65755],[18.85559,40.00455],[18.83858,40.21458],[18.70058,40.42858],[18.61051,40.51625],[18.37024,40.66935],[18.2195,40.82831],[17.50543,41.16031],[17.4994,41.16306],[17.12685,41.32806],[17.0974,41.33979],[16.57183,41.52479],[16.55154,41.5314],[16.43297,41.56652],[16.55786,41.76933],[16.5474,41.86433],[16.34518,42.085],[16.17134,42.148],[15.97272,42.17363],[15.4808,42.13263],[15.06151,42.22416],[15.02954,42.23728],[14.90489,42.37558],[14.77316,42.43333],[14.70577,42.50642],[14.67669,42.53398],[14.36581,42.79098],[14.39676,42.75783],[14.076,42.634],[14.093,42.61],[14.405,42.353],[14.519,42.23],[14.72,42.142],[14.739,42.047],[14.922,41.972],[15.449,41.857],[16.013,41.904],[16.187,41.841],[16.198,41.746],[15.989,41.635],[15.873,41.502],[15.991,41.406],[16.42,41.279],[16.946,41.094],[17.319,40.929],[18.034,40.597],[18.06,40.514],[18.384,40.308],[18.523,40.094],[18.365,39.747],[18.16,39.873],[18.017,39.948],[17.968,40.167],[17.85,40.243],[17.619,40.288],[17.402,40.292],[17.204,40.398],[17.243,40.496],[17.084,40.525],[16.949,40.481],[16.90209,40.42829],[16.89212,40.41708],[16.844,40.363],[16.728,40.184],[16.604,40.09],[16.624,39.968],[16.535,39.832],[16.532,39.698],[17.149,39.422],[17.107,39.28],[17.121,39.086],[17.181,39.022],[17.095,38.915],[16.798,38.926],[16.613,38.827],[16.522,38.725],[16.572,38.457],[16.331,38.321],[16.053,37.931],[15.785,37.91],[15.71,37.941],[15.627,38.004],[15.627,38.233],[15.791,38.296],[15.933,38.54],[15.827,38.623],[15.99,38.735],[16.152,38.701],[16.212,38.778],[16.177,38.931],[16.13158,38.97014],[16.10707,38.99126],[16.083,39.012],[15.99,39.428],[15.825,39.661],[15.77093,39.87807],[15.77038,39.88029],[15.757,39.934],[15.666,40.092],[15.516,40.066],[15.432,39.989],[15.027,40.212],[14.899,40.241],[14.992,40.372],[14.951,40.551],[14.743,40.705],[14.41146,40.61502],[14.40123,40.61225],[14.334,40.594],[14.35,40.643],[14.495,40.73],[14.37,40.851],[14.24,40.853],[14.16021,40.81712],[14.05845,40.77135],[14.051,40.768],[13.942,40.998],[13.853,41.091],[13.797,41.193],[13.761,41.207],[13.59877,40.96927],[13.5633,40.98741],[13.50677,41.03405],[13.46604,41.08934]]]]}},{"type":"Feature","properties":{"baseIndex":21},"geometry":{"type":"MultiPolygon","coordinates":[[[[14.23853,45.06162],[14.30973,45.03791],[14.51885,44.90274],[14.55084,44.8661],[14.53115,44.75945],[14.54564,44.64057],[14.62877,44.45757],[14.72232,44.34767],[14.91902,44.20838],[14.82921,44.09714],[15.09385,43.79214],[15.18137,43.72133],[15.61658,43.47603],[15.72486,43.31495],[16.18406,43.17756],[16.34897,43.22037],[16.36855,43.20514],[16.3852,43.21648],[16.41296,43.20856],[16.38783,43.21827],[16.41675,43.23796],[16.49222,43.25756],[16.43043,43.24728],[16.64,43.39],[16.549,43.461],[16.367,43.513],[16.059,43.433],[15.913,43.652],[15.412,43.935],[15.36192,43.99307],[15.36017,43.99511],[15.17415,44.21083],[15.149,44.24],[15.17492,44.23929],[15.548,44.229],[15.286,44.329],[15.22913,44.3694],[15.11469,44.45071],[14.989,44.54],[14.907,44.723],[14.946,44.927],[14.815,45.078],[14.525,45.266],[14.354,45.323],[14.239,45.062],[14.23853,45.06162]]]]}},{"type":"Feature","properties":{"baseIndex":22},"geometry":{"type":"MultiPolygon","coordinates":[[[[3.039,42.869],[3.37701,42.79929],[3.36569,42.78537],[3.37918,42.79885],[3.39313,42.79597],[3.40376,42.8234],[3.59809,43.01757],[3.71132,43.0989],[3.93329,43.20363],[3.99741,43.20836],[4.23286,43.11056],[4.36223,43.07767],[4.59225,43.05267],[4.79132,43.07113],[4.84524,43.08771],[4.86458,43.08929],[4.86806,43.08836],[5.20261,42.89262],[5.28078,42.85717],[5.49395,42.78617],[5.61388,42.76279],[5.79589,42.75079],[5.92058,42.7582],[6.61477,42.8882],[6.7868,42.96108],[7.17164,43.24591],[7.53177,43.45575],[7.59781,43.50594],[7.69729,43.60294],[7.397,43.764],[7.298,43.667],[6.923,43.448],[6.523,43.151],[5.829,43.021],[5.647,43.033],[5.434,43.104],[5.052,43.328],[4.91,43.366],[4.751,43.353],[4.647,43.321],[4.417,43.346],[4.078,43.487],[3.807,43.467],[3.479,43.312],[3.318,43.196],[3.068,42.945],[3.039,42.869]]],[[[1.817,50.439],[1.86,50.478],[1.822,50.45],[1.817,50.439]]],[[[-2.35161,49.66263],[-2.30107,49.47963],[-2.25757,49.39739],[-2.0023,49.09139],[-1.97959,49.08465],[-1.97539,49.04107],[-1.98971,48.94752],[-2.02715,48.9627],[-2.23198,48.9067],[-2.076,48.656],[-1.94609,48.69149],[-1.871,48.712],[-1.858,48.608],[-1.84881,48.60903],[-1.591,48.638],[-1.46715,48.68052],[-1.45804,48.68364],[-1.457,48.684],[-1.45818,48.68483],[-1.47207,48.69464],[-1.576,48.768],[-1.5773,48.78028],[-1.76783,48.85754],[-1.75209,48.86886],[-1.73561,48.86679],[-1.64786,48.84047],[-1.57997,48.8054],[-1.588,48.881],[-1.57548,48.95861],[-1.58805,48.95774],[-1.68946,48.96741],[-1.78412,48.9932],[-1.8662,49.03354],[-1.90006,49.06107],[-1.57453,48.96451],[-1.563,49.036],[-1.58,49.229],[-1.639,49.22],[-1.892,49.526],[-1.941,49.709],[-1.524,49.653],[-1.251,49.7],[-1.26861,49.61705],[-1.27332,49.59486],[-1.289,49.521],[-1.177,49.333],[-1.023,49.398],[-0.465,49.351],[-0.239,49.285],[-0.09838,49.31033],[-0.02941,49.32276],[0.033,49.334],[0.331,49.455],[0.09,49.511],[0.115,49.602],[0.189,49.681],[0.529,49.826],[1.275,50.004],[1.416,50.11],[1.552,50.229],[1.528,50.578],[1.589,50.822],[1.824,50.935],[2.03,51.007],[2.079,51.009],[2.07886,51.01033],[2.078,51.011],[2.07879,51.01108],[2.05127,51.27974],[2.00228,51.27774],[1.82215,51.24422],[1.61647,51.17222],[1.5648,51.15079],[1.33043,51.03779],[1.16765,50.86443],[1.10884,50.62043],[1.10403,50.56612],[1.1238,50.31154],[1.08638,50.27858],[1.0275,50.2341],[0.38385,50.08041],[0.29886,50.05243],[-0.04045,49.90743],[-0.16711,49.82171],[-0.24053,49.74271],[-0.29437,49.6496],[-0.30739,49.60073],[-0.41193,49.62007],[-0.83975,49.65611],[-0.83822,49.66303],[-1.35813,49.96219],[-1.53578,49.93159],[-1.85631,49.97465],[-2.35161,49.66263]]],[[[-2.89828,47.16512],[-2.81581,47.08812],[-2.64449,46.99594],[-2.48812,46.95246],[-2.42466,46.67086],[-2.25716,46.54221],[-2.04375,46.3064],[-1.79211,46.18359],[-1.59158,46.15429],[-1.52559,46.11089],[-1.48694,46.13901],[-1.48404,46.13859],[-1.48673,46.13917],[-1.256,46.307],[-1.403,46.404],[-1.711,46.449],[-1.942,46.706],[-2.13,46.851],[-2.005,47.043],[-2.109,47.124],[-2.264,47.183],[-2.494,47.247],[-2.576,47.324],[-2.89828,47.16512]]]]}},{"type":"Feature","properties":{"baseIndex":23},"geometry":{"type":"MultiPolygon","coordinates":[[[[-6.90462,36.86202],[-6.78334,36.72971],[-6.80452,36.60402],[-6.74814,36.50802],[-6.62323,36.41189],[-6.6079,36.33803],[-6.50623,36.16603],[-6.40198,36.06338],[-6.04745,35.85338],[-5.97879,35.82175],[-5.83401,35.77275],[-5.808,35.785],[-5.565,35.862],[-5.479,35.805],[-5.4598,35.78117],[-5.36105,35.81314],[-5.27255,35.92215],[-5.16197,35.90423],[-5.12484,35.94223],[-5.05455,36.08766],[-5.04927,36.13726],[-5.02401,36.16499],[-4.68956,36.22024],[-4.52635,36.28913],[-4.31141,36.4524],[-3.05023,36.46862],[-2.915,36.41869],[-2.761,36.41869],[-2.51209,36.5077],[-2.3747,36.6287],[-2.624,36.811],[-2.761,36.69],[-2.915,36.69],[-2.97,36.741],[-4.447,36.722],[-4.757,36.486],[-5.217,36.41],[-5.374,36.237],[-5.387,36.11],[-5.424,36.072],[-5.457,36.167],[-5.488,36.174],[-5.485,36.065],[-5.661,36.008],[-5.74924,36.03788],[-5.76008,36.04155],[-5.85,36.072],[-6.204,36.282],[-6.305,36.454],[-6.289,36.572],[-6.444,36.623],[-6.5,36.719],[-6.422,36.792],[-6.632,37.022],[-6.90462,36.86202]],[[-5.71002,35.99303],[-5.3381,35.93277],[-5.34976,35.92704],[-5.42374,35.90776],[-5.50119,35.9029],[-5.56094,35.91054],[-5.62543,35.93276],[-5.69295,35.97508],[-5.71002,35.99303]]]]}},{"type":"Feature","properties":{"baseIndex":24},"geometry":{"type":"MultiPolygon","coordinates":[[[[-7.492,37.208],[-7.46314,36.93768],[-7.27035,36.95082],[-7.07903,36.89823],[-6.78387,36.7797],[-6.632,37.022],[-6.948,37.149],[-7.228,37.226],[-7.492,37.208]]],[[[-2.624,36.811],[-2.60372,36.54018],[-2.48841,36.54575],[-2.48061,36.53931],[-2.00921,36.52993],[-1.70954,36.75393],[-1.94,36.952],[-2.239,36.728],[-2.355,36.824],[-2.624,36.811]]],[[[-9.63721,43.01703],[-9.61233,42.86903],[-9.48194,42.69221],[-9.40776,42.64721],[-9.24125,42.5894],[-9.18057,42.581],[-9.05708,42.41475],[-9.12312,42.31816],[-9.15178,42.26116],[-9.21178,42.08116],[-9.20559,41.93261],[-9.15091,41.80661],[-8.806,41.889],[-8.86,42.015],[-8.799,42.195],[-8.644,42.42],[-8.942,42.824],[-9.173,42.856],[-9.247,42.901],[-9.271,43.049],[-9.197,43.158],[-9.014,43.281],[-8.849,43.326],[-8.31,43.353],[-8.251,43.43],[-8.22,43.617],[-7.98,43.74],[-7.636,43.721],[-7.151,43.555],[-6.808,43.523],[-6.468,43.563],[-5.98,43.705],[-5.82,43.706],[-5.537,43.577],[-5.225,43.507],[-4.802,43.469],[-3.848,43.439],[-3.417,43.376],[-3.196,43.447],[-3.007,43.55],[-2.768,43.538],[-2.367,43.326],[-2.143,43.331],[-2.15204,43.54663],[-2.14896,43.54534],[-2.15205,43.54698],[-2.15436,43.60218],[-2.25215,43.6],[-2.5492,43.75734],[-2.74231,43.80866],[-2.98131,43.82066],[-3.23034,43.76692],[-3.38423,43.68288],[-3.45906,43.65882],[-3.77479,43.70498],[-3.83194,43.71006],[-4.77131,43.7396],[-5.14713,43.77336],[-5.38097,43.82585],[-5.62131,43.93557],[-5.82322,43.9773],[-5.98322,43.9763],[-6.11906,43.95673],[-6.56774,43.82608],[-6.81414,43.79709],[-7.04586,43.81871],[-7.47658,43.96627],[-7.60758,43.99152],[-7.95157,44.01052],[-8.19567,43.96137],[-8.43522,43.83837],[-8.58958,43.64938],[-8.59577,43.61063],[-8.87445,43.59667],[-8.979,43.58006],[-9.14391,43.53506],[-9.26498,43.48044],[-9.44747,43.35744],[-9.528,43.27849],[-9.60142,43.16949],[-9.63721,43.01703]]]]}},{"type":"Feature","properties":{"baseIndex":25},"geometry":{"type":"MultiPolygon","coordinates":[[[[35.20122,34.01132],[35.526,33.72869],[37.559,33.72869],[37.559,34],[35.526,34],[35.532,34.119],[35.716,34.312],[35.821,34.344],[35.873,34.422],[35.852,34.493],[35.751,34.747],[35.809,35.014],[35.841,35.043],[35.796,35.271],[35.607,35.418],[35.664,35.459],[35.68,35.528],[35.733,35.585],[35.691,35.685],[35.74,35.69],[35.856,35.835],[35.719,36.092],[35.665,36.134],[35.709,36.212],[35.814,36.298],[35.57572,36.48835],[35.47099,36.40235],[35.40502,36.32444],[35.36132,36.24644],[35.42803,35.96217],[35.41279,35.98452],[35.43054,35.95144],[35.43357,35.93855],[35.44025,35.93337],[35.47956,35.86016],[35.46169,35.83773],[35.48114,35.85721],[35.5201,35.78465],[35.41043,35.64112],[35.42823,35.69152],[35.46872,35.74868],[35.41591,35.69168],[35.35461,35.57833],[35.33889,35.50933],[35.36016,35.56638],[35.37876,35.5932],[35.38702,35.5737],[35.3788,35.22165],[35.48851,35.1365],[35.4989,35.0849],[35.48506,35.0616],[35.42811,34.7946],[35.43929,34.66262],[35.50229,34.50566],[35.45978,34.47997],[35.27636,34.28697],[35.20676,34.13032],[35.20122,34.01132]],[[35.52476,35.85782],[35.53614,35.90203],[35.56375,35.91987],[35.62857,35.94555],[35.64557,35.94886],[35.52775,35.79467],[35.52476,35.85782]]]]}},{"type":"Feature","properties":{"baseIndex":26},"geometry":{"type":"MultiPolygon","coordinates":[[[[-2.19555,35.3253],[-2.193,35.054],[-2.035,35.055],[-1.738,35.119],[-1.495,35.234],[-1.329,35.489],[-1.147,35.629],[-0.917,35.668],[-0.429,35.86],[-0.283,35.758],[-0.092,35.74],[0.015,35.804],[0.199,36.033],[0.474,36.225],[0.781,36.385],[1.058,36.462],[1.58,36.514],[2.294,36.541],[2.524,36.573],[2.81,36.714],[3.07,36.619],[3.324,36.651],[3.587,36.792],[3.741,36.837],[4.164,36.831],[4.395,36.838],[4.632,36.794],[4.777,36.743],[5.144,36.668],[5.383,36.675],[5.73,36.752],[6.047,36.842],[6.323,37.091],[6.771,36.862],[6.923,36.818],[7.063,36.882],[7.307,37.061],[7.545,37.042],[7.719,36.953],[7.792,36.832],[7.913,36.775],[8.637,36.885],[8.866,36.968],[9.15,37.173],[9.416,37.275],[9.732,37.282],[10.021,37.2],[10.133,37.105],[10.159,36.996],[10.272,36.755],[10.393,36.717],[10.581,36.793],[10.843,36.991],[11.024,37.068],[11.039,36.909],[10.92,36.654],[10.633,36.424],[10.509,36.214],[10.511,36.086],[10.603,35.889],[10.831,35.679],[10.989,35.622],[11.125,35.241],[11.083,35.145],[10.839,34.801],[10.574,34.648],[10.116,34.234],[10.019,34.081],[10.071,34],[-1.669,34],[-1.669,33.72869],[10.071,33.72869],[10.34106,34.1039],[10.34438,34.08178],[10.33504,34.01647],[10.30713,33.95496],[10.38416,34.0758],[10.79082,34.44243],[11.02765,34.57899],[11.12275,34.66466],[11.36794,35.00866],[11.39334,35.05366],[11.4357,35.14966],[11.44184,35.31677],[11.30734,35.69777],[11.12353,35.86997],[11.03133,35.90325],[10.89267,36.03134],[10.84391,36.13663],[10.84373,36.15313],[10.90958,36.26393],[11.15723,36.46191],[11.23466,36.55901],[11.35471,36.81401],[11.37509,36.92939],[11.36079,37.08839],[10.86517,37.30744],[10.68433,37.23044],[10.61127,37.1882],[10.48053,37.08917],[10.46495,37.15574],[10.37925,37.29079],[10.26756,37.38579],[10.13459,37.45556],[9.84571,37.53756],[9.72257,37.55321],[9.40658,37.54621],[9.26906,37.51944],[9.00326,37.41744],[8.9231,37.3742],[8.67949,37.19797],[8.53516,37.14562],[8.02445,37.06802],[8.02273,37.0709],[7.90088,37.18147],[7.72709,37.27047],[7.5786,37.31196],[7.34061,37.33096],[7.07859,37.26084],[6.89028,37.1224],[6.50509,37.31953],[6.07008,37.27088],[5.85321,37.07463],[5.62941,37.01107],[5.33169,36.94499],[5.17985,36.94054],[4.88626,37.00055],[4.7673,37.04242],[4.70803,37.0583],[4.47107,37.1023],[4.38226,37.10912],[4.16063,37.1024],[3.74697,37.10827],[3.62555,37.09187],[3.47162,37.04687],[3.39991,37.01752],[3.19943,36.9099],[3.1172,36.89954],[2.94936,36.9609],[2.634,36.94516],[2.40389,36.83159],[2.2576,36.81123],[1.56424,36.78501],[1.53877,36.78325],[1.0168,36.73125],[0.94858,36.71844],[0.67169,36.64144],[0.59921,36.61282],[0.29259,36.45282],[0.25553,36.43026],[-0.01893,36.23826],[-0.08032,36.18098],[-0.18677,36.04791],[-0.21197,36.06555],[-0.57408,36.10413],[-1.0242,35.9269],[-1.21473,35.89459],[-1.3748,35.82614],[-1.5564,35.68614],[-1.62134,35.61622],[-1.74175,35.43022],[-1.86407,35.37228],[-2.07858,35.32604],[-2.19555,35.3253]]]]}},{"type":"Feature","properties":{"baseIndex":27},"geometry":{"type":"MultiPolygon","coordinates":[[[[37.253,41.028],[37.822,41.01],[38.314,40.921],[38.651,40.922],[39.139,41.044],[39.37,41.064],[39.663,41],[40.007,40.956],[40.361,40.963],[40.61,41.028],[41.293,41.286],[41.484,41.437],[41.2233,41.6238],[41.07668,41.50752],[40.47173,41.27879],[40.29691,41.23314],[40.0322,41.2279],[39.74224,41.26499],[39.46941,41.32461],[39.32923,41.33354],[39.09824,41.31354],[39.02667,41.30156],[38.5932,41.19314],[38.35514,41.19244],[37.9052,41.27385],[37.83696,41.28107],[37.26797,41.29907],[37.253,41.028]]]]}},{"type":"Feature","properties":{"baseIndex":28},"geometry":{"type":"MultiPolygon","coordinates":[[[[34.46311,42.10218],[34.663,41.876],[35.002,42.043],[35.099,41.806],[35.286,41.671],[35.411,41.627],[35.678,41.621],[35.958,41.686],[36.161,41.353],[36.383,41.238],[36.641,41.315],[36.817,41.29],[37.253,41.028],[37.47585,41.24005],[37.04074,41.50205],[36.88364,41.55659],[36.70766,41.58159],[36.50857,41.56716],[36.43883,41.54633],[36.28628,41.79866],[35.85093,41.94509],[35.62892,41.89354],[35.49631,41.89652],[35.49317,41.89762],[35.41772,41.95225],[35.34915,42.12204],[34.80159,42.26918],[34.46311,42.10218]]],[[[28.69622,36.58239],[28.99427,36.06039],[29.12975,35.93866],[29.30393,35.85666],[29.44387,35.82066],[29.63387,35.80766],[29.74899,35.81608],[30.10681,35.89416],[30.28,35.84669],[30.395,35.84669],[30.64301,35.93653],[30.72123,36.00653],[30.80463,36.15635],[30.85863,36.51572],[30.88999,36.51894],[31.25812,36.45418],[31.69966,36.27554],[32.09256,35.9416],[32.18898,35.88405],[32.4942,35.76405],[32.59215,35.7395],[32.85617,35.7085],[32.89476,35.70579],[33.16176,35.69979],[33.27533,35.71335],[33.58644,35.79635],[33.61231,35.80428],[33.88347,35.89728],[33.80265,35.87871],[33.71869,35.87713],[33.6369,35.89263],[33.61287,35.90284],[34.16191,36.05738],[34.15745,36.03456],[34.12941,35.97795],[34.08652,35.92787],[34.05573,35.90514],[34.01833,35.88822],[34.04471,35.897],[34.03096,35.88685],[34.05343,35.89991],[34.08137,35.90922],[34.23527,36.09978],[34.32909,36.17911],[34.62094,36.36749],[34.72385,36.33238],[34.88253,36.26219],[35.0074,36.17909],[35.30001,36.12435],[35.43304,36.15035],[35.46281,36.16678],[35.46971,36.16507],[35.54772,36.17507],[35.80172,36.33388],[35.8243,36.37491],[35.90187,36.40827],[36.105,36.56096],[36.105,36.561],[36.09033,36.59991],[35.891,36.771],[35.79295,36.69712],[35.82088,36.65266],[35.8392,36.59075],[35.83918,36.52709],[35.82924,36.49359],[35.75658,36.66973],[35.672,36.606],[35.568,36.587],[35.506,36.559],[35.548,36.54],[35.495,36.443],[35.417,36.433],[35.389,36.454],[35.354,36.414],[35.221,36.388],[35.071,36.488],[34.87,36.577],[34.662,36.648],[34.485,36.627],[34.103,36.38],[33.952,36.252],[33.954,36.16],[33.891,36.139],[33.836,36.107],[33.834,36.071],[33.753,36.147],[33.482,36.054],[33.171,35.971],[32.904,35.977],[32.64,36.008],[32.335,36.128],[31.902,36.497],[31.371,36.712],[30.905,36.794],[30.594,36.762],[30.54,36.647],[30.473,36.188],[30.395,36.118],[30.28,36.118],[30.166,36.188],[29.662,36.078],[29.472,36.091],[29.298,36.173],[29.002,36.695],[28.814,36.535],[28.71929,36.59089],[28.69622,36.58239]],[[35.20173,36.23131],[35.39432,36.1837],[35.38281,36.18273],[35.30207,36.19198],[35.22648,36.21674],[35.20173,36.23131]]]]}},{"type":"Feature","properties":{"baseIndex":29},"geometry":{"type":"MultiPolygon","coordinates":[[[[40.42,33.72869],[60,33.72869],[60.32507,34],[60.36467,42.354],[60,42.354],[60,34],[40.42,34],[40.42,33.72869]]],[[[47.844,42.621],[47.97,42.594],[48.132,42.405],[48.222,42.279],[48.42,42.091],[48.5,41.929],[48.662,41.902],[48.683,41.836],[48.892,41.687],[48.999,41.517],[49.116,41.432],[49.244,41.293],[49.286,41.059],[49.35,40.953],[49.478,40.836],[49.605,40.762],[49.605,40.687],[49.807,40.581],[50.02,40.602],[50.19,40.57],[50.318,40.496],[50.424,40.411],[50.467,40.325],[50.467,40.262],[50.307,40.325],[50.126,40.347],[50.031,40.347],[49.914,40.325],[49.85,40.272],[49.669,40.24],[49.573,40.176],[49.552,40.091],[49.541,39.879],[49.446,39.655],[49.403,39.485],[49.499,39.379],[49.488,39.294],[49.382,39.326],[49.339,39.283],[49.28706,39.06711],[49.28629,39.06392],[49.275,39.017],[49.222,39.038],[49.18,39.145],[49.116,39.187],[49.041,39.145],[49.02,39.006],[49.052,38.932],[49.04205,38.92299],[48.98448,38.87085],[48.946,38.836],[48.988,38.719],[48.825,38.31],[48.832,38.306],[48.809,37.989],[48.745,37.727],[48.837,37.511],[49.06,37.398],[49.476,37.292],[49.848,37.268],[50.039,37.225],[50.111,37.098],[50.252,36.895],[50.561,36.686],[51.417,36.456],[51.796,36.432],[51.993,36.459],[52.602,36.577],[53.139,36.644],[53.8,36.679],[53.984,36.782],[54.067,36.942],[54.009,37.349],[54.015,37.348],[53.97948,37.54233],[53.67908,37.32342],[53.67757,37.37409],[53.69501,37.43758],[53.73082,37.49592],[53.78294,37.54578],[53.84838,37.58428],[53.92338,37.60922],[53.96629,37.61453],[53.928,37.824],[53.88,38.025],[53.937,38.159],[53.937,38.571],[53.985,38.657],[54.071,38.897],[53.7375,38.97],[53.65896,38.74793],[53.62105,38.67946],[53.59231,38.571],[53.59406,38.20252],[53.55559,38.11113],[53.5438,37.97477],[53.59163,37.77825],[53.67709,37.32197],[53.67216,37.31838],[53.72182,36.98043],[53.711,36.9594],[53.68496,36.9448],[53.11688,36.91472],[53.08741,36.91209],[52.55046,36.84509],[52.52335,36.84075],[51.92597,36.72498],[51.78088,36.7051],[51.48381,36.72391],[50.72797,36.92707],[50.51639,37.07045],[50.41319,37.21987],[50.34743,37.33671],[50.1311,37.48607],[49.94016,37.52907],[49.87537,37.53842],[49.54181,37.55994],[49.20473,37.64587],[49.12063,37.68853],[49.09683,37.745],[49.14475,37.93762],[49.15039,37.97354],[49.17423,38.2822],[49.31775,38.63823],[49.32036,38.77772],[49.34124,38.86148],[49.61597,38.96724],[49.67032,39.18864],[49.83449,39.26698],[49.84591,39.35198],[49.78469,39.53451],[49.77473,39.54556],[49.785,39.58536],[49.87488,39.79491],[49.8919,39.86822],[49.89955,40.00236],[49.92971,40.00769],[50.08182,40.07569],[50.09817,40.07569],[50.19599,40.0638],[50.305,40.02092],[50.82016,40.262],[50.82049,40.325],[50.79733,40.42159],[50.75475,40.50759],[50.68074,40.59775],[50.57507,40.68275],[50.53255,40.71194],[50.40479,40.78594],[50.27535,40.83334],[50.10539,40.86534],[49.9743,40.87105],[49.89619,40.86335],[49.89496,40.86399],[49.82202,40.977],[49.72648,41.03277],[49.65506,41.0983],[49.63336,41.13455],[49.59945,41.32932],[49.53907,41.44726],[49.4117,41.58626],[49.36622,41.62678],[49.29656,41.67753],[49.21851,41.80254],[49.14134,41.88314],[48.93292,42.03214],[48.97818,41.99281],[48.98081,41.98936],[48.78569,42.13378],[48.76093,42.18446],[48.7063,42.25792],[48.52896,42.42703],[48.45475,42.53167],[48.44053,42.54994],[48.27946,42.73894],[48.07233,42.8545],[47.94638,42.8815],[47.844,42.621]],[[49.03544,38.52319],[49.0893,38.48325],[49.13516,38.42652],[49.16193,38.36262],[49.16726,38.30325],[49.03544,38.52319]],[[49.3945,39.05703],[49.66173,39.18454],[49.6567,39.172],[49.63248,39.14052],[49.59433,39.1109],[49.5172,39.07595],[49.4312,39.05741],[49.3945,39.05703]]],[[[35.603,36.50847],[35.814,36.298],[36.095,36.482],[36.105,36.561],[36.082,36.622],[35.957,36.747],[35.891,36.771],[35.82533,36.65431],[35.70061,36.57251],[35.69462,36.57726],[35.69988,36.57202],[35.603,36.50847]],[[35.79064,36.59268],[35.8,36.6108],[35.80257,36.61388],[35.79064,36.59268]]]]}},{"type":"Feature","properties":{"baseIndex":30},"geometry":{"type":"MultiPolygon","coordinates":[[[[40.85039,42.83639],[41.09256,42.64217],[41.1521,42.52814],[41.29149,42.08081],[41.31657,41.80535],[41.31606,41.80294],[41.18851,41.56942],[41.2196,41.61402],[41.22785,41.62187],[41.484,41.437],[41.521,41.466],[41.666,41.729],[41.68,41.793],[41.652,42.121],[41.503,42.608],[41.41,42.788],[41.123,43.019],[40.85039,42.83639]]]]}},{"type":"Feature","properties":{"baseIndex":31},"geometry":{"type":"MultiPolygon","coordinates":[[[[29.5,45.523],[29.536,45.452],[29.683,45.375],[29.711,45.258],[30.08854,45.30302],[30.06132,45.42002],[29.95726,45.54053],[30.20809,45.60782],[30.37081,45.69119],[30.82395,46.08119],[30.84497,46.10124],[31.08455,46.34923],[31.18988,46.37368],[31.57972,46.42986],[31.62502,46.43004],[31.60119,46.25908],[31.79034,46.06508],[31.8793,45.99949],[31.96749,45.95349],[32.12485,45.90407],[32.43891,45.86007],[32.54341,45.85536],[32.61574,45.8589],[32.26013,45.6552],[32.17389,45.3051],[32.24638,45.2211],[32.70733,45.11439],[32.6565,45.10986],[32.72012,45.11143],[32.72312,45.11074],[32.72597,45.11157],[32.90814,45.11608],[33.13762,45.03986],[33.15321,45.02306],[33.16782,44.95953],[33.03738,44.68884],[33.25367,44.34831],[33.51885,44.27231],[33.61247,44.25484],[33.96649,44.22284],[34.1887,44.25144],[34.30984,44.29644],[34.43508,44.37196],[34.61768,44.54065],[34.71301,44.57371],[35.09181,44.59127],[35.33197,44.66743],[35.55903,44.82304],[35.72975,44.77733],[35.91468,44.762],[36.05469,44.775],[36.11077,44.78333],[36.37087,44.83633],[36.51871,44.89427],[36.62099,44.95827],[36.68918,45.03382],[36.9963,44.775],[37.13185,44.57518],[37.40664,44.42501],[37.55466,44.40601],[37.70706,44.42865],[37.80307,44.33481],[37.91651,44.26054],[38.08475,44.18954],[38.20633,44.15649],[38.41251,44.12841],[38.68742,43.99939],[39.99243,43.0746],[40.07507,43.0297],[40.38042,42.9087],[40.47327,42.88275],[40.84155,42.82019],[40.95414,42.77783],[41.123,43.019],[40.969,43.077],[40.557,43.147],[40.252,43.268],[38.924,44.212],[38.556,44.385],[38.277,44.423],[38.109,44.494],[37.88,44.719],[37.774,44.745],[37.622,44.673],[37.474,44.692],[37.318,44.924],[36.96,45.227],[37.228,45.312],[37.461,45.312],[37.661,45.345],[37.706,45.578],[37.868,45.793],[37.99,46.007],[38.06725,46.01124],[38.08312,46.01211],[38.227,46.02],[38.459,46.079],[38.26933,46.31365],[38.26541,46.3185],[38.265,46.319],[37.97,46.441],[37.757,46.603],[37.867,46.655],[38.032,46.669],[38.401,46.721],[38.723,46.878],[39.00512,46.97692],[39.0845,47.00475],[39.282,47.074],[39.194,47.243],[39.16,47.269],[38.98363,47.2494],[38.88085,47.23798],[38.8,47.229],[37.859,47.104],[37.422,47.077],[37.193,46.894],[36.865,46.809],[36.354,46.776],[35.851,46.664],[35.624,46.521],[35.56268,46.51333],[35.55777,46.51272],[35.416,46.495],[35.212,46.637],[35.06377,46.38787],[35.05013,46.36493],[35.046,46.358],[34.907,46.273],[34.692,46.253],[34.496,46.279],[34.37188,46.27498],[34.21231,46.26981],[34.064,46.265],[33.839,46.193],[34.127,46.064],[34.16285,46.0456],[34.2192,46.0167],[34.21997,46.0163],[34.2527,45.99951],[35.008,45.612],[35.032,45.534],[34.99,45.45],[35.063,45.34],[35.317,45.321],[35.546,45.38],[35.85,45.445],[36.323,45.44],[36.521,45.388],[36.415,45.272],[36.367,45.161],[36.265,45.097],[36.005,45.044],[35.865,45.031],[35.6,45.102],[35.387,45.082],[35.067,44.862],[34.614,44.841],[34.372,44.757],[34.135,44.537],[34.014,44.492],[33.66,44.524],[33.395,44.6],[33.559,44.936],[33.517,45.124],[33.398,45.253],[33.013,45.381],[32.926,45.388],[32.643,45.381],[32.575,45.361],[32.503,45.445],[32.902,45.673],[33.192,45.79],[33.539,45.875],[33.639,45.927],[33.528,46.134],[33.333,46.166],[32.516,46.126],[32.202,46.17],[32.114,46.216],[31.926,46.41],[32.189,46.592],[32.17166,46.61189],[32.15241,46.63397],[31.951,46.865],[31.781,46.702],[31.64031,46.70142],[31.6341,46.7014],[31.538,46.701],[31.087,46.636],[30.833,46.577],[30.52,46.251],[30.069,45.861],[29.73,45.77],[29.63,45.75],[29.5,45.523]],[[34.90794,45.99936],[34.95899,46.00411],[35.16545,46.06986],[35.30485,46.15486],[35.39908,46.24707],[35.48595,46.22806],[35.69399,46.25406],[35.88866,46.32101],[36.05226,46.42375],[36.43373,46.50865],[36.90198,46.53889],[37.00452,46.55529],[37.33274,46.64029],[37.49294,46.71785],[37.51986,46.73926],[37.46612,46.42098],[37.67999,46.25898],[37.76892,46.2083],[37.80034,46.19533],[37.62935,46.10705],[37.51617,45.90625],[37.36529,45.70438],[37.32446,45.61442],[37.31866,45.58331],[37.228,45.58331],[37.07055,45.55935],[36.80279,45.47435],[36.77483,45.38817],[36.65546,45.64211],[36.45758,45.69411],[36.32879,45.71128],[35.85579,45.71628],[35.73808,45.70454],[35.43421,45.63954],[35.41394,45.63473],[35.39634,45.6302],[35.38462,45.66913],[35.23645,45.83047],[34.90794,45.99936]]],[[[46.81,44.536],[46.846,44.446],[46.999,44.356],[47.143,44.339],[47.224,44.204],[47.332,44.186],[47.439,44.033],[47.44283,44.02725],[47.565,43.844],[47.538,43.673],[47.493,43.583],[47.52,43.511],[47.565,43.601],[47.61,43.754],[47.61964,43.77166],[47.664,43.853],[47.736,43.862],[47.69948,43.74723],[47.673,43.664],[47.574,43.502],[47.601,43.322],[47.655,43.277],[47.583,43.188],[47.565,43.008],[47.736,42.9],[47.79,42.855],[47.844,42.621],[48.20508,42.66634],[48.15245,42.90034],[48.06606,43.03416],[48.01226,43.07916],[47.97635,43.10541],[47.95655,43.11794],[47.97389,43.13924],[47.93704,43.42996],[47.93791,43.43138],[47.95359,43.40519],[47.96925,43.35139],[47.95399,43.45744],[48.01365,43.55418],[48.03607,43.60324],[48.10028,43.80124],[47.90415,43.95154],[47.90185,43.96142],[47.77693,44.15042],[47.77399,44.15475],[47.66786,44.30775],[47.52222,44.39052],[47.4892,44.4461],[47.26272,44.57379],[47.26964,44.57865],[47.38906,44.63825],[47.51603,44.7476],[47.59174,44.86427],[47.73119,45.04715],[47.74774,45.07212],[47.89077,45.31495],[47.95973,45.37734],[47.97107,45.42331],[48.00098,45.42256],[48.12953,45.45468],[48.40324,45.50598],[48.56072,45.56588],[48.74832,45.68251],[49.01569,45.67532],[49.07885,45.71132],[49.19421,45.88221],[49.21922,45.8901],[49.33455,45.94624],[49.51519,46.07224],[49.57583,46.12764],[49.63461,46.19766],[49.71162,46.26291],[49.79033,46.26573],[50.01537,46.29273],[50.13995,46.32345],[50.4644,46.44845],[50.53687,46.48463],[50.79564,46.64587],[50.84758,46.64835],[51.04859,46.69786],[51.26947,46.80473],[51.34943,46.8133],[51.56066,46.77604],[51.63306,46.71748],[51.79442,46.63851],[52.00156,46.58451],[52.22847,46.5733],[52.46253,46.6093],[52.57514,46.63985],[52.66528,46.67585],[52.68627,46.68794],[52.79567,46.67318],[52.75224,46.58612],[52.78671,46.35694],[52.84004,46.29642],[52.84106,46.29491],[52.82975,46.26809],[52.8186,46.23389],[52.77645,46.04557],[52.73175,45.98823],[52.63525,45.9121],[52.60634,45.88621],[52.51785,45.79621],[52.46539,45.66729],[52.08095,45.65599],[52.01751,45.6784],[51.63204,45.64258],[51.64354,45.64641],[51.62618,45.64203],[51.58962,45.63864],[51.58261,45.63424],[51.52202,45.6158],[51.50062,45.61041],[51.50975,45.61206],[51.1844,45.51301],[51.13077,45.45001],[51.10601,45.41558],[51.02585,45.28058],[51.00441,45.23257],[51.00441,45.23254],[50.87639,45.16347],[50.76035,45.00147],[50.76454,44.90402],[50.57078,44.91453],[50.43952,44.90519],[50.30457,44.87819],[50.13245,44.80382],[50.06071,44.74982],[49.95695,44.5718],[49.94923,44.3738],[50.00773,44.21961],[50.07112,44.14861],[50.32947,44.0261],[50.61953,43.99285],[50.63687,43.98914],[50.63807,43.98604],[50.8202,43.62604],[50.85166,43.57793],[50.94224,43.46993],[51.04957,43.38671],[51.06401,43.37951],[51.07381,43.36109],[51.06069,43.31421],[51.05295,43.259],[51.05349,43.17],[51.43747,42.8989],[51.57102,42.90271],[51.57145,42.90233],[51.65129,42.78709],[51.69469,42.73768],[51.78507,42.65668],[52.16671,42.56625],[52.2557,42.58405],[52.38533,42.54882],[52.37629,42.47791],[52.34465,42.40467],[52.29068,42.35044],[52.24562,42.29036],[52.18323,42.17436],[52.22804,41.91408],[52.20307,41.80446],[52.35351,41.53485],[52.35452,41.53433],[52.41748,41.35549],[52.53863,41.24885],[52.63196,41.04902],[52.68683,41.05724],[52.62729,40.89575],[52.61663,40.85569],[52.60079,40.75658],[52.57227,40.6697],[52.52442,40.61033],[52.47381,40.43887],[52.49155,40.31821],[52.49227,40.18],[52.51554,40.0831],[52.58318,39.9491],[52.59878,39.92216],[52.6763,39.80716],[53.18566,39.78516],[53.17983,39.74823],[53.15953,39.74094],[53.08415,39.72821],[53.00698,39.72845],[52.93174,39.74166],[53.0748,39.70366],[53.1338,39.69599],[52.99614,39.67823],[52.94027,39.58158],[52.91536,39.5514],[52.87353,39.33076],[52.91304,39.22476],[53.35776,39.15792],[53.37966,39.11699],[53.30426,39.11468],[53.21941,39.12876],[53.40836,39.07794],[53.48329,38.98862],[53.56219,38.92154],[53.70545,38.83554],[53.73136,38.82127],[53.84651,38.76427],[53.78363,38.80449],[53.76535,38.82327],[54.071,38.897],[54.033,38.993],[53.918,39.05],[53.775,39.136],[53.679,39.251],[53.66,39.318],[53.583,39.318],[53.334,39.385],[53.248,39.299],[53.209,39.405],[53.248,39.452],[53.2962,39.53473],[53.315,39.567],[53.372,39.52],[53.46635,39.53036],[53.545,39.539],[53.794,39.491],[53.813,39.548],[53.669,39.644],[53.554,39.654],[53.5456,39.68141],[53.53422,39.71855],[53.53336,39.72136],[53.53127,39.72816],[53.52777,39.7396],[53.52564,39.74655],[53.52045,39.76348],[53.516,39.778],[53.53477,39.80603],[53.593,39.893],[53.688,39.979],[53.506,39.998],[53.363,39.96],[53.19,39.96],[53.047,39.998],[52.989,39.931],[52.912,40.046],[52.845,40.18],[52.845,40.334],[52.826,40.468],[52.903,40.563],[52.951,40.707],[52.97,40.822],[53.056,41.052],[53.181,40.841],[53.257,40.765],[53.439,40.803],[53.612,40.745],[53.66,40.813],[53.65,40.88],[53.698,40.88],[53.765,40.87],[53.794,40.726],[53.842,40.64],[53.976,40.65],[54.07795,40.6713],[54.10613,40.67719],[54.11,40.678],[54.225,40.726],[54.416,40.659],[54.455,40.717],[54.387,40.803],[54.368,40.899],[54.455,40.918],[54.46311,40.90644],[54.4639,40.90532],[54.502,40.851],[54.608,40.813],[54.818,40.88],[54.828,40.985],[54.751,41.138],[54.598,41.244],[54.359,41.387],[54.167,41.483],[54.138,41.627],[54.119,41.78],[54.024,41.857],[54.024,42.048],[53.985,42.106],[53.736,42.134],[53.458,42.096],[53.267,42.086],[53.066,42.029],[52.98,41.904],[52.941,41.77],[52.999,41.684],[52.932,41.378],[52.96,41.272],[52.96985,41.14001],[52.97,41.138],[52.96909,41.13997],[52.855,41.387],[52.692,41.531],[52.711,41.607],[52.683,41.694],[52.559,41.758],[52.601,41.938],[52.574,42.019],[52.52,42.073],[52.583,42.189],[52.673,42.279],[52.736,42.423],[52.754,42.558],[52.835,42.648],[52.763,42.756],[52.583,42.828],[52.376,42.801],[52.295,42.873],[52.07,42.828],[51.98,42.909],[51.881,43.053],[51.738,43.179],[51.423,43.17],[51.423,43.259],[51.459,43.385],[51.369,43.556],[51.261,43.61],[51.171,43.718],[50.991,44.078],[50.955,44.204],[50.703,44.258],[50.389,44.294],[50.326,44.365],[50.335,44.563],[50.407,44.617],[50.542,44.644],[50.86971,44.62623],[50.874,44.626],[51.20326,44.5227],[51.333,44.482],[51.414,44.518],[51.576,44.554],[51.486,44.626],[51.28441,44.72374],[51.24307,44.74379],[51.22586,44.75213],[51.189,44.77],[51.12883,44.84221],[51.099,44.878],[51.216,45.04],[51.342,45.058],[51.378,45.175],[51.459,45.31],[51.513,45.373],[51.63,45.355],[51.773,45.391],[51.845,45.436],[51.998,45.382],[52.5603,45.39854],[52.61,45.4],[52.90335,45.35884],[53.059,45.337],[53.284,45.328],[53.059,45.453],[52.965,45.47661],[52.844,45.507],[52.835,45.642],[52.83763,45.64466],[52.924,45.732],[53.05,45.831],[53.149,45.957],[53.203,46.191],[53.257,46.317],[53.185,46.425],[53.122,46.497],[53.167,46.586],[53.284,46.676],[53.23,46.73],[53.185,46.865],[53.023,46.919],[52.556,46.982],[52.466,46.91],[52.376,46.874],[52.142,46.838],[51.935,46.892],[51.791,47.009],[51.675,47.036],[51.369,47.09],[51.117,47.063],[50.82,46.919],[50.632,46.91],[50.272,46.685],[49.948,46.56],[49.723,46.533],[49.535,46.542],[49.313,46.353],[49.238,46.263],[49.058,46.137],[48.887,46.083],[48.833,46.083],[48.833,45.921],[48.77,45.885],[48.635,45.975],[48.303,45.768],[48.015,45.714],[47.98474,45.70643],[47.97992,45.70523],[47.871,45.678],[47.754,45.714],[47.673,45.75],[47.628,45.732],[47.601,45.66],[47.655,45.543],[47.59248,45.48617],[47.5783,45.47327],[47.556,45.453],[47.394,45.175],[47.251,44.986],[47.17,44.86],[47.026,44.788],[46.873,44.68],[46.81,44.536]],[[53.29705,41.38147],[53.3551,41.64012],[53.32154,41.80493],[53.32319,41.81049],[53.32428,41.81206],[53.34576,41.81815],[53.48356,41.82536],[53.52382,41.82918],[53.6665,41.84868],[53.75765,41.67336],[53.77115,41.66245],[53.77901,41.60195],[53.78149,41.58657],[53.81129,41.44257],[53.9674,41.25728],[54.14821,41.16702],[54.2327,41.11657],[54.10495,40.96504],[54.05349,40.96367],[54.05182,40.96297],[53.83401,41.13618],[53.76702,41.14618],[53.698,41.15131],[53.65,41.15131],[53.53551,41.05377],[53.4432,41.05898],[53.3822,41.16281],[53.32682,41.15975],[53.318,41.28721],[53.31171,41.32479],[53.29705,41.38147]],[[53.31193,40.86329],[53.31877,40.89052],[53.32453,40.90119],[53.3494,40.92801],[53.41676,40.97179],[53.45694,40.98683],[53.31193,40.86329]],[[53.38321,39.1541],[53.48043,39.13949],[53.47412,39.13656],[53.4196,39.12395],[53.38645,39.15002],[53.38321,39.1541]],[[54.66297,41.07965],[54.68989,41.07704],[54.70332,41.07345],[54.71932,41.06599],[54.73044,41.0579],[54.66297,41.07965]]],[[[60,42.354],[60.36467,42.354],[60.52482,59.103],[60,59.103],[60,42.354]]]]}},{"type":"Feature","properties":{"baseIndex":32},"geometry":{"type":"MultiPolygon","coordinates":[[[[-6.51289,56.55009],[-6.29843,56.24349],[-6.07593,56.16849],[-6.0058,56.17483],[-6.09124,56.02278],[-6.10597,55.89009],[-6.06517,55.77199],[-6.05,55.764],[-6.03,55.721],[-6.02846,55.6989],[-5.66505,55.6336],[-5.518,55.668],[-5.50798,55.60538],[-5.3899,55.58417],[-5.401,55.609],[-5.3799,55.66681],[-5.378,55.672],[-5.295,55.717],[-5.252,55.716],[-5.198,55.699],[-5.155,55.673],[-5.13276,55.63541],[-5.124,55.6206],[-5.12262,55.61827],[-5.084,55.553],[-5.08129,55.52749],[-5.08065,55.52153],[-5.074,55.459],[-5.093,55.442],[-5.11083,55.43907],[-5.16326,55.43044],[-5.172,55.429],[-5.232,55.43],[-5.25239,55.43702],[-5.20664,55.37908],[-5.32835,55.23498],[-5.4772,55.07975],[-5.53002,54.99201],[-5.57226,54.83801],[-5.32004,54.55133],[-5.11173,54.49133],[-5.02163,54.4716],[-4.7185,54.4256],[-4.3014,54.51805],[-4.01867,54.49741],[-3.8046,54.52541],[-3.63911,54.56808],[-3.48398,54.63071],[-3.4763,54.6296],[-3.44408,54.61991],[-3.44128,54.6245],[-3.44057,54.62566],[-3.43,54.643],[-3.39834,54.66529],[-3.37848,54.67927],[-3.153,54.838],[-3.309,54.885],[-3.577,54.924],[-3.908,54.79],[-4.01604,54.77586],[-4.02069,54.77526],[-4.122,54.762],[-4.461,54.862],[-4.5,54.775],[-4.6,54.688],[-4.903,54.734],[-5.111,54.794],[-5.067,54.948],[-4.91,55.11],[-4.638,55.428],[-4.771,55.488],[-4.908,55.664],[-4.90629,55.67818],[-4.895,55.772],[-4.758,55.82],[-4.69351,55.86204],[-4.623,55.908],[-4.711,56.131],[-4.848,56.097],[-5.06128,55.9454],[-5.10284,55.91586],[-5.11574,55.90669],[-5.135,55.893],[-5.27383,55.88393],[-5.334,55.88],[-5.57,55.751],[-5.633,55.94],[-5.497,56.177],[-5.46012,56.22417],[-5.31131,56.41454],[-5.3,56.429],[-5.271,56.544],[-5.458,56.632],[-5.547,56.652],[-5.645,56.516],[-5.73273,56.4585],[-5.822,56.4],[-5.84627,56.4082],[-6.044,56.475],[-5.909,56.733],[-5.666,56.938],[-5.625,56.999],[-5.726,57.258],[-5.562,57.299],[-5.461,57.388],[-5.763,57.62],[-5.60745,57.74524],[-5.568,57.777],[-5.55659,57.77474],[-5.23,57.71],[-5.056,57.751],[-5.24923,57.97888],[-5.2651,57.99759],[-5.26538,57.99792],[-5.27382,58.00788],[-5.346,58.093],[-4.907,58.169],[-5.113,58.395],[-5.08295,58.42264],[-5.08125,58.4242],[-4.926,58.567],[-4.51,58.403],[-4.139,58.445],[-3.831,58.507],[-3.441,58.529],[-3.165,58.522],[-3.028,58.406],[-3.166,58.275],[-3.943,57.958],[-4.15,57.835],[-4.249,57.636],[-4.148,57.555],[-3.796,57.542],[-3.401,57.576],[-3.093,57.577],[-2.854,57.543],[-2.15,57.572],[-1.945,57.402],[-2.108,57.21],[-2.203,57.065],[-2.159,57.014],[-2.413,56.717],[-2.515,56.667],[-2.66455,56.47416],[-2.66535,56.47313],[-2.66551,56.47292],[-2.667,56.471],[-2.981,56.354],[-3.152,56.337],[-2.949,56.253],[-2.85768,56.22296],[-2.74879,56.18714],[-2.721,56.178],[-2.76952,56.17147],[-2.773,56.171],[-2.79005,56.15912],[-2.89292,56.08745],[-2.895,56.086],[-2.97445,56.07907],[-3.05372,56.07215],[-3.17,56.062],[-3.294,55.974],[-3.41693,55.97625],[-3.895,55.985],[-3.713,55.885],[-3.577,55.885],[-3.46671,55.86404],[-3.356,55.843],[-3.161,55.846],[-2.928,55.946],[-2.742,55.957],[-2.62309,55.91461],[-2.61807,55.91283],[-2.57561,55.89769],[-2.54,55.885],[-2.245,55.811],[-2.04935,56.05871],[-2.31269,56.12485],[-2.48362,56.18592],[-2.53296,56.19245],[-2.53235,56.19472],[-2.39444,56.24597],[-2.21834,56.3644],[-2.10888,56.50342],[-2.08597,56.5146],[-1.96813,56.6021],[-1.71058,56.8991],[-1.71074,57.01188],[-1.64805,57.10575],[-1.4903,57.28891],[-1.52523,57.54957],[-1.72827,57.71957],[-2.18848,57.84252],[-2.80786,57.817],[-2.96415,57.83925],[-3.09604,57.84831],[-3.37638,57.8474],[-2.85272,58.06028],[-2.71749,58.14372],[-2.57783,58.27472],[-2.59036,58.54858],[-2.72592,58.66458],[-2.93735,58.73016],[-2.939,58.73],[-2.94276,58.73183],[-3.13631,58.79186],[-3.137,58.787],[-3.296,58.776],[-3.32605,58.79771],[-3.41595,58.79999],[-3.49644,58.79874],[-3.8864,58.77674],[-4.01635,58.76019],[-4.28596,58.70587],[-4.38886,58.69421],[-4.61484,58.78361],[-5.37527,58.70106],[-5.56007,58.52906],[-5.57674,58.27775],[-5.57077,58.2713],[-5.81091,57.9816],[-5.79338,57.96122],[-5.9891,57.92703],[-6.18228,57.77003],[-6.17539,57.46451],[-6.05565,57.37332],[-6.21347,57.20182],[-6.14462,57.03099],[-6.32121,56.88061],[-6.3811,56.80809],[-6.51289,56.55009]],[[-6.088,55.877],[-6.079,55.906],[-5.968,56.024],[-5.809,56.11],[-5.711,56.15],[-5.694,56.147],[-5.684,56.122],[-5.691,56.107],[-5.746,56.064],[-5.904,55.883],[-5.972,55.788],[-6.027,55.792],[-6.071,55.808],[-6.088,55.877]],[[-1.71082,57.06374],[-1.70897,57.04293],[-1.71078,57.03831],[-1.71082,57.06374]]],[[[-6.21986,55.4173],[-6.16015,55.2713],[-5.70867,55.05976],[-5.63067,55.05876],[-5.23074,55.17536],[-5.09163,55.28836],[-5.00883,55.46745],[-5.04211,55.69245],[-5.43216,55.82635],[-5.57,55.751],[-5.61617,55.88952],[-5.70099,55.91863],[-5.8718,55.87863],[-5.93865,55.83459],[-5.972,55.788],[-6.00566,55.79045],[-6.04902,55.76188],[-6.03,55.721],[-6.027,55.678],[-6.077,55.65],[-6.19011,55.60579],[-6.21721,55.54305],[-6.21986,55.4173]],[[-5.756,55.477],[-5.689,55.628],[-5.518,55.668],[-5.482,55.443],[-5.62,55.33],[-5.698,55.331],[-5.756,55.477]],[[-5.401,55.609],[-5.378,55.672],[-5.295,55.717],[-5.252,55.716],[-5.198,55.699],[-5.155,55.673],[-5.084,55.553],[-5.074,55.459],[-5.093,55.442],[-5.172,55.429],[-5.232,55.43],[-5.293,55.451],[-5.342,55.477],[-5.401,55.609]]]]}},{"type":"Feature","properties":{"baseIndex":33},"geometry":{"type":"MultiPolygon","coordinates":[[[[-10.92997,52.14581],[-10.68935,51.96516],[-10.72164,51.92069],[-10.64256,51.70069],[-10.23967,51.53444],[-10.24964,51.45874],[-9.77349,51.1652],[-9.19745,51.2032],[-9.04433,51.23198],[-8.72603,51.33418],[-8.52809,51.34467],[-8.27561,51.41281],[-7.88921,51.62618],[-7.61151,51.74558],[-7.56054,51.77141],[-7.53369,51.78707],[-7.30159,51.82319],[-6.92899,51.84046],[-6.6911,51.94503],[-6.67248,51.94598],[-6.63209,51.93746],[-6.32813,51.9415],[-6.24506,51.9615],[-5.97362,52.16425],[-5.91379,52.35423],[-5.83197,52.49162],[-5.69478,52.62178],[-5.62956,52.7309],[-5.60028,52.8569],[-5.60072,52.93105],[-5.72406,53.47705],[-5.73619,53.51183],[-5.84086,53.73968],[-5.68675,53.79064],[-5.53917,53.86889],[-5.35683,54.01689],[-5.28697,54.10324],[-5.21638,54.25024],[-5.2329,54.42264],[-5.32108,54.55308],[-5.30367,54.61527],[-5.3034,54.69769],[-5.32349,54.77769],[-5.3481,54.83253],[-5.57722,55.18853],[-5.65826,55.26809],[-5.75666,55.33509],[-6.21662,55.42519],[-6.22296,55.42441],[-6.25315,55.43253],[-6.37295,55.45428],[-6.56391,55.47328],[-6.72379,55.47351],[-7.07572,55.43951],[-7.21528,55.41254],[-7.36362,55.36822],[-7.9193,55.50762],[-8.28099,55.43162],[-8.37011,55.40635],[-8.59659,55.32435],[-8.78958,55.18453],[-8.9182,54.96953],[-8.92636,54.94936],[-9.16069,54.83983],[-9.22903,54.77283],[-8.98529,54.52292],[-9.00001,54.52456],[-9.02976,54.52729],[-9.26674,54.54429],[-9.4782,54.52894],[-9.73999,54.58221],[-10.2508,54.49698],[-10.51712,54.30398],[-10.61937,54.14669],[-10.63594,53.92569],[-10.29382,53.77675],[-10.42983,53.39707],[-10.43739,53.4049],[-10.46772,53.46629],[-10.47317,53.53024],[-10.45344,53.59317],[-10.40962,53.65158],[-10.54736,53.51358],[-10.35178,53.12835],[-10.07643,53.05135],[-9.88189,53.07126],[-9.90546,53.04825],[-9.89797,52.8897],[-10.00715,52.76546],[-9.9403,52.70745],[-10.16899,52.53592],[-10.19036,52.47222],[-10.45287,52.47813],[-10.903,52.25081],[-10.92997,52.14581]],[[-10.497,52.102],[-10.469,52.207],[-10.35917,52.20453],[-9.891,52.194],[-9.802,52.241],[-9.784,52.341],[-9.736,52.48],[-9.69162,52.49167],[-9.50974,52.53949],[-9.504,52.541],[-9.193,52.554],[-9.134,52.681],[-9.57075,52.64113],[-9.61299,52.63727],[-9.61531,52.63706],[-9.616,52.637],[-9.61465,52.63852],[-9.60357,52.651],[-9.5772,52.6807],[-9.54978,52.7116],[-9.4581,52.81486],[-9.442,52.833],[-9.526,52.905],[-9.42518,53.00257],[-9.42149,53.00614],[-9.40788,53.01931],[-9.35032,53.07502],[-9.35025,53.07508],[-9.31742,53.10685],[-9.309,53.115],[-8.997,53.12],[-8.924,53.161],[-9.002,53.3],[-9.158,53.221],[-9.297,53.28],[-9.32727,53.27706],[-9.441,53.266],[-9.53917,53.31062],[-9.617,53.346],[-9.803,53.345],[-9.885,53.297],[-10.16,53.374],[-10.021,53.512],[-10.151,53.576],[-9.81,53.632],[-9.83959,53.6969],[-9.84252,53.70333],[-9.872,53.768],[-9.696,53.873],[-9.913,53.97],[-10.14279,53.91989],[-10.179,53.912],[-10.17383,53.97218],[-10.16,54.133],[-9.892,54.326],[-9.474,54.241],[-9.323,54.275],[-9.11481,54.26007],[-9.086,54.258],[-9.04047,54.25295],[-8.59,54.203],[-8.68621,54.36269],[-8.687,54.364],[-8.50243,54.42377],[-8.301,54.489],[-8.211,54.634],[-8.829,54.634],[-8.76,54.701],[-8.65162,54.72174],[-8.65066,54.72193],[-8.504,54.75],[-8.476,54.88],[-8.345,55.095],[-8.118,55.177],[-7.756,55.253],[-7.657,55.117],[-7.498,55.05],[-7.225,55.104],[-6.997,55.172],[-6.645,55.206],[-6.454,55.187],[-6.279,55.14],[-6.117,55.16],[-6.018,55.093],[-5.785,54.737],[-5.764,54.657],[-5.8,54.523],[-5.662,54.322],[-5.731,54.175],[-5.912,54.027],[-6.00916,53.99482],[-6.01685,53.99227],[-6.072,53.974],[-6.343,53.94],[-6.443,53.899],[-6.335,53.786],[-6.172,53.439],[-6.043,52.893],[-6.071,52.767],[-6.232,52.613],[-6.341,52.427],[-6.406,52.214],[-6.489,52.194],[-6.617,52.221],[-6.894,52.207],[-6.962,52.111],[-7.372,52.092],[-7.751,52.033],[-7.862,51.968],[-8.159,51.84],[-8.565,51.615],[-8.848,51.6],[-9.243,51.473],[-9.819,51.435],[-9.80554,51.53035],[-9.805,51.53418],[-9.795,51.605],[-9.835,51.803],[-10.217,51.758],[-10.24071,51.82576],[-10.26561,51.8969],[-10.294,51.978],[-9.964,52.092],[-10.40183,52.10021],[-10.497,52.102]]],[[[-5.99794,50.36522],[-5.89689,49.87376],[-5.65921,49.82884],[-5.59212,49.78159],[-4.95724,49.7926],[-4.69521,49.9978],[-4.48022,50.07138],[-4.3952,50.05924],[-4.27854,50.09234],[-4.22946,50.04679],[-3.80831,49.93288],[-3.64128,49.95188],[-3.36735,50.06584],[-3.21431,50.20784],[-3.14285,50.33283],[-3.13465,50.38023],[-3.04637,50.38884],[-2.96438,50.40952],[-2.76516,50.33578],[-2.43272,50.36352],[-2.1435,50.30967],[-1.93556,50.44231],[-1.31401,50.4973],[-1.25101,50.50605],[-1.15516,50.52414],[-1.04952,50.48619],[-0.71719,50.46203],[-0.32761,50.53558],[0.0858,50.46826],[0.42611,50.50439],[0.74491,50.63666],[0.77268,50.63176],[1.28061,50.87994],[1.27388,50.86723],[1.22357,50.81517],[1.15619,50.77156],[1.07512,50.7386],[1.52469,50.8776],[1.76295,51.09911],[1.79511,51.33111],[1.54962,51.59823],[1.39889,51.64281],[1.76744,51.80561],[1.90706,51.90886],[2.05371,52.09486],[2.08687,52.15462],[2.12283,52.25362],[2.12502,52.36175],[2.02237,52.70075],[1.9329,52.81946],[1.72417,52.97846],[1.52715,53.06424],[1.16442,53.14324],[1.0484,53.15846],[0.77741,53.17146],[0.70208,53.16512],[0.6938,53.2133],[0.60245,53.3793],[0.56102,53.43318],[0.46786,53.52618],[0.36558,53.59674],[0.18792,53.68274],[0.21005,53.73917],[0.216,53.84017],[0.15754,54.07417],[0.08388,54.18518],[-0.21781,54.44795],[-0.47728,54.69105],[-0.75495,54.80971],[-0.98808,54.84459],[-1.00434,54.85162],[-1.10633,55.00176],[-1.21422,55.28028],[-1.19757,55.33726],[-1.22657,55.48217],[-1.27875,55.55617],[-1.4204,55.66507],[-1.58663,55.74137],[-1.84655,55.962],[-2.245,55.811],[-1.942,55.556],[-1.719,55.454],[-1.666,55.38],[-1.696,55.273],[-1.556,54.922],[-1.389,54.68],[-1.192,54.595],[-0.871,54.547],[-0.605,54.3],[-0.296,54.033],[-0.235,53.799],[-0.319,53.579],[0.081,53.386],[0.175,53.293],[0.268,53.127],[0.25484,53.05964],[0.251,53.04],[0.23469,53.02315],[0.23068,53.01902],[0.17351,52.95997],[0.006,52.787],[0.327,52.707],[0.44767,52.80259],[0.505,52.848],[0.60625,52.87064],[0.742,52.901],[1.013,52.888],[1.376,52.809],[1.586,52.65],[1.692,52.311],[1.657,52.212],[1.512,52.026],[1.031,51.813],[0.81463,51.65433],[0.686,51.56],[0.65505,51.55241],[0.254,51.454],[0.67451,51.39589],[0.804,51.378],[0.9706,51.36399],[1.03,51.359],[1.189,51.405],[1.365,51.353],[1.335,51.121],[0.886,50.982],[0.888,50.893],[0.673,50.931],[0.192,50.731],[-0.336,50.817],[-0.839,50.722],[-1.103,50.817],[-1.373,50.766],[-1.65928,50.74067],[-1.66658,50.74002],[-2.085,50.703],[-2.024,50.57],[-2.432,50.646],[-2.551,50.57],[-2.961,50.722],[-3.111,50.657],[-3.521,50.617],[-3.563,50.361],[-3.715,50.219],[-3.882,50.2],[-3.90636,50.22277],[-3.9107,50.22682],[-4.004,50.314],[-4.243,50.391],[-4.303,50.324],[-4.541,50.358],[-4.967,50.212],[-5.282,49.964],[-5.429,50.068],[-5.778,50.134],[-5.238,50.346],[-5.017,50.561],[-4.815,50.604],[-4.605,50.779],[-4.552,50.997],[-4.443,50.969],[-4.277,51.064],[-4.281,51.187],[-3.825,51.235],[-3.483,51.181],[-3.066,51.178],[-3.05769,51.21626],[-3.033,51.33],[-2.90108,51.39118],[-2.895,51.394],[-2.75,51.644],[-3.1086,51.49395],[-3.173,51.467],[-3.37001,51.46277],[-3.48113,51.46038],[-3.499,51.46],[-3.51777,51.46617],[-4.159,51.677],[-4.999,51.702],[-5.179,51.787],[-5.249,51.86],[-5.061,52.006],[-4.619,52.094],[-4.295,52.2],[-4.124,52.373],[-4.10882,52.56168],[-4.10878,52.56228],[-4.094,52.746],[-4.148,52.832],[-4.468,52.811],[-4.621,52.831],[-4.492,52.991],[-4.318,53.091],[-3.957,53.205],[-3.37097,53.23117],[-3.35843,53.23173],[-3.33,53.233],[-2.914,53.267],[-3.057,53.514],[-3.05476,53.52293],[-3.05313,53.52943],[-2.98,53.821],[-2.94088,53.89142],[-2.93638,53.89952],[-2.865,54.028],[-2.886,54.169],[-3.261,54.141],[-3.479,54.275],[-3.569,54.415],[-3.43,54.643],[-3.153,54.838],[-3.309,54.885],[-3.577,54.924],[-3.71538,54.86798],[-3.79011,54.81504],[-3.86905,54.73349],[-4.0056,54.50549],[-4.00267,54.3198],[-3.9112,54.1798],[-3.81337,54.08798],[-3.59429,53.95398],[-3.40862,53.91504],[-3.4139,53.90536],[-3.43157,53.86088],[-3.50529,53.55388],[-3.49658,53.49762],[-3.99046,53.47556],[-4.16663,53.44507],[-4.2945,53.40462],[-4.277,53.398],[-4.222,53.322],[-4.046,53.3],[-4.101,53.248],[-4.218,53.2],[-4.326,53.145],[-4.351,53.124],[-4.402,53.126],[-4.494,53.189],[-4.567,53.273],[-4.5677,53.31339],[-4.62807,53.28712],[-4.80136,53.18712],[-4.89464,53.10964],[-5.02215,52.94964],[-4.71531,52.56582],[-4.56226,52.54582],[-4.55369,52.54555],[-4.56014,52.45378],[-4.60844,52.40449],[-4.79022,52.34493],[-5.19584,52.26412],[-5.40386,52.1747],[-5.59075,52.0287],[-5.62439,51.72167],[-5.55378,51.64867],[-5.4432,51.57127],[-5.2627,51.48627],[-5.01985,51.431],[-4.40713,51.41277],[-4.71087,51.18146],[-4.71087,51.18124],[-4.73097,51.16969],[-4.71077,51.17895],[-4.70888,51.13378],[-4.97525,51.03813],[-5.01046,50.88772],[-5.07341,50.83495],[-5.15185,50.81824],[-5.37196,50.70957],[-5.53926,50.54563],[-5.99794,50.36522]],[[-4.68501,51.14235],[-4.67094,51.17118],[-4.63657,51.2098],[-4.56452,51.22914],[-4.46986,51.23978],[-4.41823,51.23815],[-4.68501,51.14235]],[[-4.15408,50.12766],[-3.99901,50.17167],[-4.02376,50.15903],[-4.12129,50.13118],[-4.15408,50.12766]],[[-1.91581,50.45491],[-1.69679,50.59461],[-1.7022,50.58452],[-1.7587,50.52886],[-1.83469,50.4836],[-1.91581,50.45491]]],[[[-2.06624,43.55265],[-1.915,43.305],[-1.746,43.36],[-1.561,43.524],[-1.33495,44.47121],[-1.37534,44.47939],[-1.45269,44.51036],[-1.50568,44.54528],[-1.51192,44.58827],[-1.31793,44.54252],[-1.314,44.559],[-1.136,44.6],[-1.23,44.73],[-1.332,44.614],[-1.30745,44.83976],[-1.30681,44.84562],[-1.276,45.129],[-1.24658,45.23735],[-1.175,45.501],[-1.123,45.432],[-0.9,45.294],[-0.88572,45.26544],[-0.814,45.122],[-0.728,45.019],[-0.83651,45.27703],[-0.855,45.321],[-1.14739,45.59475],[-1.247,45.688],[-1.237,45.8],[-1.075,46.015],[-1.166,46.184],[-1.256,46.307],[-1.60409,46.1845],[-1.52212,46.07343],[-1.49979,46.03246],[-1.57936,45.92598],[-1.62281,45.81687],[-1.63203,45.70487],[-1.55821,45.531],[-1.6512,45.17988],[-1.65685,45.14985],[-1.70946,44.63485],[-1.66363,44.62404],[-1.68678,44.60487],[-1.91094,43.64036],[-1.9767,43.58182],[-2.06624,43.55265]]]]}},{"type":"Feature","properties":{"baseIndex":34},"geometry":{"type":"MultiPolygon","coordinates":[[[[7.397,43.764],[7.64891,43.56384],[7.72799,43.61591],[7.76375,43.62116],[7.81942,43.63273],[8.11059,43.71073],[8.25559,43.78134],[8.44432,43.92831],[8.82802,44.15749],[8.85704,44.16007],[9.02636,44.11841],[9.51235,43.97952],[9.65031,43.90972],[9.82681,43.75173],[9.94776,43.59676],[10.13401,43.15726],[10.15505,43.11779],[10.41213,42.73279],[10.46717,42.67166],[10.83051,42.36966],[10.9172,42.31617],[11.26626,42.16232],[11.69437,41.82227],[11.96,42.007],[11.497,42.376],[11.105,42.549],[10.743,42.851],[10.488,43.236],[10.292,43.705],[10.137,43.905],[9.909,44.11],[9.692,44.22],[9.157,44.373],[8.897,44.437],[8.672,44.417],[8.186,44.126],[7.98,43.965],[7.689,43.887],[7.553,43.867],[7.397,43.764]]],[[[12.176,45.214],[12.313,45.178],[12.322,45.042],[12.409,44.989],[12.523,44.883],[12.476,44.787],[12.274,44.673],[12.281,44.55],[12.345,44.301],[12.409,44.235],[12.70226,44.38188],[12.71537,44.34998],[12.7068,44.38416],[12.71795,44.38975],[12.70099,44.40733],[12.66564,44.54835],[12.71219,44.57456],[12.83471,44.69802],[12.88231,44.79402],[12.82562,45.04735],[12.71218,45.15335],[12.6964,45.16528],[12.69489,45.19066],[12.47556,45.40402],[12.448,45.394],[12.46063,45.41854],[12.44658,45.43221],[12.41252,45.44117],[12.28,45.402],[12.251,45.29],[12.20987,45.27841],[12.176,45.214]]],[[[13.07743,45.51551],[13.14772,45.45951],[13.44748,45.45256],[13.46932,45.42711],[13.5256,45.45075],[13.52841,45.45068],[13.52796,45.45174],[13.527,45.454],[13.53572,45.45557],[13.53811,45.456],[13.54827,45.45783],[13.55246,45.45859],[13.54684,45.45967],[13.8,45.566],[13.673,45.715],[13.565,45.727],[13.438,45.638],[13.368,45.694],[13.07743,45.51551]]],[[[14.175,45.01],[14.46262,44.83195],[14.52688,44.88395],[14.60337,44.98154],[14.68435,45.1627],[14.525,45.266],[14.354,45.323],[14.239,45.062],[14.175,45.01]]],[[[9.94986,54.47032],[10.01113,54.42781],[10.065,54.434],[10.142,54.337],[10.213,54.372],[10.34,54.362],[10.446,54.292],[10.649,54.259],[11.039,54.313],[11.073,54.22],[11.05367,54.17828],[11.03014,54.12751],[11.016,54.097],[10.717,53.964],[10.859,53.877],[11.151,53.938],[11.16646,53.91345],[11.202,53.857],[11.24083,53.85738],[11.408,53.859],[11.55648,54.02545],[11.565,54.035],[11.5689,54.03551],[12.041,54.097],[12.312,54.202],[12.653,54.321],[12.765,54.27],[12.943,54.347],[13.026,54.265],[13.064,54.194],[13.431,54.03],[13.668,54.084],[13.738,54.03],[13.78,53.775],[13.85,53.729],[14.01,53.673],[14.08629,53.67757],[14.10244,53.67854],[14.11043,53.67901],[14.11124,53.67906],[14.12297,53.67976],[14.15578,53.68173],[14.177,53.683],[14.19,53.625],[14.433,53.594],[14.537,53.538],[14.495,53.625],[14.565,53.694],[14.558,53.75176],[14.45107,53.80216],[14.4981,53.80696],[14.483,53.819],[14.48049,53.83329],[14.47472,53.86611],[14.47289,53.87653],[14.4705,53.86664],[14.464,53.83973],[14.459,53.819],[14.40534,53.82372],[14.334,53.83],[14.248,53.816],[14.22755,53.90753],[14.227,53.91],[14.22868,53.91004],[14.23136,53.91011],[14.425,53.915],[14.47277,53.87718],[14.467,53.91],[14.886,53.98],[15.08,54.003],[15.312,54.071],[15.898,54.128],[16.115,54.2],[16.473,54.415],[16.976,54.549],[17.575,54.669],[17.56787,54.681],[17.489,54.681],[17.49664,54.80089],[17.42266,54.92541],[16.82411,54.80541],[16.78233,54.79562],[16.27996,54.66162],[16.14082,54.60405],[15.83124,54.41722],[15.74301,54.3879],[15.23684,54.33865],[15.1069,54.31376],[14.93051,54.26198],[14.79541,54.24596],[14.76086,54.241],[14.34207,54.171],[14.1966,54.04367],[14.19468,54.0562],[14.10314,54.19429],[14.03361,54.24829],[13.73421,54.29818],[13.727,54.274],[13.711,54.272],[13.696,54.284],[13.711,54.297],[13.71119,54.30202],[13.50816,54.33586],[13.4993,54.33983],[13.4845,54.33299],[13.47541,54.32879],[13.46716,54.32498],[13.41153,54.29927],[13.359,54.275],[13.357,54.26],[13.413,54.265],[13.422,54.259],[13.429,54.238],[13.393,54.221],[13.319,54.249],[13.25,54.258],[13.156,54.306],[13.117,54.339],[13.134,54.372],[13.223,54.369],[13.268,54.383],[13.239,54.411],[13.208,54.428],[13.165,54.434],[13.229,54.465],[13.232,54.486],[13.19181,54.50269],[12.9431,54.53223],[12.93724,54.5349],[12.91317,54.53578],[12.66762,54.56494],[12.62466,54.5463],[12.41601,54.55391],[12.07569,54.43491],[12.0578,54.42828],[11.85922,54.35116],[11.51333,54.30609],[11.49079,54.36965],[10.93238,54.57699],[10.68366,54.54254],[10.40195,54.63087],[10.27496,54.64087],[9.98696,54.59159],[9.978,54.49],[9.94986,54.47032]],[[11.47623,54.06119],[11.48047,54.07012],[11.50423,54.06048],[11.52216,54.04846],[11.47623,54.06119]],[[13.777,53.949],[13.778,54.044],[14.00637,53.94546],[14.01255,53.94279],[14.05864,53.9229],[14.07,53.918],[14.174,53.907],[14.205,53.813],[14.16537,53.82168],[14.16321,53.82215],[14.068,53.843],[14.029,53.865],[14.01555,53.86266],[13.828,53.83],[13.777,53.949]]],[[[3.21973,51.77475],[3.23769,51.37305],[3.29799,51.34098],[3.35103,51.33276],[3.35473,51.33218],[3.36395,51.33075],[3.35689,51.33772],[3.35101,51.34725],[3.34345,51.37793],[3.35142,51.44085],[3.38233,51.50092],[3.43028,51.55051],[3.77,51.384],[3.775,51.388],[3.743,51.46],[3.52,51.579],[3.878,51.792],[4.264,52.071],[4.387,52.23],[4.641,52.756],[4.719,52.802],[4.88577,52.83316],[5.008,52.856],[5.15607,52.7546],[5.173,52.743],[5.235,52.623],[5.17336,52.57884],[5.12637,52.54516],[5.108,52.532],[5.006,52.557],[5.036,52.334],[4.96523,52.28792],[4.95702,52.28257],[4.95,52.278],[5.36802,52.19727],[5.38361,52.19426],[5.473,52.177],[5.55866,52.2669],[5.574,52.283],[5.59258,52.28818],[5.757,52.334],[5.817,52.521],[5.611,52.532],[5.556,52.587],[5.547,52.679],[5.63984,52.74118],[5.653,52.75],[5.6342,52.7523],[5.326,52.79],[5.358,52.938],[5.343,52.996],[5.332,53.011],[5.343,53.03527],[5.39,53.139],[5.966,53.335],[6.261,53.322],[6.53838,53.36049],[6.751,53.39],[6.80629,53.32767],[6.861,53.266],[7.009,53.245],[7.043,53.164],[7.16,53.164],[7.19,53.23],[6.981,53.317],[7.01022,53.4177],[7.037,53.51],[7.04253,53.51351],[7.04956,53.51798],[7.07881,53.53658],[7.166,53.592],[7.332,53.604],[7.969,53.638],[7.99369,53.60115],[7.99378,53.60102],[8.01196,53.5739],[8.05956,53.50285],[8.099,53.444],[8.05902,53.40345],[8.05532,53.3997],[8.029,53.373],[8.175,53.322],[8.242,53.352],[8.261,53.439],[8.189,53.531],[8.306,53.525],[8.45136,53.46864],[8.502,53.449],[8.429,53.612],[8.45053,53.64865],[8.49141,53.71827],[8.50347,53.73881],[8.51595,53.76005],[8.54,53.801],[8.67246,53.77907],[8.848,53.75],[9.125,53.79],[8.857,53.867],[8.819,53.969],[8.94248,54.01373],[8.946,54.015],[8.94465,54.01561],[8.91256,54.03009],[8.89843,54.03647],[8.833,54.066],[8.779,54.132],[8.853,54.168],[8.884,54.229],[8.60848,54.19717],[8.581,54.194],[8.57897,54.20009],[8.554,54.275],[8.58604,54.28113],[8.47052,54.30134],[8.36431,54.01464],[8.3941,53.97867],[8.10899,53.89009],[8.08605,53.85034],[7.92826,53.90822],[7.29129,53.87422],[7.27708,53.87332],[7.1111,53.86132],[6.83428,53.77726],[6.70592,53.69526],[6.66757,53.64909],[6.64866,53.65426],[6.22596,53.59558],[5.99921,53.60558],[5.74294,53.57086],[5.16796,53.37486],[4.95653,53.21026],[4.91171,53.10913],[4.87614,53.1152],[4.5873,53.0612],[4.40782,52.99626],[4.33015,52.95026],[4.21379,52.83253],[3.9743,52.32644],[3.89255,52.21954],[3.56101,51.97861],[3.21973,51.77475]],[[4.99222,52.28789],[5.22233,52.3227],[5.17053,52.30507],[5.06162,52.28783],[4.99222,52.28789]]],[[[8.41174,54.24531],[8.44578,54.29453],[8.4562,54.30384],[8.44209,54.30631],[8.41174,54.24531]]],[[[8.4562,54.30384],[8.47052,54.30134],[8.47899,54.32419],[8.4562,54.30384]]],[[[8.47899,54.32419],[8.49545,54.3389],[8.55885,54.3767],[8.48511,54.3407],[8.47899,54.32419]]],[[[13.36521,54.0594],[13.431,54.03],[13.668,54.084],[13.738,54.03],[13.78,53.775],[13.85,53.729],[14.01,53.673],[14.177,53.683],[14.18876,53.63054],[14.51372,53.7945],[14.483,53.819],[14.47289,53.87653],[14.459,53.819],[14.334,53.83],[14.248,53.816],[14.227,53.91],[14.425,53.915],[14.47277,53.87718],[14.467,53.91],[14.62994,53.93722],[14.62305,53.9588],[14.28826,54.15451],[14.34071,54.13674],[14.25583,54.17347],[14.25485,54.17404],[14.2544,54.17409],[14.04953,54.26274],[13.36521,54.0594]],[[13.777,53.949],[13.778,54.044],[14.07,53.918],[14.174,53.907],[14.205,53.813],[14.068,53.843],[14.029,53.865],[13.828,53.83],[13.777,53.949]]],[[[13.77342,53.87456],[13.79544,53.78056],[14.06074,53.67604],[14.177,53.683],[14.18997,53.62513],[14.19043,53.62495],[14.433,53.594],[14.45851,53.58027],[14.50636,53.60147],[14.495,53.625],[14.565,53.694],[14.557,53.76],[14.483,53.819],[14.47289,53.87653],[14.459,53.819],[14.334,53.83],[14.248,53.816],[14.227,53.91],[14.425,53.915],[14.47277,53.87718],[14.467,53.91],[14.86641,53.97673],[14.83971,54.03899],[14.79204,54.07699],[14.4054,54.18606],[14.2074,54.18106],[13.92408,53.98097],[14.07,53.918],[14.174,53.907],[14.205,53.813],[14.068,53.843],[14.029,53.865],[13.828,53.83],[13.80066,53.8938],[13.77342,53.87456]]]]}},{"type":"Feature","properties":{"baseIndex":35},"geometry":{"type":"MultiPolygon","coordinates":[[[[12.409,44.235],[12.697,43.935],[13.00508,44.08902],[12.71865,44.38902],[12.409,44.235]]]]}},{"type":"Feature","properties":{"baseIndex":36},"geometry":{"type":"MultiPolygon","coordinates":[[[[2.00984,51.27885],[2.078,51.011],[2.443,51.048],[2.995,51.313],[3.214,51.354],[3.472,51.314],[3.681,51.321],[3.77,51.384],[3.46364,51.55383],[3.49316,51.56522],[3.52993,51.5737],[3.52,51.579],[3.52615,51.58266],[3.52931,51.58454],[3.53479,51.5878],[3.51301,51.58707],[3.31793,51.61733],[3.09014,51.61389],[2.87125,51.57289],[2.73286,51.5284],[2.26906,51.30514],[2.00984,51.27885]]]]}},{"type":"Feature","properties":{"baseIndex":38},"geometry":{"type":"MultiPolygon","coordinates":[[[[1.47067,50.59487],[1.52863,50.56879],[1.528,50.578],[1.53908,50.62232],[1.51338,50.63387],[1.47067,50.59487]]],[[[1.817,50.439],[1.86,50.478],[1.822,50.45],[1.817,50.439]]]]}},{"type":"Feature","properties":{"baseIndex":39},"geometry":{"type":"MultiPolygon","coordinates":[[[[20.873,64.033],[21.44189,63.92945],[21.57932,64.07159],[21.85389,64.20573],[21.94962,64.5009],[21.80343,64.6369],[21.72994,64.68103],[21.78606,64.70561],[21.88538,64.76313],[22.04794,64.88613],[22.0976,65.09852],[22.05988,65.1506],[22.30705,65.20192],[22.44628,65.26792],[22.56392,65.3504],[22.70711,65.50366],[22.73137,65.49335],[23.51017,65.44121],[23.6813,65.47839],[23.89412,65.51381],[24.07262,65.41847],[24.46155,65.31709],[24.56304,65.30859],[24.50022,65.11523],[24.56668,65.02539],[24.5051,65.01641],[24.04593,64.83641],[23.93647,64.77977],[23.57943,64.53049],[23.08852,64.24583],[23.06538,64.23143],[22.62184,63.93243],[22.99144,63.51888],[27.09453,63.08988],[27.232,63.354],[23.131,63.783],[23.58,64.082],[24.094,64.377],[24.47,64.636],[24.932,64.816],[25.325,64.802],[25.352,64.939],[25.293,65.004],[25.16297,65.06251],[25.133,65.076],[25.13475,65.08102],[25.252,65.417],[25.104,65.54],[24.591,65.583],[24.215,65.786],[23.844,65.798],[23.406,65.725],[23.204,65.681],[22.798,65.855],[22.646,65.935],[22.49,65.883],[22.22278,65.72712],[22.21376,65.72186],[22.202,65.715],[21.957,65.446],[21.819,65.38],[21.522,65.372],[21.277,65.212],[21.424,65.104],[21.489,65.017],[21.329,64.894],[20.921,64.714],[21.064,64.592],[21.237,64.521],[21.386,64.385],[21.049,64.219],[20.873,64.033]]],[[[19.0907,69.45066],[19.821,69.37],[20.00811,69.57987],[20.158,69.748],[20.286,69.786],[20.358,69.71],[20.28033,69.58573],[20.278,69.582],[20.197,69.318],[20.553,69.522],[20.5741,69.55196],[20.734,69.779],[21.07751,69.81531],[21.103,69.818],[21.40165,70.0084],[21.412,70.015],[21.4194,70.01305],[21.609,69.963],[21.908,69.804],[22.13557,70.06191],[22.163,70.093],[22.20935,70.13287],[22.306,70.216],[22.61024,70.18488],[22.746,70.171],[22.75888,70.16459],[23.204,69.943],[23.292,70.011],[23.44432,70.19998],[23.5031,70.27291],[23.508,70.279],[23.827,70.479],[23.955,70.502],[24.208,70.472],[24.36,70.61],[24.571,70.741],[24.849,70.827],[25.389,70.905],[25.5154,70.903],[25.832,70.898],[25.231,70.558],[25.122,70.435],[25.11174,70.37277],[25.074,70.144],[25.263,70.107],[25.56108,70.3562],[25.56113,70.35624],[25.56593,70.36025],[25.574,70.367],[26.263,70.791],[26.40816,70.84332],[26.59538,70.91081],[26.607,70.915],[26.619,70.799],[26.61832,70.66133],[26.617,70.392],[26.934,70.469],[27.131,70.577],[27.14686,70.59319],[27.43315,70.88543],[27.516,70.97],[27.948,71.017],[28.211,71.018],[28.22235,71.00993],[28.308,70.949],[28.136,70.833],[27.985,70.717],[28.01382,70.62545],[28.019,70.609],[27.875,70.425],[28.29,70.372],[28.389,70.572],[28.44689,70.61378],[28.47464,70.6338],[28.48011,70.63775],[28.795,70.865],[28.984,70.857],[29.05089,70.83473],[29.741,70.605],[30.041,70.544],[30.462,70.537],[30.754,70.43],[30.799,70.308],[30.252,70.131],[29.78004,70.11639],[29.735,70.115],[29.7272,70.11516],[29.72674,70.11517],[29.5162,70.11957],[28.73,70.136],[29.08,69.961],[29.22018,69.9233],[29.49986,69.8481],[29.556,69.833],[29.729,69.698],[30.056,69.721],[30.361,69.767],[30.735,69.752],[31.054,69.64],[31.331,69.663],[31.782,69.777],[32.072,69.883],[32.076,69.815],[32.191,69.642],[32.352,69.514],[32.596,69.424],[33.01,69.387],[33.03953,69.3821],[33.281,69.342],[33.28125,69.34003],[33.316,69.071],[33.628,69.215],[33.818,69.192],[33.99549,69.18435],[34.06039,69.18155],[34.305,69.171],[34.699,69.164],[34.934,69.149],[35.437,69.15],[36.018,69.024],[37.246,68.793],[37.689,68.63],[38.406,68.243],[38.668,68.146],[39.918,67.94],[40.826,67.66],[40.973,67.534],[40.951,67.335],[41.017,67.202],[41.209,67.069],[41.255,66.937],[41.147,66.782],[40.836,66.561],[40.345,66.319],[39.978,66.201],[39.19,66.039],[38.782,66.001],[38.048,66.007],[37.422,66.094],[36.505,66.172],[35.772,66.259],[35.168,66.412],[34.153,66.63],[33.62873,66.68272],[33.437,66.702],[33.28709,66.81591],[33.26088,66.83582],[33.158,66.914],[32.991,66.988],[32.90346,67.00263],[32.644,67.046],[32.219,66.994],[32.425,66.891],[32.57928,66.77752],[32.59332,66.76719],[32.5942,66.76654],[32.60655,66.75746],[32.60677,66.7573],[32.61993,66.74762],[32.63056,66.7398],[32.754,66.649],[32.971,66.583],[33.19184,66.46351],[33.47,66.313],[33.844,66.182],[34.258,66.11],[34.544,66.001],[34.726,65.797],[34.726,65.615],[34.601,65.484],[34.293,65.396],[34.65967,65.17242],[34.9689,65.26042],[35.20506,65.38434],[35.3331,65.51534],[35.37874,65.615],[35.38335,65.797],[35.34364,65.88987],[35.16843,66.09173],[35.41475,66.02956],[35.58302,65.99873],[36.31667,65.91173],[36.36776,65.90649],[37.2464,65.83179],[37.83333,65.75032],[38.03468,65.73574],[38.76868,65.72974],[38.93001,65.73654],[39.33823,65.77454],[39.49047,65.79709],[40.28039,65.95909],[40.39477,65.989],[40.76372,66.107],[40.86614,66.14811],[41.36221,66.39011],[41.42782,66.42893],[41.74413,66.64993],[41.80632,66.71035],[41.91851,66.86535],[41.93665,66.9736],[41.89436,67.1056],[41.81226,67.20173],[41.6807,67.29447],[41.65374,67.35212],[41.6776,67.5225],[41.6174,67.64423],[41.47385,67.77023],[41.27429,67.87019],[40.3717,68.15019],[40.20739,68.18827],[39.08338,68.37389],[38.96842,68.41681],[38.30031,68.7827],[38.21544,68.82056],[37.7763,68.98356],[37.59113,69.03344],[36.38752,69.26052],[35.83015,69.38187],[35.43277,69.42131],[34.99884,69.42044],[34.83278,69.43105],[34.7368,69.43497],[34.36919,69.44151],[33.98697,69.45799],[33.87307,69.4718],[33.83201,69.46738],[33.60659,69.58743],[33.33627,69.63243],[33.1985,69.64996],[33.00269,69.66747],[32.93174,69.7254],[32.85632,69.84532],[32.85539,69.8885],[31.50203,70.06917],[31.26408,69.98133],[31.18291,69.9607],[30.98507,69.99428],[31.35171,70.1119],[31.5927,70.34137],[31.55245,70.46337],[31.34855,70.61279],[31.0597,70.71979],[30.50232,70.80797],[30.2863,70.81157],[30.24745,70.8195],[29.56763,71.04801],[29.08923,71.12608],[28.96195,71.13147],[28.20132,71.28929],[27.93832,71.28829],[27.6855,71.27433],[27.25412,71.22733],[26.72941,71.0533],[26.69203,71.01356],[25.99738,71.09759],[25.99235,71.09576],[25.87172,71.169],[25.42874,71.176],[25.0568,71.15327],[24.5181,71.07527],[24.28701,71.02469],[24.01143,70.93869],[23.84998,70.86861],[23.6521,70.74297],[23.57243,70.74092],[23.44487,70.71792],[23.11605,70.6071],[22.85942,70.44263],[22.53606,70.47574],[21.5654,70.31561],[21.43049,70.19589],[20.71778,70.14366],[20.56598,70.0448],[20.50581,70.03843],[20.25389,69.94564],[19.77798,69.99187],[19.65089,69.95387],[19.41465,69.82866],[19.0907,69.45066]]]]}},{"type":"Feature","properties":{"baseIndex":40},"geometry":{"type":"MultiPolygon","coordinates":[[[[18.52773,57.91699],[18.58851,57.77134],[18.63304,57.72834],[18.78621,57.63622],[18.83436,57.61822],[19.12729,57.68761],[19.14549,57.68431],[19.25234,57.6777],[19.3594,57.68326],[19.41174,57.69219],[19.45933,57.70674],[19.48934,57.72103],[19.59462,57.72117],[19.64178,57.74017],[19.83844,57.98776],[19.83656,57.99676],[19.60236,58.19471],[19.56645,58.20671],[19.28597,58.24826],[19.09497,58.24626],[18.847,58.20875],[18.83103,58.20375],[18.64406,58.10103],[18.59169,58.05003],[18.52947,57.93499],[18.52773,57.91699]],[[19.12729,57.68761],[19.04364,57.7028],[18.98882,57.72034],[19.26705,57.72072],[19.12729,57.68761]],[[19.48934,57.72103],[19.26705,57.72072],[19.60529,57.80085],[19.58756,57.78013],[19.5381,57.74424],[19.48934,57.72103]],[[19.034,57.901],[19.036,57.919],[19.089,57.97],[19.105,57.975],[19.296,57.977],[19.332,57.965],[19.334,57.956],[19.287,57.937],[19.257,57.949],[19.163,57.927],[19.142,57.908],[19.126,57.84],[19.078,57.858],[19.034,57.901]]],[[[19.36775,57.67875],[19.46187,57.70075],[19.41174,57.69219],[19.36775,57.67875]]]]}},{"type":"Feature","properties":{"baseIndex":41},"geometry":{"type":"MultiPolygon","coordinates":[[[[19.01885,40.29527],[19.16065,40.04094],[19.56401,39.816],[19.70663,39.68778],[19.74983,39.54318],[19.77463,39.48729],[19.89653,39.28929],[19.97861,39.20339],[20.44569,38.87839],[20.53071,38.84884],[20.47809,38.70779],[20.88014,38.20479],[21.02939,38.16752],[20.93605,38.0458],[20.88733,37.92442],[20.88068,37.84742],[20.92675,37.69067],[21.00215,37.58967],[21.04479,37.5437],[21.24734,37.36916],[21.27577,37.33386],[21.21702,37.21537],[21.21099,37.02778],[21.26855,36.89378],[21.34667,36.79142],[21.54017,36.63342],[21.94211,36.64712],[22.08792,36.40618],[22.68469,36.3945],[22.70768,36.42829],[22.81874,36.37837],[23.31356,36.66251],[23.21943,37.09451],[23.21666,37.09937],[23.25256,37.10085],[23.32862,37.12885],[23.3706,37.18233],[23.49318,37.20442],[23.6044,37.53127],[23.836,37.41369],[23.918,37.41369],[24.19702,37.52946],[24.26631,37.60746],[24.3185,37.82625],[24.24302,38.07831],[24.24484,38.08096],[24.24037,38.08717],[24.22172,38.11305],[24.025,38.386],[23.661,38.404],[23.6,38.457],[23.638,38.523],[23.463,38.624],[23.14048,38.85316],[23.121,38.867],[22.87,38.837],[22.98575,38.93667],[22.98834,38.93891],[23.014,38.961],[23.0445,38.9721],[23.06614,38.97998],[23.19586,39.0272],[23.242,39.044],[23.40258,38.94877],[23.40867,38.95212],[23.4869,39.01512],[23.53462,39.34206],[23.37352,39.55206],[23.31338,39.61034],[23.13285,39.74209],[23.11754,39.79892],[23.211,39.70245],[23.54703,39.66545],[23.8178,39.72291],[23.81888,39.72358],[23.83708,39.71755],[23.94808,39.72755],[24.21567,39.92328],[24.39046,39.90709],[24.46454,39.93809],[24.54085,40.37054],[24.29703,40.55176],[24.39581,40.59448],[24.46848,40.64421],[24.53194,40.60187],[24.71394,40.60687],[24.89642,40.6511],[24.9683,40.68667],[25.2015,40.63547],[25.27113,40.62564],[25.69554,40.59866],[25.79177,40.4617],[25.895,40.3957],[25.92904,40.38451],[25.85388,40.23217],[25.85875,40.21862],[25.8238,40.16267],[26.1413,39.90606],[26.186,39.997],[26.32,39.992],[26.403,40.176],[26.482,40.187],[26.765,40.377],[26.996,40.372],[27.056,40.43],[27.272,40.451],[27.31296,40.38274],[27.42256,40.4242],[27.60413,40.58859],[27.63629,40.66829],[27.65628,40.68967],[27.92684,40.68672],[28.17892,40.76212],[28.18631,40.76746],[28.47882,40.69074],[28.53192,40.6801],[28.76395,40.6481],[29.03646,40.69487],[29.17269,40.76887],[29.24309,40.83634],[29.015,40.979],[29.161,41.216],[29.39076,41.18129],[29.33925,41.38899],[29.27047,41.44299],[29.12816,41.51167],[28.86269,41.58002],[28.552,41.67101],[28.38885,41.76898],[28.38195,41.7862],[28.38758,41.86947],[28.30358,42.05613],[28.27617,42.08059],[28.27583,42.08807],[28.20102,42.2432],[28.08316,42.35752],[28.08283,42.35908],[28.00189,42.49066],[27.99153,42.4998],[28.17784,42.63742],[28.21219,42.70142],[28.23688,42.78722],[28.25546,43.05122],[27.887,43.064],[27.87,42.8],[27.836,42.736],[27.654,42.684],[27.6315,42.65913],[27.62589,42.65293],[27.502,42.516],[27.495,42.401],[27.608,42.417],[27.723,42.316],[27.738,42.247],[27.913,42.078],[27.918,41.978],[28.026,41.882],[28.018,41.753],[28.07,41.625],[28.104,41.593],[28.371,41.433],[28.74,41.325],[29.012,41.255],[29.081,41.201],[28.964,40.989],[28.828,40.915],[28.596,40.947],[28.173,41.058],[28.026,41.026],[27.932,40.958],[27.474,40.963],[27.313,40.79],[27.264,40.667],[26.889,40.525],[26.614,40.398],[26.514,40.282],[26.376,40.213],[26.255,40.082],[26.141,40.045],[26.214,40.161],[26.223,40.224],[26.195,40.303],[26.23074,40.32094],[26.26632,40.33879],[26.27008,40.34068],[26.28426,40.3478],[26.458,40.435],[26.556,40.498],[26.455,40.584],[26.418,40.578],[26.22632,40.5943],[26.14341,40.60135],[26.124,40.603],[26.021,40.669],[25.993,40.852],[25.301,40.896],[25.046,40.952],[25.019,41.017],[24.812,40.933],[24.71029,40.8826],[24.70225,40.87862],[24.701,40.878],[24.519,40.873],[24.505,40.984],[24.354,40.971],[24.219,40.83],[24.21499,40.82827],[24.20146,40.82241],[24.02679,40.74678],[24.025,40.746],[23.98984,40.74271],[23.98619,40.74237],[23.98463,40.74222],[23.90166,40.73446],[23.89304,40.73366],[23.886,40.733],[23.87395,40.7392],[23.87258,40.73991],[23.748,40.804],[23.635,40.773],[23.633,40.713],[23.709,40.63],[23.75642,40.53453],[23.76332,40.52065],[23.76366,40.51996],[23.77769,40.49171],[23.785,40.477],[23.924,40.451],[23.96351,40.42171],[23.97192,40.41548],[24.16952,40.26901],[24.206,40.24197],[24.295,40.176],[24.24699,40.15589],[24.221,40.145],[24.055,40.261],[24.048,40.308],[23.99847,40.32342],[23.97901,40.32948],[23.97859,40.32961],[23.775,40.393],[23.722,40.348],[23.627,40.345],[23.659,40.287],[23.65721,40.27215],[23.6563,40.26464],[23.65612,40.2631],[23.65609,40.26291],[23.65533,40.2566],[23.652,40.229],[23.73032,40.19087],[23.73189,40.19011],[23.804,40.155],[23.869,40.161],[23.87377,40.15109],[23.8813,40.13544],[23.88384,40.13015],[23.90092,40.09465],[23.92,40.055],[23.90716,39.99771],[23.907,39.997],[23.88914,39.99539],[23.796,39.987],[23.70912,40.07605],[23.70362,40.08169],[23.64658,40.14016],[23.64589,40.14086],[23.6123,40.17529],[23.60476,40.18302],[23.59608,40.15172],[23.55949,40.10976],[23.53341,40.09158],[23.6011,40.18677],[23.596,40.192],[23.442,40.256],[23.349,40.282],[23.292,40.287],[23.293,40.245],[23.259,40.229],[23.367,40.108],[23.436,40.045],[23.44227,40.04327],[23.48975,40.03018],[23.4949,40.02877],[23.592,40.002],[23.639,39.96],[23.597,39.934],[23.38408,39.95745],[23.261,39.971],[23.26945,40.01552],[23.26952,40.0159],[23.26984,40.01757],[23.2702,40.01947],[23.276,40.05],[23.215,40.182],[23.141,40.266],[22.96,40.315],[22.90447,40.35874],[22.89922,40.36288],[22.84755,40.40358],[22.82915,40.41807],[22.748,40.482],[22.84216,40.52502],[22.864,40.535],[22.87092,40.57338],[22.875,40.596],[22.852,40.651],[22.77,40.667],[22.76973,40.66665],[22.76917,40.66591],[22.701,40.577],[22.54443,40.51782],[22.53648,40.51481],[22.53636,40.51477],[22.53088,40.51269],[22.492,40.498],[22.52341,40.46916],[22.602,40.397],[22.51866,40.27348],[22.49,40.231],[22.467,40.118],[22.526,40.064],[22.555,39.987],[22.695,39.834],[22.754,39.818],[22.813,39.603],[23.074,39.413],[23.236,39.203],[23.18926,39.16525],[23.158,39.14],[23.052,39.103],[23.1,39.187],[23.06194,39.24512],[23.045,39.271],[22.981,39.329],[22.851,39.366],[22.72,39.287],[22.74776,39.23631],[22.75677,39.21985],[22.766,39.203],[22.835,39.166],[22.84483,39.12721],[22.88313,39.09746],[22.85254,39.0968],[22.85795,39.07549],[22.85804,39.07513],[22.86489,39.04812],[22.86586,39.04426],[22.86732,39.03852],[22.871,39.024],[22.81442,38.96937],[22.784,38.94],[22.49,38.877],[22.602,38.856],[22.723,38.793],[22.81224,38.77982],[22.899,38.767],[22.9444,38.71359],[22.984,38.667],[23.1,38.672],[23.169,38.667],[23.191,38.61],[23.356,38.49],[23.494,38.483],[23.556,38.352],[23.804,38.347],[23.961,38.21],[23.967,38.152],[23.88,38.115],[23.987,37.763],[23.918,37.685],[23.836,37.685],[23.734,37.858],[23.634,37.879],[23.496,38.068],[23.419,38.068],[23.24418,38.01861],[23.20969,38.00887],[23.196,38.005],[22.981,37.958],[22.93715,37.92736],[22.9211,37.91614],[22.898,37.9],[23.04,37.858],[23.049,37.643],[23.151,37.59],[23.221,37.602],[23.322,37.637],[23.312,37.548],[23.418,37.469],[23.185,37.427],[23.186,37.375],[23.11,37.347],[23.07695,37.35604],[22.971,37.385],[23.00356,37.44228],[23.00557,37.44582],[23.01224,37.45756],[23.025,37.48],[22.99735,37.49266],[22.97913,37.501],[22.97722,37.50188],[22.96664,37.50672],[22.942,37.518],[22.713,37.543],[22.69963,37.55091],[22.69428,37.55407],[22.642,37.585],[22.639,37.492],[22.71205,37.32155],[22.726,37.289],[22.7534,37.26475],[22.813,37.212],[22.793,37.139],[22.887,37.047],[22.983,36.615],[22.674,36.754],[22.524,36.722],[22.39,36.524],[22.21353,36.81752],[22.211,36.82174],[22.191,36.855],[21.984,37.02],[21.781,36.823],[21.588,36.981],[21.531,37.115],[21.627,37.307],[21.614,37.415],[21.517,37.536],[21.296,37.727],[21.221,37.828],[21.228,37.905],[21.40142,38.12996],[21.41162,38.14319],[21.41211,38.14382],[21.44,38.18],[21.57633,38.15761],[21.714,38.135],[21.77756,38.17969],[21.79737,38.19362],[21.79763,38.1938],[21.906,38.27],[21.997,38.251],[22.21864,38.16294],[22.69073,37.97536],[22.72062,37.96348],[22.747,37.953],[22.75118,37.95424],[22.85414,37.98472],[22.899,37.998],[23.07764,38.12889],[23.0849,38.13421],[23.116,38.157],[22.87676,38.20485],[22.876,38.205],[22.86346,38.21014],[22.79089,38.23986],[22.76981,38.2485],[22.76862,38.24898],[22.74853,38.25721],[22.334,38.427],[22.31456,38.42842],[21.826,38.464],[21.661,38.438],[21.624,38.43476],[21.59266,38.43202],[21.4289,38.41768],[21.364,38.412],[21.172,38.348],[20.81563,38.79614],[20.772,38.851],[20.8298,38.8725],[20.83966,38.87616],[20.85424,38.88159],[20.893,38.896],[21.007,38.871],[21.105,38.922],[21.16,39.005],[21.007,39.113],[20.901,39.062],[20.82369,39.06824],[20.81685,39.06879],[20.81216,39.06917],[20.678,39.08],[20.64402,39.1037],[20.212,39.405],[20.091,39.603],[20.029,39.814],[19.804,40.017],[19.369,40.26],[19.38,40.324],[19.484,40.296],[19.494,40.403],[19.38922,40.52873],[19.17651,40.42852],[19.1793,40.43336],[19.22808,40.48306],[19.29032,40.52292],[19.36276,40.55084],[19.36973,40.55212],[19.339,40.589],[19.527,40.866],[19.445,40.965],[19.53,41.218],[19.417,41.345],[19.499,41.524],[19.619,41.559],[19.607,41.762],[19.37287,41.75424],[19.40966,41.77978],[19.45643,41.79884],[19.45197,41.80121],[19.3683,41.7768],[19.3381,41.75308],[19.24606,41.75003],[19.25032,41.68417],[19.15856,41.61213],[19.0775,41.43313],[19.11859,41.1942],[19.14356,41.16628],[19.09903,41.0316],[19.13162,40.87365],[19.02342,40.71309],[19.03924,40.44377],[19.08725,40.38647],[19.02952,40.35927],[19.01885,40.29527]],[[22.6906,37.4434],[22.75266,37.32848],[22.75239,37.32838],[22.7461,37.32731],[22.73672,37.33659],[22.70177,37.39679],[22.6906,37.4434]],[[23.39606,37.21477],[23.5155,37.36693],[23.49218,37.31169],[23.45181,37.25934],[23.39773,37.21562],[23.39606,37.21477]],[[24.18728,37.99695],[24.19334,38.0058],[24.19277,38.00439],[24.18728,37.99695]],[[24.77029,40.8226],[24.77359,40.82014],[24.77189,40.8211],[24.77029,40.8226]]],[[[24.26843,38.29517],[24.292,38.195],[24.30671,38.19291],[24.30285,38.23199],[24.26843,38.29517]]],[[[22.68247,38.91824],[22.77364,38.78552],[22.899,38.767],[22.984,38.667],[23.1,38.672],[23.169,38.667],[23.191,38.61],[23.29267,38.53606],[23.29569,38.53386],[23.356,38.49],[23.494,38.483],[23.556,38.352],[23.804,38.347],[23.961,38.21],[23.967,38.152],[23.91446,38.12966],[23.89333,38.12067],[23.88,38.115],[23.91948,37.98513],[24.0165,37.85127],[24.27755,37.71523],[24.49056,37.69723],[24.74046,37.83457],[24.656,37.901],[24.763,38.003],[24.8637,37.91635],[24.91982,38.08517],[24.64887,38.42],[24.58664,38.42883],[24.54688,38.60122],[24.50505,38.68953],[24.42947,38.79053],[24.21482,38.91638],[23.94157,38.96913],[23.45228,39.25981],[23.17425,39.28305],[23.236,39.203],[23.158,39.14],[23.052,39.103],[23.1,39.187],[23.045,39.271],[23.04457,39.27139],[22.86698,39.20669],[22.81512,39.17666],[22.835,39.166],[22.871,39.024],[22.784,38.94],[22.68247,38.91824]],[[22.87,38.837],[23.014,38.961],[23.242,39.044],[23.79,38.719],[24.132,38.653],[24.208,38.552],[24.292,38.195],[24.588,38.153],[24.527,37.967],[24.314,37.985],[24.025,38.386],[23.661,38.404],[23.6,38.457],[23.638,38.523],[23.463,38.624],[23.121,38.867],[22.87,38.837]]],[[[23.14316,35.37132],[23.22076,35.13719],[23.26689,35.09519],[23.37316,35.03023],[23.4282,35.00923],[23.58282,34.98396],[23.74729,34.99],[23.92234,34.94914],[24.0104,34.9387],[24.26144,34.93708],[24.5238,34.85397],[24.72678,34.67012],[25.59861,34.74391],[25.72341,34.73812],[25.83072,34.74774],[25.92809,34.77006],[26.12782,34.75399],[26.44697,34.8912],[26.5304,35.0122],[26.57181,35.16344],[26.56984,35.18838],[26.5838,35.219],[26.56658,35.22941],[26.56515,35.24744],[26.56439,35.23073],[26.17075,35.46861],[26.07705,35.48565],[26.09006,35.48721],[26.14698,35.48297],[26.07251,35.52797],[26.02139,35.49578],[25.98496,35.50241],[25.92487,35.4903],[25.89552,35.55367],[25.85457,35.57567],[25.54738,35.59994],[25.47342,35.57512],[25.11033,35.62397],[25.00945,35.69212],[24.78145,35.69912],[24.71133,35.69515],[24.41528,35.65241],[24.40039,35.67105],[24.36479,35.77263],[24.29391,35.82063],[23.9721,35.86797],[23.92312,35.85397],[23.89988,35.82287],[23.77282,35.83221],[23.77922,35.83112],[23.44271,35.87232],[23.41081,35.84132],[23.36711,35.73462],[23.20415,35.62332],[23.14316,35.37132]],[[23.467,35.318],[23.529,35.57],[23.671,35.572],[23.665,35.667],[23.697,35.698],[23.72501,35.64426],[23.72883,35.65731],[23.76667,35.71649],[23.82102,35.76631],[23.85434,35.78476],[23.87088,35.78998],[23.87577,35.79062],[23.73705,35.605],[23.743,35.562],[23.879,35.552],[23.957,35.528],[24.039,35.562],[24.033,35.598],[24.06782,35.60795],[24.07002,35.60858],[24.082,35.612],[24.153,35.564],[24.136,35.522],[24.091,35.52],[24.073,35.496],[24.178,35.47],[24.22,35.449],[24.23,35.391],[24.35441,35.37683],[24.37431,35.38932],[24.36678,35.37542],[24.37014,35.37503],[24.37084,35.37496],[24.388,35.373],[24.769,35.428],[24.997,35.421],[25.014,35.362],[25.512,35.295],[25.673,35.349],[25.714,35.327],[25.668,35.187],[25.742,35.137],[25.789,35.137],[25.935,35.213],[25.99297,35.22468],[26.0245,35.23104],[26.064,35.239],[26.099,35.216],[26.169,35.247],[26.274,35.313],[26.236,35.229],[26.243,35.145],[26.16,35.024],[25.899,35.045],[25.742,35.009],[25.591,35.016],[24.693,34.94],[24.716,35.035],[24.69,35.092],[24.324,35.208],[24.013,35.21],[23.786,35.263],[23.568,35.255],[23.513,35.276],[23.467,35.318]],[[24.40049,34.96565],[24.51331,34.86347],[24.50931,34.86516],[24.45566,34.90135],[24.4124,34.94599],[24.40049,34.96565]],[[24.49171,35.55672],[24.49185,35.5566],[24.49224,35.55605],[24.49171,35.55672]],[[25.12028,35.61725],[25.14231,35.61202],[25.20978,35.58057],[25.26646,35.53707],[25.29918,35.49639],[25.12028,35.61725]]],[[[26.14698,35.48297],[26.17075,35.46861],[26.2559,35.45311],[26.24028,35.46117],[26.16704,35.48148],[26.14698,35.48297]]],[[[26.2559,35.45311],[26.30576,35.4274],[26.27082,35.4504],[26.2559,35.45311]]],[[[23.93134,37.60702],[24.36169,37.28187],[24.48373,37.31187],[24.72044,37.53768],[24.73587,37.63368],[24.37201,37.93752],[24.27301,37.93152],[23.96881,37.72702],[23.93134,37.60702]],[[24.261,37.541],[24.299,37.661],[24.398,37.667],[24.383,37.571],[24.261,37.541]],[[24.36,37.305],[24.36,37.396],[24.398,37.468],[24.489,37.396],[24.36,37.305]]],[[[24.09267,36.53873],[24.25995,36.43473],[24.6479,36.42091],[24.86116,36.53091],[24.8806,36.60566],[24.824,36.637],[24.824,36.661],[24.877,36.68],[24.89761,36.67105],[24.95945,36.90881],[24.86885,37.01881],[24.71963,37.04707],[24.786,36.948],[24.679,36.905],[24.649,37.014],[24.71232,37.04845],[24.44469,37.09914],[24.444,37.099],[24.44396,37.09927],[24.41946,37.10391],[24.28047,37.03956],[24.17235,37.00434],[24.09267,36.53873]],[[24.299,36.753],[24.428,36.795],[24.588,36.869],[24.679,36.759],[24.466,36.649],[24.299,36.753]]],[[[24.02078,37.396],[24.02119,37.305],[24.43566,37.15579],[24.428,37.208],[24.52883,37.12225],[24.58488,37.10207],[24.71415,37.19307],[24.72843,37.58819],[24.63766,37.66019],[24.39084,37.6212],[24.383,37.571],[24.261,37.541],[24.2809,37.60384],[24.08485,37.57287],[24.04715,37.50087],[24.02078,37.396]],[[24.36,37.305],[24.36,37.396],[24.398,37.468],[24.489,37.396],[24.36,37.305]]],[[[24.09192,37.17647],[24.10841,37.06747],[24.52107,36.83804],[24.588,36.869],[24.60289,36.851],[24.61636,36.85367],[24.66029,36.97298],[24.649,37.014],[24.682,37.03196],[24.78161,37.30251],[24.67491,37.39351],[24.09192,37.17647]],[[24.428,37.208],[24.535,37.117],[24.444,37.099],[24.428,37.208]]],[[[24.31937,36.95572],[24.34984,36.84672],[24.45375,36.80691],[24.588,36.869],[24.679,36.759],[24.63631,36.73696],[24.82944,36.66295],[24.84639,36.66903],[24.93746,36.70559],[25.03357,36.94962],[24.938,36.96],[25.07185,37.09322],[25.01474,37.17899],[24.52682,37.27519],[24.45891,37.23819],[24.43927,37.19842],[24.535,37.117],[24.444,37.099],[24.43167,37.18303],[24.31937,36.95572]],[[24.649,37.014],[24.717,37.051],[24.786,36.948],[24.679,36.905],[24.649,37.014]]],[[[24.39868,37.97784],[24.41507,37.70871],[24.68275,37.49871],[24.69204,37.49161],[24.84721,37.37834],[24.862,37.529],[24.945,37.51],[25.044,37.378],[24.86272,37.36701],[25.08794,37.20261],[25.20727,37.18049],[25.31,37.196],[25.31,37.16145],[25.41495,37.142],[25.42653,37.14475],[25.538,37.22],[25.5673,37.17924],[25.68339,37.64898],[25.50467,37.76383],[25.01489,38.18652],[24.49947,38.17593],[24.49003,38.1669],[24.588,38.153],[24.527,37.967],[24.39868,37.97784]],[[24.656,37.901],[24.763,38.003],[25.272,37.565],[25.47,37.438],[25.318,37.402],[24.923,37.691],[24.656,37.901]]],[[[24.48805,36.66039],[24.48815,36.637],[24.63331,36.41366],[24.75448,36.34666],[25.25956,36.47553],[25.29083,36.54253],[25.1359,36.87559],[25.03699,36.91859],[24.73988,36.9277],[24.69886,36.91298],[24.68631,36.90794],[24.62202,36.82787],[24.679,36.759],[24.48805,36.66039]],[[24.824,36.637],[24.824,36.661],[24.877,36.68],[24.976,36.637],[24.945,36.57],[24.824,36.637]],[[25.044,36.661],[25.166,36.741],[25.196,36.674],[25.059,36.619],[25.044,36.661]]],[[[24.50794,37.38708],[24.87178,37.09547],[25.06979,37.10747],[25.27928,37.43033],[24.923,37.691],[24.86308,37.73813],[24.52321,37.55008],[24.50794,37.38708]],[[24.846,37.366],[24.862,37.529],[24.945,37.51],[25.044,37.378],[24.846,37.366]]],[[[25.03073,37.77261],[25.272,37.565],[25.32461,37.53125],[25.2369,37.64881],[25.03921,37.77067],[25.03073,37.77261]]],[[[24.67486,37.12971],[24.71459,37.04969],[24.717,37.051],[24.786,36.948],[24.76856,36.94099],[24.8926,36.69116],[25.06195,36.67277],[25.166,36.741],[25.19156,36.68392],[25.23485,36.68802],[25.2727,36.69974],[25.265,36.704],[25.242,36.753],[25.295,36.808],[25.38612,36.73484],[25.43195,36.74902],[25.64745,37.002],[25.64832,37.196],[25.33289,37.40553],[25.318,37.402],[25.23723,37.46109],[25.08804,37.43857],[25.02233,37.40689],[25.044,37.378],[24.95067,37.37234],[24.88712,37.34171],[24.67486,37.12971]],[[24.938,36.96],[25.151,37.172],[25.31,37.196],[25.31,37.002],[25.113,36.941],[24.938,36.96]],[[25.341,37.087],[25.538,37.22],[25.607,37.124],[25.599,37.026],[25.546,36.96],[25.455,36.923],[25.363,37.008],[25.341,37.087]]],[[[24.72105,36.58626],[24.73623,36.54426],[25.20925,36.37637],[25.32373,36.42229],[25.333,36.46],[25.371,36.497],[25.37709,36.49331],[25.51225,36.76567],[25.48252,36.83267],[24.95309,36.95102],[24.83131,36.87102],[24.72105,36.58626]],[[24.824,36.637],[24.824,36.661],[24.877,36.68],[24.976,36.637],[24.945,36.57],[24.824,36.637]],[[25.044,36.661],[25.166,36.741],[25.196,36.674],[25.059,36.619],[25.044,36.661]],[[25.242,36.753],[25.295,36.808],[25.432,36.698],[25.386,36.637],[25.265,36.704],[25.242,36.753]]],[[[24.92731,36.65815],[24.976,36.637],[24.95879,36.59979],[25.07403,36.48073],[25.1952,36.41373],[25.32725,36.43661],[25.333,36.46],[25.371,36.497],[25.43872,36.45592],[25.67337,36.49658],[25.71959,36.55758],[25.66992,36.88964],[25.56033,36.97785],[25.546,36.96],[25.455,36.923],[25.38052,36.99181],[25.25658,36.98546],[25.113,36.941],[25.00802,36.9524],[24.97573,36.91877],[24.92731,36.65815]],[[25.044,36.661],[25.166,36.741],[25.196,36.674],[25.059,36.619],[25.044,36.661]],[[25.242,36.753],[25.295,36.808],[25.432,36.698],[25.386,36.637],[25.265,36.704],[25.242,36.753]]],[[[24.98955,36.45166],[25.04172,36.24575],[25.11,36.16575],[25.43211,36.05028],[25.53912,36.06228],[25.82752,36.331],[25.8276,36.34836],[25.766,36.338],[25.713,36.35],[25.736,36.387],[25.789,36.405],[25.82774,36.3824],[25.82792,36.423],[25.69466,36.63961],[25.57286,36.71361],[25.42956,36.69996],[25.432,36.698],[25.386,36.637],[25.29538,36.68718],[25.19441,36.67756],[25.196,36.674],[25.0689,36.62298],[25.00429,36.51266],[24.98955,36.45166]],[[25.318,36.399],[25.333,36.46],[25.371,36.497],[25.493,36.423],[25.493,36.331],[25.386,36.319],[25.318,36.399]]],[[[25.01463,37.03627],[25.151,37.172],[25.31,37.196],[25.31,37.002],[25.113,36.941],[25.03342,36.94964],[25.03356,36.94913],[25.10774,36.83053],[25.20002,36.74553],[25.24915,36.73778],[25.242,36.753],[25.295,36.808],[25.41506,36.7116],[25.60785,36.68118],[25.69892,36.71818],[25.78796,36.783],[25.751,36.783],[25.751,36.814],[25.84779,36.83571],[25.88314,36.87952],[25.93584,37.00837],[25.94428,37.10637],[25.9003,37.25884],[25.83167,37.35484],[25.38472,37.4178],[25.318,37.402],[25.30084,37.41456],[25.12265,37.29402],[25.01463,37.03627]],[[25.341,37.087],[25.538,37.22],[25.607,37.124],[25.599,37.026],[25.546,36.96],[25.455,36.923],[25.363,37.008],[25.341,37.087]]],[[[25.41379,36.47144],[25.41411,36.47085],[25.493,36.423],[25.493,36.331],[25.49053,36.33072],[25.62245,36.08881],[25.67547,36.07681],[25.8344,36.07242],[25.94141,36.09042],[26.06934,36.5757],[25.98546,36.6247],[25.65883,36.65497],[25.60586,36.63697],[25.43664,36.50844],[25.41379,36.47144]],[[25.713,36.35],[25.736,36.387],[25.789,36.405],[25.873,36.356],[25.766,36.338],[25.713,36.35]]],[[[25.41438,36.814],[25.41452,36.783],[25.751,36.51169],[25.835,36.51169],[26.00327,36.54805],[26.25452,36.66405],[26.34923,37.06841],[26.28844,37.12941],[25.81326,37.17118],[25.73739,37.12218],[25.71034,37.10258],[25.68262,37.08028],[25.66017,37.07525],[25.41438,36.814]],[[25.751,36.783],[25.751,36.814],[25.858,36.838],[25.949,36.911],[26.025,36.96],[26.086,36.899],[25.835,36.783],[25.751,36.783]]],[[[25.71704,39.48552],[25.97106,39.19448],[26.04608,39.17848],[26.22284,39.17664],[26.35859,39.20256],[26.36069,39.16965],[26.44742,39.04131],[26.44348,39.03654],[26.43889,38.95254],[26.51504,38.88163],[26.36886,38.74577],[26.35614,38.68777],[26.40794,38.60219],[26.13658,38.51505],[26.06061,38.28905],[26.04899,38.21715],[26.05053,38.10215],[26.26425,37.85259],[26.38331,37.81459],[26.60937,37.8059],[26.61623,37.8075],[26.7621,37.72538],[26.80898,37.70493],[26.80211,37.67219],[26.78481,37.51919],[26.79122,37.43589],[26.82881,37.30189],[27.04088,37.13686],[26.94204,36.97435],[26.98155,36.85335],[27.30068,36.64975],[27.60678,36.64444],[27.60851,36.58239],[27.71119,36.41039],[28.23986,36.32644],[28.39999,36.44329],[28.61529,36.31643],[29.058,36.34885],[29.1527,36.42923],[29.002,36.695],[28.814,36.535],[28.47,36.738],[28.267,36.712],[28.014,36.527],[27.94787,36.63851],[27.94552,36.64248],[27.912,36.699],[27.942,36.756],[28.051,36.833],[27.999,36.909],[27.73168,36.91364],[27.67943,36.91455],[27.308,36.921],[27.269,37.042],[27.526,37.131],[27.493,37.24],[27.365,37.329],[27.30929,37.33743],[27.28117,37.34168],[27.16,37.36],[27.123,37.494],[27.141,37.647],[27.18,37.774],[27.14,37.889],[26.961,37.946],[26.679,38.105],[26.512,38.066],[26.393,38.104],[26.392,38.219],[26.469,38.445],[26.51646,38.4229],[26.527,38.418],[26.55259,38.40134],[26.58983,38.37709],[26.66845,38.32589],[26.742,38.278],[26.997,38.4],[26.82,38.527],[26.82219,38.54064],[26.82755,38.574],[26.829,38.583],[26.78305,38.60304],[26.77633,38.60597],[26.77007,38.6087],[26.696,38.641],[26.69871,38.6531],[26.709,38.699],[26.71067,38.69946],[26.73303,38.70564],[26.7339,38.70588],[26.74218,38.70817],[26.966,38.77],[27.035,38.821],[27.004,38.885],[26.937,38.925],[26.785,38.94],[26.78873,39.00258],[26.78909,39.00874],[26.7892,39.01054],[26.7893,39.01217],[26.79,39.024],[26.871,39.056],[26.797,39.13],[26.708,39.182],[26.704,39.25],[26.63535,39.25404],[26.62991,39.25436],[26.62357,39.25473],[26.602,39.256],[26.72,39.337],[26.72888,39.34522],[26.854,39.461],[26.926,39.477],[26.958,39.548],[26.804,39.567],[26.61185,39.5303],[26.42205,39.49406],[26.139,39.44],[26.064,39.456],[26.085,39.604],[26.142,39.661],[26.128,39.879],[26.186,39.997],[26.32,39.992],[26.403,40.176],[26.482,40.187],[26.765,40.377],[26.996,40.372],[27.056,40.43],[27.272,40.451],[27.329,40.356],[27.45,40.31],[27.48063,40.30476],[27.47706,40.36144],[27.49005,40.41963],[27.51274,40.46228],[27.49712,40.30194],[27.526,40.297],[27.764,40.287],[27.83,40.345],[27.8,40.403],[27.679,40.461],[27.808,40.504],[27.954,40.488],[28.006,40.451],[27.908,40.351],[28.25866,40.37807],[28.27925,40.37966],[28.478,40.395],[28.55974,40.38941],[28.756,40.376],[28.77296,40.37365],[29.052,40.335],[29.122,40.414],[29.084,40.456],[28.873,40.472],[28.79498,40.51553],[28.7926,40.51685],[28.78783,40.51952],[28.778,40.525],[28.82318,40.55961],[28.82587,40.56168],[28.902,40.62],[28.94833,40.62506],[29.00901,40.63168],[29.01733,40.63259],[29.02139,40.63303],[29.525,40.688],[29.53783,40.68841],[29.713,40.694],[29.883,40.746],[29.683,40.752],[29.52913,40.74734],[29.32,40.741],[29.29,40.807],[29.11383,40.91719],[29.015,40.979],[29.161,41.216],[29.578,41.153],[30.138,41.132],[30.256,41.185],[30.745,41.04],[31.218,41.054],[31.404,41.164],[31.386,41.285],[31.666,41.395],[32.419,41.749],[32.688,41.846],[33.155,41.95],[33.556,41.983],[33.897,41.951],[34.304,41.894],[34.663,41.876],[34.68732,42.1467],[34.3495,42.16364],[33.96403,42.21763],[33.94237,42.22018],[33.6014,42.25218],[33.51612,42.25266],[33.11514,42.21966],[33.05114,42.20993],[32.5843,42.10593],[32.53048,42.09024],[32.26171,41.99324],[32.22681,41.97872],[31.48778,41.6308],[31.21973,41.52539],[31.07632,41.32132],[30.80558,41.31331],[30.38714,41.43746],[30.07254,41.418],[30.04811,41.40701],[29.62206,41.42299],[29.23151,41.482],[28.83605,41.33024],[28.82023,41.30435],[29.012,41.255],[29.081,41.201],[28.964,40.989],[28.828,40.915],[28.74069,40.92704],[28.76234,40.85428],[28.64987,40.81102],[28.52623,40.71602],[28.5316,40.66372],[28.50962,40.66523],[28.44233,40.66493],[28.24694,40.64985],[28.19605,40.68615],[28.00454,40.75654],[27.85855,40.77254],[27.66573,40.7525],[27.53683,40.7095],[27.52548,40.593],[27.27674,40.69898],[27.264,40.667],[26.889,40.525],[26.614,40.398],[26.514,40.282],[26.376,40.213],[26.255,40.082],[26.141,40.045],[26.214,40.161],[26.223,40.224],[26.2143,40.24854],[26.20747,40.26783],[26.195,40.303],[26.458,40.435],[26.556,40.498],[26.49086,40.55347],[26.24894,40.39067],[26.30026,40.41954],[26.30965,40.42303],[26.06959,40.26451],[26.03263,40.18168],[25.85682,40.09268],[25.79939,39.97468],[25.77725,39.86562],[25.78673,39.72879],[25.7373,39.63352],[25.71704,39.48552]],[[26.3637,39.20353],[26.47245,39.22429],[26.51574,39.12409],[26.46048,39.05714],[26.45423,39.06108],[26.40351,39.11315],[26.37024,39.17317],[26.3637,39.20353]],[[26.5255,39.08157],[26.52893,39.09357],[26.56846,39.00208],[26.52809,39.01682],[26.5255,39.08157]],[[26.57859,39.20023],[26.58405,39.20859],[26.58943,39.21336],[26.57859,39.20023]]]]}},{"type":"Feature","properties":{"baseIndex":42},"geometry":{"type":"MultiPolygon","coordinates":[[[[-5.18481,48.37141],[-4.87175,48.20493],[-5.07994,47.97309],[-5.05459,47.92609],[-4.74334,47.74962],[-4.66651,47.74077],[-4.62234,47.72003],[-4.65582,47.73954],[-4.65275,47.73919],[-4.25816,47.56729],[-4.06072,47.60348],[-3.83351,47.52119],[-3.78294,47.52327],[-3.5952,47.46862],[-3.26655,47.36862],[-3.08147,47.27504],[-2.65808,47.25126],[-2.54189,47.29197],[-2.55611,47.30533],[-2.60504,47.30076],[-2.69569,47.30642],[-2.77704,47.32474],[-2.82214,47.37185],[-2.83995,47.40434],[-2.576,47.325],[-2.466,47.494],[-2.614,47.572],[-2.842,47.492],[-2.86278,47.50253],[-2.88779,47.5152],[-3.063,47.604],[-3.434,47.717],[-3.712,47.798],[-3.858,47.792],[-3.955,47.904],[-4.364,47.829],[-4.391,47.942],[-4.51,47.998],[-4.6325,48.01211],[-4.675,48.017],[-4.7,48.064],[-4.69436,48.06454],[-4.313,48.101],[-4.32007,48.12036],[-4.32035,48.12112],[-4.351,48.205],[-4.588,48.251],[-4.389,48.298],[-4.35,48.391],[-4.474,48.383],[-4.592,48.392],[-4.71737,48.36733],[-4.71605,48.3365],[-4.74663,48.33358],[-4.74666,48.33364],[-4.75041,48.36082],[-4.78,48.355],[-4.77844,48.37212],[-4.77836,48.37294],[-4.762,48.552],[-4.626,48.547],[-4.488,48.612],[-4.251,48.652],[-3.999,48.731],[-3.902,48.646],[-3.821,48.721],[-3.608,48.693],[-3.558,48.81],[-3.435,48.836],[-3.091,48.872],[-2.791,48.59],[-2.636,48.552],[-2.343,48.674],[-2.2,48.599],[-2.076,48.656],[-2.29064,48.86124],[-2.23917,48.86906],[-2.1353,48.86687],[-2.03564,48.84726],[-1.94667,48.81151],[-2.08929,48.88651],[-2.56049,48.90358],[-2.60473,48.88512],[-2.75561,49.02784],[-3.15536,49.13994],[-3.49931,49.10394],[-3.56016,49.09432],[-3.68309,49.06832],[-3.8386,48.96144],[-3.93269,48.93667],[-4.17427,48.97608],[-4.3895,48.90853],[-4.58886,48.87487],[-4.72441,48.83302],[-4.8621,48.76802],[-4.78227,48.79753],[-4.78214,48.79755],[-5.16838,48.56841],[-5.18481,48.37141]],[[-4.71654,48.10077],[-4.71305,48.12053],[-4.70664,48.11712],[-4.70488,48.07595],[-4.71384,48.08568],[-4.71654,48.10077]]]]}},{"type":"Feature","properties":{"baseIndex":43},"geometry":{"type":"MultiPolygon","coordinates":[[[[-5.02085,53.38518],[-5.01763,53.27018],[-4.9668,53.14779],[-4.89301,53.06379],[-4.83238,53.01027],[-4.73989,52.94727],[-4.56846,52.89616],[-4.492,52.991],[-4.318,53.091],[-3.957,53.205],[-3.7079,53.21612],[-3.92508,53.52493],[-3.86199,53.48552],[-3.80781,53.42957],[-3.86207,53.50557],[-4.0348,53.62707],[-4.07172,53.64107],[-4.23602,53.67925],[-4.351,53.69125],[-4.57679,53.68042],[-4.7077,53.65342],[-4.94819,53.53596],[-4.9571,53.52696],[-5.02085,53.38518]],[[-4.569,53.388],[-4.56,53.397],[-4.429,53.424],[-4.314,53.412],[-4.277,53.398],[-4.222,53.322],[-4.046,53.3],[-4.101,53.248],[-4.218,53.2],[-4.326,53.145],[-4.351,53.124],[-4.402,53.126],[-4.494,53.189],[-4.567,53.273],[-4.569,53.388]]]]}},{"type":"Feature","properties":{"baseIndex":44},"geometry":{"type":"MultiPolygon","coordinates":[[[[-5.8683,55.66375],[-5.86355,55.54248],[-5.803,55.41048],[-5.66694,55.27891],[-5.61773,55.25291],[-5.53954,55.21906],[-5.47841,55.19806],[-5.24594,55.15881],[-5.18594,55.15781],[-5.0397,55.16843],[-4.96065,55.18143],[-4.78417,55.25711],[-4.638,55.428],[-4.771,55.488],[-4.908,55.664],[-4.895,55.772],[-4.76359,55.81804],[-4.80545,55.85801],[-4.84822,55.88401],[-4.96474,55.93585],[-5.01864,55.95285],[-5.04489,55.95705],[-5.135,55.893],[-5.334,55.88],[-5.57,55.751],[-5.62403,55.9131],[-5.62668,55.91253],[-5.7093,55.86753],[-5.84605,55.72675],[-5.8683,55.66375]],[[-5.756,55.477],[-5.689,55.628],[-5.518,55.668],[-5.482,55.443],[-5.62,55.33],[-5.698,55.331],[-5.756,55.477]],[[-5.401,55.609],[-5.378,55.672],[-5.295,55.717],[-5.252,55.716],[-5.198,55.699],[-5.155,55.673],[-5.084,55.553],[-5.074,55.459],[-5.093,55.442],[-5.172,55.429],[-5.232,55.43],[-5.293,55.451],[-5.342,55.477],[-5.401,55.609]]]]}},{"type":"Feature","properties":{"baseIndex":45},"geometry":{"type":"MultiPolygon","coordinates":[[[[-6.97871,55.63745],[-6.97354,55.62345],[-6.84519,55.48643],[-6.83112,55.47843],[-6.64302,55.45915],[-6.55166,55.34968],[-6.49857,55.33368],[-6.00274,55.3499],[-5.80521,55.4269],[-5.74702,55.45438],[-5.756,55.477],[-5.689,55.628],[-5.57258,55.65523],[-5.54941,55.68866],[-5.55189,55.73166],[-5.5586,55.75723],[-5.57,55.751],[-5.60217,55.84751],[-5.6357,55.87938],[-5.63983,55.89411],[-5.63841,55.9114],[-5.73585,56.07194],[-5.746,56.064],[-5.904,55.883],[-5.972,55.788],[-6.027,55.792],[-6.071,55.808],[-6.088,55.877],[-6.079,55.906],[-5.968,56.024],[-5.809,56.11],[-5.80614,56.11117],[-6.41855,56.154],[-6.49715,56.12211],[-6.56544,56.11684],[-6.64534,56.09684],[-6.91947,55.90568],[-6.97757,55.74768],[-6.97871,55.63745]],[[-6.51,55.691],[-6.45,55.849],[-6.37,55.869],[-6.31,55.864],[-6.137,55.934],[-6.119,55.922],[-6.122,55.879],[-6.098,55.797],[-6.088,55.784],[-6.05,55.764],[-6.03,55.721],[-6.027,55.678],[-6.077,55.65],[-6.274,55.573],[-6.327,55.589],[-6.286,55.707],[-6.251,55.767],[-6.254,55.775],[-6.338,55.78],[-6.38,55.728],[-6.449,55.68],[-6.491,55.669],[-6.505,55.677],[-6.51,55.691]],[[-6.38246,56.13096],[-6.36276,56.13367],[-6.34921,56.13353],[-6.38246,56.13096]],[[-5.70732,55.94747],[-5.69611,55.94018],[-5.65465,55.8983],[-5.65374,55.89653],[-5.70732,55.94747]]]]}},{"type":"Feature","properties":{"baseIndex":46},"geometry":{"type":"MultiPolygon","coordinates":[[[[-6.56387,55.83982],[-6.54603,55.77082],[-6.49642,55.72675],[-6.45,55.849],[-6.37,55.869],[-6.31,55.864],[-6.137,55.934],[-6.119,55.922],[-6.122,55.879],[-6.098,55.797],[-6.088,55.784],[-6.05,55.764],[-6.03,55.721],[-6.027,55.678],[-6.077,55.65],[-6.274,55.573],[-6.327,55.589],[-6.286,55.707],[-6.251,55.767],[-6.254,55.775],[-6.338,55.78],[-6.38,55.728],[-6.44609,55.68203],[-6.33149,55.5802],[-6.28738,55.5642],[-6.08849,55.52293],[-6.03349,55.51893],[-5.52728,55.68681],[-5.46622,55.77076],[-5.40298,55.84229],[-5.57,55.751],[-5.633,55.94],[-5.497,56.177],[-5.39258,56.31057],[-5.5479,56.40564],[-5.56489,56.40864],[-5.99687,56.36889],[-6.09457,56.32889],[-6.14532,56.30485],[-6.30357,56.21885],[-6.3947,56.1504],[-6.50441,56.0324],[-6.55265,55.95252],[-6.56129,55.92352],[-6.56387,55.83982]],[[-6.088,55.877],[-6.079,55.906],[-5.968,56.024],[-5.809,56.11],[-5.711,56.15],[-5.694,56.147],[-5.684,56.122],[-5.691,56.107],[-5.746,56.064],[-5.904,55.883],[-5.972,55.788],[-6.027,55.792],[-6.071,55.808],[-6.088,55.877]]]]}},{"type":"Feature","properties":{"baseIndex":47},"geometry":{"type":"MultiPolygon","coordinates":[[[[-7.97987,57.1],[-7.8533,56.73722],[-7.8232,56.72522],[-7.54084,56.67274],[-7.44884,56.67174],[-7.08155,56.75571],[-7.0182,56.79171],[-6.90815,57.06691],[-6.94637,57.12891],[-7.08576,57.24371],[-7.11663,57.25871],[-7.27509,57.2463],[-7.259,57.152],[-7.215,57.11],[-7.23,57.095],[-7.287,57.106],[-7.363,57.1],[-7.387,57.115],[-7.419,57.187],[-7.42047,57.2349],[-7.866,57.2],[-7.97987,57.1]],[[-7.561,56.956],[-7.446,57.056],[-7.415,57.041],[-7.376,56.979],[-7.439,56.943],[-7.531,56.944],[-7.561,56.956]]]]}},{"type":"Feature","properties":{"baseIndex":48},"geometry":{"type":"MultiPolygon","coordinates":[[[[-7.92489,57.37749],[-7.91624,57.18249],[-7.90246,57.12341],[-7.86952,57.05141],[-7.76167,56.93705],[-7.73752,56.92205],[-7.36367,56.84614],[-6.79407,56.96551],[-6.77889,56.98051],[-6.7833,57.22869],[-6.76426,57.17694],[-6.79098,57.34694],[-6.79202,57.29794],[-6.80616,57.2659],[-6.82709,57.2861],[-6.80788,57.26201],[-6.81691,57.24154],[-6.87177,57.1837],[-6.94276,57.13938],[-6.81307,57.49192],[-6.86165,57.52992],[-7.01207,57.60674],[-7.07077,57.62605],[-7.147,57.515],[-7.168,57.508],[-7.321,57.505],[-7.325,57.544],[-7.412,57.568],[-7.477,57.562],[-7.543,57.591],[-7.49375,57.64192],[-7.63114,57.63174],[-7.688,57.61274],[-7.92489,57.37749]],[[-7.561,56.956],[-7.446,57.056],[-7.415,57.041],[-7.376,56.979],[-7.439,56.943],[-7.531,56.944],[-7.561,56.956]],[[-7.46601,57.08515],[-7.05115,57.0965],[-7.15979,57.07336],[-7.2785,57.06471],[-7.39758,57.07167],[-7.46601,57.08515]],[[-7.425,57.382],[-7.368,57.401],[-7.336,57.396],[-7.272,57.375],[-7.223,57.337],[-7.252,57.327],[-7.285,57.336],[-7.288,57.322],[-7.259,57.152],[-7.215,57.11],[-7.23,57.095],[-7.287,57.106],[-7.363,57.1],[-7.387,57.115],[-7.419,57.187],[-7.425,57.382]],[[-7.41,57.452],[-7.4,57.47],[-7.351,57.489],[-7.244,57.476],[-7.202,57.457],[-7.204,57.415],[-7.245,57.402],[-7.314,57.4],[-7.388,57.424],[-7.41,57.452]]],[[[-7.45313,56.85034],[-7.39608,56.83934],[-7.38395,56.84189],[-7.45313,56.85034]]],[[[-7.38395,56.84189],[-7.33581,56.836],[-7.31505,56.83626],[-7.36367,56.84614],[-7.38395,56.84189]]],[[[-7.31505,56.83626],[-7.29163,56.83151],[-7.21562,56.83751],[-7.31505,56.83626]]]]}},{"type":"Feature","properties":{"baseIndex":49},"geometry":{"type":"MultiPolygon","coordinates":[[[[-7.88994,57.52968],[-7.87136,57.34633],[-7.849,57.31833],[-7.6462,57.19157],[-7.57203,57.16757],[-7.40004,57.14434],[-7.419,57.187],[-7.425,57.382],[-7.368,57.401],[-7.336,57.396],[-7.272,57.375],[-7.223,57.337],[-7.252,57.327],[-7.285,57.336],[-7.288,57.322],[-7.259,57.152],[-7.23653,57.13055],[-7.21813,57.13108],[-6.99124,57.16819],[-6.95015,57.18119],[-6.70376,57.40805],[-6.70118,57.45005],[-6.87951,57.66462],[-6.92134,57.68362],[-7.1335,57.74064],[-7.24046,57.75364],[-7.64432,57.70905],[-7.69317,57.69005],[-7.88018,57.54768],[-7.88994,57.52968]],[[-7.543,57.591],[-7.484,57.652],[-7.271,57.659],[-7.245,57.677],[-7.197,57.687],[-7.066,57.633],[-7.147,57.515],[-7.168,57.508],[-7.321,57.505],[-7.325,57.544],[-7.412,57.568],[-7.477,57.562],[-7.543,57.591]],[[-7.41,57.452],[-7.4,57.47],[-7.351,57.489],[-7.244,57.476],[-7.202,57.457],[-7.204,57.415],[-7.245,57.402],[-7.314,57.4],[-7.388,57.424],[-7.41,57.452]]]]}},{"type":"Feature","properties":{"baseIndex":50},"geometry":{"type":"MultiPolygon","coordinates":[[[[-7.98949,57.71578],[-7.86171,57.38115],[-7.79546,57.35215],[-7.62003,57.32715],[-7.66181,57.34276],[-7.7463,57.39635],[-7.80243,57.45989],[-7.81104,57.48473],[-7.43962,57.30144],[-7.42245,57.29899],[-7.425,57.382],[-7.368,57.401],[-7.336,57.396],[-7.272,57.375],[-7.223,57.337],[-7.252,57.327],[-7.285,57.336],[-7.288,57.322],[-7.27307,57.23445],[-7.1497,57.23687],[-6.90347,57.27747],[-6.88242,57.28447],[-6.67611,57.42128],[-6.59358,57.53928],[-6.74475,57.82178],[-6.966,57.726],[-6.984,57.728],[-7.12,57.814],[-7.125,57.838],[-7.066,57.821],[-6.86635,57.89243],[-6.88927,57.90191],[-6.99542,57.9101],[-7.006,57.881],[-7.078,57.88],[-7.074,57.896],[-7.0383,57.91341],[-7.38005,57.9398],[-7.428,57.9298],[-7.4392,57.92529],[-7.51488,57.9228],[-7.93124,57.77678],[-7.98949,57.71578]],[[-7.62185,57.85173],[-7.59558,57.86649],[-7.50684,57.89874],[-7.50311,57.89955],[-7.62185,57.85173]],[[-7.543,57.591],[-7.484,57.652],[-7.271,57.659],[-7.245,57.677],[-7.197,57.687],[-7.066,57.633],[-7.147,57.515],[-7.168,57.508],[-7.321,57.505],[-7.325,57.544],[-7.412,57.568],[-7.477,57.562],[-7.543,57.591]],[[-7.41,57.452],[-7.4,57.47],[-7.351,57.489],[-7.244,57.476],[-7.202,57.457],[-7.204,57.415],[-7.245,57.402],[-7.314,57.4],[-7.388,57.424],[-7.41,57.452]]],[[[-7.64179,57.32672],[-7.55464,57.30272],[-7.59016,57.31599],[-7.64179,57.32672]]],[[[-7.62003,57.32715],[-7.59016,57.31599],[-7.5411,57.30579],[-7.43445,57.29696],[-7.4308,57.29708],[-7.43962,57.30144],[-7.62003,57.32715]]],[[[-7.4308,57.29708],[-7.42226,57.29287],[-7.4224,57.29737],[-7.4308,57.29708]]]]}},{"type":"Feature","properties":{"baseIndex":51},"geometry":{"type":"MultiPolygon","coordinates":[[[[-7.58044,57.91574],[-7.19429,57.68588],[-7.066,57.633],[-7.07744,57.61633],[-7.06476,57.60878],[-6.99276,57.60978],[-6.50834,57.82952],[-6.49588,57.86252],[-6.50961,57.92728],[-6.544,57.915],[-6.621,57.914],[-6.666,57.927],[-6.699,57.967],[-6.706,58.008],[-6.694,58.024],[-6.659,58.047],[-6.60696,58.04926],[-6.61717,58.05202],[-6.684,58.057],[-6.761,57.998],[-6.726,57.954],[-6.678,57.926],[-6.662,57.881],[-6.735,57.826],[-6.966,57.726],[-6.984,57.728],[-7.12,57.814],[-7.125,57.838],[-7.066,57.821],[-6.834,57.904],[-6.879,57.932],[-6.935,57.95],[-6.985,57.959],[-7.036,57.953],[-7.075,57.962],[-7.114,57.987],[-7.056,58.02],[-7.058,58.036],[-7.094,58.071],[-7.128,58.13],[-7.09461,58.18107],[-7.10874,58.18489],[-7.14272,58.18089],[-7.37613,58.11585],[-7.41694,58.09585],[-7.57666,57.93174],[-7.58044,57.91574]],[[-7.078,57.88],[-7.074,57.896],[-7.033,57.916],[-6.999,57.92],[-6.994,57.914],[-7.006,57.881],[-7.078,57.88]]],[[[-6.88475,58.12435],[-6.874,58.111],[-6.86,58.108],[-6.86186,58.11816],[-6.88475,58.12435]]]]}},{"type":"Feature","properties":{"baseIndex":52},"geometry":{"type":"MultiPolygon","coordinates":[[[[-7.39137,58.19371],[-7.37377,58.15071],[-7.07222,58.01077],[-7.056,58.02],[-7.058,58.036],[-7.094,58.071],[-7.128,58.13],[-7.094,58.182],[-7.032,58.238],[-6.908,58.213],[-6.908,58.206],[-6.936,58.188],[-6.874,58.111],[-6.86,58.108],[-6.873,58.179],[-6.805,58.196],[-6.75,58.185],[-6.745,58.197],[-6.787,58.229],[-6.808,58.26],[-6.818,58.28],[-6.798,58.302],[-6.673,58.349],[-6.652,58.349],[-6.647,58.342],[-6.55,58.363],[-6.44241,58.41533],[-6.48952,58.4406],[-6.71981,58.51183],[-6.7478,58.51583],[-7.27382,58.42874],[-7.28177,58.42374],[-7.39137,58.19371]],[[-6.89,58.249],[-6.882,58.254],[-6.854,58.25],[-6.794,58.218],[-6.794,58.203],[-6.873,58.206],[-6.89,58.249]]],[[[-6.94522,57.95184],[-6.90977,57.93539],[-6.88684,57.93452],[-6.935,57.95],[-6.94522,57.95184]]],[[[-6.761,57.998],[-6.7432,57.97562],[-6.70379,57.99507],[-6.706,58.008],[-6.694,58.024],[-6.659,58.047],[-6.59274,58.04988],[-6.59217,58.05016],[-6.684,58.057],[-6.761,57.998]]],[[[-6.619,58.078],[-6.52115,58.08522],[-6.49742,58.09693],[-6.619,58.078]]],[[[-6.35025,58.16958],[-6.324,58.18254],[-6.329,58.183],[-6.35025,58.16958]]],[[[-6.328,58.233],[-6.2864,58.22326],[-6.31983,58.26645],[-6.324,58.264],[-6.328,58.233]]]]}},{"type":"Feature","properties":{"baseIndex":53},"geometry":{"type":"MultiPolygon","coordinates":[[[[-7.62818,57.80809],[-7.62285,57.78409],[-7.50675,57.63909],[-7.50037,57.63508],[-7.484,57.652],[-7.271,57.659],[-7.245,57.677],[-7.197,57.687],[-7.066,57.633],[-7.147,57.515],[-7.168,57.508],[-7.22564,57.50687],[-7.08683,57.46238],[-7.06882,57.46038],[-6.6479,57.51536],[-6.41601,57.61536],[-6.3216,57.66949],[-6.30419,57.68249],[-6.26085,57.68987],[-6.19065,57.71487],[-6.00145,57.85165],[-6.0129,57.83715],[-6.07339,57.79071],[-5.97172,57.85271],[-5.92238,57.96929],[-5.88925,57.97941],[-5.82799,58.00741],[-5.66418,58.15414],[-5.6466,58.19514],[-5.70224,58.29784],[-5.67819,58.33458],[-5.68779,58.52123],[-5.74377,58.59623],[-5.92838,58.71868],[-5.97225,58.73468],[-6.71015,58.64635],[-6.69757,58.65619],[-6.64391,58.68678],[-6.8309,58.59539],[-6.84285,58.5928],[-6.83325,58.59424],[-6.83675,58.59253],[-6.972,58.56959],[-7.0966,58.52259],[-7.26077,58.41897],[-7.26556,58.41363],[-7.47424,58.37469],[-7.53554,58.31869],[-7.57721,58.27048],[-7.61051,58.21848],[-7.61627,58.05096],[-7.58147,57.99196],[-7.54157,57.9413],[-7.50514,57.9063],[-7.54692,57.96043],[-7.56321,58.00977],[-7.56001,58.05729],[-7.53539,58.11096],[-7.4909,58.16085],[-7.48646,58.16397],[-7.50356,57.85305],[-7.62818,57.80809]],[[-7.34179,58.19031],[-7.32643,58.21783],[-7.30991,58.23233],[-7.31252,58.21771],[-7.34179,58.19031]],[[-7.34017,57.91202],[-7.32461,57.97282],[-7.27978,58.03341],[-7.22064,58.07795],[-7.21232,58.07917],[-7.20801,58.07471],[-7.19126,58.06206],[-7.2126,57.98354],[-7.20818,57.95965],[-7.34017,57.91202]],[[-7.20455,58.0803],[-7.18555,58.08307],[-7.1901,58.06634],[-7.20455,58.0803]],[[-7.128,58.13],[-7.094,58.182],[-7.05478,58.21743],[-7.032,58.238],[-7.00278,58.23211],[-6.97397,58.2263],[-6.908,58.213],[-6.908,58.206],[-6.936,58.188],[-6.874,58.111],[-6.86,58.108],[-6.873,58.179],[-6.805,58.196],[-6.75,58.185],[-6.745,58.197],[-6.787,58.229],[-6.808,58.26],[-6.818,58.28],[-6.81277,58.28576],[-6.91112,58.25799],[-6.86422,58.27862],[-6.80566,58.29357],[-6.798,58.302],[-6.67889,58.34679],[-6.67657,58.34766],[-6.673,58.349],[-6.652,58.349],[-6.65057,58.347],[-6.64978,58.34589],[-6.64943,58.3454],[-6.647,58.342],[-6.62812,58.34609],[-6.62298,58.3472],[-6.60615,58.35084],[-6.59207,58.35389],[-6.58199,58.35607],[-6.55691,58.3615],[-6.55,58.363],[-6.33748,58.46637],[-6.47106,58.47048],[-6.43838,58.47869],[-6.3334,58.49189],[-6.29991,58.49139],[-6.63004,58.61227],[-6.61272,58.61271],[-6.49728,58.60152],[-6.38967,58.57678],[-6.29549,58.53977],[-6.22875,58.49809],[-6.223,58.496],[-6.22083,58.49315],[-6.21968,58.49243],[-6.21751,58.49019],[-6.21859,58.4902],[-6.19719,58.46205],[-6.19003,58.46182],[-6.17402,58.4453],[-6.18849,58.4506],[-6.166,58.421],[-6.232,58.318],[-6.28761,58.28536],[-6.2913,58.28319],[-6.324,58.264],[-6.328,58.233],[-6.281,58.222],[-6.221,58.234],[-6.21158,58.23802],[-6.17513,58.25355],[-6.16,58.26],[-6.147,58.253],[-6.14975,58.24638],[-6.164,58.212],[-6.17359,58.2076],[-6.225,58.184],[-6.264,58.177],[-6.329,58.183],[-6.367,58.159],[-6.382,58.13],[-6.44742,58.11123],[-6.45992,58.09361],[-6.396,58.105],[-6.357,58.03],[-6.458,57.968],[-6.474,57.94],[-6.544,57.915],[-6.621,57.914],[-6.666,57.927],[-6.699,57.967],[-6.706,58.008],[-6.694,58.024],[-6.659,58.047],[-6.59,58.05],[-6.684,58.057],[-6.761,57.998],[-6.726,57.954],[-6.678,57.926],[-6.662,57.881],[-6.735,57.826],[-6.79137,57.8016],[-6.966,57.726],[-6.97418,57.72691],[-6.984,57.728],[-7.07658,57.78654],[-7.12,57.814],[-7.125,57.838],[-7.066,57.821],[-6.95225,57.86169],[-6.834,57.904],[-6.879,57.932],[-6.935,57.95],[-6.985,57.959],[-7.036,57.953],[-7.06646,57.96003],[-7.075,57.962],[-7.114,57.987],[-7.08915,58.00114],[-7.08213,58.00513],[-7.08939,58.00251],[-7.09905,58.05785],[-7.09488,58.07252],[-7.10496,58.09001],[-7.1253,58.12532],[-7.12571,58.12603],[-7.128,58.13]],[[-7.11554,57.69787],[-6.94701,57.6892],[-6.96649,57.68787],[-7.05855,57.69055],[-7.11554,57.69787]],[[-7.078,57.88],[-7.074,57.896],[-7.033,57.916],[-7.02996,57.91636],[-6.999,57.92],[-6.994,57.914],[-7.00155,57.89323],[-7.006,57.881],[-7.078,57.88]],[[-6.89,58.249],[-6.882,58.254],[-6.854,58.25],[-6.794,58.218],[-6.794,58.203],[-6.873,58.206],[-6.89,58.249]],[[-6.80146,58.59852],[-6.79752,58.59961],[-6.77617,58.60281],[-6.80146,58.59852]],[[-6.70953,58.45439],[-6.69016,58.45445],[-6.64915,58.44912],[-6.70125,58.44801],[-6.70953,58.45439]],[[-6.21751,58.49019],[-6.20056,58.48994],[-6.09753,58.47375],[-6.04606,58.45739],[-6.19003,58.46182],[-6.21751,58.49019]]],[[[-7.37915,57.55894],[-7.36983,57.55309],[-7.32444,57.53854],[-7.325,57.544],[-7.37915,57.55894]]],[[[-6.29991,58.49139],[-6.29233,58.48862],[-6.28949,58.49124],[-6.29991,58.49139]]],[[[-6.619,58.078],[-6.497,58.087],[-6.47393,58.09111],[-6.46348,58.10662],[-6.497,58.097],[-6.619,58.078]]]]}},{"type":"Feature","properties":{"baseIndex":54},"geometry":{"type":"MultiPolygon","coordinates":[[[[-3.5144,58.7099],[-3.45646,58.6419],[-3.33581,58.55232],[-3.2946,58.53232],[-3.23992,58.5239],[-3.165,58.522],[-3.15109,58.51022],[-2.8453,58.46314],[-2.8243,58.46514],[-2.4133,58.6683],[-2.37102,58.7563],[-2.41472,58.94472],[-2.4315,58.96172],[-2.80389,59.10422],[-2.82588,59.10622],[-2.98403,59.10799],[-3.04976,59.1035],[-2.995,59.067],[-2.996,59.056],[-2.947,58.998],[-2.852,58.976],[-2.793,58.951],[-2.756,58.918],[-2.824,58.879],[-2.97,58.939],[-3.057,58.936],[-3.188,58.91],[-3.346,58.966],[-3.368,59.01],[-3.36456,59.02912],[-3.38044,59.02187],[-3.5144,58.7099]],[[-3.433,58.875],[-3.412,58.911],[-3.336,58.927],[-3.228,58.885],[-3.135,58.801],[-3.137,58.787],[-3.296,58.776],[-3.433,58.875]],[[-3.037,58.818],[-3.004,58.833],[-2.916,58.839],[-2.894,58.837],[-2.877,58.82],[-2.918,58.732],[-2.939,58.73],[-2.98,58.75],[-3.037,58.818]]]]}},{"type":"Feature","properties":{"baseIndex":55},"geometry":{"type":"MultiPolygon","coordinates":[[[[-3.93218,58.95329],[-3.85683,58.717],[-3.71863,58.618],[-3.30959,58.52567],[-3.165,58.522],[-3.1534,58.51218],[-3.0682,58.51807],[-2.61838,58.76697],[-2.61617,58.78097],[-2.68357,58.93585],[-2.77548,59.01985],[-2.91429,59.10174],[-3.02191,59.14374],[-3.53317,59.17823],[-3.60907,59.16223],[-3.9117,58.98929],[-3.93218,58.95329]],[[-3.433,58.875],[-3.412,58.911],[-3.336,58.927],[-3.228,58.885],[-3.135,58.801],[-3.137,58.787],[-3.296,58.776],[-3.433,58.875]],[[-3.368,59.01],[-3.35,59.11],[-3.317,59.129],[-3.278,59.14],[-3.202,59.149],[-3.073,59.119],[-2.995,59.067],[-2.996,59.056],[-2.947,58.998],[-2.852,58.976],[-2.793,58.951],[-2.756,58.918],[-2.824,58.879],[-2.97,58.939],[-3.057,58.936],[-3.188,58.91],[-3.346,58.966],[-3.368,59.01]],[[-3.037,58.818],[-3.004,58.833],[-2.916,58.839],[-2.894,58.837],[-2.877,58.82],[-2.918,58.732],[-2.939,58.73],[-2.98,58.75],[-3.037,58.818]]]]}},{"type":"Feature","properties":{"baseIndex":56},"geometry":{"type":"MultiPolygon","coordinates":[[[[-3.88917,59.035],[-3.87485,58.94232],[-3.85221,58.89832],[-3.64198,58.74237],[-3.4835,58.68637],[-3.0007,58.65676],[-2.9441,58.66798],[-2.93517,58.66829],[-2.9416,58.66848],[-2.89543,58.67763],[-2.43656,58.69743],[-2.36812,58.73643],[-2.30417,59.05387],[-2.34073,59.08687],[-2.46125,59.16061],[-2.52,59.18561],[-2.5587,59.19806],[-2.5797,59.23259],[-2.58828,59.23836],[-2.621,59.236],[-2.63924,59.22384],[-2.64711,59.21859],[-2.681,59.196],[-2.686,59.184],[-2.694,59.197],[-2.684,59.221],[-2.67551,59.22753],[-2.6708,59.23115],[-2.62732,59.2646],[-2.65707,59.28459],[-2.85622,59.36611],[-2.98503,59.39611],[-3.32023,59.41336],[-3.3962,59.40436],[-3.53112,59.37775],[-3.57004,59.36675],[-3.70906,59.30954],[-3.74184,59.29054],[-3.87269,59.135],[-3.88917,59.035]],[[-3.433,58.875],[-3.412,58.911],[-3.336,58.927],[-3.228,58.885],[-3.135,58.801],[-3.137,58.787],[-3.296,58.776],[-3.433,58.875]],[[-3.368,59.01],[-3.35,59.11],[-3.317,59.129],[-3.278,59.14],[-3.202,59.149],[-3.073,59.119],[-2.995,59.067],[-2.996,59.056],[-2.947,58.998],[-2.852,58.976],[-2.793,58.951],[-2.756,58.918],[-2.824,58.879],[-2.97,58.939],[-3.057,58.936],[-3.188,58.91],[-3.346,58.966],[-3.368,59.01]],[[-3.076,59.331],[-2.897,59.3],[-2.85,59.268],[-2.853,59.249],[-2.877,59.229],[-2.877,59.259],[-2.959,59.288],[-2.972,59.287],[-2.977,59.273],[-2.992,59.262],[-3.003,59.264],[-3.076,59.331]],[[-3.04041,58.67138],[-2.90507,58.67722],[-2.9446,58.67105],[-2.96853,58.66927],[-3.04041,58.67138]],[[-3.037,58.818],[-3.004,58.833],[-2.916,58.839],[-2.894,58.837],[-2.877,58.82],[-2.918,58.732],[-2.939,58.73],[-2.98,58.75],[-3.037,58.818]],[[-2.54017,59.16759],[-2.53245,59.16353],[-2.49625,59.13173],[-2.48053,59.10503],[-2.47462,59.05979],[-2.54017,59.16759]]]]}},{"type":"Feature","properties":{"baseIndex":57},"geometry":{"type":"MultiPolygon","coordinates":[[[[-3.20869,59.2536],[-3.19896,59.14829],[-3.073,59.119],[-3.05311,59.10574],[-2.17413,59.12731],[-2.20321,59.08228],[-2.23753,59.053],[-2.29908,59.02122],[-2.41651,58.98596],[-2.54755,58.96734],[-2.42253,58.97634],[-2.21003,59.01711],[-2.10373,59.05211],[-1.86871,59.32167],[-1.87536,59.34467],[-1.98253,59.47103],[-1.99939,59.48203],[-2.49324,59.58224],[-2.63521,59.57124],[-2.83905,59.53202],[-2.87595,59.52002],[-3.03251,59.44117],[-3.12261,59.37117],[-3.19905,59.2776],[-3.20869,59.2536]],[[-3.076,59.331],[-2.897,59.3],[-2.85,59.268],[-2.853,59.249],[-2.877,59.229],[-2.877,59.259],[-2.959,59.288],[-2.972,59.287],[-2.977,59.273],[-2.992,59.262],[-3.003,59.264],[-3.076,59.331]],[[-2.694,59.197],[-2.684,59.221],[-2.593,59.291],[-2.556,59.303],[-2.414,59.314],[-2.397,59.303],[-2.39,59.28],[-2.496,59.245],[-2.621,59.236],[-2.681,59.196],[-2.686,59.184],[-2.694,59.197]]]]}},{"type":"Feature","properties":{"baseIndex":58},"geometry":{"type":"MultiPolygon","coordinates":[[[[-3.5377,59.1991],[-3.4638,59.1321],[-3.35458,59.08454],[-3.35,59.11],[-3.32916,59.122],[-3.34399,59.13307],[-3.38894,59.19416],[-3.39692,59.22801],[-2.57728,59.10879],[-2.59183,59.10154],[-2.56165,59.10651],[-2.42806,59.08708],[-2.40379,59.10708],[-2.32764,59.22717],[-2.32435,59.24617],[-2.42815,59.43082],[-2.47476,59.46282],[-2.72736,59.55692],[-2.90621,59.58792],[-3.5377,59.1991]],[[-3.076,59.331],[-2.897,59.3],[-2.85,59.268],[-2.853,59.249],[-2.877,59.229],[-2.877,59.259],[-2.959,59.288],[-2.972,59.287],[-2.977,59.273],[-2.992,59.262],[-3.003,59.264],[-3.076,59.331]],[[-2.694,59.197],[-2.684,59.221],[-2.593,59.291],[-2.556,59.303],[-2.414,59.314],[-2.397,59.303],[-2.39,59.28],[-2.496,59.245],[-2.621,59.236],[-2.681,59.196],[-2.686,59.184],[-2.694,59.197]],[[-2.51229,59.15739],[-2.47179,59.20742],[-2.49208,59.17424],[-2.51229,59.15739]]],[[[-2.98033,59.03745],[-2.96448,59.01869],[-2.88704,59.01963],[-2.76766,59.03686],[-2.65443,59.07033],[-2.59183,59.10154],[-2.98033,59.03745]]],[[[-2.89341,59.01871],[-2.88041,59.01971],[-2.88704,59.01963],[-2.89341,59.01871]]]]}},{"type":"Feature","properties":{"baseIndex":59},"geometry":{"type":"MultiPolygon","coordinates":[[[[-2.23247,60.31337],[-2.21598,60.206],[-2.1872,60.157],[-1.99041,60.04624],[-1.98879,60.04486],[-1.89195,59.98686],[-1.89871,59.97321],[-1.90346,59.84899],[-1.89724,59.83499],[-1.76499,59.70701],[-1.69958,59.67201],[-1.46796,59.59818],[-1.42993,59.59218],[-0.73766,59.81322],[-0.68691,59.98422],[-0.68317,60.00346],[-0.66742,60.00631],[-0.64613,60.02631],[-0.62662,60.18815],[-0.56702,60.22536],[-0.50133,60.38936],[-0.50354,60.49612],[-0.50643,60.50312],[-0.7423,60.61873],[-0.76193,60.69252],[-0.77654,60.71652],[-0.80348,60.72179],[-0.82,60.689],[-0.835,60.673],[-0.8534,60.67318],[-0.92838,60.67392],[-0.936,60.674],[-0.966,60.688],[-0.96561,60.68954],[-0.959,60.7155],[-0.9501,60.75043],[-1.57495,60.87249],[-1.68868,60.84049],[-1.82473,60.78616],[-2.0005,60.68916],[-2.11706,60.58641],[-2.13556,60.55541],[-2.05136,60.48608],[-2.2306,60.32137],[-2.23247,60.31337]],[[-2.06227,60.20289],[-2.05133,60.24637],[-2.00372,60.07852],[-2.0044,60.07903],[-2.04805,60.13924],[-2.06227,60.20289]],[[-1.85909,60.32776],[-1.74687,60.23536],[-1.76115,60.23932],[-1.83688,60.27227],[-1.84171,60.27776],[-1.85909,60.32776]],[[-1.78736,60.1336],[-1.78304,60.13946],[-1.74468,60.16678],[-1.78394,60.13042],[-1.78736,60.1336]],[[-1.693,60.28],[-1.691,60.288],[-1.655,60.303],[-1.427,60.321],[-1.346,60.34],[-1.32,60.356],[-1.446,60.461],[-1.612,60.477],[-1.593,60.508],[-1.416,60.605],[-1.302,60.637],[-1.287,60.613],[-1.296,60.491],[-1.287,60.471],[-1.041,60.447],[-1.038,60.44],[-1.101,60.276],[-1.166,60.262],[-1.195,60.271],[-1.201,60.263],[-1.186,60.231],[-1.126,60.152],[-1.147,60.132],[-1.171,60.137],[-1.212,60.103],[-1.22086,60.02328],[-1.13873,60.02021],[-1.22677,60.00146],[-1.22707,60.00039],[-1.24158,59.94867],[-1.25527,59.89992],[-0.7185,59.99707],[-0.7335,59.9802],[-0.78572,59.94645],[-0.88605,59.90634],[-1.0024,59.87919],[-1.12823,59.86654],[-1.25646,59.86909],[-1.26363,59.87012],[-1.269,59.851],[-1.307,59.857],[-1.35364,59.88211],[-1.35579,59.88327],[-1.372,59.892],[-1.378,59.906],[-1.35668,59.94775],[-1.33591,59.98842],[-1.33,60],[-1.31467,60.0083],[-1.35857,60.01227],[-1.44228,60.03156],[-1.29994,60.02624],[-1.263,60.107],[-1.262,60.131],[-1.291,60.241],[-1.41,60.255],[-1.364,60.23],[-1.353,60.209],[-1.358,60.192],[-1.449,60.151],[-1.52,60.181],[-1.527,60.187],[-1.52,60.201],[-1.665,60.231],[-1.693,60.28]],[[-1.184,60.603],[-1.177,60.637],[-1.1101,60.72586],[-1.11,60.726],[-1.08793,60.72808],[-1.057,60.731],[-0.991,60.72],[-0.99084,60.71861],[-0.98825,60.69632],[-0.983,60.651],[-1.029,60.496],[-1.105,60.486],[-1.143,60.492],[-1.17,60.527],[-1.184,60.603]]]]}},{"type":"Feature","properties":{"baseIndex":60},"geometry":{"type":"MultiPolygon","coordinates":[[[[-1.73079,60.57854],[-1.71551,60.50254],[-1.68206,60.43068],[-1.6545,60.39568],[-1.48586,60.31635],[-1.427,60.321],[-1.346,60.34],[-1.32,60.356],[-1.446,60.461],[-1.612,60.477],[-1.593,60.508],[-1.416,60.605],[-1.302,60.637],[-1.287,60.613],[-1.296,60.491],[-1.287,60.471],[-1.041,60.447],[-1.038,60.44],[-1.101,60.276],[-1.166,60.262],[-1.195,60.271],[-1.201,60.263],[-1.186,60.231],[-1.18262,60.22655],[-0.96382,60.22388],[-0.88777,60.23388],[-0.48751,60.45685],[-0.43891,60.61185],[-0.43404,60.66638],[-0.44086,60.73538],[-0.81323,60.9768],[-0.87917,60.9878],[-1.16143,60.9974],[-1.21441,60.9924],[-1.62711,60.81984],[-1.69268,60.73084],[-1.72382,60.66427],[-1.73025,60.63027],[-1.73079,60.57854]],[[-1.184,60.603],[-1.177,60.637],[-1.11,60.726],[-1.057,60.731],[-0.991,60.72],[-0.983,60.651],[-1.029,60.496],[-1.105,60.486],[-1.143,60.492],[-1.17,60.527],[-1.184,60.603]],[[-0.966,60.688],[-0.939,60.794],[-0.883,60.842],[-0.806,60.841],[-0.768,60.829],[-0.757,60.814],[-0.82,60.689],[-0.835,60.673],[-0.936,60.674],[-0.966,60.688]]],[[[-1.33723,60.24644],[-1.31001,60.23364],[-1.28815,60.23019],[-1.291,60.241],[-1.33723,60.24644]]]]}},{"type":"Feature","properties":{"baseIndex":61},"geometry":{"type":"MultiPolygon","coordinates":[[[[-1.51226,60.72152],[-1.42451,60.60034],[-1.416,60.605],[-1.302,60.637],[-1.287,60.613],[-1.296,60.491],[-1.28739,60.47186],[-1.27957,60.47027],[-1.041,60.447],[-1.038,60.44],[-1.0447,60.42257],[-0.94712,60.40274],[-0.84612,60.40174],[-0.33495,60.55981],[-0.31971,60.57581],[-0.28548,60.62413],[-0.22039,60.74913],[-0.23662,60.90534],[-0.24737,60.92034],[-0.46733,61.05669],[-0.50521,61.06869],[-0.79126,61.11222],[-0.86826,61.11322],[-1.36378,60.97615],[-1.41906,60.92815],[-1.48706,60.82752],[-1.51226,60.72152]],[[-1.184,60.603],[-1.177,60.637],[-1.11,60.726],[-1.057,60.731],[-0.991,60.72],[-0.983,60.651],[-1.029,60.496],[-1.105,60.486],[-1.143,60.492],[-1.17,60.527],[-1.184,60.603]],[[-0.966,60.688],[-0.939,60.794],[-0.883,60.842],[-0.806,60.841],[-0.768,60.829],[-0.757,60.814],[-0.82,60.689],[-0.835,60.673],[-0.936,60.674],[-0.966,60.688]]]]}},{"type":"Feature","properties":{"baseIndex":62},"geometry":{"type":"MultiPolygon","coordinates":[[[[-8.00994,62.11892],[-8.00549,62.09492],[-7.95093,61.99903],[-7.90111,61.95103],[-7.77794,61.87116],[-7.74173,61.85516],[-7.45991,61.78607],[-7.36488,61.77707],[-7.28047,61.79581],[-7.33019,61.79709],[-7.46798,61.81764],[-7.59056,61.85374],[-7.67244,61.89432],[-7.71183,61.92519],[-7.74899,61.97231],[-7.76451,62.01478],[-7.7604,62.07083],[-7.73455,62.1167],[-7.10274,61.83529],[-6.89574,61.88126],[-6.909,61.901],[-6.905,61.908],[-6.864,61.907],[-6.80991,61.90032],[-6.7552,61.91247],[-6.77994,61.89605],[-6.69739,61.87034],[-6.51276,61.9703],[-6.49015,62.0043],[-6.4654,62.083],[-6.46524,62.091],[-6.54432,62.18996],[-6.572,62.212],[-6.588,62.24],[-6.58502,62.24089],[-6.59902,62.25841],[-6.613,62.261],[-6.62688,62.27943],[-6.68693,62.30303],[-6.626,62.253],[-6.624,62.227],[-6.686,62.245],[-6.712,62.294],[-6.71708,62.31488],[-6.7599,62.3317],[-6.79746,62.34226],[-6.80139,62.34424],[-6.80822,62.34529],[-6.8666,62.3617],[-6.82406,62.34772],[-7.33172,62.42545],[-7.54365,62.40645],[-8.00994,62.11892]],[[-7.435,62.14],[-7.223,62.159],[-7.163,62.129],[-7.056,62.099],[-7.041,62.091],[-7.041,62.083],[-7.063,62.049],[-7.202,62.019],[-7.192,62.031],[-7.194,62.043],[-7.227,62.064],[-7.251,62.043],[-7.346,62.052],[-7.382,62.068],[-7.431,62.116],[-7.435,62.14]],[[-7.235,62.18],[-7.211,62.285],[-7.192,62.308],[-7.135,62.304],[-7.071,62.285],[-7.042,62.24],[-6.991,62.193],[-6.841,62.124],[-6.725,62.035],[-6.696,61.975],[-6.702,61.94],[-6.718,61.933],[-6.72188,61.9342],[-6.72229,61.93432],[-6.773,61.95],[-6.869,61.997],[-6.961,62.047],[-7.035,62.112],[-7.13,62.126],[-7.232,62.172],[-7.235,62.18]],[[-7.062,62.296],[-7.06,62.314],[-6.958,62.339],[-6.807,62.29],[-6.598,62.194],[-6.588,62.134],[-6.654,62.1],[-6.657,62.056],[-6.67,62.059],[-6.948,62.182],[-7.025,62.238],[-7.062,62.296]]],[[[-7.28047,61.79581],[-7.18589,61.79338],[-7.04418,61.80675],[-7.04054,61.80758],[-7.10274,61.83529],[-7.28047,61.79581]]],[[[-7.04054,61.80758],[-6.96186,61.77254],[-6.82262,61.80254],[-6.81178,61.80841],[-6.841,61.817],[-6.866,61.837],[-6.8758,61.85158],[-6.91402,61.83636],[-7.04054,61.80758]]],[[[-7.8092,62.20873],[-7.8038,62.13322],[-7.80065,62.12522],[-7.63295,61.9768],[-7.53034,61.9308],[-7.45383,61.90938],[-7.39621,61.86972],[-7.30349,61.81972],[-7.28311,61.80913],[-7.18647,61.76213],[-7.08772,61.72326],[-7.03255,61.70626],[-6.32794,61.73432],[-6.31185,61.74132],[-6.13094,61.9182],[-6.12429,61.9532],[-6.13665,62.03503],[-6.16455,62.09503],[-6.23445,62.17634],[-6.34901,62.26534],[-6.3973,62.294],[-6.415,62.284],[-6.48,62.298],[-6.52048,62.34996],[-6.52802,62.35964],[-6.54426,62.38048],[-6.75914,62.51367],[-6.82295,62.53267],[-7.04843,62.57227],[-7.10542,62.57627],[-7.73336,62.40527],[-7.75194,62.38227],[-7.78721,62.31373],[-7.8092,62.20873]],[[-7.435,62.14],[-7.223,62.159],[-7.163,62.129],[-7.056,62.099],[-7.041,62.091],[-7.041,62.083],[-7.063,62.049],[-7.202,62.019],[-7.192,62.031],[-7.194,62.043],[-7.227,62.064],[-7.251,62.043],[-7.346,62.052],[-7.382,62.068],[-7.431,62.116],[-7.435,62.14]],[[-7.235,62.18],[-7.211,62.285],[-7.192,62.308],[-7.135,62.304],[-7.071,62.285],[-7.042,62.24],[-6.991,62.193],[-6.841,62.124],[-6.725,62.035],[-6.696,61.975],[-6.702,61.94],[-6.718,61.933],[-6.773,61.95],[-6.869,61.997],[-6.961,62.047],[-7.035,62.112],[-7.13,62.126],[-7.232,62.172],[-7.235,62.18]],[[-7.062,62.296],[-7.06,62.314],[-6.958,62.339],[-6.807,62.29],[-6.598,62.194],[-6.588,62.134],[-6.654,62.1],[-6.657,62.056],[-6.67,62.059],[-6.948,62.182],[-7.025,62.238],[-7.062,62.296]],[[-6.909,61.901],[-6.905,61.908],[-6.864,61.907],[-6.783,61.897],[-6.661,61.859],[-6.604,61.822],[-6.63,61.761],[-6.652,61.743],[-6.705,61.777],[-6.841,61.817],[-6.866,61.837],[-6.909,61.901]],[[-6.721,62.331],[-6.626,62.253],[-6.624,62.227],[-6.686,62.245],[-6.712,62.294],[-6.721,62.331]],[[-6.668,62.334],[-6.661,62.372],[-6.632,62.371],[-6.566,62.296],[-6.566,62.265],[-6.586,62.256],[-6.613,62.261],[-6.668,62.334]],[[-6.588,62.24],[-6.551,62.251],[-6.549,62.301],[-6.574,62.35],[-6.542,62.357],[-6.522,62.318],[-6.489,62.288],[-6.389,62.255],[-6.412,62.185],[-6.518,62.169],[-6.572,62.212],[-6.588,62.24]]],[[[-7.6409,62.30999],[-7.61771,62.21879],[-7.57964,62.16079],[-7.51207,62.09158],[-7.43417,62.03558],[-7.3449,61.98492],[-7.06529,61.86192],[-6.92411,61.8156],[-6.91108,61.8126],[-6.85526,61.82841],[-6.866,61.837],[-6.909,61.901],[-6.905,61.908],[-6.864,61.907],[-6.783,61.897],[-6.70208,61.87179],[-6.09391,62.04403],[-6.09316,62.04505],[-6.09345,62.04416],[-6.0822,62.04734],[-6.08093,62.06187],[-6.01316,62.15505],[-6.02202,62.21505],[-6.19233,62.38717],[-6.40004,62.48317],[-6.47514,62.51243],[-6.6256,62.56143],[-7.22894,62.57895],[-7.33071,62.55395],[-7.63925,62.32799],[-7.6409,62.30999]],[[-7.435,62.14],[-7.223,62.159],[-7.163,62.129],[-7.056,62.099],[-7.041,62.091],[-7.041,62.083],[-7.063,62.049],[-7.202,62.019],[-7.192,62.031],[-7.194,62.043],[-7.227,62.064],[-7.251,62.043],[-7.346,62.052],[-7.382,62.068],[-7.431,62.116],[-7.435,62.14]],[[-7.235,62.18],[-7.211,62.285],[-7.192,62.308],[-7.135,62.304],[-7.071,62.285],[-7.042,62.24],[-6.991,62.193],[-6.841,62.124],[-6.725,62.035],[-6.696,61.975],[-6.702,61.94],[-6.718,61.933],[-6.773,61.95],[-6.869,61.997],[-6.961,62.047],[-7.035,62.112],[-7.13,62.126],[-7.232,62.172],[-7.235,62.18]],[[-7.062,62.296],[-7.06,62.314],[-6.958,62.339],[-6.807,62.29],[-6.598,62.194],[-6.588,62.134],[-6.654,62.1],[-6.657,62.056],[-6.67,62.059],[-6.948,62.182],[-7.025,62.238],[-7.062,62.296]],[[-6.721,62.331],[-6.626,62.253],[-6.624,62.227],[-6.686,62.245],[-6.712,62.294],[-6.721,62.331]],[[-6.668,62.334],[-6.661,62.372],[-6.632,62.371],[-6.566,62.296],[-6.566,62.265],[-6.586,62.256],[-6.613,62.261],[-6.668,62.334]],[[-6.588,62.24],[-6.551,62.251],[-6.549,62.301],[-6.574,62.35],[-6.542,62.357],[-6.522,62.318],[-6.489,62.288],[-6.389,62.255],[-6.412,62.185],[-6.518,62.169],[-6.572,62.212],[-6.588,62.24]],[[-6.547,62.384],[-6.519,62.397],[-6.489,62.381],[-6.392,62.297],[-6.415,62.284],[-6.48,62.298],[-6.547,62.384]]],[[[-6.22758,61.91764],[-6.1611,61.95164],[-6.14269,61.97695],[-6.14914,61.96944],[-6.22758,61.91764]]],[[[-6.14269,61.97695],[-6.09848,62.02842],[-6.09345,62.04416],[-6.09391,62.04403],[-6.14269,61.97695]]],[[[-7.52599,61.58697],[-7.52063,61.56697],[-7.4827,61.49661],[-7.36849,61.36561],[-7.22979,61.26913],[-7.05082,61.19013],[-6.36375,61.16076],[-6.33767,61.16876],[-6.08987,61.44988],[-6.15401,61.61088],[-6.19812,61.67464],[-6.21287,61.68964],[-6.34122,61.77289],[-6.50533,61.84489],[-6.67557,61.86354],[-6.661,61.859],[-6.604,61.822],[-6.63,61.761],[-6.652,61.743],[-6.705,61.777],[-6.841,61.817],[-6.866,61.837],[-6.90037,61.88816],[-7.05243,61.90482],[-7.10839,61.89682],[-7.45738,61.75345],[-7.47508,61.73545],[-7.52599,61.58697]],[[-6.963,61.619],[-6.945,61.637],[-6.889,61.645],[-6.724,61.573],[-6.709,61.558],[-6.642,61.397],[-6.668,61.389],[-6.846,61.468],[-6.958,61.599],[-6.963,61.619]]],[[[-7.46152,61.9715],[-7.45446,61.81907],[-7.41032,61.75507],[-7.35773,61.6991],[-7.33241,61.6791],[-7.1425,61.58665],[-7.0061,61.54665],[-7.09177,61.57774],[-7.10018,61.58222],[-6.94712,61.58627],[-6.958,61.599],[-6.963,61.619],[-6.945,61.637],[-6.889,61.645],[-6.76545,61.59109],[-6.15926,61.60715],[-6.13697,61.62515],[-6.07165,61.70742],[-6.04454,61.76842],[-6.1424,61.98154],[-6.19884,62.01854],[-6.34598,62.08535],[-6.46759,62.12335],[-6.59057,62.14941],[-6.588,62.134],[-6.654,62.1],[-6.657,62.056],[-6.67,62.059],[-6.91235,62.16623],[-6.92405,62.1622],[-6.841,62.124],[-6.725,62.035],[-6.696,61.975],[-6.702,61.94],[-6.718,61.933],[-6.773,61.95],[-6.869,61.997],[-6.961,62.047],[-7.035,62.112],[-7.05942,62.1156],[-7.08446,62.10698],[-7.056,62.099],[-7.041,62.091],[-7.041,62.083],[-7.063,62.049],[-7.202,62.019],[-7.192,62.031],[-7.194,62.043],[-7.22079,62.06005],[-7.23848,62.05395],[-7.251,62.043],[-7.26613,62.04443],[-7.45765,61.9785],[-7.46152,61.9715]],[[-6.909,61.901],[-6.905,61.908],[-6.864,61.907],[-6.783,61.897],[-6.661,61.859],[-6.604,61.822],[-6.63,61.761],[-6.652,61.743],[-6.705,61.777],[-6.841,61.817],[-6.866,61.837],[-6.909,61.901]]],[[[-7.29768,62.30053],[-7.28797,62.26353],[-7.27474,62.22897],[-7.24782,62.17997],[-7.18925,62.14213],[-7.163,62.129],[-7.056,62.099],[-7.041,62.091],[-7.041,62.083],[-7.05772,62.05715],[-6.99208,62.01475],[-6.9299,61.99675],[-6.88898,62.00786],[-6.961,62.047],[-7.035,62.112],[-7.13,62.126],[-7.232,62.172],[-7.235,62.18],[-7.211,62.285],[-7.192,62.308],[-7.135,62.304],[-7.071,62.285],[-7.042,62.24],[-6.991,62.193],[-6.841,62.124],[-6.74173,62.04783],[-6.68164,62.06415],[-6.948,62.182],[-7.025,62.238],[-7.062,62.296],[-7.06,62.314],[-6.958,62.339],[-6.807,62.29],[-6.598,62.194],[-6.588,62.134],[-6.654,62.1],[-6.65597,62.07112],[-6.04602,62.23671],[-6.04752,62.26271],[-6.12231,62.3867],[-6.216,62.4647],[-7.29768,62.30053]],[[-6.721,62.331],[-6.626,62.253],[-6.624,62.227],[-6.686,62.245],[-6.712,62.294],[-6.721,62.331]],[[-6.668,62.334],[-6.661,62.372],[-6.632,62.371],[-6.566,62.296],[-6.566,62.265],[-6.586,62.256],[-6.613,62.261],[-6.668,62.334]],[[-6.588,62.24],[-6.551,62.251],[-6.549,62.301],[-6.574,62.35],[-6.542,62.357],[-6.522,62.318],[-6.489,62.288],[-6.389,62.255],[-6.412,62.185],[-6.518,62.169],[-6.572,62.212],[-6.588,62.24]],[[-6.547,62.384],[-6.519,62.397],[-6.489,62.381],[-6.392,62.297],[-6.415,62.284],[-6.48,62.298],[-6.547,62.384]]],[[[-7.2463,62.35711],[-7.21823,62.25337],[-7.211,62.285],[-7.192,62.308],[-7.135,62.304],[-7.071,62.285],[-7.042,62.24],[-6.991,62.193],[-6.841,62.124],[-6.725,62.035],[-6.71383,62.01188],[-6.18362,62.06094],[-6.1635,62.06994],[-5.98692,62.265],[-5.98632,62.296],[-6.02939,62.39862],[-6.09405,62.47362],[-6.58891,62.64156],[-6.61791,62.64256],[-7.24003,62.39511],[-7.2463,62.35711]],[[-7.062,62.296],[-7.06,62.314],[-6.958,62.339],[-6.807,62.29],[-6.598,62.194],[-6.588,62.134],[-6.654,62.1],[-6.657,62.056],[-6.67,62.059],[-6.948,62.182],[-7.025,62.238],[-7.062,62.296]],[[-6.721,62.331],[-6.626,62.253],[-6.624,62.227],[-6.686,62.245],[-6.712,62.294],[-6.721,62.331]],[[-6.668,62.334],[-6.661,62.372],[-6.632,62.371],[-6.566,62.296],[-6.566,62.265],[-6.586,62.256],[-6.613,62.261],[-6.668,62.334]],[[-6.588,62.24],[-6.551,62.251],[-6.549,62.301],[-6.574,62.35],[-6.542,62.357],[-6.522,62.318],[-6.489,62.288],[-6.389,62.255],[-6.412,62.185],[-6.518,62.169],[-6.572,62.212],[-6.588,62.24]],[[-6.547,62.384],[-6.519,62.397],[-6.489,62.381],[-6.392,62.297],[-6.415,62.284],[-6.48,62.298],[-6.547,62.384]]],[[[-7.03936,62.11264],[-7.03118,62.10865],[-7.035,62.112],[-7.03936,62.11264]]],[[[-7.12875,62.30215],[-7.1277,62.30183],[-7.12867,62.30605],[-7.12875,62.30215]]],[[[-7.12505,62.30105],[-7.11677,62.29859],[-7.11225,62.31346],[-7.12505,62.30105]]],[[[-7.11414,62.12366],[-7.10424,62.11253],[-7.056,62.099],[-7.041,62.091],[-7.041,62.083],[-7.05453,62.06209],[-7.01606,62.03185],[-6.89237,62.0097],[-6.961,62.047],[-7.035,62.112],[-7.11414,62.12366]]],[[[-7.11225,62.31346],[-7.00919,62.41345],[-7.05598,62.38359],[-7.10966,62.32196],[-7.11225,62.31346]]],[[[-7.06262,62.27199],[-7.042,62.24],[-6.991,62.193],[-6.841,62.124],[-6.725,62.035],[-6.696,61.975],[-6.69608,61.97455],[-6.34038,61.91085],[-6.23429,61.92685],[-5.84111,62.14393],[-5.81678,62.21393],[-6.00969,62.42719],[-6.78969,62.60241],[-6.82163,62.59541],[-7.00919,62.41345],[-6.97189,62.43724],[-6.90339,62.46381],[-7.0195,62.32393],[-6.958,62.339],[-6.807,62.29],[-6.598,62.194],[-6.588,62.134],[-6.654,62.1],[-6.657,62.056],[-6.67,62.059],[-6.948,62.182],[-7.025,62.238],[-7.05361,62.28284],[-7.06262,62.27199]],[[-6.721,62.331],[-6.626,62.253],[-6.624,62.227],[-6.686,62.245],[-6.712,62.294],[-6.721,62.331]],[[-6.668,62.334],[-6.661,62.372],[-6.632,62.371],[-6.566,62.296],[-6.566,62.265],[-6.586,62.256],[-6.613,62.261],[-6.668,62.334]],[[-6.588,62.24],[-6.551,62.251],[-6.549,62.301],[-6.574,62.35],[-6.542,62.357],[-6.522,62.318],[-6.489,62.288],[-6.389,62.255],[-6.412,62.185],[-6.518,62.169],[-6.572,62.212],[-6.588,62.24]],[[-6.547,62.384],[-6.519,62.397],[-6.489,62.381],[-6.392,62.297],[-6.415,62.284],[-6.48,62.298],[-6.547,62.384]]],[[[-6.15374,62.5093],[-6.05075,62.46552],[-6.03354,62.45357],[-6.05411,62.4763],[-6.15374,62.5093]]],[[[-6.03354,62.45357],[-6.00969,62.42719],[-5.99088,62.42297],[-5.99255,62.42508],[-6.03354,62.45357]]],[[[-6.00549,62.44151],[-5.99255,62.42508],[-5.98885,62.42251],[-5.99088,62.42297],[-5.95767,62.38084],[-5.97694,62.41984],[-5.98366,62.42135],[-6.00549,62.44151]]],[[[-7.09371,62.29174],[-7.071,62.285],[-7.042,62.24],[-6.991,62.193],[-6.841,62.124],[-6.79316,62.0873],[-6.72366,62.05182],[-6.65855,62.03782],[-5.96752,62.11163],[-5.94433,62.12463],[-5.88109,62.42519],[-5.97666,62.50919],[-6.05021,62.55896],[-6.07998,62.57496],[-6.93065,62.58867],[-6.95847,62.57567],[-7.09371,62.29174]],[[-7.062,62.296],[-7.06,62.314],[-6.958,62.339],[-6.807,62.29],[-6.598,62.194],[-6.588,62.134],[-6.654,62.1],[-6.657,62.056],[-6.67,62.059],[-6.948,62.182],[-7.025,62.238],[-7.062,62.296]],[[-6.721,62.331],[-6.626,62.253],[-6.624,62.227],[-6.686,62.245],[-6.712,62.294],[-6.721,62.331]],[[-6.668,62.334],[-6.661,62.372],[-6.632,62.371],[-6.566,62.296],[-6.566,62.265],[-6.586,62.256],[-6.613,62.261],[-6.668,62.334]],[[-6.588,62.24],[-6.551,62.251],[-6.549,62.301],[-6.574,62.35],[-6.542,62.357],[-6.522,62.318],[-6.489,62.288],[-6.389,62.255],[-6.412,62.185],[-6.518,62.169],[-6.572,62.212],[-6.588,62.24]],[[-6.547,62.384],[-6.519,62.397],[-6.489,62.381],[-6.392,62.297],[-6.415,62.284],[-6.48,62.298],[-6.547,62.384]]]]}},{"type":"Feature","properties":{"baseIndex":63},"geometry":{"type":"MultiPolygon","coordinates":[[[[-5.22876,54.14108],[-5.12653,53.87905],[-5.11548,53.87205],[-4.58511,53.82226],[-4.54951,53.82666],[-4.5726,53.82109],[-4.5536,53.8193],[-4.52016,53.83028],[-4.34994,53.85129],[-4.21656,53.90929],[-4.15969,53.93883],[-4.06222,53.99783],[-3.97627,54.07176],[-3.89019,54.17876],[-3.85814,54.35156],[-3.90087,54.46756],[-4.04014,54.60902],[-4.05508,54.61702],[-4.5547,54.66529],[-4.67156,54.63529],[-4.77793,54.59705],[-4.81979,54.57705],[-4.91329,54.51625],[-4.93907,54.49325],[-4.99456,54.42439],[-4.99697,54.41976],[-5.1514,54.29508],[-5.22876,54.14108]],[[-4.789,54.063],[-4.71,54.217],[-4.618,54.254],[-4.578,54.297],[-4.553,54.344],[-4.527,54.367],[-4.485,54.387],[-4.368,54.417],[-4.353,54.409],[-4.309,54.293],[-4.394,54.186],[-4.491,54.127],[-4.624,54.069],[-4.705,54.08],[-4.778,54.056],[-4.789,54.063]]],[[[-4.80859,53.81568],[-4.72756,53.80468],[-4.69085,53.80921],[-4.69646,53.80874],[-4.80859,53.81568]]],[[[-4.69085,53.80921],[-4.58485,53.81813],[-4.5726,53.82109],[-4.58511,53.82226],[-4.69085,53.80921]]]]}},{"type":"Feature","properties":{"baseIndex":65},"geometry":{"type":"MultiPolygon","coordinates":[[[[7.58187,55.55826],[7.7477,55.25981],[7.92726,55.18281],[8.08891,55.19649],[8.09209,55.19392],[8.13152,55.18427],[8.17082,55.05659],[8.13087,54.78571],[8.18703,54.62995],[8.33457,54.47695],[8.34462,54.46711],[8.10097,54.22312],[8.12886,54.14212],[8.67026,53.92783],[8.82757,53.946],[8.819,53.969],[8.946,54.015],[8.833,54.066],[8.779,54.132],[8.853,54.168],[8.884,54.229],[8.581,54.194],[8.554,54.275],[8.5576,54.27569],[8.55839,54.27584],[8.852,54.332],[8.951,54.419],[8.742,54.608],[8.596,54.761],[8.645,55.069],[8.59457,55.23926],[8.58851,55.25972],[8.56,55.356],[8.481,55.349],[8.319,55.481],[8.214,55.399],[8.035,55.476],[8.125,55.636],[8.32,55.768],[8.317,55.849],[8.117,56.092],[8.124,56.207],[8.183,56.431],[8.309,56.479],[8.452,56.412],[8.675,56.358],[8.82619,56.55907],[8.86283,56.60779],[8.86315,56.60822],[8.869,56.616],[8.90383,56.62666],[9.003,56.657],[9.136,56.46],[9.312,56.481],[9.32157,56.70885],[9.322,56.719],[9.33903,56.77682],[9.37,56.882],[9.835,56.89],[10.216,56.85],[10.23,56.605],[10.314,56.469],[10.826,56.443],[10.889,56.369],[10.751,56.097],[10.6711,56.07726],[10.65629,56.0736],[10.496,56.034],[10.442,56.151],[10.293,56.137],[10.175,56.076],[10.23,55.951],[10.21431,55.91583],[10.29959,55.8926],[10.28604,55.89417],[10.21346,55.91393],[10.1951,55.8728],[10.147,55.765],[10.07076,55.74594],[10.04705,55.74001],[10.007,55.73],[9.976,55.62],[9.69,55.605],[9.738,55.534],[9.824,55.547],[9.835,55.54],[9.838,55.522],[9.856,55.512],[9.905,55.506],[10,55.541],[10.13665,55.57126],[10.1402,55.57205],[10.1431,55.57269],[10.149,55.574],[10.16081,55.57861],[10.16485,55.58019],[10.213,55.599],[10.27481,55.61047],[10.28603,55.61255],[10.31,55.617],[10.406,55.586],[10.4075,55.58498],[10.42477,55.57317],[10.43116,55.5688],[10.485,55.532],[10.452,55.482],[10.416,55.453],[10.426,55.439],[10.469,55.437],[10.606,55.486],[10.617,55.564],[10.603,55.607],[10.611,55.617],[10.627,55.617],[10.744,55.497],[10.791,55.363],[10.82015,55.31352],[10.82186,55.31062],[10.834,55.29],[10.812,55.186],[10.783,55.122],[10.74,55.067],[10.616,55.061],[10.529,55.029],[10.498,55.029],[10.153,55.084],[10.135,55.117],[10.154,55.127],[10.119,55.179],[10.099,55.188],[10.006,55.193],[9.98955,55.20613],[9.98945,55.20621],[9.98778,55.20755],[9.93842,55.24694],[9.93828,55.24705],[9.93319,55.25111],[9.897,55.28],[9.887,55.342],[9.88633,55.34283],[9.87522,55.35672],[9.811,55.437],[9.768,55.467],[9.704,55.483],[9.63,55.459],[9.544,55.351],[9.52009,55.23766],[9.51922,55.23351],[9.51911,55.233],[9.517,55.223],[9.518,55.129],[9.51316,55.12137],[9.421,54.976],[9.61,54.88],[9.864,54.726],[9.89607,54.69106],[9.90608,54.68016],[9.987,54.592],[9.978,54.49],[9.865,54.411],[10.065,54.434],[10.142,54.337],[10.213,54.372],[10.25795,54.36846],[10.32264,54.38601],[10.31962,54.3636],[10.34,54.362],[10.35742,54.35049],[10.39411,54.4054],[10.56158,54.45084],[10.48557,54.54784],[10.44957,54.55858],[10.45152,54.57813],[10.39781,54.71923],[10.35083,54.77098],[10.37192,54.76762],[10.498,54.75769],[10.529,54.75769],[10.75098,54.79527],[10.77963,54.79665],[10.84585,54.82375],[10.87022,54.83269],[10.86239,54.83051],[11.01444,54.89272],[11.014,54.896],[11.058,54.935],[11.136,54.954],[11.16635,54.95488],[11.1696,54.9562],[11.21319,55.0112],[11.23924,55.054],[11.26897,55.118],[11.28064,55.15351],[11.2885,55.18869],[11.285,55.189],[11.23,55.337],[11.102,55.634],[11.14589,55.64328],[11.04489,55.74801],[10.83002,55.82015],[10.94653,55.8489],[11.21601,56.02336],[11.35732,56.29536],[11.3292,56.48462],[11.26705,56.55862],[10.87062,56.71317],[10.71464,56.72109],[10.70858,56.8585],[10.30897,57.11644],[10.30792,57.11655],[10.257,57.006],[9.503,56.975],[9.334,57.023],[9.141,57.009],[9.09722,57.02877],[8.88304,56.92519],[8.86833,56.87292],[8.80988,56.88485],[8.778,56.798],[8.666,56.7],[8.62393,56.68598],[8.507,56.647],[8.47597,56.6039],[8.471,56.597],[8.46472,56.60138],[8.37513,56.66391],[8.33192,56.69407],[8.03202,56.70237],[7.90637,56.65437],[7.70074,56.47021],[7.64456,56.24621],[7.63975,56.21619],[7.63419,56.10119],[7.67822,55.9785],[7.79701,55.83612],[7.75805,55.80958],[7.67003,55.71826],[7.58187,55.55826]],[[8.24407,55.15674],[8.53127,55.08648],[8.51029,55.08618],[8.3909,55.10254],[8.28286,55.13588],[8.24407,55.15674]],[[8.2774,55.21243],[8.49492,55.23083],[8.4266,55.21672],[8.3143,55.2097],[8.2774,55.21243]],[[9.70826,55.21282],[9.71111,55.21984],[9.76183,55.2775],[9.81402,55.31264],[9.76897,55.21597],[9.72879,55.21206],[9.70826,55.21282]]],[[[7.7304,56.90455],[7.79621,56.63025],[8.08627,56.42925],[8.20319,56.43869],[8.309,56.479],[8.36682,56.45191],[8.77011,56.48448],[8.869,56.616],[9.003,56.657],[9.07411,56.55167],[9.08194,56.55593],[9.19503,56.65393],[9.25675,56.73943],[9.27436,56.73443],[9.32487,56.72874],[9.33086,56.74909],[9.332,56.75295],[9.37,56.882],[9.835,56.89],[10.216,56.85],[10.22271,56.73252],[10.29424,56.73546],[10.73708,56.94013],[10.78019,57.03115],[10.81664,57.05096],[10.96083,57.25013],[10.95177,57.46613],[10.93275,57.50332],[11.03436,57.65498],[10.71716,58.00248],[10.63822,58.01648],[10.26678,57.93232],[10.11051,57.92552],[9.66996,57.83552],[9.41959,57.72307],[9.08084,57.42014],[8.57393,57.3711],[8.68411,57.37502],[8.70606,57.3731],[8.14727,57.31125],[7.9735,57.19325],[7.90367,57.12955],[7.7304,56.90455]],[[8.183,56.798],[8.359,57.023],[8.534,57.141],[8.661,57.104],[9.302,57.166],[9.449,57.228],[9.849,57.582],[10.29,57.672],[10.39,57.661],[10.479,57.759],[10.558,57.745],[10.401,57.506],[10.451,57.458],[10.463,57.242],[10.333,57.171],[10.257,57.006],[9.503,56.975],[9.334,57.023],[9.141,57.009],[9.079,57.037],[8.971,57],[8.847,56.986],[8.78609,56.82005],[8.78535,56.81802],[8.778,56.798],[8.666,56.7],[8.507,56.647],[8.471,56.597],[8.183,56.798]],[[8.85783,56.79502],[9.02074,56.76933],[8.98503,56.77062],[8.86725,56.79173],[8.85783,56.79502]]],[[[10.54676,54.87511],[10.55871,54.79311],[10.56081,54.84707],[10.58128,54.89973],[10.61931,54.94899],[10.63804,54.96419],[10.60567,54.63659],[10.648,54.60159],[10.87034,54.50146],[11.01284,54.47113],[11.03027,54.46166],[11.09553,54.43173],[11.20178,54.39173],[11.58984,54.38659],[11.68904,54.37451],[12.06219,54.42199],[12.11133,54.44299],[12.25146,54.54052],[12.27575,54.56852],[12.32381,54.6774],[12.32843,54.7314],[12.30585,54.82713],[12.2931,54.85013],[12.2245,54.92739],[12.1077,55.01899],[12.077,54.995],[11.97,54.954],[11.77572,55.16647],[11.76517,55.16809],[11.64998,55.11799],[11.60463,55.14367],[11.54223,55.16585],[11.285,55.189],[11.27218,55.22349],[11.21645,55.22797],[11.11245,55.22497],[10.95276,55.20378],[10.87485,55.18478],[10.79356,55.14531],[10.783,55.122],[10.74,55.067],[10.64163,55.06224],[10.6208,55.04362],[10.54676,54.87511]],[[10.99,54.791],[11.025,54.814],[11.014,54.896],[11.058,54.935],[11.136,54.954],[11.19633,54.95574],[11.2236,54.99884],[11.24467,55.0178],[11.2784,55.03687],[11.3712,55.06919],[11.47432,55.08828],[11.58224,55.09311],[11.59094,55.09232],[11.26751,54.95165],[11.276,54.95],[11.331,54.919],[11.351,54.892],[11.393,54.868],[11.514,54.83],[11.564,54.822],[11.643,54.878],[11.644,54.906],[11.657,54.904],[11.709,54.875],[11.849,54.766],[11.862,54.743],[11.858,54.689],[11.834,54.661],[11.785,54.64],[11.588,54.664],[11.456,54.619],[11.35,54.659],[11.262,54.707],[11.032,54.756],[10.99,54.791]],[[11.709,54.937],[11.751,54.961],[11.851,54.955],[12.02,54.896],[12.104,54.89],[12.169,54.839],[12.055,54.775],[11.97,54.699],[11.96,54.648],[11.979,54.567],[11.964,54.562],[11.923,54.576],[11.872,54.651],[11.878,54.688],[11.899,54.719],[11.802,54.839],[11.752,54.859],[11.709,54.937]]],[[[10.65528,55.58799],[10.744,55.497],[10.791,55.363],[10.834,55.29],[10.812,55.186],[10.807,55.17497],[10.82317,55.1328],[11.15024,54.95441],[11.24,54.957],[11.276,54.95],[11.331,54.919],[11.33795,54.90962],[11.49168,54.89578],[11.55424,54.82814],[11.56949,54.82589],[11.643,54.878],[11.64354,54.89314],[11.644,54.906],[11.657,54.904],[11.67306,54.89505],[11.709,54.875],[11.81944,54.78902],[11.84551,54.78517],[11.802,54.839],[11.752,54.859],[11.72973,54.8994],[11.72586,54.90642],[11.709,54.937],[11.751,54.961],[11.851,54.955],[12.02,54.896],[12.104,54.89],[12.169,54.839],[12.055,54.775],[12.03509,54.7572],[12.23059,54.72836],[12.33785,54.76936],[12.45596,54.83465],[12.65972,54.99266],[12.76739,55.05496],[12.74614,55.35501],[12.7734,55.37325],[12.802,55.40676],[12.802,55.417],[12.81538,55.42245],[12.87399,55.49113],[12.859,55.533],[12.9119,55.58882],[12.93736,55.6558],[12.94352,55.70223],[12.699,55.905],[12.414,56.243],[12.42408,56.24525],[12.32037,56.25532],[12.12106,56.2512],[11.97112,56.2302],[11.64532,56.01224],[11.17961,56.04474],[10.99457,55.90077],[10.93452,55.88807],[10.65528,55.58799]],[[11.102,55.634],[11.296,55.675],[11.568,55.885],[11.59157,55.85215],[11.64291,55.7806],[11.728,55.662],[11.962,55.581],[12.053,55.703],[12.0716,55.84332],[12.0723,55.84859],[12.07381,55.85996],[12.07842,55.89472],[12.088,55.967],[12.238,55.988],[12.444,55.968],[12.469,55.711],[12.409,55.548],[12.158,55.379],[12.43,55.245],[12.301,55.17],[12.077,54.995],[11.97,54.954],[11.767,55.176],[11.585,55.162],[11.285,55.189],[11.23,55.337],[11.102,55.634]]],[[[11.29706,54.93813],[11.331,54.919],[11.351,54.892],[11.393,54.868],[11.514,54.83],[11.564,54.822],[11.643,54.878],[11.644,54.906],[11.657,54.904],[11.709,54.875],[11.849,54.766],[11.862,54.743],[11.858,54.689],[11.834,54.661],[11.785,54.64],[11.588,54.664],[11.49891,54.63363],[11.49479,54.63222],[11.46542,54.62221],[11.46235,54.62117],[11.456,54.619],[11.41876,54.63305],[11.43859,54.55159],[11.49039,54.47659],[11.68703,54.34223],[11.72811,54.32823],[12.19566,54.32679],[12.21069,54.33179],[12.43961,54.60352],[12.43765,54.6123],[12.49554,54.64465],[12.54635,54.99947],[12.48182,55.05047],[12.24919,55.12953],[12.077,54.995],[11.97,54.954],[11.767,55.176],[11.585,55.162],[11.49994,55.16966],[11.41992,55.15333],[11.37812,55.12933],[11.29706,54.93813]],[[11.709,54.937],[11.751,54.961],[11.851,54.955],[12.02,54.896],[12.104,54.89],[12.169,54.839],[12.055,54.775],[11.97,54.699],[11.96,54.648],[11.979,54.567],[11.964,54.562],[11.923,54.576],[11.872,54.651],[11.878,54.688],[11.899,54.719],[11.802,54.839],[11.752,54.859],[11.709,54.937]]],[[[12.25128,55.13116],[12.26332,55.12787],[12.2521,55.1318],[12.25128,55.13116]]],[[[11.97518,56.12747],[12.10971,55.97004],[12.238,55.988],[12.444,55.968],[12.469,55.711],[12.45801,55.68115],[12.44178,55.63705],[12.41256,55.55766],[12.39607,55.49365],[12.32721,55.417],[12.32797,55.353],[12.71676,55.08611],[13.21687,55.03411],[13.48106,55.04985],[13.81429,55.12716],[13.92284,55.0995],[14.52862,55.21251],[14.69938,55.38051],[14.69508,55.6537],[14.64808,55.6988],[14.67546,55.7456],[14.81697,55.81757],[14.7171,55.77807],[14.69126,55.77262],[14.71649,55.81576],[14.67801,55.76982],[14.6028,55.75395],[14.59131,55.75327],[14.54826,55.79457],[14.73268,55.8417],[15.15902,55.81093],[15.41884,55.83946],[15.42776,55.83544],[15.50295,55.80744],[16.2113,55.92222],[16.50749,56.28522],[16.063,56.396],[15.771,56.033],[15.696,56.061],[15.497,56.167],[15.221,56.08],[14.653,56.121],[14.605,55.981],[14.492,56.018],[14.259,55.899],[14.126,55.667],[14.286,55.515],[14.117,55.347],[13.823,55.422],[13.302,55.301],[12.802,55.353],[12.802,55.417],[12.888,55.452],[12.859,55.533],[12.986,55.667],[12.699,55.905],[12.414,56.243],[12.652,56.296],[12.615,56.436],[12.805,56.401],[12.872,56.512],[12.812,56.584],[12.39017,56.47657],[12.3864,56.515],[12.35471,56.50022],[12.36783,56.51526],[12.37623,56.51933],[12.3857,56.52217],[12.38507,56.52861],[12.37815,56.52707],[12.38689,56.53708],[12.40867,56.59784],[12.36509,56.52416],[12.23348,56.49482],[12.18,56.41876],[12.13269,56.3967],[12.14168,56.36426],[11.97518,56.12747]],[[12.26926,56.46038],[12.29483,56.47984],[12.3566,56.50981],[12.3495,56.4978],[12.26926,56.46038]],[[12.45326,55.55732],[12.46849,55.57946],[12.48666,55.5945],[12.45326,55.55732]],[[14.391,55.75439],[14.54611,55.79402],[14.57889,55.7535],[14.57926,55.75255],[14.4814,55.74675],[14.391,55.75439]]],[[[12.38481,56.53127],[12.38507,56.52861],[12.44353,56.54164],[12.63982,56.63317],[12.6259,56.65112],[12.58719,56.64366],[12.4819,56.604],[12.39862,56.55051],[12.38689,56.53708],[12.38481,56.53127]]],[[[12.3857,56.52217],[12.3864,56.515],[12.43073,56.53567],[12.3857,56.52217]]],[[[12.43073,56.53567],[12.47123,56.54782],[12.44353,56.54164],[12.43073,56.53567]]],[[[12.67426,54.41701],[12.7065,54.29664],[12.765,54.27],[12.82917,54.29776],[12.82741,54.30004],[12.80668,54.36161],[12.80674,54.36252],[12.86823,54.31466],[12.87139,54.31602],[12.811,54.37203],[12.80773,54.37812],[12.81064,54.42432],[12.83907,54.48483],[12.8492,54.49569],[12.93942,54.46459],[13.01457,54.27629],[13.026,54.265],[13.064,54.194],[13.431,54.03],[13.56638,54.06085],[13.62498,54.0742],[13.64747,54.07932],[13.668,54.084],[13.67456,54.07894],[13.67525,54.07841],[13.67721,54.07689],[13.67846,54.07593],[13.72627,54.03905],[13.738,54.03],[13.73931,54.02203],[13.77768,54.01342],[13.778,54.044],[13.83859,54.01785],[14.1817,54.22748],[14.19933,54.28448],[14.16868,54.43804],[14.12727,54.49504],[14.12488,54.49695],[14.13886,54.51325],[14.14228,54.55025],[13.98928,54.76448],[13.94545,54.78748],[13.78088,54.81763],[13.60001,54.9344],[13.58602,54.9374],[13.35795,54.95157],[13.21297,54.93957],[12.9817,54.87993],[12.93387,54.85693],[12.77893,54.71331],[12.77308,54.69931],[12.76485,54.59258],[12.78133,54.5333],[12.78352,54.54028],[12.81761,54.59017],[12.86783,54.63515],[12.87067,54.63684],[12.88282,54.60641],[12.78459,54.52155],[12.7857,54.51758],[12.82364,54.5045],[12.77167,54.48316],[12.77044,54.49868],[12.77503,54.51329],[12.71165,54.45853],[12.6909,54.45001],[12.67426,54.41701]],[[12.8784,54.52697],[12.89045,54.53988],[12.90546,54.54967],[12.90944,54.53971],[12.8784,54.52697]],[[13.01911,54.43712],[13.11408,54.40438],[13.13441,54.38481],[13.15345,54.37321],[13.0831,54.39871],[13.01911,54.43712]],[[13.08245,54.78775],[13.09231,54.79152],[13.09872,54.79295],[13.09092,54.78621],[13.08245,54.78775]],[[13.09175,54.61454],[13.10725,54.63071],[13.14205,54.63519],[13.09175,54.61454]],[[13.11049,54.40784],[13.11707,54.40335],[13.11408,54.40438],[13.11049,54.40784]],[[13.117,54.339],[13.12807,54.3605],[13.12949,54.36325],[13.134,54.372],[13.15669,54.37124],[13.15345,54.37321],[13.15912,54.37115],[13.16452,54.37097],[13.11707,54.40335],[13.21604,54.36923],[13.223,54.369],[13.268,54.383],[13.239,54.411],[13.208,54.428],[13.165,54.434],[13.229,54.465],[13.232,54.486],[13.167,54.513],[13.147,54.546],[13.304,54.55],[13.367,54.58],[13.378,54.558],[13.4063,54.5297],[13.51653,54.51425],[13.503,54.55],[13.459,54.551],[13.426,54.57],[13.384,54.578],[13.375,54.61],[13.311,54.573],[13.245,54.559],[13.225,54.634],[13.22732,54.63942],[13.22783,54.6406],[13.231,54.648],[13.279,54.671],[13.424,54.683],[13.438,54.68],[13.442,54.671],[13.383,54.639],[13.391,54.607],[13.407,54.589],[13.456,54.573],[13.634,54.586],[13.678,54.563],[13.675,54.526],[13.59816,54.48929],[13.62501,54.48084],[13.64938,54.46753],[13.58462,54.48142],[13.578,54.454],[13.621,54.402],[13.66679,54.40117],[13.67429,54.40103],[13.676,54.401],[13.702,54.388],[13.744,54.331],[13.727,54.274],[13.711,54.272],[13.696,54.284],[13.711,54.297],[13.712,54.324],[13.689,54.348],[13.53763,54.34309],[13.504,54.342],[13.43706,54.31107],[13.39486,54.29157],[13.42369,54.28425],[13.38613,54.28753],[13.359,54.275],[13.357,54.26],[13.413,54.265],[13.422,54.259],[13.429,54.238],[13.393,54.221],[13.31909,54.24897],[13.3211,54.18637],[13.29853,54.20487],[13.27521,54.23545],[13.26657,54.25584],[13.25,54.258],[13.156,54.306],[13.117,54.339]],[[13.34267,54.74069],[13.37925,54.7483],[13.48418,54.75531],[13.57095,54.74948],[13.64153,54.73531],[13.72286,54.70714],[13.79274,54.66992],[13.80488,54.66014],[13.80744,54.65665],[13.34267,54.74069]],[[13.715,54.66659],[13.7353,54.66491],[13.81405,54.64762],[13.81719,54.64334],[13.715,54.66659]],[[13.76779,54.48717],[13.84005,54.63181],[13.84592,54.62708],[13.8465,54.61283],[13.82248,54.5493],[13.77321,54.49093],[13.76779,54.48717]],[[13.81789,54.64677],[13.82282,54.64569],[13.82911,54.64062],[13.81987,54.64273],[13.81789,54.64677]],[[13.8294,54.64425],[13.82973,54.64417],[13.84359,54.63889],[13.84289,54.63749],[13.83411,54.63949],[13.8294,54.64425]],[[13.84061,54.63293],[13.84289,54.63749],[13.84552,54.63689],[13.8459,54.62758],[13.84061,54.63293]],[[13.84359,54.63889],[13.8453,54.64232],[13.84547,54.63817],[13.84359,54.63889]],[[13.84547,54.63817],[13.85373,54.63502],[13.84552,54.63689],[13.84547,54.63817]]],[[[12.77503,54.51329],[12.78459,54.52155],[12.78133,54.5333],[12.77503,54.51329]]],[[[13.41906,54.51694],[13.447,54.489],[13.484,54.484],[13.503,54.493],[13.50661,54.49816],[13.41906,54.51694]]],[[[14.20959,55.13064],[14.35595,54.904],[14.42525,54.867],[14.54844,54.81902],[14.7437,54.76702],[14.80253,54.75391],[14.90359,54.73591],[15.18114,54.73568],[15.21516,54.74168],[15.45371,54.83885],[15.4799,54.85885],[15.54009,54.92113],[15.58783,54.98913],[15.62084,55.09288],[15.62032,55.13288],[15.55822,55.26364],[15.54338,55.27864],[15.32984,55.39081],[15.29329,55.40035],[15.17822,55.44377],[15.16892,55.45214],[15.15373,55.45376],[15.11863,55.46967],[15.14684,55.4545],[14.49036,55.52493],[14.46643,55.51493],[14.29659,55.38118],[14.2505,55.30018],[14.22926,55.24364],[14.20959,55.13064]],[[14.678,55.102],[14.699,55.215],[14.746,55.296],[14.77,55.306],[14.825,55.257],[14.887,55.229],[15.065,55.162],[15.134,55.144],[15.149,55.129],[15.15,55.089],[15.103,55.021],[15.077,55.001],[15.043,54.995],[14.942,55.013],[14.747,55.065],[14.678,55.102]]],[[[23.50323,59.23029],[23.50614,59.17129],[23.51879,59.23533],[23.5285,59.24952],[23.50323,59.23029]]],[[[23.5285,59.24952],[23.71731,59.39319],[23.62843,59.34998],[23.56033,59.29603],[23.5285,59.24952]]],[[[23.71731,59.39319],[23.71924,59.39413],[23.81831,59.42325],[23.7856,59.37592],[23.83392,59.42693],[23.86524,59.43157],[23.948,59.169],[24.032,59.176],[24.03,59.235],[24.282,59.284],[24.342,59.369],[24.538,59.323],[24.571,59.374],[24.714,59.352],[24.751,59.448],[25.248,59.362],[25.449,59.494],[25.49,59.42],[25.721,59.46],[26.343,59.447],[26.862,59.372],[26.999,59.318],[27.265,59.338],[27.702,59.298],[27.79519,59.56505],[27.3583,59.60505],[27.18794,59.60641],[27.12692,59.60182],[27.0065,59.63299],[26.48782,59.70799],[26.36478,59.71808],[25.74279,59.73108],[25.55002,59.71683],[25.31922,59.67683],[25.43914,59.69006],[25.56178,59.68881],[25.68057,59.67315],[25.78914,59.64391],[25.88168,59.60267],[25.9262,59.5709],[25.38345,59.62489],[24.92165,59.70487],[24.63254,59.61924],[24.67481,59.62064],[24.61216,59.60394],[24.59472,59.60804],[24.54338,59.59283],[24.56725,59.59196],[24.29993,59.52068],[24.29993,59.52068],[24.30013,59.52078],[24.29838,59.52026],[24.08761,59.46406],[24.09023,59.46692],[24.16986,59.51756],[24.24555,59.54717],[23.90553,59.47407],[23.90561,59.47413],[23.99334,59.5111],[24.09441,59.53758],[23.84268,59.48858],[23.71731,59.39319]]],[[[24.24555,59.54717],[24.42957,59.58673],[24.38689,59.58297],[24.27068,59.557],[24.24555,59.54717]]],[[[24.30013,59.52078],[24.54338,59.59283],[24.5118,59.59398],[24.46659,59.58999],[24.38935,59.56613],[24.30013,59.52078]]],[[[24.42957,59.58673],[24.46659,59.58999],[24.49716,59.59944],[24.57685,59.61224],[24.56317,59.61545],[24.42957,59.58673]]],[[[24.57685,59.61224],[24.59472,59.60804],[24.63254,59.61924],[24.61726,59.61873],[24.57685,59.61224]]]]}},{"type":"Feature","properties":{"baseIndex":66},"geometry":{"type":"MultiPolygon","coordinates":[[[[16.063,56.396],[16.51442,56.29429],[16.83254,56.72029],[16.86804,56.81085],[16.88759,57.03142],[16.95951,57.17643],[17.09916,57.3136],[17.09327,57.57811],[17.08769,57.5834],[17.09555,57.59961],[17.00658,57.70608],[17.22444,57.84237],[17.27552,57.99137],[17.28225,58.05364],[17.25618,58.32764],[17.17743,58.41788],[17.26584,58.46597],[17.45688,58.46933],[17.56904,58.49533],[17.7672,58.57658],[17.86243,58.63957],[17.95979,58.62013],[18.13399,58.65613],[18.43966,58.82972],[18.45977,58.86329],[18.65874,58.92961],[18.75415,59.08276],[19.11707,59.24783],[19.13062,59.28383],[19.07525,59.41058],[19.28561,59.54274],[19.20101,59.49982],[19.09973,59.46753],[19.09352,59.46643],[19.5782,59.71833],[19.57362,59.86933],[19.38982,60.06746],[19.37609,60.0735],[19.32929,60.17241],[18.9979,60.36127],[18.76981,60.40493],[18.69019,60.46369],[18.41367,60.71912],[18.01319,60.79819],[17.82185,60.86364],[17.70286,61.00462],[17.70935,61.19586],[17.70539,61.23027],[17.6517,61.46157],[17.95059,61.62552],[18.06856,62.05552],[18.0226,62.19556],[18.23168,62.23035],[18.45297,62.42135],[18.50763,62.56201],[18.80529,62.64707],[18.89238,62.71107],[18.94673,62.7637],[19.00738,62.84099],[19.15446,62.91785],[19.33784,62.9581],[19.62169,63.09126],[19.72566,63.19371],[20.08112,63.19091],[21.11837,63.61991],[21.2772,63.728],[21.45364,63.943],[20.873,64.033],[20.701,63.818],[19.67,63.389],[19.465,63.481],[19.318,63.445],[19.13081,63.25704],[19.12449,63.25069],[19.076,63.202],[18.785,63.138],[18.487,62.981],[18.389,62.853],[18.303,62.789],[17.967,62.775],[17.868,62.789],[17.936,62.548],[17.90439,62.5203],[17.89369,62.51093],[17.86464,62.48547],[17.86342,62.48441],[17.718,62.357],[17.29,62.441],[17.387,62.201],[17.4099,62.17747],[17.47524,62.11035],[17.497,62.088],[17.387,61.658],[17.163,61.63],[17.065,61.538],[17.15,61.198],[17.146,60.953],[17.318,60.753],[17.188,60.674],[17.605,60.638],[17.69193,60.5657],[17.70338,60.55617],[17.706,60.554],[17.931,60.59],[18.224,60.323],[18.417,60.182],[18.804,60.108],[18.893,59.926],[19.037,59.863],[19.044,59.712],[18.868,59.712],[18.7202,59.61842],[18.66155,59.58128],[18.6548,59.57701],[18.639,59.567],[18.03,59.359],[17.90592,59.36164],[17.90435,59.36167],[17.795,59.364],[17.73,59.416],[17.52177,59.44591],[17.49998,59.44904],[17.47681,59.45237],[17.38738,59.46522],[17.368,59.468],[17.071,59.546],[16.87976,59.5668],[16.786,59.577],[16.724,59.531],[16.523,59.583],[16.408,59.447],[16.776,59.479],[16.91724,59.40334],[16.92821,59.39746],[16.93943,59.39145],[17,59.359],[17.01084,59.35819],[17.07995,59.35299],[17.12253,59.34979],[17.19367,59.34444],[17.266,59.339],[17.358,59.245],[17.575,59.214],[17.584,59.271],[17.862,59.24],[17.978,59.328],[18.111,59.323],[18.328,59.37],[18.43,59.333],[18.441,59.401],[18.515,59.401],[18.611,59.333],[18.598,59.297],[18.273,59.287],[18.372,59.157],[18.28565,59.12814],[18.016,59.038],[17.94,58.908],[17.766,58.872],[17.726,58.914],[17.745,58.986],[17.73935,59.10286],[17.739,59.11],[17.72057,59.10841],[17.623,59.1],[17.582,58.893],[17.5353,58.86187],[17.357,58.743],[17.35118,58.74165],[17.245,58.717],[17.083,58.748],[17.081,58.65],[16.96396,58.64706],[16.95637,58.64687],[16.443,58.634],[16.513,58.428],[16.61131,58.37863],[16.63413,58.36717],[16.744,58.312],[16.774,58.038],[16.73991,57.93433],[16.73902,57.93165],[16.725,57.889],[16.598,57.866],[16.46,57.895],[16.477,57.702],[16.607,57.666],[16.59251,57.63524],[16.58132,57.6115],[16.55,57.545],[16.659,57.443],[16.494,57.279],[16.395,57.074],[16.376,56.822],[16.063,56.396]],[[16.8717,57.86749],[16.90166,57.84838],[16.93647,57.80852],[16.92979,57.79798],[16.8717,57.86749]],[[17.3695,58.52233],[17.51902,58.60365],[17.47073,58.56745],[17.3778,58.52461],[17.3695,58.52233]]],[[[11.29425,57.57755],[11.31259,57.55188],[11.31152,57.55151],[11.31477,57.54883],[11.37891,57.45901],[11.37786,57.32818],[11.84899,57.06909],[11.76794,57.08624],[11.66757,57.12506],[11.58776,57.17607],[11.53335,57.23614],[11.82298,56.79114],[11.9878,56.66516],[12.12584,56.60711],[12.20641,56.50475],[12.44511,56.42511],[12.3986,56.451],[12.37007,56.47773],[12.812,56.584],[12.786,56.617],[12.657,56.611],[12.526,56.78],[12.289,56.88],[12.005,57.325],[11.877,57.325],[11.881,57.509],[11.766,57.673],[11.736,57.698],[11.31682,57.55334],[11.29425,57.57755]]],[[[12.44511,56.42511],[12.48446,56.4032],[12.58896,56.36861],[12.63481,56.36105],[12.63459,56.36189],[12.44511,56.42511]]]]}},{"type":"Feature","properties":{"baseIndex":67},"geometry":{"type":"MultiPolygon","coordinates":[[[[-1.94,36.952],[-1.61598,36.8768],[-1.51736,37.14623],[-1.4259,37.21644],[-1.27176,37.28076],[-0.89693,37.29921],[-0.76745,37.32674],[-0.65236,37.37174],[-0.48461,37.71061],[-0.50652,37.75707],[-0.38906,37.99165],[-0.25366,38.09945],[-0.16666,38.24342],[0.36089,38.51032],[0.48907,38.84757],[0.44244,38.93057],[0.3007,39.05517],[0.09721,39.14795],[0.08553,39.1661],[-0.02355,39.42414],[0.1425,39.74199],[0.50532,40.06278],[0.54394,40.10461],[0.74086,40.3634],[0.88944,40.39699],[1.11524,40.55142],[1.15458,40.62142],[1.08981,40.78357],[1.10548,40.79938],[1.42185,40.89818],[2.16586,41.03439],[2.38744,41.15697],[2.45661,41.24178],[2.80036,41.38171],[2.82102,41.39086],[3.32273,41.62786],[3.4892,41.83132],[3.51844,42.05032],[3.44989,42.17692],[3.45176,42.36819],[3.44742,42.41074],[3.3769,42.75364],[3.39337,42.79659],[3.36696,42.80199],[3.36475,42.81274],[3.36543,42.8023],[3.039,42.869],[3.002,42.771],[3.087,42.369],[3.086,42.121],[3.157,42.076],[3.129,41.857],[2.628,41.62],[2.201,41.446],[2.081,41.298],[1.311,41.157],[0.879,41.022],[0.734,40.875],[0.71,40.785],[0.827,40.727],[0.788,40.657],[0.505,40.593],[0.238,40.24],[-0.161,39.886],[-0.395,39.434],[-0.236,39.062],[-0.166,38.954],[0.126,38.821],[0.173,38.738],[-0.435,38.43],[-0.564,38.215],[-0.665,38.177],[-0.872,37.76],[-0.803,37.615],[-0.918,37.57],[-1.365,37.548],[-1.626,37.439],[-1.817,37.292],[-1.94,36.952]]]]}}],"metadata":{"source":"historical-basemaps (aourednik)","sourceUrl":"https://github.com/aourednik/historical-basemaps","license":"GPL-3.0","commit":"62d8f1a03a71f2d3ff17f2d166f7553f256bce68","borderPrecision":"概略（出典が全境界を概略と宣言）"}}