{"type":"FeatureCollection","features":[{"type":"Feature","properties":{"NAME":"Cyprus","ABBREVN":"Cyprus","SUBJECTO":"Cyprus","BORDERPRECISION":1,"PARTOF":"Cyprus"},"geometry":{"type":"MultiPolygon","coordinates":[[[[33.78,35.208],[33.773,35.129],[33.925,34.953],[33.792,34.957],[33.733,34.909],[33.686,34.935],[33.539,34.944],[33.484,34.796],[33.131,34.68],[32.959,34.659],[32.915,34.636],[32.915,34.541],[32.817,34.539],[32.784,34.625],[32.603,34.615],[32.357,34.68],[32.271,34.72],[32.271,34.814],[32.199,34.861],[32.144,35.043],[32.18,35.058],[32.234,35.014],[32.301,35.016],[32.483,35.153],[32.597,35.156],[32.745,35.114],[32.78,35.153],[32.819,35.282],[32.795,35.361],[33.077,35.319],[33.374,35.306],[33.539,35.332],[33.907,35.437],[34.217,35.574],[34.458,35.645],[34.245,35.512],[34.048,35.408],[33.78,35.208]]]]}},{"type":"Feature","properties":{"NAME":"Denmark-Norway","ABBREVN":"DenmarkNorwa","SUBJECTO":"Denmark-Norway","BORDERPRECISION":1,"PARTOF":"Denmark-Norway"},"geometry":{"type":"MultiPolygon","coordinates":[[[[-24.219,65.534],[-24.147,65.439],[-23.678,65.317],[-23.374,65.354],[-23.183,65.427],[-22.814,65.471],[-22.362,65.45],[-22.146,65.385],[-21.955,65.378],[-21.794,65.298],[-21.729,65.182],[-21.809,65.037],[-21.978,64.95],[-22.45,64.906],[-22.778,64.855],[-23.136,64.847],[-23.437,64.804],[-23.611,64.746],[-23.675,64.659],[-23.508,64.559],[-22.554,64.625],[-22.392,64.662],[-22.279,64.619],[-22.086,64.44],[-21.857,64.383],[-21.488,64.376],[-21.804,64.11],[-22.311,63.952],[-22.507,63.866],[-22.373,63.773],[-21.548,63.718],[-21.079,63.711],[-20.88,63.74],[-20.404,63.698],[-19.827,63.478],[-19.553,63.415],[-18.961,63.337],[-18.642,63.324],[-18.157,63.367],[-17.944,63.425],[-17.591,63.689],[-17.244,63.733],[-16.918,63.733],[-16.534,63.784],[-15.876,63.993],[-15.634,64.057],[-15.267,64.28],[-15.077,64.209],[-14.821,64.195],[-14.598,64.267],[-14.366,64.476],[-14.348,64.67],[-14.26,64.713],[-13.893,64.721],[-13.694,64.779],[-13.557,65.009],[-13.526,65.183],[-13.59,65.43],[-13.647,65.495],[-14.4,65.567],[-14.754,65.697],[-14.641,65.945],[-14.763,66.055],[-15.071,66.061],[-15.574,66.207],[-15.86,66.419],[-16.385,66.454],[-16.376,66.132],[-16.568,66.029],[-16.922,65.978],[-17.57,66.013],[-18.022,66.078],[-17.861,65.837],[-17.884,65.757],[-18.128,65.786],[-18.369,65.895],[-18.676,66.091],[-19.044,66.017],[-19.165,66.003],[-19.275,65.929],[-19.156,65.725],[-19.239,65.667],[-19.336,65.674],[-19.556,65.768],[-19.748,65.907],[-19.973,66.111],[-20.217,66.001],[-20.141,65.651],[-20.168,65.556],[-20.389,65.475],[-20.672,65.424],[-20.831,65.366],[-21.08,65.205],[-21.495,65.568],[-21.296,65.699],[-21.242,65.882],[-21.443,66.13],[-21.779,66.254],[-22.21,66.29],[-22.676,66.391],[-22.841,66.281],[-22.56,66.113],[-22.474,65.996],[-22.609,65.923],[-22.911,65.944],[-23.341,66.134],[-23.466,66.133],[-23.608,65.98],[-23.426,65.827],[-23.267,65.725],[-23.571,65.681],[-23.973,65.687],[-24.162,65.607],[-24.219,65.534]]],[[[4.98,60.689],[5.075,60.592],[5.255,60.564],[5.456,60.592],[5.551,60.509],[5.262,60.327],[5.096,60.264],[5.279,60.125],[5.525,60.168],[5.894,60.161],[5.806,59.949],[5.632,59.884],[5.543,59.824],[5.694,59.753],[5.91,59.753],[6.185,59.824],[5.97,59.711],[5.667,59.676],[5.741,59.628],[5.646,59.586],[5.449,59.658],[5.419,59.515],[5.383,59.711],[5.087,59.509],[5.177,59.307],[5.283,59.272],[5.35,59.39],[5.344,59.266],[5.529,59.266],[5.717,59.337],[5.683,59.414],[5.68,59.509],[5.8,59.432],[5.816,59.313],[6.113,59.527],[6.076,59.42],[5.877,59.313],[6.02,59.254],[6.238,59.284],[6.033,59.201],[5.772,59.076],[5.822,59.017],[5.94,58.934],[6.051,58.981],[6.266,58.993],[6.041,58.952],[5.984,58.887],[6.094,58.798],[5.794,58.916],[5.666,58.822],[5.627,58.964],[5.475,58.976],[5.531,58.881],[5.4,58.715],[5.615,58.455],[5.874,58.432],[6.231,58.278],[6.652,58.172],[6.479,58.09],[6.644,58.042],[6.726,58.137],[6.874,58.078],[6.959,57.972],[7.908,58.066],[8.03,58.066],[8.154,58.09],[8.175,58.172],[8.922,58.538],[9.146,58.656],[9.372,58.786],[9.346,58.845],[9.698,58.999],[9.938,58.94],[10.172,58.987],[10.211,59.07],[10.363,59.213],[10.43,59.26],[10.379,59.367],[10.407,59.497],[10.57,59.581],[10.634,59.45],[10.549,59.379],[10.657,59.224],[10.769,59.118],[10.829,59.106],[11.112,59.165],[11.179,59.07],[11.039,58.91],[11.14,58.851],[11.221,58.308],[11.407,58.331],[11.431,58.202],[11.614,58.247],[11.802,58.178],[11.709,58.025],[11.61,57.807],[11.736,57.698],[12.488,58.563],[12.423,60.039],[12.436,60.278],[12.548,60.434],[12.431,60.626],[12.174,60.956],[12.597,61.029],[12.792,61.33],[13.155,62.024],[15.05,63.526],[16.661,63.756],[17.731,64.559],[17.33,64.826],[18.534,66.432],[18.4,67.235],[18.959,68.294],[19.821,69.37],[19.58,69.181],[19.289,69.211],[18.985,69.315],[18.553,69.247],[18.319,69.359],[18.097,69.058],[18.052,69.028],[17.928,69.005],[17.895,69.035],[17.566,68.974],[17.449,68.887],[17.407,68.772],[17.04,68.659],[16.855,68.558],[17.126,68.416],[17.033,68.338],[16.719,68.311],[16.522,68.341],[16.649,68.046],[16.412,67.874],[16.233,67.911],[16.071,68.045],[15.92,68.049],[15.854,67.925],[15.572,67.821],[15.762,67.676],[15.746,67.597],[15.58,67.583],[15.385,67.464],[15.227,67.509],[14.976,67.523],[14.699,67.374],[14.569,67.329],[14.616,67.245],[14.778,67.217],[14.639,67.123],[14.373,67.093],[14.055,66.975],[13.859,66.959],[13.747,66.922],[13.992,66.687],[13.592,66.657],[13.383,66.679],[13.242,66.569],[13.169,66.458],[13.255,66.393],[13.403,66.349],[13.581,66.188],[13.152,66.136],[13.109,66.034],[13.087,65.88],[12.709,65.909],[12.479,65.617],[12.284,65.435],[12.496,65.384],[12.526,65.109],[12.222,65.101],[12.112,65.13],[11.896,64.913],[11.69,64.776],[11.47,64.675],[11.407,64.617],[11.508,64.517],[11.364,64.416],[11.214,64.416],[10.997,64.494],[10.891,64.473],[10.74,64.386],[10.066,64.056],[9.87,63.876],[9.832,63.684],[9.441,63.498],[9.216,63.284],[9.154,63.319],[8.957,63.404],[8.606,63.325],[8.472,63.176],[8.258,63.054],[8.231,62.841],[7.989,62.94],[7.606,62.904],[7.088,62.91],[6.982,62.846],[7.102,62.705],[7.547,62.599],[7.289,62.486],[6.989,62.542],[6.613,62.583],[6.533,62.336],[6.308,62.286],[6.053,62.335],[5.824,62.179],[5.565,62.15],[5.47,62.094],[5.426,62.009],[5.528,61.933],[5.719,61.88],[5.834,61.819],[5.797,61.77],[5.592,61.79],[5.149,61.741],[5.101,61.699],[5.141,61.39],[5.018,61.305],[5.12,61.137],[5.387,61.026],[5.109,60.906],[4.98,60.689]]],[[[8.035,55.476],[8.214,55.399],[8.319,55.481],[8.481,55.349],[8.56,55.356],[8.645,55.069],[8.616,54.887],[8.596,54.761],[8.742,54.608],[8.951,54.419],[8.852,54.332],[8.554,54.275],[8.581,54.194],[8.884,54.229],[8.962,54.276],[9.056,54.349],[9.136,54.298],[9.165,54.32],[9.216,54.29],[9.26,54.305],[9.296,54.247],[9.441,54.247],[9.449,54.189],[9.674,54.189],[9.739,54.276],[9.827,54.276],[9.885,54.254],[10.142,54.337],[10.065,54.434],[9.865,54.411],[9.978,54.49],[9.987,54.592],[9.864,54.726],[9.61,54.88],[9.421,54.976],[9.518,55.129],[9.517,55.223],[9.544,55.351],[9.63,55.459],[9.761,55.502],[9.69,55.605],[9.976,55.62],[10.007,55.73],[10.147,55.765],[10.23,55.951],[10.175,56.076],[10.293,56.137],[10.442,56.151],[10.496,56.034],[10.751,56.097],[10.889,56.369],[10.826,56.443],[10.314,56.469],[10.23,56.605],[10.216,56.85],[9.835,56.89],[9.37,56.882],[9.322,56.719],[9.312,56.481],[9.136,56.46],[9.003,56.657],[8.869,56.616],[8.675,56.358],[8.452,56.412],[8.309,56.479],[8.183,56.431],[8.124,56.207],[8.117,56.092],[8.317,55.849],[8.32,55.768],[8.125,55.636],[8.035,55.476]]],[[[8.183,56.798],[8.471,56.597],[8.507,56.647],[8.666,56.7],[8.778,56.798],[8.847,56.986],[8.971,57],[9.079,57.037],[9.141,57.009],[9.334,57.023],[9.503,56.975],[10.257,57.006],[10.333,57.171],[10.463,57.242],[10.451,57.458],[10.401,57.506],[10.558,57.745],[10.479,57.759],[10.39,57.661],[10.29,57.672],[9.849,57.582],[9.449,57.228],[9.302,57.166],[8.661,57.104],[8.534,57.141],[8.359,57.023],[8.183,56.798]]],[[[11.102,55.634],[11.23,55.337],[11.285,55.189],[11.585,55.162],[11.767,55.176],[11.97,54.954],[12.077,54.995],[12.301,55.17],[12.43,55.245],[12.158,55.379],[12.409,55.548],[12.469,55.711],[12.444,55.968],[12.238,55.988],[12.088,55.967],[12.053,55.703],[11.962,55.581],[11.728,55.662],[11.568,55.885],[11.296,55.675],[11.102,55.634]]],[[[11.877,57.325],[12.005,57.325],[12.289,56.88],[12.526,56.78],[12.657,56.611],[12.786,56.617],[12.872,56.512],[12.805,56.401],[12.615,56.436],[12.652,56.296],[12.414,56.243],[12.699,55.905],[12.986,55.667],[12.859,55.533],[12.888,55.452],[12.802,55.417],[12.802,55.353],[13.302,55.301],[13.823,55.422],[14.117,55.347],[14.286,55.515],[14.126,55.667],[14.259,55.899],[14.492,56.018],[14.605,55.981],[14.653,56.121],[15.221,56.08],[15.497,56.167],[15.696,56.061],[15.771,56.033],[16.063,56.396],[15.427,56.766],[14.485,56.68],[14.175,56.813],[13.432,56.524],[13.226,57.102],[12.896,56.978],[12.731,57.432],[12.524,57.391],[12.318,57.68],[11.877,57.325]]]]}},{"type":"Feature","properties":{"NAME":"England","ABBREVN":"England","SUBJECTO":"England","BORDERPRECISION":1,"PARTOF":"England"},"geometry":{"type":"MultiPolygon","coordinates":[[[[-10.497,52.102],[-9.964,52.092],[-10.294,51.978],[-10.217,51.758],[-9.835,51.803],[-9.795,51.605],[-9.819,51.435],[-9.243,51.473],[-8.848,51.6],[-8.565,51.615],[-8.159,51.84],[-7.862,51.968],[-7.751,52.033],[-7.372,52.092],[-6.973,52.11],[-6.978,52.113],[-6.958,52.145],[-6.919,52.178],[-6.937,52.192],[-6.956,52.231],[-6.986,52.251],[-6.985,52.275],[-7.007,52.277],[-7.039,52.257],[-7.085,52.253],[-7.169,52.28],[-7.197,52.252],[-7.219,52.245],[-7.239,52.262],[-7.277,52.276],[-7.285,52.298],[-7.307,52.321],[-7.363,52.34],[-7.388,52.357],[-7.397,52.367],[-7.384,52.419],[-7.426,52.455],[-7.464,52.471],[-7.421,52.51],[-7.427,52.519],[-7.451,52.507],[-7.462,52.52],[-7.452,52.575],[-7.48,52.601],[-7.475,52.612],[-7.514,52.648],[-7.548,52.701],[-7.647,52.735],[-7.698,52.827],[-7.734,52.853],[-7.721,52.873],[-7.725,52.884],[-7.662,52.93],[-7.7,52.937],[-7.732,52.956],[-7.708,52.98],[-7.707,53.009],[-7.685,53.031],[-7.659,53.041],[-7.65,53.055],[-7.609,53.075],[-7.589,53.104],[-7.643,53.149],[-7.623,53.171],[-7.583,53.17],[-7.542,53.181],[-7.506,53.3],[-7.423,53.334],[-7.403,53.33],[-7.368,53.341],[-7.346,53.362],[-7.28,53.392],[-7.28,53.4],[-7.218,53.405],[-7.209,53.422],[-7.195,53.424],[-7.142,53.404],[-7.143,53.397],[-7.086,53.38],[-7.071,53.397],[-7.032,53.411],[-7.006,53.438],[-6.962,53.453],[-6.923,53.44],[-6.913,53.424],[-6.88,53.414],[-6.79,53.417],[-6.78,53.426],[-6.743,53.427],[-6.659,53.398],[-6.6,53.398],[-6.553,53.381],[-6.5,53.375],[-6.487,53.363],[-6.458,53.357],[-6.423,53.369],[-6.405,53.36],[-6.364,53.36],[-6.333,53.345],[-6.251,53.348],[-6.148,53.338],[-6.172,53.439],[-6.335,53.786],[-6.443,53.899],[-6.343,53.94],[-6.072,53.974],[-5.912,54.027],[-5.731,54.175],[-5.662,54.322],[-5.8,54.523],[-5.764,54.657],[-5.785,54.737],[-6.018,55.093],[-6.117,55.16],[-6.279,55.14],[-6.454,55.187],[-6.645,55.206],[-6.997,55.172],[-7.225,55.104],[-7.498,55.05],[-7.657,55.117],[-7.756,55.253],[-8.118,55.177],[-8.345,55.095],[-8.476,54.88],[-8.504,54.75],[-8.76,54.701],[-8.829,54.634],[-8.211,54.634],[-8.301,54.489],[-8.687,54.364],[-8.59,54.203],[-9.086,54.258],[-9.323,54.275],[-9.474,54.241],[-9.892,54.326],[-10.16,54.133],[-10.179,53.912],[-9.913,53.97],[-9.696,53.873],[-9.872,53.768],[-9.81,53.632],[-10.151,53.576],[-10.021,53.512],[-10.16,53.374],[-9.885,53.297],[-9.803,53.345],[-9.617,53.346],[-9.441,53.266],[-9.297,53.28],[-9.158,53.221],[-9.002,53.3],[-8.924,53.161],[-8.997,53.12],[-9.309,53.115],[-9.526,52.905],[-9.442,52.833],[-9.616,52.637],[-9.134,52.681],[-9.193,52.554],[-9.504,52.541],[-9.736,52.48],[-9.784,52.341],[-9.802,52.241],[-9.891,52.194],[-10.469,52.207],[-10.497,52.102]]],[[[-6.092,52.747],[-6.071,52.767],[-6.059,52.822],[-6.063,52.82],[-6.087,52.79],[-6.092,52.747]]],[[[-5.778,50.134],[-5.429,50.068],[-5.282,49.964],[-4.967,50.212],[-4.541,50.358],[-4.303,50.324],[-4.243,50.391],[-4.004,50.314],[-3.882,50.2],[-3.715,50.219],[-3.563,50.361],[-3.521,50.617],[-3.111,50.657],[-2.961,50.722],[-2.551,50.57],[-2.432,50.646],[-2.024,50.57],[-2.085,50.703],[-1.373,50.766],[-1.103,50.817],[-0.839,50.722],[-0.336,50.817],[0.192,50.731],[0.673,50.931],[0.888,50.893],[0.886,50.982],[1.335,51.121],[1.365,51.353],[1.189,51.405],[1.03,51.359],[0.804,51.378],[0.254,51.454],[0.686,51.56],[1.031,51.813],[1.512,52.026],[1.657,52.212],[1.692,52.311],[1.586,52.65],[1.376,52.809],[1.013,52.888],[0.742,52.901],[0.505,52.848],[0.327,52.707],[0.006,52.787],[0.251,53.04],[0.268,53.127],[0.175,53.293],[0.081,53.386],[-0.319,53.579],[-0.235,53.799],[-0.296,54.033],[-0.605,54.3],[-0.871,54.547],[-1.192,54.595],[-1.389,54.68],[-1.556,54.922],[-1.696,55.273],[-1.666,55.38],[-1.719,55.454],[-1.942,55.556],[-1.982,55.59],[-3.319,54.886],[-3.153,54.838],[-3.43,54.643],[-3.569,54.415],[-3.479,54.275],[-3.261,54.141],[-2.886,54.169],[-2.865,54.028],[-2.98,53.821],[-3.057,53.514],[-2.914,53.267],[-3.33,53.233],[-3.957,53.205],[-4.318,53.091],[-4.492,52.991],[-4.621,52.831],[-4.468,52.811],[-4.148,52.832],[-4.094,52.746],[-4.124,52.373],[-4.295,52.2],[-4.619,52.094],[-5.061,52.006],[-5.249,51.86],[-5.179,51.787],[-4.999,51.702],[-4.159,51.677],[-3.499,51.46],[-3.173,51.467],[-2.75,51.644],[-2.895,51.394],[-3.033,51.33],[-3.066,51.178],[-3.483,51.181],[-3.825,51.235],[-4.281,51.187],[-4.277,51.064],[-4.443,50.969],[-4.552,50.997],[-4.605,50.779],[-4.815,50.604],[-5.017,50.561],[-5.238,50.346],[-5.778,50.134]]]]}},{"type":"Feature","properties":{"NAME":"Scotland","ABBREVN":"Scottland","SUBJECTO":"Scottland","BORDERPRECISION":1,"PARTOF":"Scottland"},"geometry":{"type":"MultiPolygon","coordinates":[[[[-6.044,56.475],[-5.822,56.4],[-5.645,56.516],[-5.547,56.652],[-5.458,56.632],[-5.271,56.544],[-5.3,56.429],[-5.497,56.177],[-5.633,55.94],[-5.57,55.751],[-5.334,55.88],[-5.135,55.893],[-4.848,56.097],[-4.711,56.131],[-4.623,55.908],[-4.758,55.82],[-4.895,55.772],[-4.908,55.664],[-4.771,55.488],[-4.638,55.428],[-4.91,55.11],[-5.067,54.948],[-5.111,54.794],[-4.903,54.734],[-4.6,54.688],[-4.5,54.775],[-4.461,54.862],[-4.122,54.762],[-3.908,54.79],[-3.577,54.924],[-3.319,54.886],[-1.982,55.59],[-2.245,55.811],[-2.54,55.885],[-2.742,55.957],[-2.928,55.946],[-3.161,55.846],[-3.356,55.843],[-3.577,55.885],[-3.713,55.885],[-3.895,55.985],[-3.294,55.974],[-3.17,56.062],[-2.895,56.086],[-2.773,56.171],[-2.721,56.178],[-2.949,56.253],[-3.152,56.337],[-2.981,56.354],[-2.667,56.471],[-2.515,56.667],[-2.413,56.717],[-2.159,57.014],[-2.203,57.065],[-2.108,57.21],[-1.945,57.402],[-2.15,57.572],[-2.854,57.543],[-3.093,57.577],[-3.401,57.576],[-3.796,57.542],[-4.148,57.555],[-4.249,57.636],[-4.15,57.835],[-3.943,57.958],[-3.166,58.275],[-3.028,58.406],[-3.165,58.522],[-3.441,58.529],[-3.831,58.507],[-4.139,58.445],[-4.51,58.403],[-4.926,58.567],[-5.113,58.395],[-4.907,58.169],[-5.346,58.093],[-5.056,57.751],[-5.23,57.71],[-5.568,57.777],[-5.763,57.62],[-5.461,57.388],[-5.562,57.299],[-5.726,57.258],[-5.625,56.999],[-5.666,56.938],[-5.909,56.733],[-6.044,56.475]]],[[[-5.756,55.477],[-5.698,55.331],[-5.62,55.33],[-5.482,55.443],[-5.518,55.668],[-5.689,55.628],[-5.756,55.477]]]]}},{"type":"Feature","properties":{"NAME":"Portugal","ABBREVN":"Portugal","SUBJECTO":"Portugal","BORDERPRECISION":1,"PARTOF":"Portugal"},"geometry":{"type":"Polygon","coordinates":[[[-9.549,38.775],[-9.522,38.69],[-9.362,38.671],[-9.176,38.732],[-9.041,38.92],[-8.961,38.818],[-8.942,38.742],[-9.069,38.643],[-9.285,38.619],[-9.237,38.417],[-8.854,38.5],[-8.789,38.436],[-8.847,38.385],[-8.823,38.206],[-8.933,37.962],[-8.851,37.91],[-8.842,37.525],[-9.017,37.07],[-8.991,36.99],[-8.667,37.121],[-8.541,37.089],[-8.28,37.089],[-8.034,37.009],[-7.836,37.032],[-7.603,37.163],[-7.492,37.208],[-7.351,37.644],[-7.243,37.811],[-6.845,38.1],[-7.028,38.24],[-7.394,38.295],[-7.317,38.5],[-7.089,38.795],[-6.933,38.961],[-7.211,39.298],[-7.431,39.521],[-7.301,39.579],[-7.084,39.599],[-6.878,39.702],[-6.859,39.792],[-6.884,40.214],[-6.825,40.657],[-6.857,40.862],[-6.834,41.061],[-6.797,41.093],[-6.241,41.32],[-6.112,41.417],[-6.139,41.526],[-6.518,41.749],[-6.586,41.858],[-6.709,41.96],[-6.86,41.985],[-7.098,41.868],[-7.919,41.889],[-8.157,42.087],[-8.405,42.002],[-8.806,41.889],[-8.921,41.767],[-8.855,41.597],[-8.852,41.408],[-8.694,40.992],[-8.97,40.19],[-8.916,40.138],[-9.118,39.644],[-9.299,39.418],[-9.415,39.367],[-9.398,39.23],[-9.46,38.953],[-9.549,38.775]]]}},{"type":"Feature","properties":{"NAME":"Papal States","ABBREVN":"Papal States","SUBJECTO":"Papal States","BORDERPRECISION":1,"PARTOF":"Papal States"},"geometry":{"type":"MultiPolygon","coordinates":[[[[11.14,44.34],[11.201,44.146],[11.204,44.159],[11.291,44.171],[11.309,44.186],[11.289,44.224],[11.455,44.274],[11.572,44.224],[11.555,44.191],[11.704,44.224],[11.688,44.257],[11.738,44.357],[11.804,44.34],[11.854,44.357],[11.904,44.324],[11.887,44.257],[11.905,44.196],[11.915,44.209],[11.974,44.255],[12.032,44.33],[12.043,44.328],[12.064,44.302],[12.108,44.288],[12.103,44.272],[12.174,44.243],[12.209,44.256],[12.201,44.23],[12.219,44.215],[12.263,44.232],[12.287,44.229],[12.348,44.192],[12.383,44.227],[12.409,44.235],[12.345,44.301],[12.281,44.55],[12.276,44.631],[12.269,44.63],[12.224,44.584],[12.178,44.564],[12.055,44.551],[12.029,44.559],[12.002,44.6],[11.994,44.6],[11.88,44.58],[11.853,44.556],[11.827,44.561],[11.789,44.555],[11.79,44.566],[11.77,44.565],[11.75,44.58],[11.786,44.585],[11.787,44.607],[11.805,44.624],[11.795,44.632],[11.8,44.635],[11.727,44.653],[11.723,44.636],[11.7,44.637],[11.688,44.63],[11.673,44.634],[11.632,44.673],[11.593,44.712],[11.582,44.708],[11.455,44.76],[11.402,44.767],[11.388,44.779],[11.355,44.77],[11.287,44.712],[11.258,44.712],[11.273,44.749],[11.26,44.767],[11.265,44.782],[11.287,44.803],[11.274,44.803],[11.256,44.789],[11.173,44.606],[11.289,44.456],[11.289,44.373],[11.14,44.34]]],[[[11.175,45.06],[11.176,45.06],[11.211,45.058],[11.204,45.059],[11.175,45.063],[11.175,45.06]]],[[[11.211,45.058],[11.236,45.043],[11.243,45.046],[11.235,45.044],[11.225,45.05],[11.216,45.057],[11.213,45.057],[11.211,45.058]]],[[[11.255,44.947],[11.272,44.938],[11.272,44.939],[11.276,44.944],[11.271,44.941],[11.27,44.941],[11.255,44.947]]],[[[11.263,45.056],[11.267,45.053],[11.268,45.054],[11.266,45.054],[11.263,45.056]]],[[[11.279,45.017],[11.304,45.016],[11.303,45.017],[11.279,45.017]]],[[[11.3,44.96],[11.306,44.962],[11.302,44.962],[11.3,44.96]]],[[[11.306,45.016],[11.33,44.993],[11.422,44.965],[11.328,44.995],[11.306,45.016]]],[[[11.327,44.875],[11.346,44.874],[11.348,44.873],[11.369,44.841],[11.35,44.874],[11.327,44.875]]],[[[11.357,44.95],[11.374,44.957],[11.393,44.952],[11.372,44.958],[11.357,44.95]]],[[[11.397,44.951],[11.404,44.948],[11.405,44.948],[11.397,44.951]]],[[[11.659,44.959],[11.724,44.944],[11.744,44.958],[11.787,44.964],[11.811,44.978],[11.839,44.973],[11.849,44.997],[11.835,45.013],[11.89,45.03],[11.927,44.996],[12.003,45.012],[11.999,44.998],[12.023,45.007],[12.06,44.977],[12.091,44.989],[12.068,45.007],[12.075,45.019],[12.217,44.98],[12.136,45.104],[12.037,45.137],[12.053,45.021],[11.97,45.038],[11.887,45.087],[11.771,45.071],[11.659,44.959]]],[[[11.933,44.144],[11.946,44.122],[11.945,44.14],[11.933,44.144]]],[[[11.963,42.005],[12.395,41.73],[12.642,41.531],[12.977,41.371],[13.271,41.314],[13.299,41.313],[13.314,41.326],[13.306,41.333],[13.29,41.327],[13.274,41.347],[13.262,41.366],[13.259,41.397],[13.324,41.407],[13.366,41.397],[13.387,41.404],[13.424,41.397],[13.438,41.424],[13.428,41.454],[13.445,41.467],[13.441,41.481],[13.477,41.505],[13.494,41.506],[13.526,41.481],[13.544,41.501],[13.544,41.525],[13.53,41.533],[13.54,41.544],[13.539,41.556],[13.507,41.575],[13.52,41.588],[13.543,41.59],[13.553,41.599],[13.539,41.619],[13.542,41.629],[13.562,41.641],[13.554,41.654],[13.526,41.67],[13.504,41.722],[13.522,41.78],[13.507,41.8],[13.471,41.806],[13.453,41.823],[13.409,41.837],[13.398,41.835],[13.391,41.819],[13.376,41.821],[13.36,41.871],[13.384,41.904],[13.364,41.925],[13.345,41.923],[13.309,41.952],[13.285,41.953],[13.231,41.983],[13.2,41.987],[13.141,42.016],[13.101,42.027],[13.102,42.009],[13.055,42.017],[13.019,42.076],[13.034,42.108],[13.032,42.123],[13.044,42.117],[13.088,42.147],[13.088,42.178],[13.073,42.183],[13.054,42.21],[13.068,42.252],[13.059,42.253],[13.062,42.266],[12.999,42.294],[12.991,42.326],[12.961,42.354],[12.929,42.357],[12.915,42.381],[12.897,42.39],[12.906,42.397],[12.907,42.439],[12.865,42.457],[12.872,42.464],[12.866,42.482],[12.907,42.49],[12.927,42.508],[12.927,42.52],[12.912,42.532],[12.915,42.545],[12.9,42.552],[12.881,42.609],[12.896,42.616],[12.932,42.605],[12.938,42.616],[12.954,42.62],[13.006,42.616],[13.027,42.64],[13.038,42.629],[13.065,42.625],[13.11,42.643],[13.121,42.659],[13.131,42.66],[13.147,42.647],[13.175,42.667],[13.175,42.691],[13.191,42.711],[13.189,42.734],[13.255,42.722],[13.266,42.74],[13.287,42.74],[13.354,42.695],[13.39,42.687],[13.424,42.705],[13.438,42.7],[13.447,42.731],[13.489,42.734],[13.505,42.748],[13.504,42.775],[13.528,42.795],[13.534,42.815],[13.57,42.801],[13.623,42.816],[13.636,42.804],[13.664,42.807],[13.698,42.822],[13.707,42.849],[13.722,42.853],[13.726,42.834],[13.752,42.814],[13.775,42.848],[13.772,42.859],[13.878,42.895],[13.904,42.895],[13.792,43.123],[13.732,43.374],[13.651,43.474],[13.542,43.435],[13.336,43.466],[13.305,43.546],[13.348,43.599],[13.327,43.612],[13.258,43.583],[13.239,43.593],[13.239,43.604],[13.244,43.615],[13.262,43.62],[13.297,43.616],[13.336,43.652],[12.729,43.921],[12.728,43.92],[12.732,43.901],[12.723,43.881],[12.734,43.871],[12.726,43.863],[12.682,43.851],[12.681,43.828],[12.622,43.825],[12.588,43.884],[12.564,43.883],[12.562,43.871],[12.541,43.865],[12.518,43.881],[12.499,43.873],[12.487,43.896],[12.488,43.898],[12.478,43.897],[12.453,43.895],[12.462,43.888],[12.446,43.872],[12.401,43.873],[12.394,43.861],[12.398,43.826],[12.383,43.814],[12.367,43.812],[12.353,43.801],[12.316,43.806],[12.286,43.795],[12.29,43.787],[12.283,43.765],[12.327,43.751],[12.37,43.713],[12.37,43.707],[12.356,43.704],[12.33,43.704],[12.336,43.678],[12.331,43.674],[12.316,43.678],[12.321,43.694],[12.31,43.73],[12.301,43.72],[12.306,43.698],[12.299,43.688],[12.273,43.676],[12.244,43.681],[12.25,43.669],[12.24,43.661],[12.186,43.642],[12.214,43.611],[12.137,43.532],[12.114,43.524],[12.117,43.502],[12.13,43.496],[12.134,43.481],[12.122,43.474],[12.219,43.344],[12.302,43.344],[12.302,43.278],[12.219,43.228],[12.153,43.062],[12.169,42.912],[12.186,42.912],[12.153,42.696],[12.169,42.63],[12.053,42.53],[12.07,42.298],[12.003,42.248],[12.02,42.099],[11.963,42.005]]],[[[11.963,44.207],[11.969,44.182],[11.969,44.178],[11.97,44.179],[11.963,44.207]]],[[[12.03,43.921],[12.04,43.92],[12.045,43.919],[12.046,43.92],[12.039,43.922],[12.03,43.925],[12.03,43.921]]],[[[12.043,43.935],[12.049,43.919],[12.048,43.923],[12.051,43.928],[12.044,43.936],[12.043,43.935]]],[[[12.068,43.889],[12.083,43.89],[12.088,43.867],[12.083,43.892],[12.068,43.889]]],[[[12.079,43.909],[12.087,43.913],[12.086,43.913],[12.084,43.914],[12.079,43.909]]],[[[12.088,43.867],[12.09,43.867],[12.09,43.865],[12.122,43.876],[12.088,43.867]]],[[[12.093,43.898],[12.113,43.9],[12.115,43.901],[12.093,43.898]]],[[[12.093,43.898],[12.098,43.908],[12.095,43.909],[12.095,43.912],[12.093,43.898]]],[[[12.108,43.754],[12.117,43.753],[12.124,43.749],[12.135,43.753],[12.127,43.753],[12.108,43.754]]],[[[12.108,43.911],[12.117,43.902],[12.119,43.903],[12.109,43.913],[12.108,43.911]]],[[[12.118,43.92],[12.125,43.92],[12.128,43.922],[12.118,43.92]]],[[[12.132,43.925],[12.148,43.937],[12.136,43.934],[12.132,43.925]]],[[[12.133,43.935],[12.149,43.959],[12.156,43.959],[12.16,43.958],[12.158,43.947],[12.156,43.943],[12.165,43.957],[12.15,43.961],[12.133,43.935]]],[[[12.138,43.753],[12.152,43.758],[12.162,43.762],[12.138,43.753]]],[[[12.153,43.922],[12.169,43.924],[12.171,43.928],[12.167,43.925],[12.16,43.923],[12.153,43.922]]],[[[12.158,43.94],[12.173,43.933],[12.173,43.931],[12.174,43.934],[12.158,43.942],[12.158,43.94]]],[[[12.162,43.762],[12.166,43.758],[12.172,43.749],[12.184,43.742],[12.192,43.735],[12.162,43.762]]],[[[12.193,43.737],[12.196,43.735],[12.209,43.757],[12.193,43.737]]],[[[12.29,44.696],[12.294,44.684],[12.378,44.732],[12.365,44.753],[12.304,44.763],[12.29,44.696]]],[[[12.404,43.955],[12.406,43.95],[12.424,43.956],[12.435,43.957],[12.404,43.955]]],[[[12.408,43.921],[12.415,43.929],[12.408,43.922],[12.408,43.921]]],[[[12.409,43.915],[12.41,43.902],[12.411,43.902],[12.409,43.915]]],[[[12.44,43.906],[12.451,43.897],[12.443,43.906],[12.44,43.906]]],[[[12.473,43.975],[12.511,43.989],[12.508,43.991],[12.473,43.975]]],[[[12.506,43.958],[12.515,43.94],[12.516,43.941],[12.508,43.965],[12.506,43.958]]],[[[12.512,43.98],[12.516,43.986],[12.513,43.988],[12.514,43.987],[12.512,43.98]]],[[[13.556,41.413],[13.564,41.401],[13.629,41.415],[13.645,41.425],[13.673,41.42],[13.686,41.429],[13.702,41.412],[13.71,41.418],[13.713,41.409],[13.735,41.426],[13.731,41.446],[13.696,41.47],[13.641,41.495],[13.597,41.505],[13.593,41.491],[13.611,41.481],[13.605,41.469],[13.589,41.459],[13.594,41.44],[13.556,41.413]]]]}},{"type":"Feature","properties":{"NAME":"France","ABBREVN":"France","SUBJECTO":"France","BORDERPRECISION":1,"PARTOF":"France"},"geometry":{"type":"MultiPolygon","coordinates":[[[[-2.576,47.325],[-2.494,47.247],[-2.264,47.183],[-2.109,47.124],[-2.005,47.043],[-2.13,46.851],[-1.942,46.706],[-1.711,46.449],[-1.403,46.404],[-1.256,46.307],[-1.166,46.184],[-1.075,46.015],[-1.237,45.8],[-1.247,45.688],[-0.855,45.321],[-0.728,45.019],[-0.814,45.122],[-0.9,45.294],[-1.123,45.432],[-1.175,45.501],[-1.276,45.129],[-1.332,44.614],[-1.23,44.73],[-1.136,44.6],[-1.314,44.559],[-1.561,43.524],[-1.746,43.36],[-1.915,43.305],[-1.702,43.196],[-1.491,43.21],[-1.466,43.155],[-1.558,43.045],[-1.515,42.998],[-1.448,42.984],[-1.397,43.032],[-0.907,42.881],[-0.84,42.909],[-0.612,42.731],[-0.587,42.765],[-0.469,42.751],[-0.41,42.786],[-0.216,42.717],[-0.166,42.649],[0.18,42.663],[0.196,42.608],[0.348,42.635],[0.592,42.628],[0.584,42.772],[0.744,42.772],[1.307,42.635],[1.32,42.605],[1.456,42.619],[1.47,42.622],[1.468,42.631],[1.48,42.651],[1.516,42.646],[1.549,42.656],[1.567,42.646],[1.577,42.648],[1.667,42.622],[1.683,42.625],[1.715,42.615],[1.736,42.618],[1.73,42.604],[1.755,42.597],[1.792,42.579],[1.784,42.575],[1.787,42.574],[1.774,42.569],[1.74,42.557],[1.738,42.55],[1.729,42.516],[1.728,42.501],[2.103,42.615],[2.272,42.69],[2.481,42.686],[2.49,42.719],[2.701,42.73],[2.825,42.85],[2.949,42.883],[3.039,42.869],[3.002,42.771],[3.068,42.945],[3.318,43.196],[3.479,43.312],[3.807,43.467],[4.078,43.487],[4.417,43.346],[4.647,43.321],[4.751,43.353],[4.91,43.366],[5.052,43.328],[5.434,43.104],[5.647,43.033],[5.829,43.021],[6.523,43.151],[6.923,43.448],[7.202,43.611],[7.123,43.624],[7.122,43.773],[7.068,43.788],[7.042,43.818],[6.928,43.792],[6.887,43.798],[6.801,43.777],[6.736,43.793],[6.691,43.818],[6.729,43.866],[6.818,43.881],[6.772,43.922],[6.879,43.999],[6.872,44.036],[6.901,44.07],[6.877,44.093],[6.704,44.063],[6.667,44.112],[6.688,44.166],[6.611,44.219],[6.522,44.214],[6.5,44.233],[6.514,44.358],[6.478,44.397],[6.459,44.445],[6.606,44.488],[6.612,44.523],[6.678,44.545],[6.741,44.531],[6.78,44.538],[6.785,44.544],[6.783,44.548],[6.925,44.715],[7.003,44.72],[6.943,44.869],[6.665,44.955],[6.517,45.106],[6.511,45.109],[6.479,45.095],[6.487,45.056],[6.452,45.052],[6.436,45.063],[6.396,45.061],[6.365,45.07],[6.375,45.084],[6.363,45.103],[6.336,45.121],[6.296,45.108],[6.259,45.128],[6.267,45.139],[6.25,45.149],[6.221,45.143],[6.189,45.167],[6.157,45.15],[6.147,45.158],[6.163,45.191],[6.134,45.23],[6.131,45.286],[6.157,45.31],[6.185,45.318],[6.192,45.338],[6.145,45.322],[6.083,45.372],[6.033,45.334],[6.058,45.223],[5.947,45.26],[5.935,45.322],[5.823,45.396],[5.808,45.428],[5.793,45.438],[5.74,45.439],[5.733,45.473],[5.623,45.613],[5.603,45.621],[5.556,45.679],[5.545,45.713],[5.52,45.739],[5.51,45.769],[5.422,45.808],[5.417,45.825],[5.425,45.85],[5.411,45.862],[5.371,45.874],[5.357,45.879],[5.35,45.881],[5.303,45.842],[5.291,45.808],[5.236,45.772],[5.19,45.768],[5.167,45.787],[5.192,45.834],[5.232,45.878],[5.283,45.905],[5.271,45.943],[5.217,45.955],[5.21,45.981],[5.301,46.05],[5.267,46.085],[5.214,46.181],[5.164,46.185],[5.175,46.096],[5.109,46.098],[5.066,46.135],[4.927,46.154],[4.931,46.197],[4.816,46.25],[4.822,46.292],[4.853,46.318],[4.879,46.364],[4.878,46.399],[4.901,46.426],[4.918,46.489],[4.937,46.509],[5.111,46.497],[5.2,46.5],[5.223,46.465],[5.264,46.449],[5.317,46.449],[5.318,46.431],[5.302,46.423],[5.296,46.408],[5.301,46.401],[5.295,46.384],[5.307,46.376],[5.308,46.373],[5.416,46.524],[5.646,46.457],[5.725,46.48],[5.74,46.598],[5.626,46.649],[5.646,46.85],[5.757,46.887],[5.794,46.997],[5.667,47.108],[5.737,47.234],[5.779,47.359],[5.793,47.512],[5.918,47.595],[5.82,47.735],[5.96,47.804],[5.96,47.883],[5.933,47.869],[5.862,47.861],[5.815,47.879],[5.815,47.904],[5.877,47.903],[5.887,47.949],[5.867,47.955],[5.856,47.981],[5.841,47.958],[5.788,47.96],[5.827,48.037],[5.749,48.037],[5.729,48.058],[5.613,48.059],[5.545,48.122],[5.497,48.123],[5.457,48.168],[5.464,48.188],[5.501,48.199],[5.492,48.219],[5.538,48.244],[5.548,48.276],[5.523,48.293],[5.517,48.32],[5.533,48.365],[5.599,48.388],[5.634,48.373],[5.614,48.33],[5.694,48.329],[5.673,48.332],[5.672,48.375],[5.699,48.392],[5.642,48.407],[5.625,48.426],[5.632,48.444],[5.704,48.448],[5.762,48.501],[5.831,48.473],[5.817,48.456],[5.828,48.447],[5.803,48.427],[5.857,48.423],[5.909,48.459],[5.896,48.466],[5.906,48.511],[5.87,48.515],[5.879,48.555],[5.85,48.555],[5.9,48.608],[6.005,48.61],[6.015,48.653],[6.004,48.66],[5.961,48.65],[5.954,48.664],[5.932,48.663],[5.926,48.688],[5.943,48.703],[5.847,48.769],[5.841,48.757],[5.83,48.765],[5.785,48.734],[5.725,48.733],[5.583,48.687],[5.552,48.649],[5.567,48.605],[5.553,48.579],[5.612,48.546],[5.629,48.564],[5.65,48.554],[5.639,48.542],[5.668,48.515],[5.648,48.474],[5.602,48.459],[5.57,48.472],[5.588,48.483],[5.577,48.492],[5.509,48.488],[5.484,48.46],[5.517,48.444],[5.519,48.425],[5.473,48.44],[5.412,48.399],[5.383,48.429],[5.443,48.482],[5.439,48.534],[5.402,48.548],[5.476,48.612],[5.428,48.636],[5.329,48.622],[5.31,48.605],[5.353,48.574],[5.355,48.553],[5.317,48.51],[5.182,48.534],[5.195,48.565],[5.159,48.571],[5.123,48.601],[5.091,48.609],[5.028,48.558],[4.993,48.6],[5.019,48.68],[5.007,48.703],[5.025,48.723],[4.978,48.775],[4.904,48.796],[4.939,48.869],[4.924,48.912],[4.965,48.934],[5.109,48.95],[5.124,48.964],[5.089,48.994],[5.094,49.007],[5.153,49.022],[5.15,49.036],[5.137,49.053],[5.075,49.037],[5.043,49.048],[5.042,49.071],[4.985,49.154],[4.867,49.162],[4.822,49.23],[4.866,49.26],[4.922,49.271],[4.956,49.252],[5.051,49.283],[5.145,49.231],[5.18,49.239],[5.182,49.267],[5.282,49.288],[5.322,49.244],[5.304,49.22],[5.236,49.203],[5.239,49.184],[5.311,49.162],[5.308,49.144],[5.268,49.16],[5.229,49.143],[5.212,49.108],[5.166,49.101],[5.197,49.079],[5.254,49.083],[5.282,49.056],[5.313,49.059],[5.301,49.08],[5.321,49.106],[5.369,49.114],[5.416,49.064],[5.376,49.05],[5.35,49.068],[5.311,49.028],[5.359,48.997],[5.334,48.97],[5.392,48.936],[5.466,48.931],[5.449,48.963],[5.464,48.986],[5.423,49.021],[5.438,49.031],[5.571,49.037],[5.587,49.026],[5.68,49.056],[5.657,49.108],[5.58,49.111],[5.58,49.131],[5.646,49.122],[5.65,49.123],[5.624,49.182],[5.598,49.193],[5.598,49.216],[5.635,49.239],[5.644,49.262],[5.619,49.302],[5.648,49.312],[5.655,49.333],[5.637,49.348],[5.641,49.368],[5.555,49.397],[5.568,49.42],[5.5,49.409],[5.501,49.409],[5.501,49.408],[5.477,49.387],[5.447,49.404],[5.416,49.4],[5.429,49.416],[5.387,49.399],[5.297,49.43],[5.381,49.391],[5.331,49.362],[5.38,49.355],[5.43,49.369],[5.495,49.335],[5.514,49.297],[5.474,49.285],[5.425,49.298],[5.406,49.276],[5.319,49.323],[5.31,49.358],[5.276,49.366],[5.202,49.335],[5.181,49.373],[5.084,49.404],[5.112,49.419],[5.107,49.462],[5.093,49.46],[5.058,49.504],[5.1,49.538],[5.209,49.575],[5.234,49.568],[5.164,49.593],[5.144,49.617],[5.097,49.621],[5.087,49.644],[5.11,49.681],[5.097,49.697],[5.072,49.696],[5.078,49.717],[5.112,49.733],[5.128,49.713],[5.159,49.717],[5.172,49.693],[5.243,49.686],[5.283,49.689],[5.293,49.709],[5.275,49.712],[5.276,49.709],[5.263,49.706],[5.261,49.714],[4.836,49.787],[4.853,49.753],[4.783,49.773],[4.782,49.796],[4.255,49.887],[3.82,50.039],[3.483,49.92],[2.907,49.943],[2.677,50.151],[2.401,50.197],[2.148,50.059],[1.987,50.082],[1.987,50.22],[1.826,50.243],[1.796,50.921],[1.589,50.822],[1.528,50.578],[1.552,50.229],[1.416,50.11],[1.275,50.004],[0.529,49.826],[0.189,49.681],[0.115,49.602],[0.09,49.511],[0.331,49.455],[0.033,49.334],[-0.239,49.285],[-0.465,49.351],[-1.023,49.398],[-1.177,49.333],[-1.289,49.521],[-1.251,49.7],[-1.524,49.653],[-1.941,49.709],[-1.892,49.526],[-1.639,49.22],[-1.58,49.229],[-1.563,49.036],[-1.588,48.881],[-1.576,48.768],[-1.457,48.684],[-1.591,48.638],[-1.858,48.608],[-1.871,48.712],[-1.999,48.677],[-1.752,48.178],[-2.01,47.746],[-2.576,47.325]],[[5.4,49.226],[5.406,49.238],[5.516,49.235],[5.416,49.216],[5.4,49.226]],[[5.436,49.078],[5.473,49.126],[5.453,49.147],[5.464,49.162],[5.562,49.179],[5.545,49.167],[5.554,49.14],[5.501,49.126],[5.523,49.108],[5.519,49.092],[5.444,49.056],[5.436,49.078]],[[5.58,47.944],[5.589,47.97],[5.602,47.966],[5.592,47.939],[5.58,47.944]],[[5.597,47.988],[5.624,48.001],[5.694,47.987],[5.597,47.988]],[[5.745,48.66],[5.755,48.697],[5.786,48.714],[5.808,48.712],[5.811,48.699],[5.811,48.653],[5.846,48.646],[5.759,48.62],[5.745,48.66]],[[5.817,48.698],[5.872,48.706],[5.855,48.688],[5.817,48.698]]],[[[5.264,49.521],[5.291,49.532],[5.287,49.531],[5.282,49.535],[5.264,49.521]]],[[[5.286,49.508],[5.301,49.508],[5.297,49.51],[5.308,49.513],[5.286,49.508]]],[[[5.291,49.532],[5.303,49.518],[5.304,49.519],[5.301,49.521],[5.291,49.532]]],[[[5.344,49.484],[5.387,49.451],[5.41,49.449],[5.344,49.484]]],[[[5.437,49.487],[5.447,49.482],[5.438,49.489],[5.437,49.487]]],[[[5.441,49.502],[5.461,49.492],[5.442,49.504],[5.442,49.502],[5.441,49.502]]],[[[5.464,49.471],[5.48,49.468],[5.505,49.457],[5.476,49.442],[5.516,49.462],[5.464,49.471]]],[[[5.82,48.774],[5.838,48.775],[5.834,48.778],[5.862,48.799],[5.83,48.813],[5.82,48.774]]],[[[5.842,48.241],[5.896,48.238],[5.842,48.25],[5.842,48.241]]],[[[5.85,48.412],[5.921,48.363],[5.951,48.37],[5.965,48.433],[5.96,48.447],[5.902,48.446],[5.905,48.432],[5.85,48.412]]],[[[5.853,48.2],[5.896,48.189],[5.901,48.164],[5.863,48.153],[5.854,48.126],[5.922,48.12],[5.979,48.16],[6.015,48.146],[6.034,48.116],[6.061,48.135],[6.074,48.165],[6.056,48.175],[6.059,48.205],[6.037,48.235],[6.02,48.229],[6.018,48.206],[5.956,48.189],[5.927,48.209],[5.909,48.201],[5.896,48.238],[5.901,48.208],[5.873,48.217],[5.853,48.2]]],[[[5.901,47.927],[5.96,47.904],[5.96,47.938],[5.947,47.94],[5.95,48.003],[5.932,48.017],[5.907,48.004],[5.921,47.973],[5.901,47.927]]],[[[5.93,48.053],[5.944,48.073],[5.939,48.073],[5.93,48.053]]],[[[6.017,47.969],[6.057,47.957],[6.086,48.005],[6.034,47.992],[6.037,47.974],[6.017,47.969]]],[[[6.115,48.02],[6.163,47.998],[6.164,48.003],[6.244,48.01],[6.25,48.016],[6.248,48.059],[6.196,48.077],[6.115,48.02]]]]}},{"type":"Feature","properties":{"NAME":"Venice","ABBREVN":"Venice","SUBJECTO":"Venice","BORDERPRECISION":1,"PARTOF":"Venice"},"geometry":{"type":"MultiPolygon","coordinates":[[[[9.545,46.309],[9.553,46.304],[9.632,46.286],[9.679,46.302],[9.71,46.292],[9.726,46.313],[9.718,46.322],[9.723,46.341],[9.737,46.351],[9.779,46.335],[9.833,46.361],[9.868,46.362],[9.903,46.379],[9.885,46.403],[9.674,46.38],[9.642,46.325],[9.545,46.312],[9.545,46.309]]],[[[9.563,45.594],[9.597,45.57],[9.602,45.568],[9.846,45.704],[9.922,45.666],[9.998,45.401],[10.577,45.36],[10.58,45.364],[10.584,45.383],[10.639,45.386],[10.662,45.419],[10.702,45.423],[10.704,45.402],[10.696,45.385],[10.727,45.358],[10.72,45.353],[10.824,45.353],[10.831,45.282],[10.846,45.257],[10.936,45.233],[10.933,45.214],[10.991,45.196],[10.998,45.185],[10.993,45.153],[11.01,45.149],[11.028,45.159],[11.032,45.15],[11.05,45.15],[11.042,45.143],[11.044,45.134],[11.029,45.127],[11.04,45.114],[11.075,45.098],[11.095,45.1],[11.102,45.113],[11.127,45.103],[11.138,45.124],[11.147,45.126],[11.206,45.109],[11.204,45.1],[11.226,45.083],[11.268,45.093],[11.318,45.089],[11.322,45.08],[11.356,45.07],[11.36,45.058],[11.403,45.053],[11.446,45.069],[11.545,44.984],[11.659,44.959],[11.771,45.071],[11.887,45.087],[11.97,45.038],[12.053,45.021],[12.037,45.137],[12.136,45.104],[12.217,44.98],[12.237,44.974],[12.269,44.942],[12.293,44.93],[12.282,44.908],[12.294,44.861],[12.338,44.851],[12.354,44.816],[12.443,44.772],[12.392,44.748],[12.365,44.753],[12.378,44.732],[12.476,44.787],[12.523,44.883],[12.409,44.989],[12.322,45.042],[12.313,45.178],[12.176,45.214],[12.18,45.27],[12.251,45.29],[12.28,45.402],[12.483,45.462],[12.448,45.394],[12.899,45.558],[13.105,45.582],[13.156,45.727],[13.368,45.694],[13.606,46.132],[13.621,46.421],[13.725,46.646],[13.709,46.839],[13.581,46.839],[13.516,47],[13.292,47.064],[13.25,47.056],[13.25,47.052],[13.151,47.037],[13.083,47.027],[13.081,47.024],[13.073,47.014],[13.061,47.02],[12.698,46.951],[12.588,46.956],[12.575,46.93],[12.608,46.907],[12.577,46.904],[12.535,46.854],[12.507,46.851],[12.516,46.868],[12.461,46.865],[12.456,46.885],[12.388,46.869],[12.324,46.88],[12.337,46.926],[12.326,46.952],[12.343,46.962],[12.425,46.938],[12.423,46.899],[12.454,46.926],[12.426,46.948],[12.503,46.952],[12.503,46.959],[12.328,46.967],[12.218,46.884],[12.075,46.928],[11.74,46.752],[11.908,46.414],[11.571,46.245],[11.571,45.975],[11.335,46.009],[11.233,46.009],[11.166,45.739],[10.93,45.84],[10.795,45.638],[10.66,45.807],[10.525,45.739],[10.457,46.212],[10.558,46.313],[10.558,46.373],[10.541,46.363],[10.54,46.355],[10.52,46.356],[10.513,46.335],[10.498,46.335],[10.471,46.355],[10.446,46.348],[10.367,46.293],[10.331,46.288],[10.318,46.277],[10.291,46.221],[10.178,46.173],[10.161,46.158],[10.154,46.135],[10.183,46.08],[10.17,46.057],[10.097,46.057],[10.097,46.091],[9.927,46.063],[9.889,46.045],[9.75,46.062],[9.626,46.052],[9.57,46.024],[9.582,45.893],[9.695,45.78],[9.563,45.594]],[[12.857,46.76],[12.873,46.811],[12.906,46.823],[12.966,46.787],[12.932,46.764],[12.899,46.777],[12.857,46.76]],[[12.991,46.711],[13.004,46.726],[13.183,46.729],[13.215,46.749],[13.286,46.753],[13.284,46.783],[13.225,46.837],[13.315,46.854],[13.344,46.876],[13.417,46.847],[13.377,46.756],[13.315,46.731],[13.26,46.736],[13.208,46.697],[13.104,46.685],[13.091,46.699],[12.991,46.711]],[[13.019,46.889],[13.037,46.893],[13.046,46.88],[13.019,46.889]]],[[[9.987,46.498],[10.053,46.463],[10.054,46.465],[10.043,46.478],[10.043,46.507],[10.054,46.523],[10.044,46.538],[10.068,46.55],[10.085,46.567],[10.083,46.575],[10.101,46.583],[10.102,46.61],[10.132,46.606],[10.188,46.626],[10.191,46.625],[10.151,46.662],[10.024,46.621],[9.987,46.498]]],[[[10.011,46.281],[10.035,46.275],[10.051,46.267],[10.059,46.253],[10.069,46.261],[10.109,46.258],[10.145,46.231],[10.151,46.24],[10.148,46.251],[10.172,46.267],[10.153,46.294],[10.116,46.316],[10.106,46.342],[10.108,46.351],[10.129,46.361],[10.129,46.379],[10.164,46.391],[10.165,46.409],[10.149,46.413],[10.143,46.428],[10.088,46.422],[10.011,46.281]]],[[[10.243,46.587],[10.246,46.575],[10.272,46.576],[10.287,46.57],[10.296,46.55],[10.325,46.552],[10.338,46.543],[10.355,46.555],[10.4,46.545],[10.419,46.551],[10.453,46.53],[10.458,46.511],[10.477,46.496],[10.546,46.493],[10.558,46.486],[10.558,46.718],[10.396,46.887],[10.339,46.748],[10.389,46.653],[10.372,46.566],[10.243,46.587]]],[[[11.176,45.088],[11.188,45.083],[11.186,45.084],[11.188,45.086],[11.176,45.088]]],[[[13.527,45.454],[13.644,45.179],[13.672,45.05],[13.895,44.759],[13.991,44.783],[14.06,44.895],[14.189,44.943],[14.175,45.01],[14.239,45.062],[14.348,45.309],[14.332,45.295],[14.259,45.148],[14.205,45.162],[14.206,45.219],[14.189,45.259],[14.204,45.298],[14.076,45.276],[13.99,45.42],[14.12,45.452],[14.107,45.46],[14.005,45.47],[13.926,45.546],[13.871,45.538],[13.859,45.546],[13.883,45.56],[13.811,45.608],[13.845,45.631],[13.919,45.646],[13.944,45.639],[13.944,45.624],[13.917,45.614],[13.933,45.609],[14.073,45.617],[14.085,45.646],[14.026,45.645],[13.992,45.67],[13.962,45.67],[13.982,45.687],[13.812,45.702],[13.753,45.702],[13.741,45.709],[13.673,45.715],[13.8,45.566],[13.749,45.494],[13.527,45.454]]],[[[14.026,45.566],[14.052,45.569],[14.053,45.585],[14.026,45.566]]],[[[14.095,45.619],[14.123,45.611],[14.111,45.629],[14.095,45.619]]],[[[14.098,45.534],[14.116,45.527],[14.114,45.506],[14.131,45.507],[14.126,45.526],[14.154,45.569],[14.139,45.589],[14.098,45.534]]],[[[14.195,45.483],[14.203,45.473],[14.219,45.477],[14.212,45.486],[14.195,45.483]]],[[[15.494,43.888],[15.913,43.652],[16.059,43.433],[16.367,43.513],[16.549,43.461],[16.64,43.39],[16.712,43.771],[16.701,43.847],[16.185,43.908],[15.75,44.098],[15.494,43.888]]],[[[16.992,43.323],[17.075,43.223],[17.304,43.076],[17.326,43.337],[17.163,43.391],[17.054,43.473],[16.992,43.323]]]]}},{"type":"Feature","properties":{"NAME":null,"ABBREVN":null,"SUBJECTO":null,"BORDERPRECISION":1,"PARTOF":null},"geometry":{"type":"MultiPolygon","coordinates":[[[[55.567,72],[55.721,71.642],[56.151,71.271],[56.379,71.132],[56.727,70.994],[57.251,70.818],[57.238,70.691],[56.059,70.731],[55.679,70.707],[55.266,70.561],[54.998,70.522],[54.694,70.744],[54.522,70.759],[54.032,70.719],[53.729,70.765],[53.715,70.927],[54.321,71.09],[54.353,71.198],[54.308,71.206],[53.234,71.514],[52.55,71.59],[52.402,71.52],[52.121,71.465],[51.815,71.48],[51.534,71.658],[51.482,71.845],[51.585,71.985],[51.613,72],[55.567,72]]]]}},{"type":"Feature","properties":{"NAME":"Sweden","ABBREVN":"Sweden","SUBJECTO":"Sweden","BORDERPRECISION":1,"PARTOF":"Sweden"},"geometry":{"type":"MultiPolygon","coordinates":[[[[29.511,60.145],[28.969,60.109],[28.692,60.15],[28.569,60.198],[28.435,60.337],[28.551,60.533],[28.522,60.623],[28.011,60.511],[27.474,60.426],[27.406,60.345],[27.178,60.442],[26.946,60.376],[26.922,60.316],[26.613,60.348],[26.526,60.396],[26.552,60.571],[26.443,60.333],[26.323,60.27],[25.89,60.236],[25.846,60.115],[25.581,60.262],[25.45,60.138],[25.146,60.11],[24.993,60.03],[24.969,60.087],[24.516,59.989],[24.421,59.87],[24.281,59.938],[23.979,59.881],[23.961,59.932],[23.665,59.836],[23.201,59.818],[22.982,59.932],[22.882,60.056],[23.005,60.209],[22.625,60.201],[22.392,60.121],[22.421,60.293],[22.221,60.259],[21.931,60.381],[21.747,60.408],[21.56,60.512],[21.443,60.694],[21.427,61.015],[21.498,61.183],[21.521,61.38],[21.561,61.485],[21.405,61.702],[21.211,61.871],[21.346,62.167],[21.338,62.344],[21.2,62.435],[21.034,62.477],[21.062,62.612],[21.195,62.761],[21.481,62.889],[21.546,62.974],[21.495,63.123],[21.666,63.187],[22.075,63.103],[22.292,63.203],[22.429,63.395],[22.476,63.602],[22.569,63.723],[22.704,63.581],[22.826,63.581],[23.58,64.082],[24.094,64.377],[24.47,64.636],[24.932,64.816],[25.325,64.802],[25.352,64.939],[25.293,65.004],[25.133,65.076],[25.252,65.417],[25.104,65.54],[24.591,65.583],[24.215,65.786],[23.844,65.798],[23.406,65.725],[23.204,65.681],[22.798,65.855],[22.646,65.935],[22.49,65.883],[22.202,65.715],[21.957,65.446],[21.819,65.38],[21.522,65.372],[21.277,65.212],[21.424,65.104],[21.489,65.017],[21.329,64.894],[20.921,64.714],[21.064,64.592],[21.237,64.521],[21.386,64.385],[21.049,64.219],[20.866,64.026],[20.701,63.818],[19.67,63.389],[19.465,63.481],[19.318,63.445],[19.076,63.202],[18.785,63.138],[18.487,62.981],[18.389,62.853],[18.303,62.789],[17.967,62.775],[17.868,62.789],[17.936,62.548],[17.718,62.357],[17.29,62.441],[17.387,62.201],[17.497,62.088],[17.387,61.658],[17.163,61.63],[17.065,61.538],[17.15,61.198],[17.146,60.953],[17.318,60.753],[17.188,60.674],[17.605,60.638],[17.706,60.554],[17.931,60.59],[18.224,60.323],[18.417,60.182],[18.804,60.108],[18.893,59.926],[19.037,59.863],[19.044,59.712],[18.868,59.712],[18.639,59.567],[18.03,59.359],[17.795,59.364],[17.73,59.416],[17.368,59.468],[17.071,59.546],[16.786,59.577],[16.724,59.531],[16.523,59.583],[16.408,59.447],[16.776,59.479],[17,59.359],[17.266,59.339],[17.358,59.245],[17.575,59.214],[17.584,59.271],[17.862,59.24],[17.978,59.328],[18.111,59.323],[18.328,59.37],[18.43,59.333],[18.441,59.401],[18.515,59.401],[18.611,59.333],[18.598,59.297],[18.273,59.287],[18.372,59.157],[18.016,59.038],[17.94,58.908],[17.766,58.872],[17.726,58.914],[17.745,58.986],[17.739,59.11],[17.623,59.1],[17.582,58.893],[17.357,58.743],[17.245,58.717],[17.083,58.748],[17.081,58.65],[16.443,58.634],[16.513,58.428],[16.744,58.312],[16.774,58.038],[16.725,57.889],[16.598,57.866],[16.46,57.895],[16.477,57.702],[16.607,57.666],[16.55,57.545],[16.659,57.443],[16.494,57.279],[16.395,57.074],[16.376,56.822],[16.063,56.396],[15.427,56.766],[14.485,56.68],[14.175,56.813],[13.432,56.524],[13.226,57.102],[12.896,56.978],[12.731,57.432],[12.524,57.391],[12.318,57.68],[11.877,57.325],[11.881,57.509],[11.766,57.673],[11.736,57.698],[12.488,58.563],[12.423,60.039],[12.436,60.278],[12.548,60.434],[12.431,60.626],[12.174,60.956],[12.597,61.029],[12.792,61.33],[13.155,62.024],[15.05,63.526],[16.661,63.756],[17.731,64.559],[17.33,64.826],[18.534,66.432],[21.879,66.967],[25.626,66.7],[26.429,65.629],[26.479,65.572],[27.232,63.354],[28.666,62.209],[29.687,60.131],[29.511,60.145]]]]}},{"type":"Feature","properties":{"NAME":"Ryazan","ABBREVN":"Ryazan","SUBJECTO":"Ryazan","BORDERPRECISION":1,"PARTOF":"Ryazan"},"geometry":{"type":"MultiPolygon","coordinates":[[[[43.673,53.477],[41.402,51.798],[40.415,51.354],[37.699,52.736],[36.86,52.095],[36.598,54.255],[37.255,54.218],[37.452,55.106],[38.39,55.057],[38.687,55.452],[39.378,55.847],[40.76,55.452],[40.563,54.761],[41.995,54.761],[43.081,54.909],[44.809,54.662],[43.673,53.477]]]]}},{"type":"Feature","properties":{"NAME":"Georgia","ABBREVN":"Georgia","SUBJECTO":"Georgia","BORDERPRECISION":1,"PARTOF":"Georgia"},"geometry":{"type":"MultiPolygon","coordinates":[[[[45.382,42.623],[45.297,42.676],[45.201,42.676],[45.138,42.719],[45.031,42.772],[44.978,42.772],[44.935,42.74],[44.872,42.666],[44.786,42.729],[44.669,42.761],[44.51,42.761],[44.414,42.729],[44.297,42.612],[44.17,42.612],[44.053,42.559],[43.957,42.591],[42.878,41.546],[42.694,41.564],[42.352,41.402],[42.25,41.369],[42.029,41.4],[41.484,41.437],[41.521,41.466],[41.666,41.729],[41.68,41.793],[41.652,42.121],[41.503,42.608],[41.41,42.788],[41.123,43.019],[41.31,43.557],[43.617,43.773],[45.382,42.623]]]]}},{"type":"Feature","properties":{"NAME":"Teutonic Knights","ABBREVN":"TeutonicLand","SUBJECTO":"Teutonic Knights","BORDERPRECISION":1,"PARTOF":"Teutonic Knights"},"geometry":{"type":"Polygon","coordinates":[[[18.282,53.357],[18.59,53.1],[18.949,53.254],[19.206,53.254],[19.565,53.46],[20.078,53.665],[20.078,53.511],[20.386,53.511],[20.428,53.778],[20.709,53.758],[20.81,53.638],[21.105,53.819],[21.464,53.819],[22.234,54.127],[22.183,54.538],[22.08,54.589],[22.132,54.794],[21.926,54.948],[22.029,55.256],[21.67,55.513],[21.31,55.513],[21.142,56.127],[21.905,56.35],[24.715,56.34],[25.307,56.489],[26.245,55.896],[27.371,55.719],[27.651,56.28],[27.511,57.611],[27.702,59.298],[27.265,59.338],[26.999,59.318],[26.862,59.372],[26.343,59.447],[25.721,59.46],[25.49,59.42],[25.449,59.494],[25.248,59.362],[24.751,59.448],[24.714,59.352],[24.571,59.374],[24.538,59.323],[24.342,59.369],[24.282,59.284],[24.03,59.235],[24.032,59.176],[23.416,59.119],[23.457,59.005],[23.338,58.972],[23.432,58.858],[23.361,58.767],[23.512,58.581],[23.69,58.665],[23.671,58.241],[23.908,58.224],[24.058,58.112],[24.331,58.308],[24.497,58.213],[24.414,58.106],[24.416,57.948],[24.236,57.728],[24.323,57.337],[24.346,57.16],[24.266,57.03],[24.158,56.975],[23.768,56.866],[23.414,56.892],[23.215,56.981],[23.175,57.048],[23.071,57.261],[22.881,57.334],[22.585,57.509],[22.564,57.616],[22.433,57.616],[22.285,57.565],[21.81,57.475],[21.677,57.464],[21.46,57.25],[21.34,57.177],[21.324,56.854],[21.022,56.684],[20.965,56.609],[20.916,56.097],[20.996,56.024],[21.018,55.634],[21.216,55.344],[21.201,55.261],[21.143,55.256],[21.224,55.111],[21.113,55.089],[21.192,54.96],[21.137,54.845],[20.985,54.812],[19.943,54.85],[19.863,54.752],[19.833,54.531],[19.882,54.525],[19.938,54.608],[20.006,54.547],[20.194,54.575],[20.327,54.564],[20.189,54.522],[19.733,54.31],[19.457,54.217],[19.328,54.161],[19.23,54.167],[19.232,54.222],[19.318,54.272],[19.758,54.459],[19.734,54.461],[19.255,54.277],[18.965,54.228],[18.685,54.254],[18.282,53.357]]]}},{"type":"Feature","properties":{"NAME":"Pskov","ABBREVN":"Pskov","SUBJECTO":"Pskov","BORDERPRECISION":1,"PARTOF":"Pskov"},"geometry":{"type":"MultiPolygon","coordinates":[[[[28.319,58.661],[28.418,57.92],[28.813,57.575],[28.813,56.883],[28.093,56.792],[28.017,56.567],[27.823,56.725],[27.606,56.707],[27.511,57.611],[27.661,58.938],[28.319,58.661]]]]}},{"type":"Feature","properties":{"NAME":"Grand Duchy of Moscow","ABBREVN":"Muscovy","SUBJECTO":"Grand Duchy of Moscow","BORDERPRECISION":1,"PARTOF":"Grand Duchy of Moscow"},"geometry":{"type":"Polygon","coordinates":[[[26.479,65.572],[27.232,63.354],[28.666,62.209],[29.687,60.131],[29.953,59.986],[30.127,59.806],[29.963,59.737],[29.765,59.736],[29.414,59.86],[29.076,59.908],[28.936,59.825],[28.796,59.672],[28.663,59.644],[28.444,59.734],[28.309,59.664],[28.351,59.602],[28.266,59.562],[28.163,59.591],[28.094,59.665],[27.942,59.648],[27.897,59.534],[27.973,59.517],[28.016,59.454],[27.894,59.346],[27.702,59.298],[27.661,58.938],[28.319,58.661],[28.418,57.92],[28.813,57.575],[28.813,56.883],[29.06,56.538],[29.948,56.538],[30.689,55.896],[30.936,56.39],[30.738,56.982],[31.281,57.278],[32.417,57.278],[33.256,56.489],[34.441,56.242],[34.095,55.106],[34.49,54.711],[36.169,54.761],[36.218,54.267],[36.598,54.255],[37.255,54.218],[37.452,55.106],[38.39,55.057],[38.687,55.452],[39.378,55.847],[40.76,55.452],[40.563,54.761],[41.995,54.761],[43.081,54.909],[44.809,54.662],[45.43,57.467],[45.965,57.735],[55.465,58.136],[58.293,58.425],[60,59.103],[60,68.6],[59.925,68.581],[59.892,68.402],[59.762,68.297],[59.502,68.289],[59.218,68.349],[59.12,68.393],[59.062,68.497],[59.346,68.7],[59.199,68.774],[58.77,68.856],[58.409,68.833],[57.959,68.705],[57.526,68.495],[57.364,68.457],[57.024,68.449],[56.54,68.553],[56.195,68.567],[55.723,68.536],[55.335,68.483],[55.126,68.401],[54.996,68.207],[54.877,68.11],[54.752,68.05],[54.648,68.072],[54.576,68.161],[54.38,68.161],[53.626,68.048],[53.317,68.136],[53.316,68.233],[53.396,68.3],[53.782,68.338],[53.808,68.607],[53.889,68.787],[53.502,68.816],[53.179,68.756],[53.006,68.681],[52.939,68.471],[52.72,68.351],[52.463,68.299],[52.337,68.336],[52.245,68.545],[51.831,68.409],[51.139,68.266],[50.496,68.153],[49.63,67.936],[49.186,67.839],[48.635,67.652],[48.081,67.562],[47.953,67.377],[47.706,66.89],[47.571,66.816],[46.973,66.778],[46.402,66.719],[46.077,66.762],[45.715,66.85],[45.386,67.099],[44.957,67.231],[44.871,67.312],[45.093,67.542],[45.463,67.639],[46.634,67.701],[46.439,67.908],[46.162,68.108],[45.863,68.383],[45.58,68.443],[44.668,68.389],[44.012,68.492],[43.853,68.469],[43.822,68.327],[44.169,68.097],[44.261,67.83],[44.216,67.718],[43.704,67.266],[43.838,67.163],[44.219,67.09],[44.362,66.906],[44.384,66.612],[44.122,66.267],[44.053,66.041],[44.029,66.011],[43.876,66.011],[43.241,66.251],[42.211,66.41],[42.133,66.388],[41.623,66.065],[41.354,65.955],[40.681,65.794],[39.951,65.581],[39.823,65.436],[39.979,65.153],[40.366,64.858],[40.462,64.75],[40.44,64.564],[40.322,64.463],[39.997,64.541],[39.622,64.476],[39.193,64.511],[38.253,64.703],[37.604,64.853],[37.102,65.068],[36.884,65.068],[36.569,64.765],[36.997,64.407],[37.262,64.314],[37.463,64.3],[37.668,64.343],[37.88,64.308],[38.054,64.129],[38.054,63.986],[37.945,63.85],[37.591,63.807],[37.411,63.749],[36.988,63.841],[36.421,63.876],[36.24,63.919],[36.015,64.197],[35.623,64.254],[35.082,64.288],[34.885,64.367],[34.815,64.46],[34.773,64.682],[34.426,65.107],[34.332,65.346],[34.293,65.396],[34.601,65.484],[34.726,65.615],[34.726,65.797],[34.544,66.001],[34.258,66.11],[33.844,66.182],[33.47,66.313],[32.971,66.583],[32.754,66.649],[32.425,66.891],[32.219,66.994],[32.644,67.046],[31.246,67.636],[27.098,66.834],[26.479,65.572]],[[29.819,61.213],[29.898,61.198],[29.867,61.217],[29.868,61.229],[29.904,61.234],[29.897,61.241],[29.823,61.263],[29.884,61.254],[29.897,61.259],[29.883,61.28],[29.897,61.281],[29.892,61.291],[29.9,61.297],[29.921,61.299],[29.968,61.282],[30.042,61.245],[30.079,61.239],[30.079,61.264],[30.127,61.284],[30.223,61.298],[30.238,61.319],[30.173,61.347],[30.168,61.376],[30.222,61.406],[30.239,61.448],[30.22,61.5],[30.275,61.514],[30.404,61.49],[30.453,61.494],[30.424,61.525],[30.466,61.542],[30.582,61.546],[30.614,61.558],[30.563,61.578],[30.583,61.594],[30.674,61.608],[30.704,61.627],[30.672,61.652],[30.683,61.694],[30.737,61.755],[30.848,61.761],[31.014,61.712],[31.1,61.665],[31.106,61.62],[31.127,61.598],[31.163,61.599],[31.173,61.612],[31.155,61.653],[31.164,61.663],[31.26,61.606],[31.32,61.597],[31.379,61.621],[31.449,61.602],[31.529,61.539],[31.561,61.497],[31.546,61.477],[31.556,61.453],[31.627,61.404],[31.661,61.395],[31.659,61.416],[31.621,61.467],[31.679,61.444],[31.832,61.345],[32.061,61.253],[32.367,61.166],[32.537,61.089],[32.569,61.021],[32.642,60.95],[32.753,60.877],[32.812,60.807],[32.818,60.743],[32.856,60.69],[32.926,60.651],[32.949,60.613],[32.904,60.553],[32.85,60.524],[32.648,60.513],[32.611,60.482],[32.665,60.424],[32.666,60.384],[32.612,60.363],[32.598,60.326],[32.621,60.272],[32.614,60.229],[32.578,60.194],[32.48,60.163],[32.32,60.135],[32.215,60.142],[32.166,60.187],[32.035,60.218],[31.824,60.236],[31.657,60.203],[31.535,60.121],[31.495,60.057],[31.539,60.011],[31.553,59.972],[31.536,59.94],[31.418,59.924],[31.074,59.933],[31.044,59.949],[31.05,59.976],[31.092,60.014],[31.097,60.069],[31.066,60.141],[31.028,60.182],[30.982,60.193],[30.889,60.294],[30.748,60.484],[30.636,60.589],[30.551,60.611],[30.514,60.669],[30.525,60.764],[30.437,60.879],[30.249,61.012],[30.063,61.114],[29.819,61.213]],[[34.249,62.177],[34.256,62.191],[34.295,62.167],[34.543,62.092],[34.73,62.022],[34.592,62.184],[34.59,62.22],[34.682,62.182],[34.719,62.182],[34.701,62.219],[34.488,62.417],[34.517,62.414],[34.713,62.289],[34.718,62.322],[34.533,62.512],[34.507,62.566],[34.639,62.484],[34.737,62.41],[34.799,62.346],[34.827,62.304],[34.818,62.269],[34.83,62.262],[34.841,62.286],[34.807,62.353],[34.815,62.351],[34.868,62.253],[34.87,62.231],[34.84,62.25],[34.847,62.229],[34.892,62.169],[34.977,62.103],[35.102,62.033],[35.178,62.011],[35.204,62.036],[35.168,62.099],[35.069,62.199],[35.108,62.218],[35.285,62.155],[35.432,62.151],[35.548,62.206],[35.547,62.315],[35.431,62.476],[35.363,62.543],[35.344,62.513],[35.238,62.535],[35.046,62.609],[34.961,62.633],[34.982,62.607],[34.95,62.598],[34.865,62.607],[34.862,62.578],[34.941,62.512],[35.005,62.444],[35.053,62.375],[34.919,62.48],[34.602,62.757],[34.686,62.836],[35.173,62.717],[35.418,62.645],[35.422,62.621],[35.457,62.59],[35.524,62.551],[35.538,62.551],[35.499,62.589],[35.501,62.613],[35.543,62.621],[35.559,62.609],[35.548,62.575],[35.593,62.554],[35.694,62.545],[35.776,62.509],[35.839,62.444],[35.822,62.319],[35.723,62.134],[35.733,62.012],[35.85,61.954],[35.89,61.906],[35.851,61.868],[35.875,61.832],[35.961,61.8],[36.009,61.756],[36.017,61.701],[36.078,61.626],[36.191,61.531],[36.298,61.469],[36.399,61.438],[36.451,61.402],[36.456,61.362],[36.429,61.325],[36.371,61.29],[36.366,61.254],[36.415,61.217],[36.354,61.169],[36.185,61.112],[36.078,61.053],[36.033,60.993],[35.898,60.949],[35.672,60.922],[35.538,60.932],[35.498,60.977],[35.501,61],[35.548,60.998],[35.602,61.031],[35.665,61.099],[35.644,61.192],[35.539,61.309],[35.293,61.42],[34.904,61.523],[34.611,61.641],[34.414,61.771],[34.38,61.825],[34.508,61.803],[34.564,61.81],[34.548,61.846],[34.559,61.863],[34.598,61.859],[34.505,61.898],[34.598,61.897],[34.544,61.946],[34.372,62.047],[34.273,62.124],[34.249,62.177]]]}},{"type":"Feature","properties":{"NAME":"Poland-Lithuania","ABBREVN":"Pol.-Lith.","SUBJECTO":"Poland-Lithuania","BORDERPRECISION":1,"PARTOF":"Poland-Lithuania"},"geometry":{"type":"MultiPolygon","coordinates":[[[[15.76,52.571],[15.765,52.27],[15.814,52.25],[15.814,52.244],[16.095,52.124],[16.506,52.004],[16.506,52.178],[16.855,51.917],[16.855,51.655],[16.863,51.654],[16.98,51.714],[17.255,51.714],[17.291,51.786],[17.553,51.655],[17.64,51.437],[17.853,51.246],[17.972,51.246],[18.049,51.112],[18.709,50.845],[18.701,50.712],[19.03,50.579],[19.025,50.49],[19.096,50.513],[19.085,50.552],[19.108,50.577],[19.073,50.616],[19.108,50.621],[19.099,50.644],[19.153,50.698],[19.193,50.684],[19.238,50.624],[19.33,50.567],[19.308,50.522],[19.254,50.485],[19.336,50.454],[19.336,50.402],[19.187,50.368],[19.185,50.365],[19.176,50.214],[19.098,50.282],[19.187,50.204],[19.175,50.2],[19.175,50.19],[19.191,50.192],[19.235,50.169],[19.24,50.16],[19.144,50.159],[19.154,50.123],[19.173,50.114],[19.162,50.098],[19.226,50.067],[19.15,50.052],[19.117,50.003],[19.146,50.046],[19.166,50.046],[19.238,49.847],[18.987,49.612],[19.108,49.592],[19.138,49.713],[19.381,49.803],[19.562,49.713],[19.562,49.531],[19.713,49.531],[19.895,49.471],[20.016,49.803],[20.349,49.743],[20.53,49.803],[20.681,49.652],[20.893,49.743],[20.803,49.834],[20.893,49.834],[20.984,49.743],[21.135,49.834],[21.287,49.773],[21.317,49.864],[21.771,49.743],[21.771,49.592],[23.889,49.259],[24.161,48.987],[25.666,48.692],[25.902,46.876],[26.699,45.792],[26.712,45.66],[26.734,45.664],[26.766,45.711],[26.787,45.703],[26.816,45.712],[26.807,45.736],[26.836,45.755],[26.855,45.779],[26.855,45.791],[26.87,45.794],[26.91,45.781],[26.935,45.759],[26.961,45.769],[26.981,45.762],[27.028,45.768],[27.091,45.742],[27.124,45.723],[27.12,45.715],[27.16,45.696],[27.247,45.69],[27.26,45.682],[27.263,45.657],[27.29,45.653],[27.314,45.629],[27.331,45.634],[27.374,45.619],[27.379,45.609],[27.423,45.619],[27.416,45.615],[27.424,45.603],[27.42,45.596],[27.451,45.595],[27.43,45.59],[27.425,45.584],[27.433,45.582],[27.419,45.576],[27.447,45.557],[27.465,45.565],[27.483,45.557],[27.472,45.554],[27.481,45.55],[27.467,45.548],[27.483,45.542],[27.468,45.537],[27.47,45.529],[27.488,45.531],[27.483,45.503],[27.515,45.514],[27.537,45.503],[27.541,45.511],[27.529,45.517],[27.552,45.521],[27.544,45.501],[27.561,45.499],[27.572,45.487],[27.579,45.495],[27.578,45.486],[27.612,45.466],[27.617,45.478],[27.625,45.472],[27.62,45.466],[27.631,45.467],[27.63,45.476],[27.645,45.47],[27.649,45.486],[27.651,45.472],[27.657,45.473],[27.654,45.491],[27.663,45.49],[27.662,45.476],[27.698,45.473],[27.697,45.458],[27.715,45.459],[27.714,45.446],[27.741,45.449],[27.746,45.432],[27.736,45.418],[27.772,45.417],[27.815,45.398],[27.829,45.417],[27.839,45.415],[27.838,45.4],[27.85,45.399],[27.861,45.413],[27.882,45.406],[27.88,45.414],[27.892,45.417],[27.974,45.398],[27.972,45.386],[28.002,45.402],[28.026,45.395],[28.026,45.356],[28.007,45.315],[28.368,45.331],[30.886,47.454],[31.951,46.865],[36.07,47.898],[37.502,48.441],[37.699,48.935],[38.136,49.049],[38.292,51.206],[37.601,51.403],[36.86,52.095],[36.598,54.255],[36.218,54.267],[36.169,54.761],[34.49,54.711],[34.095,55.106],[34.441,56.242],[33.256,56.489],[32.417,57.278],[31.281,57.278],[30.738,56.982],[30.936,56.39],[30.689,55.896],[29.948,56.538],[29.06,56.538],[28.813,56.883],[28.093,56.792],[28.017,56.567],[27.823,56.725],[27.606,56.707],[27.651,56.28],[27.371,55.719],[26.245,55.896],[25.307,56.489],[24.715,56.34],[21.905,56.35],[21.142,56.127],[21.31,55.513],[21.67,55.513],[22.029,55.256],[21.926,54.948],[22.132,54.794],[22.08,54.589],[22.183,54.538],[22.234,54.127],[21.464,53.819],[21.105,53.819],[20.81,53.638],[20.709,53.758],[20.428,53.778],[20.386,53.511],[20.078,53.511],[20.078,53.665],[19.565,53.46],[19.206,53.254],[18.949,53.254],[18.59,53.1],[18.282,53.357],[18.685,54.254],[18.513,54.316],[18.454,54.525],[18.338,54.603],[18.363,54.669],[18.76,54.536],[18.279,54.724],[17.658,54.685],[17.747,54.433],[17.718,54.419],[17.727,54.406],[17.717,54.354],[17.755,54.339],[17.732,54.32],[17.646,54.335],[17.613,54.324],[17.613,54.297],[17.564,54.283],[17.542,54.257],[17.422,54.269],[17.336,54.237],[17.28,54.211],[17.277,54.146],[17.312,54.133],[17.248,54.073],[17.27,54.045],[17.211,54.036],[17.205,54.005],[17.121,54.011],[17.099,53.976],[17.019,53.97],[17.006,53.953],[17.02,53.94],[16.982,53.905],[16.909,53.925],[16.895,53.953],[16.874,53.967],[16.878,53.957],[16.778,53.927],[16.77,53.917],[16.794,53.88],[16.818,53.893],[16.824,53.868],[16.808,53.859],[16.809,53.858],[16.809,53.789],[16.868,53.729],[16.893,53.629],[16.944,53.57],[16.95,53.526],[16.894,53.447],[16.863,53.443],[16.852,53.462],[16.818,53.467],[16.776,53.445],[16.748,53.397],[16.707,53.42],[16.72,53.44],[16.652,53.454],[16.652,53.483],[16.594,53.517],[16.5,53.544],[16.469,53.533],[16.42,53.576],[16.376,53.559],[16.416,53.525],[16.295,53.421],[16.294,53.395],[16.24,53.374],[16.204,53.343],[16.091,52.876],[16.097,52.855],[16.085,52.851],[16.053,52.716],[15.844,52.71],[15.816,52.571],[15.76,52.571]]],[[[16.705,54.014],[16.735,53.989],[16.732,53.992],[16.705,54.014]]],[[[16.736,53.988],[16.741,53.984],[16.822,54],[16.832,53.996],[16.822,54.002],[16.736,53.988]]]]}},{"type":"Feature","properties":{"NAME":"Imperial Hungary","ABBREVN":"Hungary","SUBJECTO":"Imperial Hungary","BORDERPRECISION":1,"PARTOF":"Imperial Hungary"},"geometry":{"type":"MultiPolygon","coordinates":[[[[14.361,45.321],[14.525,45.266],[14.815,45.078],[14.946,44.927],[14.907,44.723],[14.989,44.54],[15.286,44.329],[15.548,44.229],[15.149,44.24],[15.412,43.935],[15.494,43.888],[15.75,44.098],[16.185,43.908],[16.701,43.847],[16.865,44.245],[17.458,44.146],[17.754,44.393],[18.939,44.393],[19.785,44.936],[20.291,44.9],[20.801,44.932],[23.543,45.856],[24.18,45.856],[25.535,45.508],[25.536,45.509],[25.596,45.515],[25.625,45.499],[25.638,45.506],[25.648,45.527],[25.644,45.535],[25.675,45.526],[25.699,45.504],[25.7,45.483],[25.726,45.465],[25.766,45.465],[25.786,45.481],[25.812,45.466],[25.826,45.44],[25.823,45.431],[25.854,45.426],[25.868,45.424],[25.867,45.436],[25.889,45.448],[25.896,45.482],[25.89,45.485],[25.924,45.523],[25.938,45.513],[25.995,45.514],[26.014,45.49],[26.041,45.478],[26.065,45.485],[26.066,45.504],[26.096,45.518],[26.143,45.581],[26.155,45.581],[26.172,45.563],[26.186,45.609],[26.219,45.622],[26.24,45.62],[26.25,45.61],[26.281,45.622],[26.336,45.592],[26.348,45.604],[26.349,45.64],[26.378,45.652],[26.471,45.657],[26.424,45.698],[26.427,45.728],[26.407,45.737],[26.422,45.753],[26.418,45.769],[26.438,45.766],[26.444,45.753],[26.437,45.739],[26.458,45.726],[26.466,45.705],[26.489,45.694],[26.486,45.689],[26.53,45.642],[26.541,45.642],[26.552,45.63],[26.579,45.634],[26.594,45.62],[26.631,45.647],[26.712,45.66],[26.699,45.792],[25.902,46.876],[25.666,48.692],[24.161,48.987],[23.889,49.259],[21.771,49.592],[21.771,49.743],[21.317,49.864],[21.287,49.773],[21.135,49.834],[20.984,49.743],[20.893,49.834],[20.803,49.834],[20.893,49.743],[20.681,49.652],[20.53,49.803],[20.349,49.743],[20.016,49.803],[19.895,49.471],[19.713,49.531],[19.562,49.531],[19.562,49.713],[19.381,49.803],[19.138,49.713],[19.108,49.592],[18.987,49.612],[18.884,49.515],[18.543,49.47],[18.544,49.465],[18.475,49.408],[18.404,49.396],[18.414,49.367],[18.377,49.33],[18.353,49.325],[18.25,49.181],[18.223,48.99],[18.114,48.99],[18.114,48.854],[17.87,48.8],[17.684,48.859],[17.633,48.855],[17.594,48.828],[17.524,48.812],[17.45,48.846],[17.51,48.818],[17.43,48.787],[17.292,48.771],[17.19,48.447],[17.218,48.066],[17.462,48.066],[17.408,47.822],[16.796,47.843],[16.622,47.735],[16.557,47.495],[16.644,47.3],[16.557,47.191],[16.557,47.06],[16.448,46.93],[16.448,46.778],[16.514,46.626],[16.296,46.408],[16.535,46.365],[16.448,46.104],[16.209,46.147],[16.079,45.886],[16.209,45.734],[16.122,45.582],[15.47,45.734],[15.424,45.43],[15.249,45.447],[15.218,45.425],[15.152,45.428],[15.096,45.463],[14.909,45.481],[14.908,45.477],[14.823,45.46],[14.796,45.503],[14.72,45.534],[14.692,45.527],[14.691,45.58],[14.602,45.624],[14.608,45.665],[14.569,45.671],[14.54,45.619],[14.501,45.608],[14.499,45.549],[14.474,45.533],[14.458,45.479],[14.406,45.44],[14.425,45.411],[14.417,45.401],[14.437,45.388],[14.361,45.321]],[[17.127,46.107],[17.136,46.191],[17.173,46.188],[17.127,46.107]]],[[[18.459,49.459],[18.461,49.457],[18.52,49.469],[18.498,49.465],[18.459,49.459]]]]}},{"type":"Feature","properties":{"NAME":"Navarre","ABBREVN":"Navarre","SUBJECTO":"Navarre","BORDERPRECISION":1,"PARTOF":"Navarre"},"geometry":{"type":"Polygon","coordinates":[[[-2.675,42.423],[-2.199,42.244],[-2.08,42.066],[-2.318,42.066],[-2.259,41.828],[-1.605,41.769],[-1.664,42.125],[-0.907,42.881],[-1.397,43.032],[-1.448,42.984],[-1.515,42.998],[-1.558,43.045],[-1.466,43.155],[-1.491,43.21],[-1.702,43.196],[-1.915,43.305],[-2.066,43.333],[-2.143,43.331],[-2.14,43.136],[-2.556,43.076],[-2.675,42.423]]]}},{"type":"Feature","properties":{"NAME":"Castile","ABBREVN":"Castille","SUBJECTO":"Castille","BORDERPRECISION":1,"PARTOF":"Castille"},"geometry":{"type":"Polygon","coordinates":[[[-9.271,43.049],[-9.247,42.901],[-9.173,42.856],[-8.942,42.824],[-8.644,42.42],[-8.799,42.195],[-8.86,42.015],[-8.806,41.889],[-8.405,42.002],[-8.157,42.087],[-7.919,41.889],[-7.098,41.868],[-6.86,41.985],[-6.709,41.96],[-6.586,41.858],[-6.518,41.749],[-6.139,41.526],[-6.112,41.417],[-6.241,41.32],[-6.797,41.093],[-6.834,41.061],[-6.857,40.862],[-6.825,40.657],[-6.884,40.214],[-6.859,39.792],[-6.878,39.702],[-7.084,39.599],[-7.301,39.579],[-7.431,39.521],[-7.211,39.298],[-6.933,38.961],[-7.089,38.795],[-7.317,38.5],[-7.394,38.295],[-7.028,38.24],[-6.845,38.1],[-7.243,37.811],[-7.351,37.644],[-7.492,37.208],[-7.228,37.226],[-6.948,37.149],[-6.632,37.022],[-6.422,36.792],[-6.5,36.719],[-6.444,36.623],[-6.289,36.572],[-6.305,36.454],[-6.204,36.282],[-5.85,36.072],[-5.661,36.008],[-5.485,36.065],[-5.488,36.174],[-5.457,36.167],[-5.424,36.072],[-5.387,36.11],[-5.374,36.237],[-5.217,36.41],[-4.757,36.486],[-4.447,36.722],[-2.97,36.741],[-2.915,36.69],[-2.761,36.69],[-2.624,36.811],[-2.355,36.824],[-2.239,36.728],[-1.94,36.952],[-2.149,37.233],[-1.921,37.651],[-2.035,37.842],[-1.883,37.956],[-1.655,37.918],[-1.655,38.184],[-1.807,38.26],[-1.807,38.526],[-2.035,38.602],[-2.035,39.249],[-1.807,39.173],[-1.807,39.477],[-1.997,39.591],[-1.997,39.743],[-1.807,39.858],[-1.997,39.972],[-1.997,40.086],[-2.301,40.238],[-2.301,40.39],[-1.921,40.618],[-2.035,41.227],[-2.301,41.265],[-2.301,41.493],[-2.149,41.493],[-2.13,41.817],[-2.259,41.828],[-2.318,42.066],[-2.08,42.066],[-2.199,42.244],[-2.675,42.423],[-2.556,43.076],[-2.14,43.136],[-2.143,43.331],[-2.367,43.326],[-2.768,43.538],[-3.007,43.55],[-3.196,43.447],[-3.417,43.376],[-3.848,43.439],[-4.802,43.469],[-5.225,43.507],[-5.537,43.577],[-5.82,43.706],[-5.98,43.705],[-6.468,43.563],[-6.808,43.523],[-7.151,43.555],[-7.636,43.721],[-7.98,43.74],[-8.22,43.617],[-8.251,43.43],[-8.31,43.353],[-8.849,43.326],[-9.014,43.281],[-9.197,43.158],[-9.271,43.049]]]}},{"type":"Feature","properties":{"NAME":"Wattasid Caliphate","ABBREVN":"Wattasid C.","SUBJECTO":"Wattasid Caliphate","BORDERPRECISION":1,"PARTOF":"Wattasid Caliphate"},"geometry":{"type":"Polygon","coordinates":[[[-6.878,34],[-1.669,34],[-1.664,34.205],[-1.738,34.605],[-1.823,34.7],[-2.077,34.826],[-2.193,35.054],[-2.356,35.054],[-2.715,35.098],[-2.83,35.142],[-3.009,35.39],[-3.206,35.269],[-3.441,35.166],[-4.028,35.133],[-4.295,35.152],[-4.593,35.151],[-5.11,35.379],[-5.172,35.424],[-5.479,35.805],[-5.565,35.862],[-5.808,35.785],[-5.929,35.728],[-6.302,34.861],[-6.511,34.454],[-6.753,34.123],[-6.878,34]]]}},{"type":"Feature","properties":{"NAME":"Zayyanid Caliphate","ABBREVN":"Zayyanid C.","SUBJECTO":"Zayyanid Caliphate","BORDERPRECISION":1,"PARTOF":"Zayyanid Caliphate"},"geometry":{"type":"Polygon","coordinates":[[[-2.193,35.054],[-2.077,34.826],[-1.823,34.7],[-1.738,34.605],[-1.664,34.205],[-1.669,34],[6.633,34],[6.923,36.818],[6.771,36.862],[6.323,37.091],[6.047,36.842],[5.73,36.752],[5.383,36.675],[5.144,36.668],[4.777,36.743],[4.632,36.794],[4.395,36.838],[4.164,36.831],[3.741,36.837],[3.587,36.792],[3.324,36.651],[3.07,36.619],[2.81,36.714],[2.524,36.573],[2.294,36.541],[1.58,36.514],[1.058,36.462],[0.781,36.385],[0.474,36.225],[0.199,36.033],[0.015,35.804],[-0.092,35.74],[-0.283,35.758],[-0.429,35.86],[-0.917,35.668],[-1.147,35.629],[-1.329,35.489],[-1.495,35.234],[-1.738,35.119],[-2.035,35.055],[-2.193,35.054]]]}},{"type":"Feature","properties":{"NAME":"Hafsid Caliphate","ABBREVN":"Hafsid Cal.","SUBJECTO":"Hafsid Caliphate","BORDERPRECISION":1,"PARTOF":"Hafsid Caliphate"},"geometry":{"type":"Polygon","coordinates":[[[6.633,34],[10.071,34],[10.019,34.081],[10.116,34.234],[10.574,34.648],[10.839,34.801],[11.083,35.145],[11.125,35.241],[10.989,35.622],[10.831,35.679],[10.603,35.889],[10.511,36.086],[10.509,36.214],[10.633,36.424],[10.92,36.654],[11.039,36.909],[11.024,37.068],[10.843,36.991],[10.581,36.793],[10.393,36.717],[10.272,36.755],[10.159,36.996],[10.133,37.105],[10.021,37.2],[9.732,37.282],[9.416,37.275],[9.15,37.173],[8.866,36.968],[8.637,36.885],[7.913,36.775],[7.792,36.832],[7.719,36.953],[7.545,37.042],[7.307,37.061],[7.063,36.882],[6.923,36.818],[6.633,34]]]}},{"type":"Feature","properties":{"NAME":"Mamluke Sultanate","ABBREVN":"Mamluke Sul.","SUBJECTO":"Mamluke Sultanate","BORDERPRECISION":1,"PARTOF":"Mamluke Sultanate"},"geometry":{"type":"MultiPolygon","coordinates":[[[[35.526,34],[35.532,34.119],[35.716,34.312],[35.821,34.344],[35.873,34.422],[35.852,34.493],[35.751,34.747],[35.809,35.014],[35.841,35.043],[35.796,35.271],[35.607,35.418],[35.664,35.459],[35.68,35.528],[35.733,35.585],[35.691,35.685],[35.74,35.69],[35.856,35.835],[35.719,36.092],[35.665,36.134],[35.709,36.212],[35.817,36.301],[36.095,36.482],[36.105,36.561],[36.082,36.622],[35.957,36.747],[35.891,36.771],[36.789,37.001],[36.494,37.369],[38.61,38.368],[39.206,38.208],[38.984,37.618],[37.952,37.323],[37.952,37.102],[38.395,36.586],[38.1,35.996],[38.906,36.006],[38.036,34.597],[37.559,34],[35.526,34]]]]}},{"type":"Feature","properties":{"NAME":"Arabs","ABBREVN":"Arabs","SUBJECTO":"Arabs","BORDERPRECISION":1,"PARTOF":"Arabs"},"geometry":{"type":"MultiPolygon","coordinates":[[[[37.559,34],[38.036,34.597],[39.342,34.597],[40.029,34.391],[40.42,34],[37.559,34]]]]}},{"type":"Feature","properties":{"NAME":"Emirate of the White Sheep Turks","ABBREVN":"Turks","SUBJECTO":"Emirate of the White Sheep Turks","BORDERPRECISION":1,"PARTOF":"Emirate of the White Sheep Turks"},"geometry":{"type":"MultiPolygon","coordinates":[[[[40.42,34],[40.029,34.391],[39.342,34.597],[38.036,34.597],[38.906,36.006],[38.1,35.996],[38.395,36.586],[37.952,37.102],[37.952,37.323],[38.984,37.618],[39.206,38.208],[38.61,38.368],[39.148,38.622],[41.212,40.244],[41.484,41.437],[42.029,41.4],[42.25,41.369],[42.352,41.402],[42.694,41.564],[42.878,41.546],[43.957,42.591],[44.053,42.559],[44.17,42.612],[44.297,42.612],[44.414,42.729],[44.51,42.761],[44.669,42.761],[44.786,42.729],[44.872,42.666],[44.935,42.74],[44.978,42.772],[45.031,42.772],[45.138,42.719],[45.201,42.676],[45.297,42.676],[45.382,42.623],[45.478,42.549],[45.648,42.549],[45.808,42.538],[45.861,42.474],[45.808,42.389],[45.754,42.251],[45.914,42.123],[46.042,42.049],[46.159,42.006],[46.286,41.985],[46.393,41.995],[46.499,41.964],[46.556,41.878],[46.659,41.889],[46.669,41.815],[46.765,41.836],[46.85,41.836],[46.914,41.751],[47.127,41.623],[47.169,41.57],[47.222,41.57],[47.35,41.442],[47.35,41.304],[47.616,41.261],[47.818,41.198],[47.988,41.219],[48.063,41.315],[48.201,41.464],[48.224,41.471],[47.249,42.785],[47.195,43.376],[47.493,43.583],[47.52,43.511],[47.565,43.601],[47.61,43.754],[47.664,43.853],[47.736,43.862],[47.673,43.664],[47.574,43.502],[47.601,43.322],[47.655,43.277],[47.583,43.188],[47.565,43.008],[47.736,42.9],[47.79,42.855],[47.844,42.621],[47.97,42.594],[48.132,42.405],[48.222,42.279],[48.42,42.091],[48.5,41.929],[48.662,41.902],[48.683,41.836],[48.892,41.687],[48.999,41.517],[49.116,41.432],[49.244,41.293],[49.286,41.059],[49.35,40.953],[49.478,40.836],[49.605,40.762],[49.605,40.687],[49.807,40.581],[50.02,40.602],[50.19,40.57],[50.318,40.496],[50.424,40.411],[50.467,40.325],[50.467,40.262],[50.307,40.325],[50.126,40.347],[50.031,40.347],[49.914,40.325],[49.85,40.272],[49.669,40.24],[49.573,40.176],[49.552,40.091],[49.541,39.879],[49.446,39.655],[49.403,39.485],[49.499,39.379],[49.488,39.294],[49.382,39.326],[49.339,39.283],[49.275,39.017],[49.222,39.038],[49.18,39.145],[49.116,39.187],[49.041,39.145],[49.02,39.006],[49.052,38.932],[48.946,38.836],[48.988,38.719],[48.825,38.31],[48.832,38.306],[48.809,37.989],[48.745,37.727],[48.837,37.511],[49.06,37.398],[49.476,37.292],[49.848,37.268],[50.039,37.225],[50.111,37.098],[50.252,36.895],[50.561,36.686],[51.417,36.456],[51.796,36.432],[51.993,36.459],[52.602,36.577],[53.139,36.644],[53.8,36.679],[53.984,36.782],[55.466,34],[40.42,34]]]]}},{"type":"Feature","properties":{"NAME":"Golden Horde","ABBREVN":"Golden Horde","SUBJECTO":"Golden Horde","BORDERPRECISION":1,"PARTOF":"Golden Horde"},"geometry":{"type":"MultiPolygon","coordinates":[[[[56.674,58.259],[52.854,46.938],[52.556,46.982],[52.466,46.91],[52.376,46.874],[52.142,46.838],[51.935,46.892],[51.791,47.009],[51.675,47.036],[51.369,47.09],[51.117,47.063],[50.82,46.919],[50.632,46.91],[50.272,46.685],[49.948,46.56],[49.723,46.533],[49.535,46.542],[49.313,46.353],[49.238,46.263],[49.058,46.137],[48.887,46.083],[48.833,46.083],[48.833,45.921],[48.77,45.885],[48.635,45.975],[48.303,45.768],[48.015,45.714],[47.871,45.678],[47.754,45.714],[47.673,45.75],[47.628,45.732],[47.601,45.66],[47.655,45.543],[47.556,45.453],[47.394,45.175],[47.251,44.986],[47.17,44.86],[47.026,44.788],[46.873,44.68],[46.81,44.536],[46.846,44.446],[46.999,44.356],[47.143,44.339],[47.224,44.204],[47.332,44.186],[47.565,43.844],[47.538,43.673],[47.493,43.583],[47.195,43.376],[47.249,42.785],[48.224,41.471],[48.201,41.464],[48.063,41.315],[47.988,41.219],[47.818,41.198],[47.616,41.261],[47.35,41.304],[47.35,41.442],[47.222,41.57],[47.169,41.57],[47.127,41.623],[46.914,41.751],[46.85,41.836],[46.765,41.836],[46.669,41.815],[46.659,41.889],[46.556,41.878],[46.499,41.964],[46.393,41.995],[46.286,41.985],[46.159,42.006],[46.042,42.049],[45.914,42.123],[45.754,42.251],[45.808,42.389],[45.861,42.474],[45.808,42.538],[45.648,42.549],[45.478,42.549],[45.382,42.623],[43.617,43.773],[41.31,43.557],[42.524,47.051],[44.364,49.429],[43.673,50.86],[42.587,50.91],[40.026,49.08],[38.136,49.049],[38.292,51.206],[37.601,51.403],[36.86,52.095],[37.699,52.736],[40.415,51.354],[41.402,51.798],[43.673,53.477],[44.809,54.662],[45.43,57.467],[45.965,57.735],[55.465,58.136],[56.674,58.259]]]]}},{"type":"Feature","properties":{"NAME":"Holy Roman Empire","ABBREVN":"Holy Roman E","SUBJECTO":"Holy Roman Empire","BORDERPRECISION":1,"PARTOF":"Holy Roman Empire"},"geometry":{"type":"MultiPolygon","coordinates":[[[[1.796,50.921],[1.826,50.243],[1.987,50.22],[1.987,50.082],[2.148,50.059],[2.401,50.197],[2.677,50.151],[2.907,49.943],[3.483,49.92],[3.82,50.039],[4.255,49.887],[4.782,49.796],[4.782,49.807],[4.815,49.849],[4.831,49.849],[4.813,49.824],[4.836,49.788],[4.836,49.787],[5.261,49.714],[5.257,49.729],[5.226,49.733],[5.218,49.8],[5.199,49.807],[5.18,49.79],[5.164,49.83],[5.208,49.858],[5.207,49.831],[5.258,49.82],[5.298,49.869],[5.375,49.886],[5.367,49.893],[5.32,49.887],[5.316,49.914],[5.251,49.913],[5.217,49.952],[5.172,49.936],[5.158,49.957],[5.122,49.962],[5.135,49.985],[5.123,49.984],[5.1,49.968],[5.099,49.936],[5.114,49.92],[5.073,49.912],[5.047,49.89],[5.055,49.882],[5.008,49.89],[5.002,49.889],[4.997,49.888],[4.951,49.879],[4.95,49.856],[4.971,49.845],[4.933,49.822],[4.911,49.844],[4.918,49.855],[4.902,49.842],[4.857,49.846],[4.853,49.865],[4.89,49.909],[4.85,49.946],[4.8,49.957],[4.797,49.983],[4.821,50.01],[4.852,49.995],[4.916,50.026],[4.901,49.978],[4.956,49.963],[4.997,49.998],[4.991,50.016],[5.013,49.997],[4.993,50.03],[4.938,50.018],[4.962,50.04],[4.959,50.065],[5.014,50.072],[5.035,50.053],[5.065,50.093],[5.133,50.098],[5.194,50.042],[5.211,50.042],[5.196,50.106],[5.243,50.054],[5.272,50.069],[5.29,50.099],[5.245,50.13],[5.251,50.14],[5.296,50.147],[5.335,50.123],[5.344,50.154],[5.267,50.16],[5.249,50.18],[5.216,50.18],[5.197,50.211],[5.24,50.201],[5.228,50.227],[5.258,50.229],[5.257,50.24],[5.294,50.239],[5.299,50.256],[5.322,50.249],[5.35,50.266],[5.373,50.244],[5.436,50.282],[5.406,50.316],[5.366,50.32],[5.285,50.27],[5.296,50.278],[5.269,50.29],[5.284,50.304],[5.275,50.313],[5.291,50.314],[5.283,50.324],[5.332,50.308],[5.387,50.34],[5.369,50.342],[5.398,50.364],[5.392,50.382],[5.401,50.387],[5.381,50.392],[5.404,50.427],[5.453,50.417],[5.425,50.401],[5.428,50.402],[5.513,50.425],[5.513,50.424],[5.536,50.448],[5.487,50.467],[5.482,50.487],[5.525,50.493],[5.53,50.503],[5.591,50.511],[5.631,50.489],[5.641,50.495],[5.63,50.467],[5.652,50.486],[5.642,50.496],[5.652,50.501],[5.662,50.495],[5.663,50.496],[5.669,50.474],[5.74,50.493],[5.742,50.493],[5.704,50.497],[5.676,50.527],[5.716,50.543],[5.741,50.574],[5.766,50.573],[5.774,50.563],[5.752,50.541],[5.759,50.491],[5.754,50.491],[5.8,50.444],[5.757,50.444],[5.836,50.438],[6.059,50.522],[6.097,50.513],[6.152,50.461],[6.091,50.534],[6.139,50.553],[6.218,50.525],[6.282,50.458],[6.383,50.535],[6.459,50.527],[6.487,50.544],[6.549,50.546],[6.546,50.551],[6.609,50.55],[6.641,50.568],[6.638,50.587],[6.596,50.573],[6.584,50.59],[6.623,50.639],[6.708,50.603],[6.676,50.575],[6.712,50.555],[6.643,50.52],[6.665,50.489],[6.655,50.479],[6.636,50.484],[6.607,50.451],[6.525,50.484],[6.53,50.488],[6.48,50.476],[6.46,50.495],[6.437,50.492],[6.424,50.475],[6.362,50.468],[6.374,50.422],[6.406,50.434],[6.421,50.42],[6.452,50.426],[6.49,50.447],[6.541,50.406],[6.572,50.408],[6.58,50.391],[6.554,50.368],[6.529,50.369],[6.485,50.338],[6.509,50.347],[6.502,50.322],[6.421,50.313],[6.389,50.372],[6.399,50.378],[6.369,50.41],[6.276,50.358],[6.265,50.325],[6.279,50.306],[6.266,50.312],[6.25,50.286],[6.212,50.278],[6.207,50.249],[6.173,50.219],[6.237,50.184],[6.255,50.196],[6.307,50.19],[6.322,50.205],[6.409,50.175],[6.417,50.162],[6.404,50.155],[6.429,50.104],[6.389,50.091],[6.397,50.069],[6.479,50.03],[6.483,50.054],[6.502,50.062],[6.529,50.042],[6.543,50.101],[6.564,50.107],[6.605,50.049],[6.55,50.042],[6.558,50.026],[6.627,50.018],[6.643,50.031],[6.614,50.076],[6.632,50.115],[6.596,50.116],[6.608,50.141],[6.618,50.127],[6.648,50.129],[6.676,50.107],[6.663,50.095],[6.695,50.086],[6.764,50.115],[6.808,50.066],[6.755,50.061],[6.758,50.031],[6.67,49.997],[6.675,49.96],[6.712,49.94],[6.802,49.952],[6.835,49.924],[6.802,49.894],[6.723,49.882],[6.69,49.857],[6.646,49.859],[6.62,49.884],[6.606,49.877],[6.604,49.899],[6.543,49.904],[6.553,49.885],[6.492,49.848],[6.498,49.835],[6.527,49.842],[6.548,49.829],[6.535,49.815],[6.557,49.803],[6.527,49.769],[6.567,49.748],[6.56,49.692],[6.51,49.688],[6.501,49.66],[6.503,49.659],[6.524,49.643],[6.493,49.645],[6.495,49.646],[6.427,49.626],[6.486,49.629],[6.52,49.601],[6.481,49.594],[6.471,49.562],[6.453,49.566],[6.471,49.584],[6.465,49.604],[6.436,49.599],[6.443,49.59],[6.431,49.593],[6.435,49.599],[6.399,49.594],[6.406,49.568],[6.357,49.572],[6.422,49.549],[6.4,49.543],[6.413,49.537],[6.403,49.512],[6.439,49.51],[6.452,49.491],[6.543,49.538],[6.606,49.517],[6.6,49.508],[6.595,49.509],[6.587,49.495],[6.551,49.496],[6.627,49.454],[6.649,49.408],[6.702,49.417],[6.711,49.429],[6.667,49.431],[6.67,49.445],[6.716,49.467],[6.793,49.443],[6.834,49.456],[6.85,49.481],[6.901,49.479],[6.94,49.497],[6.981,49.476],[7.048,49.495],[7.059,49.502],[7.05,49.526],[7.07,49.536],[7.154,49.528],[7.111,49.466],[7.055,49.441],[7.008,49.449],[6.989,49.437],[6.983,49.423],[7.001,49.405],[6.986,49.383],[6.938,49.399],[6.932,49.455],[6.885,49.427],[6.84,49.441],[6.745,49.42],[6.729,49.4],[6.755,49.397],[6.739,49.371],[6.787,49.339],[6.847,49.327],[6.766,49.283],[6.802,49.261],[6.789,49.244],[6.721,49.257],[6.689,49.246],[6.696,49.215],[6.728,49.211],[6.631,49.207],[6.685,49.19],[6.615,49.167],[6.565,49.182],[6.551,49.201],[6.558,49.23],[6.52,49.243],[6.477,49.2],[6.521,49.201],[6.529,49.187],[6.509,49.15],[6.475,49.171],[6.459,49.156],[6.466,49.141],[6.506,49.132],[6.343,49.14],[6.365,49.153],[6.346,49.166],[6.407,49.152],[6.402,49.166],[6.418,49.169],[6.411,49.186],[6.388,49.182],[6.382,49.217],[6.466,49.235],[6.435,49.244],[6.331,49.21],[6.271,49.23],[6.261,49.247],[6.269,49.254],[6.267,49.254],[6.247,49.271],[6.24,49.254],[6.223,49.256],[6.229,49.266],[6.137,49.249],[6.132,49.241],[6.113,49.243],[6.098,49.252],[6.108,49.258],[6.1,49.312],[6.097,49.245],[6.136,49.24],[6.139,49.222],[6.119,49.22],[6.131,49.205],[6.122,49.198],[6.144,49.165],[6.12,49.162],[6.125,49.148],[6.086,49.148],[6.064,49.16],[6.068,49.179],[5.989,49.155],[5.968,49.109],[6.01,49.105],[5.935,49.088],[5.944,49.072],[6.005,49.084],[6.03,49.053],[6.074,49.057],[6.088,49.04],[6.064,48.999],[6.077,48.956],[6.089,48.942],[6.13,48.946],[6.166,48.913],[6.126,48.898],[6.144,48.889],[6.122,48.881],[6.085,48.892],[6.065,48.874],[6.082,48.875],[6.029,48.848],[6.016,48.804],[6.106,48.802],[6.121,48.815],[6.08,48.829],[6.109,48.835],[6.117,48.859],[6.133,48.858],[6.127,48.834],[6.17,48.821],[6.153,48.884],[6.186,48.911],[6.225,48.911],[6.259,48.933],[6.248,48.956],[6.309,48.988],[6.322,48.98],[6.325,48.928],[6.312,48.921],[6.325,48.904],[6.381,48.931],[6.385,48.958],[6.426,48.967],[6.424,48.984],[6.506,48.984],[6.497,48.971],[6.41,48.96],[6.413,48.943],[6.432,48.939],[6.503,48.946],[6.498,48.968],[6.545,48.975],[6.506,48.989],[6.469,49.046],[6.463,49.033],[6.448,49.035],[6.45,49.053],[6.409,49.046],[6.38,49.029],[6.387,49.02],[6.345,49.034],[6.346,49.047],[6.505,49.072],[6.506,49.047],[6.527,49.046],[6.547,49.067],[6.562,49.063],[6.546,49.028],[6.595,49.027],[6.583,49.087],[6.625,49.104],[6.602,49.121],[6.61,49.136],[6.715,49.164],[6.809,49.141],[6.81,49.158],[6.834,49.151],[6.859,49.175],[6.836,49.211],[6.925,49.223],[6.959,49.203],[7.035,49.191],[7.028,49.172],[7.051,49.113],[7.102,49.156],[7.157,49.121],[7.239,49.129],[7.294,49.115],[7.32,49.141],[7.356,49.144],[7.365,49.172],[7.446,49.184],[7.437,49.164],[7.494,49.169],[7.506,49.152],[7.489,49.141],[7.536,49.094],[7.631,49.066],[7.637,49.046],[7.587,48.989],[7.558,49.021],[7.446,48.966],[7.327,48.944],[7.289,48.974],[7.21,48.98],[7.172,49.006],[7.127,49.012],[7.106,49.055],[7.148,49.065],[7.136,49.082],[7.071,49.069],[7.077,49.049],[7.048,49.018],[7.028,48.956],[6.993,48.961],[7.001,48.976],[6.98,48.998],[6.9,48.988],[6.92,48.958],[6.986,48.946],[6.955,48.894],[7.057,48.859],[7.096,48.862],[7.092,48.849],[7.051,48.845],[7.051,48.816],[7.09,48.807],[7.07,48.793],[7.078,48.786],[7.148,48.822],[7.144,48.842],[7.185,48.85],[7.22,48.819],[7.221,48.8],[7.184,48.804],[7.189,48.78],[7.214,48.774],[7.279,48.798],[7.31,48.762],[7.278,48.735],[7.28,48.713],[7.262,48.703],[7.246,48.716],[7.256,48.673],[7.178,48.686],[7.138,48.678],[7.144,48.663],[7.125,48.645],[7.078,48.661],[7.07,48.639],[6.999,48.688],[7.016,48.696],[6.998,48.718],[7.018,48.725],[6.998,48.737],[6.958,48.716],[6.913,48.731],[6.928,48.736],[6.94,48.792],[6.999,48.813],[6.943,48.833],[6.924,48.799],[6.841,48.801],[6.828,48.788],[6.833,48.759],[6.811,48.749],[6.788,48.756],[6.769,48.738],[6.702,48.732],[6.648,48.749],[6.627,48.745],[6.632,48.732],[6.578,48.784],[6.59,48.818],[6.576,48.843],[6.608,48.848],[6.63,48.877],[6.62,48.872],[6.604,48.907],[6.557,48.905],[6.574,48.861],[6.554,48.844],[6.562,48.81],[6.542,48.801],[6.472,48.787],[6.451,48.823],[6.378,48.82],[6.376,48.783],[6.409,48.78],[6.444,48.752],[6.434,48.748],[6.446,48.729],[6.5,48.736],[6.515,48.754],[6.543,48.748],[6.546,48.709],[6.625,48.714],[6.687,48.642],[6.705,48.642],[6.716,48.668],[6.76,48.663],[6.783,48.642],[6.885,48.667],[6.883,48.642],[6.906,48.62],[6.93,48.635],[6.96,48.602],[6.902,48.602],[6.911,48.585],[6.867,48.579],[6.858,48.544],[6.879,48.56],[7.024,48.524],[7.069,48.538],[7.158,48.53],[7.166,48.52],[7.065,48.524],[7.019,48.509],[6.942,48.533],[6.855,48.523],[6.867,48.511],[6.928,48.515],[6.967,48.472],[6.927,48.431],[6.977,48.362],[7.02,48.365],[7.128,48.333],[7.172,48.341],[7.203,48.31],[7.275,48.305],[7.299,48.279],[7.291,48.272],[7.334,48.273],[7.31,48.254],[7.426,48.215],[7.284,48.245],[7.23,48.227],[7.219,48.259],[7.177,48.241],[7.159,48.256],[7.134,48.248],[7.063,48.149],[7.082,48.12],[7,48.021],[6.944,47.999],[6.921,47.948],[6.929,47.911],[6.898,47.884],[6.918,47.848],[6.888,47.833],[6.823,47.814],[6.597,47.944],[6.568,47.939],[6.546,47.922],[6.556,47.911],[6.475,47.887],[6.427,47.947],[6.381,47.965],[6.155,47.929],[6.163,47.998],[6.115,48.02],[6.098,48.008],[6.086,48.005],[6.057,47.957],[6.017,47.969],[6.003,47.965],[6.039,47.95],[6.003,47.931],[5.96,47.938],[5.96,47.904],[5.984,47.895],[5.96,47.883],[5.96,47.804],[5.82,47.735],[5.918,47.595],[5.793,47.512],[5.779,47.359],[5.737,47.234],[5.667,47.108],[5.794,46.997],[5.757,46.887],[5.646,46.85],[5.626,46.649],[5.74,46.598],[5.725,46.48],[5.646,46.457],[5.416,46.524],[5.308,46.373],[5.314,46.355],[5.359,46.355],[5.392,46.345],[5.403,46.332],[5.394,46.283],[5.404,46.264],[5.425,46.249],[5.443,46.265],[5.453,46.297],[5.467,46.297],[5.474,46.314],[5.513,46.318],[5.546,46.332],[5.579,46.33],[5.587,46.318],[5.605,46.316],[5.644,46.346],[5.685,46.314],[5.715,46.309],[5.723,46.294],[5.715,46.283],[5.727,46.261],[5.759,46.268],[5.823,46.262],[5.864,46.271],[5.871,46.265],[5.895,46.286],[5.908,46.285],[5.926,46.314],[5.942,46.31],[5.984,46.363],[6.024,46.384],[6.061,46.418],[6.052,46.456],[6.106,46.475],[6.122,46.493],[6.133,46.517],[6.16,46.543],[6.111,46.576],[6.228,46.648],[6.279,46.69],[6.372,46.724],[6.37,46.73],[6.385,46.732],[6.395,46.748],[6.43,46.756],[6.452,46.774],[6.541,46.788],[6.568,46.78],[6.586,46.766],[6.6,46.737],[6.631,46.726],[6.633,46.746],[6.604,46.777],[6.616,46.79],[6.674,46.781],[6.796,46.829],[6.919,46.934],[7.033,46.856],[7.002,46.822],[6.967,46.814],[6.958,46.785],[6.969,46.766],[6.951,46.756],[6.869,46.754],[6.839,46.743],[6.819,46.72],[6.825,46.701],[6.855,46.689],[6.904,46.691],[6.95,46.711],[6.983,46.736],[7.03,46.727],[7.043,46.72],[7.213,47.122],[7.116,47.073],[7.11,47.066],[7.102,47.066],[7.033,47.031],[7.038,46.98],[7.002,46.988],[6.779,46.854],[6.738,46.871],[6.74,46.883],[6.729,46.878],[6.652,46.912],[6.63,46.889],[6.484,46.847],[6.46,46.851],[6.465,46.89],[6.436,46.921],[6.497,46.974],[6.601,46.982],[6.715,47.033],[6.72,47.052],[6.692,47.068],[6.703,47.082],[6.859,47.164],[6.862,47.166],[6.859,47.165],[6.854,47.162],[6.842,47.172],[6.955,47.243],[6.93,47.258],[6.928,47.281],[7.01,47.297],[7.009,47.32],[6.967,47.325],[7.046,47.326],[7.062,47.344],[7.018,47.373],[6.882,47.361],[6.917,47.405],[6.938,47.406],[6.942,47.434],[6.996,47.45],[7.011,47.484],[7.037,47.498],[7.081,47.49],[7.128,47.504],[7.195,47.489],[7.176,47.443],[7.196,47.435],[7.231,47.439],[7.245,47.421],[7.339,47.441],[7.469,47.485],[7.519,47.534],[7.5,47.54],[7.547,47.56],[7.571,47.584],[7.725,47.604],[7.733,47.525],[8.509,47.599],[8.406,47.692],[8.531,47.806],[8.802,47.747],[8.897,47.653],[8.919,47.656],[8.947,47.664],[9.006,47.695],[8.994,47.707],[8.94,47.726],[8.959,47.737],[9.014,47.72],[8.987,47.743],[9.101,47.702],[9.109,47.69],[9.084,47.69],[9.048,47.708],[9.043,47.693],[9.081,47.683],[9.113,47.686],[9.124,47.671],[9.218,47.666],[9.211,47.683],[9.188,47.699],[9.201,47.707],[9.18,47.705],[9.174,47.734],[9.067,47.78],[9.031,47.805],[9.043,47.818],[9.106,47.792],[9.132,47.772],[9.226,47.739],[9.237,47.711],[9.288,47.684],[9.348,47.661],[9.421,47.666],[9.466,47.648],[9.502,47.646],[9.534,47.597],[9.563,47.585],[9.601,47.585],[9.607,47.572],[9.628,47.57],[9.653,47.556],[9.68,47.556],[9.68,47.543],[9.712,47.551],[9.752,47.511],[9.743,47.505],[9.699,47.506],[9.678,47.489],[9.666,47.496],[9.648,47.488],[9.641,47.507],[9.617,47.496],[9.681,47.435],[9.571,47.267],[9.483,47.182],[9.52,47.073],[9.505,47.038],[9.498,46.793],[8.824,46.582],[9,46.309],[8.91,46.28],[8.936,46.209],[8.927,46.142],[8.984,46.114],[9.006,46.129],[9.053,46.122],[9.064,46.134],[9.079,46.121],[9.1,46.127],[9.161,46.171],[9.184,46.171],[9.194,46.178],[9.202,46.208],[9.214,46.211],[9.225,46.23],[9.249,46.234],[9.259,46.278],[9.285,46.297],[9.282,46.309],[9.3,46.327],[9.293,46.338],[9.298,46.352],[9.281,46.36],[9.277,46.372],[9.284,46.386],[9.276,46.395],[9.281,46.411],[9.248,46.433],[9.247,46.447],[9.278,46.462],[9.282,46.496],[9.321,46.505],[9.364,46.509],[9.373,46.504],[9.368,46.494],[9.391,46.473],[9.414,46.468],[9.434,46.498],[9.461,46.505],[9.461,46.485],[9.45,46.48],[9.463,46.481],[9.464,46.474],[9.454,46.421],[9.467,46.398],[9.465,46.374],[9.498,46.363],[9.518,46.327],[9.545,46.309],[9.545,46.312],[9.642,46.325],[9.674,46.38],[9.885,46.403],[9.903,46.379],[9.907,46.381],[9.924,46.367],[9.953,46.379],[9.964,46.364],[9.995,46.349],[9.98,46.323],[10,46.313],[10.001,46.302],[9.992,46.296],[9.997,46.284],[10.011,46.281],[10.088,46.422],[10.08,46.421],[10.042,46.443],[10.053,46.463],[9.987,46.498],[10.024,46.621],[10.151,46.662],[10.191,46.625],[10.215,46.617],[10.24,46.635],[10.256,46.608],[10.242,46.591],[10.243,46.587],[10.372,46.566],[10.389,46.653],[10.339,46.748],[10.396,46.887],[10.558,46.718],[10.558,46.486],[10.578,46.473],[10.601,46.469],[10.622,46.448],[10.618,46.417],[10.633,46.402],[10.608,46.379],[10.567,46.378],[10.558,46.373],[10.558,46.313],[10.457,46.212],[10.525,45.739],[10.66,45.807],[10.795,45.638],[10.93,45.84],[11.166,45.739],[11.233,46.009],[11.335,46.009],[11.571,45.975],[11.571,46.245],[11.908,46.414],[11.74,46.752],[12.075,46.928],[12.218,46.884],[12.328,46.967],[12.503,46.959],[12.504,46.998],[12.487,47.003],[12.487,47.029],[12.506,47.045],[12.424,47.092],[12.346,47.109],[12.251,47.071],[12.198,47.089],[12.092,47.076],[12.077,47.059],[11.979,47.05],[11.791,46.99],[11.733,47.031],[11.744,47.061],[11.728,47.078],[11.692,47.102],[11.675,47.095],[11.693,47.13],[11.639,47.13],[11.673,47.16],[11.668,47.197],[11.748,47.212],[11.746,47.269],[11.601,47.269],[11.437,47.335],[11.437,47.466],[11.395,47.466],[11.385,47.474],[11.421,47.445],[11.338,47.451],[11.273,47.398],[11.223,47.399],[11.249,47.433],[11.207,47.434],[11.111,47.396],[10.983,47.396],[10.969,47.4],[10.983,47.431],[10.928,47.472],[10.938,47.48],[10.87,47.484],[10.871,47.499],[10.918,47.518],[10.98,47.508],[11.068,47.545],[11.136,47.552],[11.116,47.55],[10.695,47.598],[10.612,47.598],[10.695,47.73],[10.574,47.762],[10.6,47.77],[10.528,47.748],[10.536,47.718],[10.517,47.713],[10.516,47.671],[10.487,47.671],[10.499,47.688],[10.457,47.691],[10.272,47.606],[10.242,47.616],[10.174,47.692],[10.12,47.715],[10.117,47.753],[10.071,47.789],[10.135,47.813],[10.093,47.846],[10.104,47.872],[10.14,47.858],[10.19,47.871],[10.237,47.909],[10.218,47.941],[10.201,47.953],[10.221,47.981],[10.242,47.98],[10.241,48.008],[10.267,48.02],[10.254,48.037],[10.291,48.037],[10.342,48.068],[10.377,48.068],[10.387,48.045],[10.331,48.019],[10.358,47.981],[10.402,47.98],[10.37,47.962],[10.363,47.921],[10.385,47.9],[10.413,47.901],[10.419,47.881],[10.432,47.952],[10.487,47.968],[10.482,47.967],[10.529,48.192],[10.529,48.258],[10.445,48.588],[10.278,48.72],[10.278,48.853],[10.028,48.985],[10.027,49.078],[10.014,49.078],[10.019,49.096],[9.946,49.123],[9.946,49.139],[9.973,49.158],[9.959,49.168],[9.984,49.174],[9.953,49.167],[9.924,49.186],[9.883,49.184],[9.881,49.198],[9.861,49.194],[9.791,49.239],[9.805,49.216],[9.764,49.209],[9.767,49.209],[9.787,49.206],[9.789,49.19],[9.76,49.208],[9.711,49.199],[9.685,49.178],[9.692,49.164],[9.653,49.161],[9.663,49.143],[9.645,49.122],[9.604,49.12],[9.593,49.094],[9.557,49.095],[9.536,49.066],[9.492,49.091],[9.524,49.102],[9.531,49.122],[9.483,49.135],[9.476,49.112],[9.431,49.108],[9.421,49.126],[9.435,49.12],[9.442,49.168],[9.456,49.175],[9.441,49.18],[9.446,49.196],[9.387,49.198],[9.436,49.289],[9.514,49.303],[9.574,49.309],[9.585,49.335],[9.645,49.317],[9.654,49.343],[9.705,49.359],[9.683,49.371],[9.701,49.377],[9.752,49.362],[9.78,49.383],[9.838,49.379],[9.839,49.378],[9.836,49.386],[9.781,49.389],[9.816,49.391],[9.804,49.406],[9.861,49.409],[9.849,49.45],[9.867,49.492],[9.864,49.55],[9.905,49.562],[9.92,49.558],[9.919,49.563],[9.899,49.566],[9.908,49.585],[9.877,49.579],[9.853,49.546],[9.812,49.556],[9.802,49.564],[9.818,49.578],[9.774,49.589],[9.731,49.564],[9.752,49.547],[9.726,49.537],[9.57,49.545],[9.565,49.576],[9.592,49.575],[9.604,49.596],[9.658,49.621],[9.617,49.69],[9.641,49.699],[9.661,49.752],[9.71,49.746],[9.725,49.762],[9.697,49.775],[9.661,49.76],[9.614,49.79],[9.618,49.805],[9.582,49.811],[9.577,49.821],[9.653,49.83],[9.63,49.85],[9.578,49.869],[9.535,49.862],[9.508,49.884],[9.497,49.861],[9.447,49.903],[9.502,49.953],[9.6,49.954],[9.585,49.999],[9.654,50.035],[9.643,50.056],[9.683,50.055],[9.679,50.078],[9.603,50.069],[9.595,50.119],[9.688,50.114],[9.695,50.127],[9.731,50.093],[9.752,50.103],[9.853,50.087],[9.852,50.076],[9.855,50.102],[9.879,50.11],[9.911,50.152],[9.898,50.179],[9.888,50.187],[9.826,50.157],[9.795,50.167],[9.81,50.189],[9.805,50.223],[9.772,50.237],[9.769,50.262],[9.735,50.273],[9.728,50.295],[9.747,50.314],[9.737,50.359],[9.76,50.402],[9.748,50.42],[9.667,50.421],[9.656,50.404],[9.681,50.374],[9.671,50.372],[9.613,50.394],[9.551,50.384],[9.495,50.411],[9.473,50.444],[9.43,50.446],[9.423,50.453],[9.458,50.477],[9.437,50.475],[9.432,50.491],[9.468,50.551],[9.495,50.564],[9.48,50.578],[9.497,50.616],[9.473,50.634],[9.475,50.663],[9.584,50.609],[9.633,50.622],[9.621,50.645],[9.641,50.68],[9.612,50.707],[9.606,50.759],[9.67,50.765],[9.679,50.794],[9.695,50.804],[9.601,50.759],[9.56,50.763],[9.553,50.784],[9.501,50.81],[9.501,50.881],[9.598,50.93],[9.753,50.909],[9.759,50.899],[9.73,50.886],[9.813,50.857],[9.903,50.854],[9.899,50.841],[9.937,50.837],[9.944,50.845],[9.922,50.854],[9.991,50.852],[10.061,50.876],[10.041,50.844],[10.077,50.805],[10.082,50.784],[10.06,50.76],[10.093,50.735],[10.085,50.719],[10.097,50.74],[10.145,50.736],[10.127,50.714],[10.177,50.757],[10.222,50.737],[10.344,50.74],[10.334,50.759],[10.358,50.765],[10.358,50.845],[10.195,50.871],[10.185,50.866],[10.21,50.863],[10.189,50.853],[10.074,50.879],[10.092,50.887],[9.936,50.912],[10.02,51.179],[10.104,51.179],[10.586,51.37],[10.591,51.385],[10.565,51.386],[10.572,51.367],[10.552,51.383],[10.524,51.371],[10.504,51.384],[10.466,51.456],[10.427,51.462],[10.467,51.486],[10.48,51.518],[10.468,51.544],[10.375,51.539],[10.364,51.556],[10.376,51.589],[10.435,51.591],[10.488,51.574],[10.473,51.551],[10.51,51.55],[10.502,51.561],[10.534,51.582],[10.517,51.606],[10.525,51.623],[10.579,51.611],[10.576,51.563],[10.592,51.583],[10.627,51.571],[10.651,51.558],[10.666,51.576],[10.639,51.589],[10.634,51.608],[10.702,51.641],[10.668,51.67],[10.671,51.698],[10.706,51.694],[10.734,51.671],[10.781,51.683],[10.783,51.661],[10.763,51.65],[10.818,51.625],[10.862,51.632],[10.893,51.606],[10.867,51.628],[10.867,51.647],[11.377,51.714],[11.46,51.58],[11.545,51.513],[11.374,51.313],[11.881,51.313],[12.052,51.38],[12.047,51.392],[12.045,51.393],[12.05,51.422],[12.045,51.396],[12.037,51.415],[12.013,51.402],[11.963,51.41],[11.926,51.446],[11.955,51.48],[11.943,51.481],[11.853,51.46],[11.836,51.424],[11.801,51.466],[11.848,51.473],[11.863,51.493],[11.833,51.498],[11.842,51.513],[11.819,51.533],[11.825,51.574],[11.759,51.583],[11.744,51.63],[11.604,51.666],[11.635,51.7],[11.615,51.703],[11.624,51.732],[11.71,51.716],[11.723,51.732],[11.7,51.744],[11.769,51.751],[11.798,51.724],[11.808,51.689],[11.913,51.648],[11.949,51.667],[11.934,51.634],[11.945,51.631],[11.92,51.622],[11.964,51.623],[11.953,51.601],[11.986,51.597],[11.98,51.575],[12.02,51.58],[12.019,51.592],[12.165,51.576],[12.129,51.58],[12.309,51.58],[12.311,51.714],[12.395,51.714],[12.398,51.848],[12.229,51.915],[12.163,52.075],[12.178,52.077],[12.039,52.063],[12.031,52.048],[12.052,52.045],[12.011,52.034],[11.994,52.007],[11.911,52.002],[11.901,51.982],[11.927,51.966],[11.897,51.973],[11.91,51.958],[11.883,51.986],[11.885,52.015],[11.899,52.017],[11.886,52.024],[11.94,52.043],[11.887,52.058],[11.911,52.103],[11.928,52.102],[11.915,52.154],[11.931,52.167],[11.927,52.198],[11.993,52.199],[11.993,52.215],[11.951,52.217],[11.945,52.234],[11.971,52.247],[11.947,52.27],[11.916,52.28],[11.888,52.269],[11.812,52.216],[11.879,52.18],[11.911,52.13],[11.8,52.102],[11.834,52.098],[11.751,52.093],[11.762,52.073],[11.733,52.045],[11.692,52.067],[11.732,52.028],[11.789,52.032],[11.822,52.006],[11.801,51.989],[11.745,52.004],[11.737,51.995],[11.766,51.976],[11.697,51.967],[11.68,51.956],[11.695,51.954],[11.691,51.931],[11.792,51.943],[11.854,51.913],[11.9,51.946],[11.935,51.945],[12.026,51.863],[12.144,51.866],[12.139,51.818],[12.104,51.806],[12.107,51.826],[12.052,51.832],[11.973,51.801],[11.988,51.791],[11.944,51.791],[11.926,51.802],[11.951,51.807],[11.964,51.845],[11.959,51.87],[11.937,51.882],[11.86,51.816],[11.828,51.872],[11.675,51.872],[11.693,51.859],[11.67,51.855],[11.563,51.855],[11.531,51.874],[11.541,51.882],[11.511,51.927],[11.465,51.939],[11.423,51.929],[11.365,51.882],[11.34,51.9],[11.373,51.935],[11.352,51.961],[11.3,51.972],[11.292,51.958],[11.294,51.989],[11.264,51.998],[11.27,52.014],[11.317,52.006],[11.321,52.026],[11.273,52.066],[11.24,52.062],[11.188,52.105],[11.13,52.061],[10.987,52.052],[10.968,52.053],[10.971,52.081],[10.944,52.1],[11.034,52.13],[11.061,52.168],[11.012,52.188],[11.026,52.21],[11.077,52.224],[11.085,52.237],[11.066,52.275],[11.094,52.289],[11.132,52.287],[11.234,52.204],[11.219,52.185],[11.236,52.183],[11.303,52.201],[11.284,52.229],[11.261,52.229],[11.258,52.245],[11.186,52.273],[11.171,52.294],[11.193,52.296],[11.194,52.311],[11.302,52.328],[11.313,52.353],[11.352,52.338],[11.394,52.353],[11.404,52.375],[11.452,52.359],[11.466,52.374],[11.619,52.379],[11.637,52.404],[11.67,52.396],[11.672,52.382],[11.626,52.375],[11.623,52.361],[11.67,52.351],[11.698,52.371],[11.696,52.401],[11.722,52.409],[11.772,52.4],[11.766,52.379],[11.835,52.389],[11.864,52.412],[11.968,52.405],[11.999,52.466],[11.964,52.524],[12.016,52.625],[12.01,52.661],[12.013,52.641],[11.897,52.586],[11.127,52.519],[11.044,52.855],[11.217,53.057],[11.388,53.057],[11.39,53.192],[11.218,53.192],[11.133,53.327],[11.306,53.462],[11.564,53.395],[11.738,53.597],[11.91,53.597],[12.166,53.395],[13.196,53.327],[13.549,53.665],[13.701,53.695],[13.642,53.704],[13.547,53.696],[13.502,53.744],[13.437,53.751],[13.413,53.708],[13.268,53.663],[13.249,53.617],[13.226,53.616],[13.174,53.645],[13.121,53.63],[13.069,53.669],[13.084,53.681],[13.074,53.692],[13.111,53.694],[13.117,53.735],[13.094,53.743],[13.1,53.752],[13.066,53.761],[12.977,53.733],[12.931,53.744],[12.878,53.717],[12.818,53.724],[12.779,53.767],[12.893,53.841],[12.891,53.871],[13.001,53.89],[12.946,53.92],[12.901,53.922],[12.924,53.958],[12.909,53.966],[12.86,53.975],[12.743,54.033],[12.742,54.078],[12.688,54.119],[12.595,54.159],[12.532,54.23],[12.452,54.251],[12.312,54.202],[12.041,54.097],[11.565,54.035],[11.408,53.859],[11.202,53.857],[11.151,53.938],[10.859,53.877],[10.78,53.925],[10.663,53.898],[10.632,53.917],[10.571,53.906],[10.576,53.921],[10.543,53.926],[10.551,53.938],[10.535,53.955],[10.556,53.965],[10.58,53.927],[10.601,53.924],[10.641,53.944],[10.629,53.944],[10.629,53.969],[10.662,53.963],[10.67,53.971],[10.623,54.009],[10.634,54.027],[10.666,54.008],[10.704,54.013],[10.691,54.026],[10.758,54.04],[10.755,54.054],[10.84,54.038],[10.844,54.02],[11.016,54.097],[11.073,54.22],[11.039,54.313],[10.649,54.259],[10.446,54.292],[10.34,54.362],[10.213,54.372],[10.142,54.337],[9.885,54.254],[9.827,54.276],[9.739,54.276],[9.674,54.189],[9.449,54.189],[9.441,54.247],[9.296,54.247],[9.26,54.305],[9.216,54.29],[9.165,54.32],[9.136,54.298],[9.056,54.349],[8.962,54.276],[8.884,54.229],[8.853,54.168],[8.779,54.132],[8.833,54.066],[8.946,54.015],[8.819,53.969],[8.857,53.867],[8.959,53.838],[8.959,53.849],[9.107,53.879],[9.249,53.875],[9.322,53.85],[9.378,53.795],[9.35,53.759],[9.385,53.727],[9.469,53.694],[9.551,53.616],[9.667,53.55],[9.75,53.526],[9.792,53.489],[9.734,53.484],[9.693,53.462],[9.671,53.429],[9.677,53.41],[9.622,53.389],[9.617,53.367],[9.582,53.356],[9.565,53.336],[9.616,53.237],[9.831,53.175],[9.891,53.141],[9.926,53.099],[9.86,53.022],[9.786,53.022],[9.646,52.962],[9.508,52.947],[9.423,52.904],[9.373,52.825],[9.293,52.818],[9.193,52.816],[9.221,52.851],[9.181,52.864],[9.212,52.875],[9.175,52.887],[9.166,52.913],[9.189,52.921],[9.169,52.932],[9.178,52.927],[9.177,52.919],[9.119,52.9],[9.021,52.926],[8.999,52.92],[8.982,52.889],[8.95,52.895],[8.931,52.923],[8.965,52.948],[8.967,52.994],[8.896,53.013],[8.87,53.031],[8.872,53.058],[8.833,53.068],[8.858,53.07],[8.84,53.103],[8.884,53.063],[8.961,53.047],[8.964,53.089],[8.997,53.109],[8.955,53.158],[8.911,53.133],[8.846,53.143],[8.824,53.13],[8.808,53.151],[8.77,53.149],[8.755,53.126],[8.697,53.119],[8.638,53.132],[8.629,53.148],[8.683,53.14],[8.699,53.16],[8.631,53.16],[8.627,53.151],[8.618,53.168],[8.525,53.191],[8.482,53.235],[8.501,53.351],[8.493,53.419],[8.528,53.423],[8.566,53.475],[8.556,53.487],[8.571,53.494],[8.567,53.539],[8.649,53.552],[8.696,53.533],[8.719,53.544],[8.866,53.541],[8.935,53.5],[8.975,53.504],[8.959,53.594],[8.942,53.613],[8.955,53.659],[8.936,53.665],[8.963,53.697],[8.961,53.766],[8.848,53.75],[8.586,53.793],[8.583,53.793],[8.585,53.791],[8.703,53.769],[8.762,53.691],[8.738,53.653],[8.692,53.641],[8.646,53.66],[8.626,53.651],[8.626,53.626],[8.606,53.608],[8.569,53.602],[8.502,53.604],[8.467,53.633],[8.47,53.661],[8.472,53.685],[8.429,53.612],[8.502,53.449],[8.306,53.525],[8.189,53.531],[8.261,53.439],[8.242,53.352],[8.175,53.322],[8.029,53.373],[8.099,53.444],[7.969,53.638],[7.523,53.614],[7.522,53.604],[7.542,53.586],[7.553,53.517],[7.58,53.503],[7.636,53.527],[7.822,53.501],[7.897,53.515],[7.948,53.507],[7.98,53.525],[8.002,53.516],[7.994,53.477],[8.024,53.472],[8.026,53.462],[7.989,53.474],[7.967,53.444],[7.859,53.399],[7.885,53.352],[7.85,53.294],[7.708,53.224],[7.711,53.179],[7.641,53.186],[7.609,53.042],[7.568,53.039],[7.381,53.079],[7.365,53.105],[7.335,53.111],[7.203,53.113],[7.186,53.141],[7.217,53.007],[7.181,52.942],[7.087,52.85],[7.056,52.643],[7.042,52.633],[6.978,52.637],[7.074,52.62],[7.142,52.588],[7.146,52.535],[7.158,52.48],[7.212,52.447],[7.259,52.339],[7.317,52.28],[7.299,52.264],[7.156,52.266],[7.066,52.241],[7.026,52.283],[7.061,52.235],[6.989,52.226],[6.95,52.181],[6.91,52.176],[6.855,52.12],[6.761,52.119],[6.745,52.081],[6.695,52.064],[6.688,52.04],[6.753,52.028],[6.832,51.974],[6.799,51.959],[6.77,51.916],[6.722,51.896],[6.685,51.917],[6.469,51.855],[6.39,51.872],[6.409,51.852],[6.4,51.829],[6.343,51.851],[6.342,51.85],[6.402,51.827],[6.409,51.847],[6.514,51.818],[6.63,51.736],[6.706,51.75],[6.75,51.775],[6.773,51.746],[6.848,51.745],[6.882,51.672],[6.96,51.657],[6.935,51.647],[7.194,51.735],[7.296,51.717],[7.346,51.695],[7.339,51.688],[7.444,51.66],[7.46,51.635],[7.459,51.614],[7.397,51.587],[7.323,51.594],[7.316,51.596],[7.408,51.567],[7.432,51.501],[7.459,51.487],[7.538,51.507],[7.476,51.621],[7.536,51.61],[7.651,51.658],[7.922,51.705],[7.973,51.691],[8.025,51.638],[8.196,51.634],[8.038,51.638],[8.01,51.667],[8.058,51.656],[8.259,51.662],[8.293,51.676],[8.346,51.642],[8.374,51.646],[8.374,51.685],[8.396,51.69],[8.404,51.685],[8.424,51.668],[8.393,51.695],[8.402,51.719],[8.35,51.723],[8.367,51.756],[8.363,51.811],[8.51,51.894],[8.512,51.92],[8.555,51.923],[8.435,51.937],[8.451,51.912],[8.443,51.891],[8.393,51.885],[8.351,51.901],[8.257,51.803],[8.2,51.828],[8.221,51.843],[8.202,51.863],[8.143,51.854],[8.124,51.894],[8.166,51.908],[8.198,51.95],[8.246,51.936],[8.314,51.968],[8.352,51.972],[8.378,51.974],[8.312,51.97],[8.248,52.011],[8.095,51.998],[8.078,52.009],[8.096,52.057],[8.186,52.072],[8.268,52.132],[8.395,52.109],[8.413,52.138],[8.498,52.173],[8.513,52.187],[8.456,52.2],[8.444,52.216],[8.467,52.246],[8.471,52.316],[8.446,52.36],[8.496,52.356],[8.495,52.357],[8.323,52.401],[8.301,52.457],[8.415,52.446],[8.652,52.531],[8.683,52.519],[8.698,52.487],[8.717,52.425],[8.708,52.399],[8.747,52.388],[8.935,52.405],[9.05,52.497],[9.138,52.475],[9.095,52.443],[9.125,52.412],[9.093,52.368],[9.077,52.352],[9.072,52.349],[9.075,52.35],[9.099,52.373],[9.123,52.37],[9.162,52.411],[9.266,52.44],[9.276,52.47],[9.363,52.5],[9.423,52.466],[9.407,52.462],[9.415,52.442],[9.398,52.432],[9.366,52.431],[9.331,52.408],[9.376,52.396],[9.409,52.408],[9.451,52.379],[9.401,52.328],[9.414,52.293],[9.351,52.295],[9.348,52.276],[9.313,52.276],[9.311,52.254],[9.33,52.243],[9.312,52.221],[9.387,52.167],[9.359,52.143],[9.315,52.13],[9.267,52.16],[9.222,52.123],[9.175,52.117],[9.155,52.098],[9.134,52.099],[9.159,52.121],[9.143,52.135],[9.065,52.149],[9.012,52.14],[9.015,52.173],[8.986,52.195],[8.99,52.191],[8.988,52.181],[8.932,52.186],[8.876,52.166],[8.904,52.16],[8.896,52.12],[8.866,52.103],[8.808,52.126],[8.754,52.12],[8.716,52.09],[8.673,52.087],[8.648,52.034],[8.661,52.01],[8.642,51.954],[8.593,51.926],[8.607,51.927],[8.642,51.884],[8.615,51.93],[8.719,51.892],[8.791,51.798],[8.932,51.809],[8.938,51.837],[8.992,51.842],[9.017,51.865],[9.012,51.877],[9.058,51.874],[9.124,51.909],[9.134,51.873],[9.209,51.853],[9.274,51.865],[9.302,51.85],[9.27,51.796],[9.323,51.855],[9.461,51.86],[9.432,51.818],[9.445,51.792],[9.375,51.744],[9.394,51.732],[9.399,51.697],[9.258,51.674],[9.259,51.674],[9.263,51.671],[9.378,51.688],[9.394,51.672],[9.374,51.65],[9.445,51.644],[9.352,51.619],[9.34,51.609],[9.37,51.591],[9.318,51.55],[9.303,51.512],[9.229,51.49],[9.213,51.462],[9.177,51.464],[9.155,51.443],[9.094,51.445],[9.08,51.468],[9.092,51.494],[9.018,51.518],[8.894,51.483],[8.891,51.483],[8.919,51.43],[8.952,51.413],[8.931,51.39],[8.862,51.38],[8.804,51.391],[8.689,51.376],[8.564,51.285],[8.598,51.247],[8.685,51.274],[8.737,51.261],[8.727,51.25],[8.741,51.219],[8.768,51.209],[8.749,51.198],[8.758,51.177],[8.692,51.129],[8.718,51.11],[8.658,51.095],[8.549,51.103],[8.495,51.139],[8.507,51.161],[8.478,51.166],[8.341,51.093],[8.235,51.102],[8.226,51.086],[8.245,51.061],[8.215,51.022],[8.164,51.009],[8.092,51.024],[8.045,51.005],[8.02,51.041],[7.95,51.027],[7.925,50.934],[7.897,50.918],[7.853,50.919],[7.786,50.947],[7.784,50.972],[7.786,50.94],[7.736,50.916],[7.759,50.901],[7.758,50.843],[7.73,50.851],[7.7,50.826],[7.66,50.82],[7.677,50.782],[7.597,50.764],[7.582,50.738],[7.552,50.747],[7.437,50.71],[7.417,50.713],[7.465,50.684],[7.482,50.641],[7.454,50.612],[7.485,50.598],[7.471,50.597],[7.476,50.576],[7.423,50.567],[7.432,50.556],[7.394,50.524],[7.342,50.536],[7.333,50.556],[7.288,50.548],[7.268,50.573],[7.21,50.595],[7.216,50.623],[7.213,50.623],[7.231,50.693],[7.171,50.698],[7.218,50.694],[7.221,50.657],[7.167,50.618],[7.122,50.608],[7.091,50.634],[7.042,50.602],[6.968,50.596],[6.935,50.604],[6.917,50.643],[6.936,50.654],[6.932,50.675],[6.899,50.697],[6.912,50.709],[6.902,50.72],[6.871,50.73],[6.875,50.763],[6.815,50.769],[6.768,50.755],[6.79,50.74],[6.787,50.718],[6.718,50.719],[6.719,50.747],[6.676,50.788],[6.688,50.796],[6.679,50.817],[6.7,50.829],[6.693,50.845],[6.739,50.869],[6.811,50.863],[6.875,50.901],[6.875,50.911],[6.792,50.915],[6.749,50.944],[6.823,50.99],[6.832,51.029],[6.585,50.965],[6.566,50.978],[6.574,50.993],[6.537,51.04],[6.641,51.045],[6.669,51.081],[6.712,51.075],[6.724,51.111],[6.696,51.121],[6.698,51.166],[6.652,51.14],[6.653,51.119],[6.583,51.092],[6.543,51.119],[6.533,51.11],[6.491,51.131],[6.421,51.132],[6.428,51.168],[6.495,51.182],[6.517,51.211],[6.476,51.208],[6.504,51.254],[6.382,51.292],[6.35,51.394],[6.376,51.306],[6.307,51.283],[6.285,51.283],[6.28,51.324],[6.223,51.318],[6.212,51.336],[6.14,51.352],[6.117,51.327],[6.154,51.307],[6.1,51.258],[6.107,51.229],[6.21,51.24],[6.236,51.198],[6.307,51.165],[6.302,51.151],[6.27,51.16],[6.304,51.132],[6.288,51.107],[6.265,51.123],[6.245,51.116],[6.212,51.167],[6.168,51.195],[6.108,51.169],[6.062,51.188],[5.991,51.177],[6.001,51.149],[6.068,51.143],[6.155,51.166],[6.177,51.157],[5.992,51.081],[5.958,51.036],[5.854,51.087],[5.819,51.059],[5.795,51.09],[5.833,51.097],[5.81,51.118],[5.913,51.17],[5.923,51.172],[5.874,51.166],[5.859,51.182],[5.884,51.198],[5.893,51.23],[5.89,51.231],[5.858,51.181],[5.855,51.147],[5.81,51.173],[5.871,51.214],[5.835,51.241],[5.848,51.245],[5.895,51.238],[5.856,51.244],[5.843,51.249],[5.834,51.274],[5.858,51.311],[5.906,51.3],[5.931,51.343],[5.931,51.385],[5.872,51.449],[5.839,51.566],[5.906,51.552],[6.003,51.57],[6.048,51.558],[6.021,51.621],[5.992,51.639],[5.975,51.644],[5.973,51.668],[5.919,51.659],[5.895,51.688],[5.934,51.716],[5.919,51.718],[5.887,51.725],[5.88,51.749],[5.865,51.758],[5.7,51.755],[5.694,51.766],[5.727,51.788],[5.661,51.792],[5.636,51.824],[5.538,51.818],[5.493,51.832],[5.455,51.809],[5.407,51.821],[5.37,51.794],[5.36,51.755],[5.248,51.734],[5.184,51.742],[5.144,51.707],[4.977,51.688],[4.923,51.634],[4.736,51.653],[4.564,51.629],[4.517,51.607],[4.445,51.614],[4.362,51.663],[4.243,51.647],[4.156,51.683],[4.044,51.699],[4.011,51.758],[3.928,51.771],[3.881,51.747],[3.832,51.764],[3.52,51.579],[3.743,51.46],[3.775,51.388],[3.681,51.321],[3.472,51.314],[3.214,51.354],[2.995,51.313],[2.443,51.048],[2.03,51.007],[1.796,50.921]],[[5.325,50.433],[5.313,50.448],[5.319,50.452],[5.318,50.452],[5.311,50.47],[5.33,50.477],[5.343,50.458],[5.324,50.454],[5.322,50.454],[5.333,50.451],[5.325,50.433]],[[5.404,50.428],[5.388,50.403],[5.362,50.381],[5.359,50.402],[5.3,50.425],[5.325,50.432],[5.326,50.432],[5.379,50.447],[5.42,50.43],[5.414,50.425],[5.404,50.428]],[[6.383,50.536],[6.358,50.551],[6.396,50.61],[6.465,50.584],[6.383,50.536]],[[6.595,49.508],[6.661,49.494],[6.654,49.48],[6.585,49.491],[6.595,49.508]],[[9.154,51.442],[9.17,51.394],[9.107,51.383],[9.087,51.385],[9.093,51.4],[9.061,51.42],[9.062,51.438],[9.107,51.444],[9.154,51.442]],[[4.826,50.067],[4.842,50.076],[4.838,50.093],[4.873,50.091],[4.88,50.147],[4.924,50.18],[4.954,50.166],[4.947,50.148],[4.941,50.15],[4.921,50.117],[4.939,50.108],[4.974,50.137],[4.977,50.105],[4.952,50.103],[4.929,50.044],[4.891,50.037],[4.831,50.048],[4.826,50.067]],[[4.862,49.789],[4.863,49.803],[4.869,49.834],[4.885,49.835],[4.878,49.795],[4.862,49.789]],[[4.955,50.172],[4.955,50.173],[4.959,50.173],[4.959,50.176],[4.963,50.173],[4.957,50.19],[4.985,50.167],[4.964,50.169],[4.963,50.172],[4.958,50.171],[4.959,50.172],[4.955,50.172]],[[4.987,50.14],[5.003,50.141],[5.013,50.114],[4.987,50.14]],[[5.011,50.109],[5.024,50.112],[5.021,50.14],[5.04,50.139],[5.042,50.183],[5.067,50.134],[5.031,50.097],[5.011,50.109]],[[5.101,50.212],[5.119,50.238],[5.146,50.223],[5.134,50.205],[5.101,50.212]],[[5.116,50.189],[5.142,50.197],[5.177,50.171],[5.173,50.151],[5.116,50.189]],[[5.15,50.114],[5.18,50.11],[5.152,50.097],[5.15,50.114]],[[5.162,50.234],[5.166,50.255],[5.187,50.251],[5.162,50.234]],[[5.164,50.124],[5.181,50.146],[5.223,50.153],[5.213,50.125],[5.164,50.124]],[[5.211,50.25],[5.23,50.282],[5.218,50.284],[5.234,50.294],[5.267,50.258],[5.241,50.259],[5.221,50.237],[5.211,50.25]],[[5.35,50.634],[5.374,50.646],[5.402,50.629],[5.392,50.611],[5.35,50.634]],[[5.408,50.63],[5.444,50.617],[5.43,50.59],[5.408,50.63]],[[5.66,51.192],[5.739,51.202],[5.748,51.196],[5.691,51.169],[5.66,51.192]],[[5.77,51.211],[5.794,51.235],[5.816,51.205],[5.795,51.195],[5.77,51.211]],[[5.834,51.031],[5.845,51.053],[5.866,51.052],[5.877,51.032],[5.834,51.031]],[[6.085,50.758],[6.112,50.771],[6.123,50.756],[6.111,50.73],[6.085,50.758]],[[6.139,49.231],[6.154,49.244],[6.185,49.239],[6.173,49.22],[6.139,49.231]],[[6.161,47.893],[6.178,47.907],[6.204,47.889],[6.161,47.893]],[[6.192,48.992],[6.223,48.999],[6.215,49.009],[6.261,49.01],[6.24,49],[6.247,48.982],[6.2,48.971],[6.192,48.992]],[[6.284,51.089],[6.329,51.108],[6.333,51.096],[6.343,51.08],[6.326,51.064],[6.294,51.065],[6.284,51.089]],[[6.303,49.108],[6.324,49.121],[6.342,49.107],[6.353,49.121],[6.366,49.105],[6.388,49.113],[6.389,49.089],[6.344,49.079],[6.303,49.108]],[[6.32,49.007],[6.368,49.012],[6.363,48.994],[6.32,49.007]],[[6.364,51.241],[6.368,51.271],[6.404,51.284],[6.449,51.265],[6.4,51.235],[6.364,51.241]],[[6.437,48.993],[6.458,49.013],[6.457,48.996],[6.437,48.993]],[[6.44,49.547],[6.443,49.562],[6.461,49.557],[6.44,49.547]],[[6.497,50.279],[6.532,50.311],[6.583,50.279],[6.497,50.279]],[[6.499,49.09],[6.514,49.141],[6.567,49.135],[6.538,49.12],[6.549,49.109],[6.57,49.117],[6.572,49.091],[6.509,49.081],[6.499,49.09]],[[6.539,50.33],[6.58,50.344],[6.593,50.331],[6.55,50.322],[6.539,50.33]],[[6.559,49.646],[6.586,49.68],[6.665,49.614],[6.625,49.607],[6.611,49.62],[6.624,49.632],[6.559,49.646]],[[6.589,47.675],[6.628,47.687],[6.69,47.655],[6.686,47.613],[6.739,47.589],[6.748,47.576],[6.732,47.56],[6.755,47.541],[6.775,47.532],[6.891,47.555],[6.912,47.525],[6.948,47.515],[6.957,47.492],[6.953,47.48],[6.915,47.498],[6.912,47.476],[6.884,47.467],[6.823,47.484],[6.714,47.471],[6.681,47.462],[6.671,47.479],[6.686,47.515],[6.654,47.54],[6.669,47.556],[6.654,47.587],[6.669,47.596],[6.589,47.675]],[[6.594,50.715],[6.64,50.732],[6.675,50.713],[6.678,50.695],[6.647,50.666],[6.605,50.673],[6.616,50.687],[6.594,50.715]],[[6.615,47.473],[6.647,47.491],[6.66,47.478],[6.63,47.463],[6.615,47.473]],[[6.646,50.258],[6.688,50.269],[6.67,50.253],[6.646,50.258]],[[6.793,47.41],[6.794,47.454],[6.834,47.437],[6.793,47.41]],[[6.8,50.363],[6.811,50.381],[6.865,50.446],[6.803,50.471],[6.807,50.503],[6.954,50.552],[7.036,50.559],[7.094,50.529],[7.091,50.504],[7.149,50.513],[7.206,50.496],[7.286,50.54],[7.352,50.468],[7.441,50.441],[7.477,50.405],[7.396,50.387],[7.345,50.431],[7.285,50.436],[7.228,50.412],[7.189,50.365],[7.163,50.384],[7.123,50.384],[7.179,50.417],[7.141,50.432],[7.161,50.43],[7.148,50.44],[7.16,50.449],[7.131,50.45],[7.059,50.427],[7.042,50.39],[7.012,50.387],[6.979,50.351],[7.034,50.334],[6.972,50.306],[6.943,50.316],[6.943,50.331],[6.854,50.327],[6.83,50.363],[6.8,50.363]],[[6.812,50.119],[6.866,50.123],[6.898,50.103],[6.905,50.078],[6.885,50.083],[6.844,50.038],[6.854,50.026],[6.84,50.028],[6.819,50.039],[6.812,50.119]],[[6.912,49.546],[6.94,49.585],[6.977,49.576],[6.962,49.561],[6.912,49.546]],[[6.945,48.696],[6.979,48.713],[6.985,48.703],[6.958,48.683],[6.945,48.696]],[[6.954,49.689],[6.974,49.715],[7.029,49.717],[6.973,49.681],[6.954,49.689]],[[6.973,49.664],[7.077,49.708],[7.11,49.7],[7.222,49.759],[7.316,49.748],[7.289,49.791],[7.261,49.797],[7.272,49.807],[7.322,49.79],[7.38,49.806],[7.385,49.786],[7.367,49.783],[7.364,49.766],[7.415,49.748],[7.464,49.784],[7.564,49.736],[7.54,49.717],[7.498,49.726],[7.492,49.703],[7.436,49.693],[7.45,49.701],[7.427,49.727],[7.402,49.71],[7.313,49.709],[7.309,49.667],[7.321,49.657],[7.278,49.623],[7.226,49.635],[7.125,49.623],[7.05,49.652],[7.008,49.63],[6.973,49.664]],[[7.152,49.79],[7.206,49.824],[7.237,49.795],[7.194,49.778],[7.152,49.79]],[[7.17,48.018],[7.208,48.045],[7.227,48.028],[7.215,48.024],[7.17,48.018]],[[7.215,49.912],[7.275,49.963],[7.276,49.977],[7.253,49.984],[7.275,50.022],[7.241,50.044],[7.29,50.033],[7.318,50.06],[7.349,50.024],[7.403,50.014],[7.388,50],[7.413,49.986],[7.391,49.972],[7.403,49.964],[7.501,49.968],[7.476,49.914],[7.437,49.896],[7.542,49.891],[7.539,49.872],[7.683,49.902],[7.69,49.895],[7.664,49.886],[7.685,49.865],[7.64,49.854],[7.656,49.828],[7.584,49.833],[7.587,49.785],[7.57,49.773],[7.554,49.78],[7.555,49.816],[7.518,49.812],[7.467,49.838],[7.398,49.893],[7.402,49.906],[7.338,49.896],[7.307,49.909],[7.281,49.883],[7.294,49.879],[7.252,49.879],[7.261,49.901],[7.243,49.911],[7.216,49.901],[7.215,49.912]],[[7.227,49.835],[7.263,49.855],[7.309,49.826],[7.227,49.835]],[[7.255,52.583],[7.465,52.618],[7.598,52.615],[7.619,52.593],[7.612,52.471],[7.683,52.458],[7.693,52.411],[7.714,52.401],[7.807,52.371],[7.892,52.381],[7.943,52.359],[7.966,52.324],[7.989,52.303],[7.933,52.298],[7.957,52.273],[7.924,52.262],[7.92,52.222],[7.9,52.208],[7.936,52.177],[8.007,52.176],[8.023,52.16],[8.003,52.16],[8.008,52.116],[7.882,52.085],[7.794,52.104],[7.75,52.095],[7.706,52.119],[7.723,52.143],[7.714,52.181],[7.646,52.218],[7.678,52.257],[7.601,52.338],[7.674,52.378],[7.671,52.396],[7.617,52.421],[7.545,52.366],[7.431,52.365],[7.355,52.455],[7.297,52.472],[7.287,52.496],[7.3,52.513],[7.269,52.533],[7.255,52.583]],[[7.334,48.325],[7.361,48.326],[7.362,48.308],[7.334,48.325]],[[7.465,50.335],[7.497,50.346],[7.554,50.326],[7.503,50.306],[7.469,50.317],[7.465,50.335]],[[7.519,47.674],[7.549,47.681],[7.565,47.666],[7.539,47.648],[7.519,47.674]],[[7.524,49.333],[7.56,49.357],[7.582,49.345],[7.564,49.311],[7.568,49.276],[7.556,49.273],[7.524,49.333]],[[7.551,47.744],[7.574,47.776],[7.605,47.775],[7.631,47.724],[7.58,47.735],[7.551,47.744]],[[7.701,49.498],[7.759,49.487],[7.738,49.473],[7.701,49.498]],[[7.761,49.545],[7.811,49.587],[7.848,49.594],[7.863,49.628],[7.9,49.603],[7.94,49.599],[7.938,49.588],[7.944,49.567],[7.874,49.562],[7.863,49.545],[7.77,49.534],[7.761,49.545]],[[7.831,49.373],[7.833,49.387],[7.93,49.421],[7.939,49.409],[7.919,49.388],[7.885,49.388],[7.848,49.367],[7.831,49.373]],[[7.839,49.683],[7.843,49.706],[7.892,49.718],[7.908,49.686],[7.857,49.662],[7.839,49.683]],[[7.845,49.134],[7.901,49.175],[7.899,49.149],[7.921,49.129],[7.906,49.118],[7.86,49.117],[7.845,49.134]],[[7.888,49.191],[7.918,49.21],[7.951,49.186],[7.915,49.178],[7.888,49.191]],[[7.927,49.878],[7.96,49.87],[7.93,49.865],[7.927,49.878]],[[7.93,50.567],[7.938,50.588],[7.979,50.596],[7.993,50.575],[8.026,50.573],[8.04,50.553],[7.996,50.525],[7.93,50.567]],[[7.939,49.589],[7.94,49.598],[7.977,49.608],[7.939,49.589]],[[7.943,49.453],[7.957,49.489],[8.042,49.519],[8.08,49.533],[8.042,49.523],[8.08,49.545],[8.128,49.574],[8.087,49.576],[8.088,49.611],[8.188,49.619],[8.191,49.652],[8.207,49.653],[8.232,49.618],[8.205,49.612],[8.234,49.604],[8.186,49.581],[8.216,49.525],[8.168,49.526],[8.189,49.518],[8.195,49.495],[8.258,49.495],[8.221,49.463],[8.128,49.466],[8.125,49.446],[8.087,49.438],[8.06,49.402],[8.024,49.397],[8.049,49.375],[8.024,49.366],[7.995,49.395],[8.025,49.409],[7.995,49.423],[8.021,49.433],[7.995,49.433],[8.028,49.446],[8.017,49.458],[7.995,49.442],[7.943,49.453]],[[7.948,49.619],[7.979,49.619],[7.949,49.608],[7.948,49.619]],[[7.974,49.852],[8.006,49.902],[8.036,49.865],[8.028,49.851],[7.974,49.852]],[[8.03,49.809],[8.04,49.84],[8.058,49.836],[8.05,49.801],[8.03,49.809]],[[8.033,49.685],[8.054,49.699],[8.116,49.687],[8.078,49.678],[8.033,49.685]],[[8.051,49.252],[8.083,49.256],[8.109,49.247],[8.051,49.252]],[[8.15,50.413],[8.172,50.421],[8.178,50.409],[8.162,50.407],[8.15,50.413]],[[8.154,49.773],[8.217,49.777],[8.233,49.763],[8.185,49.752],[8.155,49.76],[8.154,49.773]],[[8.197,49.722],[8.216,49.73],[8.338,49.737],[8.338,49.724],[8.203,49.713],[8.197,49.722]],[[8.212,49.587],[8.233,49.588],[8.281,49.587],[8.275,49.539],[8.22,49.546],[8.212,49.587]],[[8.224,49.822],[8.271,49.805],[8.33,49.83],[8.332,49.811],[8.385,49.817],[8.4,49.803],[8.355,49.783],[8.259,49.788],[8.224,49.822]],[[8.226,49.787],[8.257,49.787],[8.248,49.778],[8.226,49.787]],[[8.235,49.829],[8.238,49.841],[8.279,49.833],[8.261,49.823],[8.235,49.829]],[[8.276,49.423],[8.308,49.43],[8.283,49.393],[8.276,49.423]],[[8.278,49.616],[8.418,49.628],[8.487,49.614],[8.573,49.634],[8.562,49.604],[8.594,49.593],[8.495,49.573],[8.446,49.59],[8.424,49.581],[8.423,49.541],[8.311,49.555],[8.338,49.601],[8.29,49.591],[8.278,49.616]],[[9.19,51.955],[9.211,51.96],[9.263,51.976],[9.284,51.956],[9.263,51.946],[9.279,51.94],[9.269,51.931],[9.216,51.911],[9.195,51.919],[9.19,51.955]],[[9.248,49.595],[9.261,49.646],[9.294,49.655],[9.351,49.634],[9.331,49.61],[9.293,49.615],[9.338,49.542],[9.309,49.533],[9.275,49.568],[9.248,49.595]],[[9.304,50.55],[9.319,50.575],[9.365,50.581],[9.376,50.566],[9.347,50.54],[9.304,50.55]],[[9.336,50.305],[9.353,50.319],[9.397,50.315],[9.449,50.284],[9.376,50.271],[9.397,50.262],[9.382,50.239],[9.351,50.243],[9.337,50.275],[9.336,50.305]],[[9.367,50.395],[9.438,50.41],[9.464,50.398],[9.448,50.384],[9.467,50.356],[9.386,50.346],[9.367,50.395]],[[9.38,49.602],[9.436,49.664],[9.509,49.651],[9.524,49.621],[9.567,49.604],[9.534,49.567],[9.491,49.579],[9.439,49.561],[9.422,49.59],[9.404,49.587],[9.38,49.602]],[[9.452,52.118],[9.48,52.168],[9.556,52.167],[9.586,52.145],[9.566,52.142],[9.574,52.12],[9.551,52.101],[9.514,52.108],[9.452,52.118]],[[9.527,50.19],[9.564,50.196],[9.576,50.232],[9.604,50.222],[9.667,50.24],[9.7,50.203],[9.683,50.176],[9.529,50.168],[9.527,50.19]],[[9.532,50.347],[9.614,50.36],[9.647,50.345],[9.636,50.326],[9.609,50.326],[9.61,50.301],[9.564,50.304],[9.577,50.326],[9.532,50.347]],[[9.566,53.753],[9.642,53.774],[9.66,53.8],[9.677,53.851],[9.658,53.855],[9.649,53.881],[9.752,53.893],[9.763,53.873],[9.824,53.846],[9.821,53.826],[9.881,53.812],[9.876,53.778],[9.9,53.772],[9.892,53.752],[9.975,53.767],[10,53.716],[9.99,53.636],[9.967,53.615],[9.982,53.603],[9.96,53.581],[9.915,53.584],[9.913,53.542],[9.705,53.559],[9.633,53.583],[9.663,53.596],[9.643,53.663],[9.616,53.667],[9.599,53.701],[9.569,53.718],[9.582,53.724],[9.566,53.753]],[[9.838,48.9],[9.87,48.91],[9.85,48.929],[9.883,48.929],[9.908,48.96],[9.922,48.929],[9.938,48.927],[9.913,48.901],[9.921,48.892],[9.897,48.894],[9.906,48.884],[9.891,48.878],[9.847,48.884],[9.838,48.9]],[[10.28,50.809],[10.324,50.818],[10.338,50.795],[10.312,50.78],[10.28,50.809]],[[10.418,54.084],[10.422,54.116],[10.473,54.107],[10.495,54.123],[10.532,54.12],[10.54,54.129],[10.491,54.158],[10.487,54.178],[10.528,54.188],[10.549,54.22],[10.54,54.228],[10.573,54.236],[10.666,54.209],[10.674,54.189],[10.657,54.168],[10.693,54.146],[10.697,54.121],[10.745,54.123],[10.761,54.108],[10.677,54.09],[10.595,54.102],[10.598,54.07],[10.459,54.061],[10.418,54.084]],[[10.934,52.46],[10.943,52.492],[11.056,52.506],[11.092,52.451],[11.146,52.419],[11.148,52.385],[11.066,52.373],[11.022,52.393],[10.934,52.46]],[[11.867,51.741],[11.884,51.751],[11.909,51.74],[11.907,51.727],[11.867,51.741]]],[[[4.84,49.951],[4.877,49.963],[4.857,49.966],[4.875,49.985],[4.864,49.99],[4.84,49.951]]],[[[5.047,52.828],[5.049,52.828],[5.048,52.829],[5.047,52.828]]],[[[5.048,50.016],[5.062,49.994],[5.051,49.987],[5.071,49.977],[5.086,49.987],[5.084,50.016],[5.048,50.016]]],[[[5.096,52.012],[5.103,52.003],[5.129,51.994],[5.096,52.012]]],[[[5.124,52.579],[5.146,52.559],[5.182,52.585],[5.124,52.579]]],[[[5.271,49.727],[5.275,49.712],[5.293,49.709],[5.299,49.721],[5.271,49.727]]],[[[5.297,50.206],[5.306,50.189],[5.325,50.203],[5.297,50.206]]],[[[5.326,52.79],[5.653,52.75],[5.547,52.679],[5.547,52.677],[5.622,52.707],[5.671,52.704],[5.691,52.678],[5.662,52.642],[5.62,52.623],[5.552,52.631],[5.556,52.587],[5.611,52.532],[5.774,52.523],[5.779,52.586],[5.86,52.64],[5.707,52.641],[5.736,52.677],[5.778,52.692],[5.838,52.683],[5.878,52.711],[5.733,52.794],[5.661,52.816],[5.537,52.802],[5.387,52.813],[5.336,52.837],[5.326,52.79]]],[[[5.488,50.316],[5.495,50.304],[5.522,50.311],[5.488,50.316]]],[[[5.515,50.418],[5.519,50.403],[5.539,50.397],[5.515,50.418]]],[[[5.545,50.395],[5.551,50.393],[5.563,50.398],[5.551,50.404],[5.554,50.409],[5.572,50.416],[5.575,50.415],[5.578,50.417],[5.606,50.428],[5.557,50.415],[5.545,50.395]]],[[[5.59,50.402],[5.631,50.372],[5.636,50.372],[5.59,50.402]]],[[[5.61,49.512],[5.614,49.511],[5.634,49.537],[5.61,49.512]]],[[[5.624,49.182],[5.65,49.123],[5.704,49.141],[5.707,49.158],[5.658,49.17],[5.68,49.189],[5.627,49.181],[5.624,49.182]]],[[[5.626,50.459],[5.639,50.448],[5.643,50.457],[5.627,50.462],[5.626,50.459]]],[[[5.657,49.108],[5.68,49.056],[5.74,49.076],[5.725,49.094],[5.662,49.108],[5.657,49.108]]],[[[5.666,50.426],[5.696,50.401],[5.701,50.415],[5.689,50.407],[5.666,50.426]]],[[[5.669,50.37],[5.721,50.367],[5.717,50.351],[5.689,50.341],[5.717,50.35],[5.723,50.374],[5.669,50.37]]],[[[5.707,49.421],[5.732,49.398],[5.802,49.398],[5.855,49.44],[5.799,49.448],[5.707,49.421]]],[[[5.713,50.238],[5.716,50.237],[5.72,50.261],[5.713,50.238]]],[[[5.72,50.261],[5.799,50.262],[5.802,50.26],[5.797,50.248],[5.829,50.238],[5.796,50.265],[5.72,50.261]]],[[[5.736,50.442],[5.744,50.445],[5.741,50.444],[5.738,50.444],[5.736,50.442]]],[[[5.749,49.542],[5.753,49.542],[5.758,49.561],[5.751,49.569],[5.749,49.542]]],[[[5.801,50.22],[5.903,50.242],[5.905,50.244],[5.81,50.224],[5.807,50.225],[5.801,50.22]]],[[[5.808,45.428],[5.823,45.396],[5.935,45.322],[5.947,45.26],[6.058,45.223],[6.033,45.334],[6.083,45.372],[6.145,45.322],[6.192,45.338],[6.201,45.361],[6.176,45.395],[6.122,45.439],[6.096,45.432],[6.094,45.445],[6.049,45.438],[6.011,45.45],[6.009,45.473],[5.968,45.492],[5.915,45.477],[5.924,45.464],[5.92,45.444],[5.905,45.432],[5.897,45.4],[5.816,45.422],[5.808,45.428]]],[[[5.819,50.308],[5.825,50.275],[5.82,50.309],[5.819,50.308]]],[[[5.834,48.778],[5.838,48.775],[5.85,48.776],[5.847,48.769],[5.943,48.703],[5.988,48.744],[6.05,48.757],[6.039,48.751],[6.071,48.72],[6.099,48.732],[6.08,48.744],[6.105,48.76],[6.068,48.776],[6.037,48.767],[6.014,48.797],[6.008,48.775],[5.98,48.781],[5.951,48.753],[5.904,48.768],[5.911,48.758],[5.88,48.752],[5.865,48.775],[5.886,48.788],[5.862,48.799],[5.834,48.778]]],[[[5.836,49.522],[5.851,49.508],[5.857,49.507],[5.839,49.524],[5.872,49.549],[5.836,49.522]]],[[[5.84,50.327],[5.867,50.344],[5.909,50.34],[5.86,50.345],[5.84,50.327]]],[[[5.865,50.282],[5.911,50.245],[5.909,50.247],[5.914,50.253],[5.873,50.276],[5.882,50.281],[5.868,50.28],[5.865,50.282]]],[[[5.869,49.375],[5.889,49.344],[5.919,49.373],[5.869,49.375]]],[[[5.874,49.505],[5.971,49.491],[5.965,49.492],[5.965,49.493],[5.955,49.494],[5.874,49.505]]],[[[5.89,51.743],[5.895,51.745],[5.907,51.742],[5.911,51.751],[5.911,51.752],[5.89,51.743]]],[[[5.894,51.778],[5.911,51.752],[5.914,51.759],[5.894,51.778]]],[[[5.906,51.962],[5.908,51.957],[5.948,51.966],[5.906,51.962]]],[[[5.924,51.819],[5.926,51.818],[5.929,51.817],[5.969,51.801],[5.989,51.769],[5.941,51.742],[5.992,51.77],[5.978,51.798],[5.924,51.819]]],[[[5.924,51.819],[5.976,51.836],[5.978,51.874],[5.976,51.846],[5.963,51.837],[5.935,51.823],[5.924,51.819]]],[[[5.938,51.184],[5.968,51.199],[5.968,51.207],[5.993,51.227],[6.006,51.231],[6.009,51.258],[6.011,51.271],[6.005,51.237],[5.938,51.184]]],[[[5.948,51.966],[5.974,51.939],[5.986,51.97],[5.977,51.947],[5.948,51.966]]],[[[5.951,48.37],[6.006,48.384],[6.003,48.413],[5.97,48.422],[5.965,48.433],[5.951,48.37]]],[[[5.955,50.336],[6.009,50.33],[6.038,50.368],[6.124,50.379],[6.034,50.37],[6.004,50.331],[5.955,50.336]]],[[[5.974,49.372],[6.012,49.369],[5.983,49.377],[5.974,49.372]]],[[[5.977,51.883],[5.978,51.882],[5.978,51.883],[5.977,51.883]]],[[[5.98,49.345],[5.987,49.34],[6.006,49.342],[5.98,49.345]]],[[[5.981,51.883],[6.023,51.86],[6.018,51.863],[6.019,51.865],[5.988,51.886],[5.981,51.883]]],[[[5.986,49.455],[5.987,49.453],[6.042,49.448],[6.033,49.449],[6.033,49.45],[5.986,49.455]]],[[[6.004,48.66],[6.015,48.653],[6.005,48.61],[6.024,48.61],[6.055,48.599],[6.029,48.566],[6.109,48.55],[6.068,48.609],[6.027,48.622],[6.048,48.629],[6.041,48.65],[6.016,48.663],[6.004,48.66]]],[[[6.006,51.975],[6.016,51.977],[6.009,51.979],[6.006,51.975]]],[[[6.014,51.837],[6.044,51.858],[6.042,51.874],[6.043,51.865],[6.017,51.843],[6.023,51.86],[6.014,51.837]]],[[[6.04,49.338],[6.045,49.333],[6.047,49.337],[6.04,49.338]]],[[[6.056,51.986],[6.094,51.962],[6.094,51.969],[6.056,51.986]]],[[[6.057,51.876],[6.085,51.881],[6.066,51.878],[6.057,51.877],[6.057,51.876]]],[[[6.07,49.199],[6.122,49.198],[6.07,49.2],[6.07,49.199]]],[[[6.083,51.904],[6.142,51.873],[6.128,51.859],[6.092,51.882],[6.086,51.881],[6.085,51.881],[6.119,51.86],[6.113,51.85],[6.166,51.851],[6.2,51.876],[6.162,51.914],[6.1,51.934],[6.101,51.926],[6.157,51.905],[6.134,51.897],[6.139,51.877],[6.088,51.903],[6.083,51.904]]],[[[6.111,46.203],[6.115,46.199],[6.154,46.186],[6.155,46.178],[6.166,46.188],[6.172,46.182],[6.201,46.208],[6.222,46.216],[6.218,46.225],[6.192,46.236],[6.172,46.212],[6.148,46.207],[6.153,46.225],[6.128,46.228],[6.112,46.219],[6.118,46.216],[6.111,46.203]]],[[[6.142,46.272],[6.155,46.254],[6.16,46.253],[6.164,46.271],[6.153,46.276],[6.142,46.272]]],[[[6.182,48.834],[6.186,48.814],[6.201,48.81],[6.229,48.835],[6.26,48.84],[6.248,48.844],[6.266,48.853],[6.253,48.869],[6.182,48.834]]],[[[6.197,51.858],[6.229,51.847],[6.201,51.875],[6.201,51.877],[6.197,51.858]]],[[[6.219,49.312],[6.232,49.301],[6.252,49.307],[6.219,49.312]]],[[[6.246,46.256],[6.254,46.248],[6.247,46.227],[6.291,46.224],[6.31,46.244],[6.306,46.256],[6.298,46.255],[6.295,46.265],[6.266,46.249],[6.25,46.262],[6.246,46.256]]],[[[6.248,48.059],[6.25,48.016],[6.271,48.038],[6.269,48.051],[6.248,48.059]]],[[[6.288,48.713],[6.342,48.694],[6.309,48.686],[6.345,48.673],[6.363,48.686],[6.358,48.697],[6.405,48.71],[6.4,48.734],[6.365,48.737],[6.371,48.726],[6.35,48.713],[6.301,48.732],[6.288,48.713]]],[[[6.301,48.826],[6.372,48.842],[6.34,48.857],[6.321,48.838],[6.301,48.826]]],[[[6.305,53.082],[6.362,53.096],[6.312,53.092],[6.305,53.082]]],[[[6.31,49.379],[6.311,49.377],[6.321,49.397],[6.31,49.379]]],[[[6.316,49.423],[6.322,49.424],[6.33,49.45],[6.316,49.423]]],[[[6.32,48.777],[6.356,48.792],[6.339,48.811],[6.32,48.777]]],[[[6.324,49.282],[6.338,49.264],[6.331,49.283],[6.324,49.282]]],[[[6.365,49.46],[6.366,49.466],[6.409,49.468],[6.425,49.476],[6.426,49.476],[6.388,49.493],[6.368,49.482],[6.365,49.46]]],[[[6.375,49.541],[6.395,49.524],[6.398,49.536],[6.375,49.541]]],[[[6.419,49.455],[6.424,49.45],[6.424,49.449],[6.433,49.442],[6.419,49.455]]],[[[6.421,49.197],[6.423,49.184],[6.457,49.2],[6.421,49.197]]],[[[6.424,51.577],[6.471,51.57],[6.47,51.578],[6.424,51.577]]],[[[6.438,49.644],[6.483,49.646],[6.44,49.649],[6.444,49.662],[6.438,49.644]]],[[[6.441,49.467],[6.449,49.462],[6.451,49.466],[6.441,49.467]]],[[[6.456,51.53],[6.462,51.512],[6.468,51.512],[6.456,51.53]]],[[[6.466,49.451],[6.474,49.446],[6.471,49.448],[6.481,49.45],[6.466,49.451]]],[[[6.47,51.578],[6.526,51.624],[6.55,51.621],[6.554,51.628],[6.535,51.633],[6.47,51.578]]],[[[6.478,48.884],[6.506,48.883],[6.482,48.918],[6.478,48.884]]],[[[6.488,49.789],[6.51,49.775],[6.514,49.785],[6.488,49.789]]],[[[6.497,48.692],[6.51,48.671],[6.557,48.693],[6.507,48.699],[6.497,48.692]]],[[[6.502,49.754],[6.504,49.743],[6.536,49.762],[6.502,49.754]]],[[[6.508,51.444],[6.558,51.478],[6.527,51.463],[6.518,51.451],[6.508,51.444]]],[[[6.509,51.396],[6.569,51.416],[6.539,51.408],[6.509,51.396]]],[[[6.509,51.437],[6.534,51.437],[6.513,51.443],[6.509,51.437]]],[[[6.515,51.37],[6.568,51.351],[6.567,51.352],[6.515,51.37]]],[[[6.517,45.106],[6.665,44.955],[6.943,44.869],[7.003,44.72],[6.925,44.715],[6.783,44.548],[6.785,44.544],[6.839,44.609],[6.855,44.615],[6.858,44.63],[6.882,44.631],[6.916,44.66],[6.948,44.655],[6.963,44.678],[6.99,44.69],[7.029,44.692],[7.077,44.682],[7.065,44.714],[7.079,44.717],[7.074,44.716],[7.044,44.718],[7.024,44.74],[7.019,44.777],[7.001,44.792],[7.02,44.815],[7.02,44.825],[7.01,44.826],[7.001,44.842],[7.015,44.879],[6.795,45.014],[6.747,45.008],[6.722,45.022],[6.671,45.02],[6.647,45.027],[6.639,45.055],[6.608,45.052],[6.594,45.07],[6.558,45.08],[6.55,45.098],[6.532,45.098],[6.517,45.106]]],[[[6.527,51.334],[6.53,51.325],[6.538,51.322],[6.527,51.334]]],[[[6.541,48.511],[6.545,48.481],[6.555,48.462],[6.598,48.466],[6.589,48.434],[6.602,48.421],[6.589,48.413],[6.612,48.351],[6.588,48.331],[6.624,48.317],[6.658,48.338],[6.693,48.283],[6.726,48.27],[6.77,48.279],[6.79,48.323],[6.771,48.366],[6.806,48.372],[6.831,48.419],[6.864,48.436],[6.879,48.417],[6.921,48.439],[6.81,48.497],[6.816,48.527],[6.773,48.548],[6.778,48.565],[6.67,48.548],[6.618,48.571],[6.561,48.536],[6.585,48.519],[6.541,48.511]],[[6.64,48.452],[6.641,48.472],[6.676,48.479],[6.642,48.484],[6.66,48.538],[6.678,48.518],[6.711,48.525],[6.715,48.535],[6.688,48.543],[6.73,48.557],[6.762,48.527],[6.72,48.5],[6.751,48.466],[6.724,48.471],[6.715,48.442],[6.732,48.444],[6.745,48.422],[6.727,48.415],[6.652,48.428],[6.64,48.452]]],[[[6.545,50.498],[6.566,50.514],[6.564,50.518],[6.556,50.507],[6.545,50.498]]],[[[6.558,49.914],[6.612,49.909],[6.628,49.951],[6.56,49.943],[6.558,49.914]]],[[[6.569,46.51],[6.592,46.518],[6.689,46.5],[6.721,46.486],[6.743,46.489],[6.776,46.473],[6.832,46.467],[6.85,46.455],[6.884,46.487],[6.933,46.517],[7.009,46.458],[7.004,46.421],[7.021,46.404],[7.001,46.397],[6.987,46.398],[6.981,46.406],[6.949,46.401],[6.926,46.413],[6.931,46.408],[6.919,46.395],[6.861,46.396],[6.864,46.393],[6.866,46.377],[6.89,46.366],[6.892,46.349],[6.919,46.34],[6.947,46.306],[6.958,46.279],[6.998,46.254],[6.981,46.245],[6.959,46.212],[6.984,46.174],[6.982,46.123],[6.948,46.101],[6.933,46.074],[6.984,46.006],[7.008,45.999],[7.024,45.978],[7.011,45.967],[7.035,45.956],[7.043,45.923],[7.063,45.911],[7.064,45.9],[7.104,45.859],[7.118,45.859],[7.157,45.879],[7.173,45.864],[7.195,45.86],[7.202,45.876],[7.22,45.889],[7.259,45.891],[7.294,45.922],[7.324,45.91],[7.344,45.915],[7.386,45.897],[7.438,45.928],[7.257,46.44],[7.019,46.628],[7.013,46.628],[6.956,46.588],[6.932,46.588],[6.906,46.575],[6.829,46.581],[6.777,46.554],[6.737,46.544],[6.662,46.549],[6.601,46.562],[6.571,46.555],[6.569,46.51]]],[[[6.575,51.348],[6.589,51.321],[6.594,51.322],[6.581,51.337],[6.575,51.348]]],[[[6.584,46.678],[6.598,46.618],[6.658,46.589],[6.671,46.599],[6.687,46.63],[6.75,46.631],[6.733,46.67],[6.704,46.673],[6.684,46.689],[6.631,46.688],[6.627,46.697],[6.592,46.69],[6.584,46.678]]],[[[6.592,48.924],[6.632,48.939],[6.627,48.952],[6.597,48.95],[6.592,48.924]]],[[[6.601,51.572],[6.625,51.56],[6.674,51.563],[6.601,51.572]]],[[[6.61,48.994],[6.651,49.003],[6.636,49.012],[6.61,48.994]]],[[[6.615,51.376],[6.659,51.376],[6.663,51.374],[6.661,51.358],[6.653,51.355],[6.726,51.381],[6.739,51.393],[6.744,51.395],[6.674,51.369],[6.645,51.383],[6.615,51.376]]],[[[6.622,49.068],[6.629,49.035],[6.68,48.99],[6.68,48.954],[6.707,48.946],[6.709,48.921],[6.734,48.923],[6.73,48.949],[6.746,48.955],[6.781,48.941],[6.773,48.958],[6.79,48.982],[6.755,48.995],[6.764,49.01],[6.826,48.986],[6.834,48.998],[6.833,49.015],[6.808,49.013],[6.803,49.03],[6.769,49.044],[6.747,49.023],[6.656,49.055],[6.665,49.041],[6.645,49.072],[6.622,49.068]]],[[[6.658,48.574],[6.676,48.574],[6.684,48.599],[6.71,48.589],[6.733,48.6],[6.728,48.614],[6.698,48.622],[6.668,48.606],[6.658,48.574]]],[[[6.66,51.348],[6.731,51.316],[6.702,51.272],[6.733,51.318],[6.661,51.351],[6.66,51.348]]],[[[6.674,51.563],[6.675,51.509],[6.723,51.512],[6.675,51.515],[6.674,51.563]]],[[[6.675,49.062],[6.705,49.05],[6.776,49.072],[6.728,49.08],[6.711,49.06],[6.684,49.081],[6.675,49.062]]],[[[6.681,52.553],[6.701,52.527],[6.698,52.487],[6.698,52.486],[6.705,52.521],[6.69,52.552],[6.767,52.564],[6.693,52.553],[6.681,52.553]]],[[[6.698,52.486],[6.753,52.464],[6.924,52.438],[6.942,52.435],[6.745,52.468],[6.698,52.486]]],[[[6.702,51.272],[6.707,51.269],[6.705,51.265],[6.734,51.253],[6.702,51.272]]],[[[6.705,51.469],[6.718,51.458],[6.719,51.466],[6.705,51.469]]],[[[6.712,48.853],[6.78,48.864],[6.766,48.923],[6.748,48.924],[6.741,48.885],[6.712,48.853]]],[[[6.713,52.629],[6.742,52.645],[6.719,52.633],[6.713,52.629]]],[[[6.714,51.434],[6.744,51.395],[6.743,51.397],[6.746,51.4],[6.714,51.434]]],[[[6.722,51.22],[6.732,51.185],[6.734,51.185],[6.735,51.183],[6.723,51.225],[6.724,51.22],[6.722,51.22]]],[[[6.723,51.225],[6.755,51.219],[6.763,51.229],[6.755,51.22],[6.754,51.22],[6.723,51.225]]],[[[6.735,51.183],[6.787,51.182],[6.791,51.173],[6.798,51.144],[6.789,51.182],[6.735,51.183]]],[[[6.763,51.229],[6.767,51.234],[6.764,51.236],[6.763,51.229]]],[[[6.769,49.12],[6.789,49.107],[6.796,49.128],[6.769,49.12]]],[[[6.775,52.646],[6.896,52.651],[6.832,52.649],[6.775,52.646]]],[[[6.803,51.145],[6.805,51.142],[6.839,51.151],[6.803,51.145]]],[[[6.813,49.067],[6.83,49.057],[6.842,49.07],[6.813,49.067]]],[[[6.813,51.482],[6.826,51.48],[6.814,51.477],[6.85,51.473],[6.875,51.473],[6.813,51.482]]],[[[6.838,48.916],[6.867,48.908],[6.931,48.913],[6.937,48.928],[6.852,48.942],[6.838,48.916]]],[[[6.838,51.576],[6.867,51.566],[6.868,51.568],[6.842,51.579],[6.838,51.576]]],[[[6.839,51.151],[6.842,51.152],[6.841,51.152],[6.839,51.151]]],[[[6.847,51.136],[6.848,51.136],[6.848,51.135],[6.857,51.155],[6.856,51.155],[6.847,51.136]]],[[[6.854,51.588],[6.859,51.59],[6.859,51.591],[6.866,51.597],[6.854,51.588]]],[[[6.855,51.076],[6.856,51.075],[6.882,51.103],[6.879,51.106],[6.855,51.076]]],[[[6.857,51.505],[6.869,51.49],[6.861,51.509],[6.868,51.522],[6.876,51.537],[6.857,51.505]]],[[[6.86,51.557],[6.875,51.538],[6.878,51.544],[6.86,51.557]]],[[[6.866,51.489],[6.922,51.497],[6.971,51.508],[6.972,51.509],[6.869,51.49],[6.866,51.489]]],[[[6.88,51.067],[6.919,51.052],[6.919,51.053],[6.88,51.067]]],[[[6.897,51.389],[6.902,51.385],[6.901,51.383],[6.952,51.349],[6.897,51.389]]],[[[6.909,51.396],[6.925,51.406],[6.926,51.429],[6.946,51.44],[6.944,51.439],[6.939,51.441],[6.911,51.43],[6.913,51.43],[6.922,51.42],[6.909,51.396]]],[[[6.915,51.018],[6.993,50.978],[6.964,51.006],[6.915,51.018]]],[[[6.928,50.95],[6.941,50.917],[6.973,50.917],[6.994,50.937],[6.979,50.948],[6.987,50.959],[6.928,50.95]]],[[[6.972,49.11],[6.982,49.062],[7.019,49.064],[7.033,49.087],[7.024,49.098],[6.992,49.095],[7.026,49.131],[6.997,49.167],[6.975,49.144],[6.987,49.122],[6.972,49.11]]],[[[6.973,50.917],[7.049,50.879],[7.043,50.875],[6.986,50.846],[6.984,50.832],[6.982,50.83],[7.051,50.88],[6.973,50.917]]],[[[6.99,50.963],[6.997,50.974],[6.995,50.976],[6.99,50.964],[6.99,50.963]]],[[[6.993,52.464],[7.071,52.373],[7.072,52.374],[6.994,52.464],[6.993,52.464]]],[[[6.995,51.528],[7,51.532],[6.999,51.533],[6.995,51.528]]],[[[7.002,51.534],[7.069,51.51],[7.032,51.524],[7.062,51.532],[7.028,51.525],[7.002,51.534]]],[[[7.036,50.786],[7.067,50.771],[7.098,50.762],[7.125,50.774],[7.077,50.769],[7.036,50.786]]],[[[7.042,48.706],[7.061,48.67],[7.076,48.683],[7.042,48.706]]],[[[7.046,51.419],[7.079,51.438],[7.073,51.443],[7.046,51.419]]],[[[7.079,51.447],[7.083,51.44],[7.084,51.441],[7.08,51.448],[7.079,51.447]]],[[[7.105,44.723],[7.121,44.726],[7.125,44.732],[7.105,44.723]]],[[[7.117,51.381],[7.148,51.371],[7.145,51.34],[7.154,51.33],[7.146,51.341],[7.156,51.369],[7.117,51.381]]],[[[7.146,51.553],[7.316,51.596],[7.312,51.595],[7.296,51.597],[7.268,51.584],[7.146,51.553]]],[[[7.173,51.3],[7.178,51.299],[7.179,51.299],[7.232,51.297],[7.173,51.3]]],[[[7.237,51.257],[7.238,51.255],[7.299,51.251],[7.303,51.251],[7.237,51.257]]],[[[7.349,50.646],[7.352,50.646],[7.352,50.647],[7.349,50.646]]],[[[7.357,50.698],[7.364,50.689],[7.373,50.718],[7.357,50.698]]],[[[7.394,51.243],[7.399,51.225],[7.403,51.225],[7.4,51.242],[7.394,51.243]]],[[[7.403,51.225],[7.428,51.221],[7.418,51.198],[7.422,51.192],[7.421,51.188],[7.43,51.221],[7.403,51.225]]],[[[7.429,51.181],[7.439,51.166],[7.448,51.164],[7.429,51.181]]],[[[7.434,51.043],[7.479,51.057],[7.455,51.074],[7.459,51.071],[7.454,51.069],[7.47,51.055],[7.434,51.043]]],[[[7.45,51.163],[7.473,51.158],[7.469,51.146],[7.472,51.144],[7.472,51.141],[7.474,51.163],[7.45,51.163]]],[[[7.455,51.074],[7.533,51.099],[7.504,51.102],[7.532,51.099],[7.455,51.074]]],[[[7.468,43.825],[7.471,43.813],[7.485,43.822],[7.485,43.824],[7.468,43.825]]],[[[7.47,50.975],[7.473,50.879],[7.506,50.859],[7.566,50.861],[7.6,50.882],[7.614,50.922],[7.636,50.927],[7.61,50.95],[7.591,50.996],[7.533,50.981],[7.505,50.994],[7.47,50.975]]],[[[7.49,51.134],[7.502,51.127],[7.504,51.102],[7.502,51.13],[7.49,51.134]]],[[[7.495,43.855],[7.504,43.835],[7.51,43.838],[7.508,43.842],[7.496,43.853],[7.498,43.871],[7.497,43.87],[7.495,43.855]]],[[[7.51,43.882],[7.559,43.897],[7.555,43.896],[7.554,43.896],[7.512,43.884],[7.51,43.882]]],[[[7.523,51.385],[7.549,51.364],[7.546,51.326],[7.563,51.317],[7.629,51.34],[7.693,51.392],[7.727,51.406],[7.702,51.402],[7.683,51.428],[7.701,51.474],[7.841,51.478],[7.672,51.475],[7.545,51.414],[7.523,51.385]]],[[[7.613,51.002],[7.727,51.002],[7.731,50.998],[7.733,51.034],[7.731,51.036],[7.724,51.01],[7.647,51.011],[7.613,51.002]]],[[[7.662,44.027],[7.663,44.025],[7.664,44.028],[7.662,44.027]]],[[[7.696,45.952],[7.71,45.948],[7.721,45.923],[7.735,45.924],[7.751,45.94],[7.797,45.919],[7.822,45.927],[7.86,45.92],[7.864,45.913],[7.877,45.926],[7.869,45.937],[7.877,45.964],[7.82,45.928],[7.696,45.952]]],[[[7.703,44.043],[7.712,44.06],[7.711,44.06],[7.703,44.043]]],[[[7.71,51.071],[7.715,51.064],[7.821,51.075],[7.71,51.071]]],[[[7.715,44.104],[7.717,44.104],[7.733,44.084],[7.716,44.106],[7.715,44.104]]],[[[7.732,45.322],[7.791,45.251],[7.848,45.228],[7.852,45.202],[7.873,45.183],[7.85,45.173],[7.827,45.14],[7.885,45.114],[7.898,45.139],[7.979,45.143],[7.993,45.162],[7.951,45.196],[8.045,45.199],[8.042,45.205],[8.004,45.217],[7.988,45.24],[7.98,45.262],[8.018,45.284],[7.973,45.285],[7.974,45.297],[7.958,45.3],[7.963,45.312],[7.92,45.314],[7.906,45.334],[7.866,45.343],[7.824,45.341],[7.806,45.361],[7.765,45.366],[7.738,45.342],[7.732,45.322]]],[[[7.733,44.084],[7.753,44.084],[7.755,44.085],[7.733,44.084]]],[[[7.749,50.978],[7.778,50.973],[7.776,50.98],[7.749,50.978]]],[[[7.771,51.413],[7.815,51.403],[7.792,51.417],[7.771,51.413]]],[[[7.775,51.316],[7.812,51.287],[7.81,51.289],[7.811,51.29],[7.802,51.295],[7.775,51.316]]],[[[7.775,51.316],[7.777,51.336],[7.787,51.341],[7.777,51.338],[7.775,51.316]]],[[[7.791,51.268],[7.859,51.246],[7.912,51.251],[7.911,51.251],[7.791,51.268]]],[[[7.8,44.038],[7.807,44.011],[7.81,44.01],[7.8,44.038]]],[[[7.801,51.146],[7.837,51.125],[7.837,51.128],[7.802,51.146],[7.801,51.146]]],[[[7.801,51.146],[7.863,51.167],[7.857,51.165],[7.801,51.146]]],[[[7.808,44.127],[7.815,44.124],[7.882,44.114],[7.808,44.127]]],[[[7.811,44.006],[7.828,43.997],[7.848,43.984],[7.85,43.973],[7.848,43.987],[7.811,44.006]]],[[[7.82,51.109],[7.821,51.075],[7.836,51.124],[7.837,51.125],[7.82,51.109]]],[[[7.833,51.539],[7.849,51.559],[7.913,51.578],[7.845,51.558],[7.833,51.539]]],[[[7.841,51.478],[7.854,51.487],[7.849,51.497],[7.849,51.498],[7.841,51.478]]],[[[7.843,43.948],[7.845,43.945],[7.87,43.935],[7.873,43.936],[7.843,43.948]]],[[[7.861,45.91],[7.867,45.906],[7.868,45.905],[7.868,45.906],[7.861,45.91]]],[[[7.865,51.168],[7.901,51.171],[7.911,51.181],[7.95,51.176],[7.909,51.183],[7.865,51.168]]],[[[7.871,45.864],[7.872,45.852],[7.874,45.855],[7.871,45.864]]],[[[7.886,45.759],[7.888,45.758],[7.889,45.757],[7.93,45.74],[7.931,45.742],[7.886,45.759]]],[[[7.902,44.039],[7.926,44.025],[7.925,44.026],[7.926,44.027],[7.902,44.039]]],[[[7.912,51.251],[7.925,51.243],[7.918,51.25],[7.912,51.251]]],[[[7.913,51.584],[7.914,51.584],[7.924,51.624],[7.914,51.616],[7.913,51.584]]],[[[7.914,44.005],[7.926,43.999],[7.975,44.02],[7.927,44],[7.917,44.004],[7.924,44.021],[7.914,44.005]]],[[[7.918,44.706],[8.008,44.733],[8.028,44.799],[8.022,44.804],[7.986,44.77],[7.99,44.74],[8.001,44.731],[7.918,44.706]]],[[[7.925,51.625],[7.936,51.603],[7.932,51.63],[7.925,51.625]]],[[[7.927,45.735],[7.938,45.725],[7.928,45.736],[7.927,45.735]]],[[[7.929,45.997],[7.989,45.996],[8.001,46.012],[8.013,46.016],[8.016,46.033],[8.034,46.044],[8.025,46.063],[7.974,46.025],[7.929,45.997]]],[[[7.93,51.206],[7.95,51.176],[7.932,51.208],[7.93,51.206]]],[[[7.938,51.593],[7.942,51.592],[7.946,51.584],[7.976,51.588],[7.938,51.593]]],[[[7.939,51.215],[7.949,51.223],[7.947,51.225],[7.939,51.215]]],[[[7.971,44.113],[8.007,44.102],[8.012,44.111],[8.009,44.106],[8.005,44.103],[7.971,44.113]]],[[[7.979,44.136],[7.999,44.128],[7.98,44.138],[7.979,44.136]]],[[[7.98,44.138],[8.014,44.156],[7.983,44.141],[7.98,44.138]]],[[[7.985,51.531],[8.006,51.531],[7.987,51.535],[7.985,51.531]]],[[[8.003,44.117],[8.013,44.12],[8.01,44.122],[8.011,44.121],[8.008,44.119],[8.003,44.117]]],[[[8.005,44],[8.007,43.999],[8.008,44],[8.005,44]]],[[[8.005,44.114],[8.009,44.113],[8.006,44.115],[8.005,44.114]]],[[[8.021,45.11],[8.045,45.088],[8.05,45.088],[8.058,45.072],[8.03,45.131],[8.03,45.13],[8.022,45.124],[8.021,45.11]]],[[[8.043,44.143],[8.067,44.145],[8.068,44.146],[8.043,44.143]]],[[[8.063,44.253],[8.102,44.281],[8.089,44.275],[8.063,44.253]]],[[[8.067,44.215],[8.076,44.204],[8.068,44.227],[8.07,44.221],[8.067,44.215]]],[[[8.077,46.294],[8.089,46.269],[8.128,46.294],[8.077,46.294]]],[[[8.083,44.089],[8.098,44.074],[8.084,44.09],[8.083,44.089]]],[[[8.086,46.109],[8.11,46.113],[8.115,46.13],[8.154,46.146],[8.151,46.165],[8.165,46.183],[8.153,46.191],[8.139,46.226],[8.115,46.236],[8.107,46.25],[8.096,46.253],[8.143,46.152],[8.086,46.109]]],[[[8.091,44.173],[8.151,44.165],[8.095,44.177],[8.092,44.173],[8.091,44.173]]],[[[8.096,45.738],[8.11,45.749],[8.12,45.753],[8.115,45.753],[8.096,45.738]]],[[[8.098,44.074],[8.117,44.072],[8.12,44.075],[8.098,44.074]]],[[[8.1,49.537],[8.101,49.537],[8.111,49.545],[8.1,49.537]]],[[[8.113,44.491],[8.174,44.502],[8.207,44.48],[8.244,44.474],[8.261,44.519],[8.113,44.491]]],[[[8.119,44.09],[8.134,44.085],[8.142,44.092],[8.141,44.093],[8.151,44.102],[8.139,44.104],[8.135,44.092],[8.119,44.09]]],[[[8.126,49.557],[8.152,49.542],[8.156,49.544],[8.135,49.562],[8.127,49.557],[8.126,49.557]]],[[[8.138,44.152],[8.151,44.141],[8.144,44.135],[8.153,44.142],[8.138,44.152]]],[[[8.138,44.152],[8.157,44.158],[8.152,44.16],[8.138,44.152]]],[[[8.143,44.126],[8.148,44.113],[8.144,44.135],[8.145,44.129],[8.143,44.126]]],[[[8.149,51.526],[8.238,51.522],[8.241,51.529],[8.247,51.53],[8.155,51.526],[8.207,51.528],[8.219,51.523],[8.149,51.526]]],[[[8.155,45.752],[8.163,45.75],[8.178,45.751],[8.182,45.751],[8.155,45.752]]],[[[8.158,46.297],[8.16,46.296],[8.199,46.302],[8.216,46.318],[8.158,46.297]]],[[[8.159,44.159],[8.175,44.141],[8.179,44.141],[8.165,44.155],[8.161,44.157],[8.159,44.159]]],[[[8.169,44.139],[8.185,44.136],[8.191,44.129],[8.194,44.131],[8.192,44.134],[8.174,44.141],[8.169,44.139]]],[[[8.17,44.214],[8.178,44.197],[8.177,44.189],[8.179,44.202],[8.17,44.214]]],[[[8.177,44.189],[8.183,44.186],[8.185,44.182],[8.188,44.184],[8.177,44.189]]],[[[8.205,51.609],[8.219,51.605],[8.22,51.605],[8.205,51.609]]],[[[8.226,51.555],[8.247,51.545],[8.228,51.559],[8.239,51.582],[8.23,51.592],[8.226,51.555]]],[[[8.232,44.295],[8.255,44.3],[8.267,44.352],[8.254,44.3],[8.232,44.295]]],[[[8.282,46.364],[8.284,46.364],[8.313,46.377],[8.316,46.398],[8.308,46.401],[8.289,46.39],[8.282,46.364]]],[[[8.289,44.367],[8.318,44.343],[8.316,44.345],[8.316,44.346],[8.289,44.367]]],[[[8.305,44.257],[8.313,44.262],[8.319,44.271],[8.305,44.257]]],[[[8.331,44.289],[8.338,44.299],[8.339,44.32],[8.331,44.289]]],[[[8.387,51.969],[8.403,51.958],[8.389,51.942],[8.4,51.942],[8.4,51.941],[8.405,51.959],[8.387,51.969]]],[[[8.429,51.67],[8.431,51.668],[8.438,51.673],[8.429,51.67]]],[[[8.447,44.499],[8.45,44.502],[8.448,44.499],[8.451,44.503],[8.469,44.522],[8.447,44.499]]],[[[8.448,44.499],[8.462,44.488],[8.461,44.493],[8.448,44.499]]],[[[8.45,46.462],[8.462,46.451],[8.524,46.475],[8.539,46.467],[8.557,46.478],[8.558,46.491],[8.582,46.499],[8.703,46.474],[8.711,46.458],[8.705,46.445],[8.736,46.429],[8.744,46.406],[8.778,46.397],[8.655,46.531],[8.45,46.462]]],[[[8.472,44.519],[8.474,44.511],[8.48,44.511],[8.472,44.519]]],[[[8.472,51.686],[8.493,51.683],[8.475,51.687],[8.472,51.686]]],[[[8.473,51.565],[8.476,51.561],[8.476,51.566],[8.473,51.565]]],[[[8.48,44.511],[8.543,44.508],[8.55,44.504],[8.568,44.507],[8.576,44.507],[8.48,44.511]]],[[[8.494,51.539],[8.511,51.516],[8.52,51.491],[8.505,51.533],[8.494,51.539]]],[[[8.496,52.356],[8.538,52.313],[8.505,52.348],[8.503,52.354],[8.497,52.356],[8.496,52.356]]],[[[8.519,51.677],[8.556,51.665],[8.557,51.665],[8.552,51.67],[8.519,51.677]]],[[[8.531,51.595],[8.587,51.617],[8.579,51.637],[8.563,51.657],[8.575,51.641],[8.578,51.619],[8.531,51.595]]],[[[8.538,41.948],[8.552,41.911],[8.557,41.918],[8.542,41.949],[8.538,41.948]]],[[[8.55,52.3],[8.561,52.289],[8.562,52.292],[8.55,52.3]]],[[[8.551,45.168],[8.554,45.16],[8.554,45.161],[8.557,45.167],[8.551,45.168]]],[[[8.554,45.16],[8.555,45.157],[8.58,45.153],[8.568,45.155],[8.554,45.16]]],[[[8.554,52.261],[8.56,52.24],[8.561,52.264],[8.554,52.261]]],[[[8.566,52.217],[8.567,52.215],[8.655,52.192],[8.61,52.204],[8.566,52.217]]],[[[8.573,42.445],[8.598,42.455],[8.597,42.472],[8.573,42.445]]],[[[8.581,45.151],[8.592,45.131],[8.583,45.15],[8.581,45.151]]],[[[8.599,44.566],[8.6,44.556],[8.6,44.558],[8.599,44.566]]],[[[8.6,44.553],[8.61,44.546],[8.612,44.548],[8.6,44.554],[8.6,44.553]]],[[[8.6,44.558],[8.619,44.577],[8.621,44.585],[8.62,44.584],[8.6,44.558]]],[[[8.607,44.583],[8.617,44.587],[8.621,44.586],[8.623,44.597],[8.617,44.6],[8.621,44.589],[8.607,44.583]]],[[[8.612,44.616],[8.616,44.603],[8.616,44.605],[8.618,44.608],[8.612,44.616]]],[[[8.637,45.067],[8.647,45.055],[8.647,45.056],[8.637,45.067]]],[[[8.638,45.049],[8.641,45.044],[8.64,45.046],[8.646,45.054],[8.647,45.055],[8.638,45.049]]],[[[8.644,51.48],[8.678,51.475],[8.654,51.481],[8.644,51.48]]],[[[8.646,42.065],[8.651,42.057],[8.659,42.062],[8.646,42.065]]],[[[8.648,52.175],[8.67,52.171],[8.66,52.173],[8.652,52.184],[8.655,52.192],[8.648,52.175]]],[[[8.672,52.157],[8.675,52.14],[8.682,52.143],[8.672,52.157]]],[[[8.678,51.475],[8.761,51.454],[8.766,51.447],[8.787,51.454],[8.849,51.469],[8.774,51.451],[8.678,51.475]]],[[[8.694,44.582],[8.697,44.58],[8.725,44.579],[8.694,44.582]]],[[[8.708,52.157],[8.715,52.16],[8.713,52.161],[8.708,52.157]]],[[[8.725,44.579],[8.739,44.55],[8.749,44.55],[8.725,44.579]]],[[[8.727,41.561],[8.736,41.555],[8.732,41.564],[8.727,41.561]]],[[[8.749,44.55],[8.752,44.526],[8.765,44.53],[8.749,44.55]]],[[[8.765,44.53],[8.771,44.489],[8.786,44.488],[8.772,44.489],[8.765,44.53]]],[[[8.794,52.202],[8.827,52.22],[8.798,52.209],[8.794,52.202]]],[[[8.795,44.523],[8.8,44.502],[8.798,44.525],[8.828,44.546],[8.802,44.533],[8.795,44.523]]],[[[8.834,52.218],[8.85,52.21],[8.848,52.214],[8.834,52.218]]],[[[8.853,51.476],[8.881,51.485],[8.859,51.488],[8.853,51.476]]],[[[8.861,52.191],[8.871,52.167],[8.875,52.166],[8.861,52.191]]],[[[8.952,51.808],[8.964,51.784],[9.01,51.797],[8.952,51.808]]],[[[8.964,52.279],[8.985,52.285],[8.985,52.286],[8.964,52.279]]],[[[8.976,52.264],[8.979,52.262],[9.066,52.236],[9.069,52.232],[9.043,52.225],[9.077,52.234],[8.976,52.264]]],[[[8.991,52.194],[9.026,52.187],[8.991,52.196],[8.991,52.194]]],[[[8.998,52.326],[9.069,52.348],[9.048,52.342],[9.031,52.345],[9.014,52.331],[8.998,52.326]]],[[[9.024,41.421],[9.039,41.369],[9.057,41.366],[9.043,41.383],[9.032,41.418],[9.024,41.421]]],[[[9.032,52.186],[9.046,52.183],[9.043,52.225],[9.043,52.222],[9.036,52.22],[9.039,52.185],[9.032,52.186]]],[[[9.14,47.665],[9.17,47.656],[9.177,47.655],[9.185,47.655],[9.178,47.664],[9.14,47.665]]],[[[9.166,44.693],[9.2,44.686],[9.203,44.686],[9.166,44.693]]],[[[9.169,52.932],[9.19,52.937],[9.184,52.985],[9.179,52.935],[9.169,52.932]]],[[[9.218,44.686],[9.243,44.687],[9.232,44.702],[9.239,44.687],[9.218,44.686]]],[[[9.251,51.775],[9.255,51.77],[9.253,51.768],[9.286,51.735],[9.251,51.775]]],[[[9.271,42.883],[9.272,42.862],[9.276,42.869],[9.273,42.89],[9.271,42.883]]],[[[9.276,42.803],[9.279,42.753],[9.287,42.75],[9.287,42.786],[9.276,42.803]]],[[[9.285,42.926],[9.297,42.941],[9.295,42.957],[9.285,42.926]]],[[[9.335,53.238],[9.364,53.201],[9.341,53.136],[9.365,53.2],[9.335,53.238]]],[[[9.366,44.69],[9.403,44.643],[9.399,44.655],[9.366,44.69]]],[[[9.396,44.61],[9.417,44.596],[9.421,44.574],[9.409,44.56],[9.423,44.575],[9.421,44.593],[9.397,44.613],[9.398,44.616],[9.406,44.634],[9.404,44.641],[9.404,44.642],[9.396,44.61]]],[[[9.442,44.419],[9.443,44.417],[9.464,44.425],[9.452,44.421],[9.442,44.419]]],[[[9.446,45.761],[9.457,45.745],[9.447,45.731],[9.459,45.702],[9.451,45.684],[9.486,45.667],[9.497,45.631],[9.515,45.626],[9.539,45.582],[9.56,45.596],[9.563,45.594],[9.695,45.78],[9.582,45.893],[9.57,46.024],[9.553,46.015],[9.491,46.012],[9.503,45.97],[9.53,45.961],[9.54,45.946],[9.51,45.876],[9.467,45.849],[9.475,45.841],[9.473,45.825],[9.493,45.807],[9.495,45.793],[9.484,45.793],[9.475,45.783],[9.45,45.783],[9.468,45.767],[9.446,45.761]]],[[[9.464,44.425],[9.479,44.409],[9.472,44.424],[9.466,44.423],[9.464,44.425]]],[[[9.48,44.563],[9.505,44.529],[9.49,44.55],[9.493,44.556],[9.48,44.563]]],[[[9.502,49.263],[9.538,49.257],[9.556,49.272],[9.523,49.281],[9.502,49.263]]],[[[9.56,45.374],[9.59,45.355],[9.612,45.303],[9.603,45.296],[9.606,45.286],[9.625,45.298],[9.639,45.268],[9.659,45.292],[9.662,45.281],[9.651,45.275],[9.673,45.274],[9.683,45.266],[9.663,45.255],[9.686,45.265],[9.697,45.256],[9.734,45.271],[9.73,45.287],[9.737,45.302],[9.729,45.314],[9.735,45.33],[9.759,45.343],[9.787,45.346],[9.78,45.353],[9.791,45.355],[9.77,45.363],[9.767,45.377],[9.745,45.384],[9.749,45.405],[9.768,45.412],[9.771,45.437],[9.764,45.454],[9.73,45.478],[9.75,45.483],[9.756,45.5],[9.771,45.504],[9.768,45.515],[9.853,45.532],[9.877,45.475],[9.891,45.463],[9.886,45.371],[9.911,45.338],[10.008,45.295],[10.077,45.278],[10.126,45.247],[10.153,45.24],[10.222,45.229],[10.217,45.231],[10.227,45.24],[10.246,45.244],[10.251,45.253],[10.267,45.251],[10.284,45.228],[10.321,45.209],[10.312,45.199],[10.312,45.197],[10.309,45.192],[10.318,45.205],[10.344,45.204],[10.344,45.211],[10.361,45.215],[10.384,45.193],[10.374,45.185],[10.391,45.183],[10.404,45.169],[10.396,45.195],[10.423,45.184],[10.451,45.187],[10.458,45.174],[10.486,45.18],[10.479,45.188],[10.488,45.19],[10.483,45.194],[10.505,45.216],[10.495,45.219],[10.495,45.228],[10.513,45.241],[10.514,45.258],[10.504,45.275],[10.435,45.274],[10.424,45.297],[10.429,45.321],[10.466,45.325],[10.465,45.335],[10.504,45.305],[10.539,45.312],[10.577,45.36],[9.998,45.401],[9.922,45.666],[9.846,45.704],[9.602,45.568],[9.632,45.558],[9.673,45.564],[9.69,45.549],[9.695,45.507],[9.724,45.495],[9.699,45.46],[9.69,45.459],[9.682,45.441],[9.662,45.437],[9.642,45.457],[9.579,45.439],[9.585,45.423],[9.568,45.415],[9.56,45.374]]],[[[9.666,49.929],[9.706,49.907],[9.687,49.9],[9.735,49.914],[9.72,49.93],[9.666,49.929]]],[[[9.676,49.693],[9.732,49.688],[9.737,49.692],[9.74,49.688],[9.711,49.727],[9.755,49.75],[9.724,49.744],[9.7,49.717],[9.677,49.716],[9.676,49.693]]],[[[9.682,50.748],[9.72,50.745],[9.722,50.764],[9.7,50.77],[9.682,50.748]]],[[[9.687,49.317],[9.756,49.318],[9.776,49.28],[9.707,49.283],[9.737,49.251],[9.802,49.255],[9.816,49.273],[9.806,49.281],[9.864,49.326],[9.841,49.314],[9.798,49.333],[9.687,49.317]]],[[[9.687,49.317],[9.719,49.324],[9.717,49.329],[9.738,49.338],[9.687,49.317]]],[[[9.687,49.9],[9.701,49.889],[9.739,49.888],[9.687,49.9]]],[[[9.689,44.365],[9.699,44.366],[9.719,44.355],[9.729,44.328],[9.756,44.321],[9.781,44.294],[9.748,44.254],[9.759,44.234],[9.754,44.22],[9.765,44.212],[9.763,44.206],[9.802,44.206],[9.821,44.225],[9.825,44.198],[9.852,44.197],[9.866,44.183],[9.891,44.208],[9.909,44.208],[9.915,44.199],[9.933,44.196],[9.892,44.167],[9.974,44.167],[9.981,44.143],[9.975,44.138],[9.995,44.119],[9.994,44.105],[9.984,44.099],[9.993,44.093],[10.005,44.111],[10.028,44.119],[10.054,44.109],[10.047,44.115],[10.06,44.13],[10.137,44.119],[10.151,44.107],[10.19,44.122],[10.214,44.119],[10.233,44.107],[10.243,44.086],[10.224,44.052],[10.2,44.035],[10.185,44.039],[10.168,44.033],[10.149,44.012],[10.151,43.988],[10.096,43.959],[10.047,43.991],[10.039,43.993],[10.137,43.905],[10.205,43.817],[10.184,43.871],[10.167,43.893],[10.222,43.916],[10.279,43.962],[10.276,43.957],[10.356,43.975],[10.35,43.985],[10.364,43.994],[10.391,44.001],[10.418,43.991],[10.467,44.002],[10.473,44.011],[10.461,44.022],[10.467,44.028],[10.447,44.035],[10.428,44.024],[10.409,44.052],[10.436,44.074],[10.447,44.07],[10.462,44.046],[10.483,44.037],[10.497,44.04],[10.511,44.062],[10.53,44.074],[10.545,44.107],[10.573,44.12],[10.587,44.117],[10.58,44.13],[10.599,44.145],[10.559,44.167],[10.542,44.15],[10.527,44.156],[10.52,44.167],[10.523,44.175],[10.485,44.205],[10.484,44.223],[10.464,44.231],[10.427,44.229],[10.381,44.264],[10.318,44.276],[10.308,44.284],[10.251,44.272],[10.225,44.3],[10.208,44.303],[10.199,44.321],[10.185,44.321],[10.143,44.354],[10.099,44.346],[10.021,44.383],[9.99,44.404],[10.007,44.431],[10.001,44.444],[9.981,44.445],[9.971,44.465],[9.924,44.473],[9.819,44.466],[9.817,44.452],[9.756,44.407],[9.754,44.392],[9.76,44.39],[9.744,44.389],[9.745,44.381],[9.718,44.383],[9.689,44.365]]],[[[9.72,50.816],[9.739,50.809],[9.729,50.82],[9.72,50.816]]],[[[9.73,49.352],[9.738,49.338],[9.738,49.349],[9.761,49.343],[9.73,49.352]]],[[[9.742,50.808],[9.749,50.804],[9.744,50.778],[9.777,50.752],[9.81,50.778],[9.807,50.796],[9.823,50.796],[9.829,50.791],[9.795,50.821],[9.742,50.808]]],[[[9.764,50.074],[9.766,50.061],[9.793,50.054],[9.799,50.076],[9.764,50.074]]],[[[9.829,50.791],[9.883,50.79],[9.927,50.768],[9.944,50.774],[9.944,50.771],[9.956,50.815],[9.944,50.819],[9.899,50.817],[9.896,50.79],[9.829,50.791]]],[[[9.83,49.373],[9.849,49.349],[9.839,49.378],[9.83,49.373]]],[[[9.838,49.918],[9.89,49.926],[9.89,49.965],[9.857,49.969],[9.838,49.918]]],[[[9.856,50.349],[9.866,50.346],[9.858,50.353],[9.856,50.349]]],[[[9.859,49.377],[9.868,49.38],[9.866,49.385],[9.859,49.377]]],[[[9.861,50.052],[9.866,50.051],[9.868,50.045],[9.91,50.043],[9.861,50.052]]],[[[9.861,50.573],[9.864,50.539],[9.924,50.518],[9.929,50.543],[9.908,50.542],[9.902,50.556],[9.987,50.582],[10.018,50.521],[10.015,50.528],[10.015,50.538],[9.982,50.603],[9.997,50.619],[10.026,50.618],[10.044,50.598],[10.048,50.587],[10.054,50.552],[10.053,50.549],[10.059,50.559],[10.038,50.614],[10.081,50.62],[10.102,50.64],[10.077,50.638],[10.051,50.674],[9.958,50.667],[9.955,50.589],[9.916,50.585],[9.917,50.605],[9.898,50.592],[9.918,50.569],[9.861,50.573]]],[[[9.864,50.363],[9.876,50.369],[9.884,50.399],[9.864,50.363]]],[[[9.864,50.449],[9.871,50.431],[9.917,50.415],[9.993,50.452],[9.946,50.501],[9.957,50.485],[9.864,50.449]]],[[[9.875,49.256],[9.943,49.259],[9.915,49.27],[9.875,49.256]]],[[[9.876,49.24],[9.904,49.234],[9.921,49.236],[9.876,49.24]]],[[[9.888,49.387],[9.936,49.355],[9.978,49.378],[10.02,49.372],[10.022,49.351],[10.052,49.328],[10.049,49.317],[9.976,49.31],[10.025,49.314],[10.06,49.311],[10.06,49.294],[10.04,49.296],[10.037,49.259],[10.059,49.247],[10.085,49.257],[10.182,49.226],[10.253,49.232],[10.302,49.256],[10.296,49.263],[10.331,49.292],[10.275,49.246],[10.214,49.272],[10.221,49.289],[10.243,49.293],[10.239,49.313],[10.277,49.336],[10.271,49.338],[10.257,49.403],[10.27,49.405],[10.307,49.433],[10.255,49.459],[10.171,49.484],[10.173,49.468],[10.095,49.462],[10.089,49.449],[10.143,49.429],[10.116,49.422],[10.064,49.447],[10.055,49.434],[10.021,49.443],[10.009,49.425],[9.986,49.431],[10.038,49.402],[9.969,49.397],[9.924,49.373],[9.888,49.387]]],[[[9.9,49.671],[9.932,49.667],[9.916,49.647],[9.928,49.623],[9.953,49.623],[9.963,49.658],[9.951,49.675],[9.963,49.686],[10.031,49.676],[10.024,49.697],[9.949,49.709],[9.93,49.685],[9.906,49.685],[9.9,49.671]]],[[[9.912,50.232],[9.917,50.204],[9.968,50.201],[9.92,50.214],[9.912,50.232]]],[[[9.914,50.33],[9.932,50.324],[9.924,50.327],[9.929,50.33],[9.914,50.33]]],[[[9.915,49.492],[9.96,49.472],[9.915,49.495],[9.915,49.492]]],[[[9.916,49.5],[9.917,49.503],[9.925,49.533],[9.923,49.545],[9.916,49.5]]],[[[9.92,49.323],[9.928,49.312],[9.924,49.322],[9.976,49.31],[9.92,49.323]]],[[[9.943,49.239],[9.99,49.244],[9.988,49.246],[9.985,49.244],[9.943,49.239]]],[[[9.943,49.259],[9.99,49.261],[9.95,49.281],[9.955,49.273],[9.943,49.259]]],[[[9.946,50.501],[9.971,50.527],[9.964,50.53],[9.946,50.501]]],[[[9.951,49.436],[9.954,49.433],[9.962,49.436],[9.951,49.436]]],[[[9.972,49.481],[9.993,49.446],[9.974,49.481],[9.972,49.481]]],[[[9.973,50.778],[10.043,50.756],[9.978,50.779],[9.973,50.778]]],[[[9.983,49.482],[10.011,49.483],[10.019,49.488],[9.983,49.482]]],[[[10.003,49.238],[10.031,49.206],[10.019,49.229],[10.003,49.238]]],[[[10.005,44.023],[10.006,44.023],[10.033,44.065],[10.025,44.054],[10.005,44.023]]],[[[10.02,49.489],[10.053,49.51],[10.046,49.52],[10.023,49.491],[10.02,49.489]]],[[[10.033,44.065],[10.069,44.089],[10.068,44.094],[10.068,44.091],[10.044,44.073],[10.033,44.065]]],[[[10.039,50.524],[10.044,50.524],[10.041,50.516],[10.054,50.525],[10.073,50.527],[10.039,50.524]]],[[[10.042,49.719],[10.061,49.703],[10.113,49.734],[10.042,49.719]]],[[[10.043,50.756],[10.046,50.732],[10.051,50.729],[10.043,50.756]]],[[[10.061,49.647],[10.148,49.649],[10.179,49.687],[10.123,49.696],[10.133,49.694],[10.097,49.655],[10.061,49.647]]],[[[10.062,49.545],[10.091,49.539],[10.068,49.544],[10.064,49.546],[10.064,49.545],[10.062,49.545]]],[[[10.065,44.101],[10.067,44.098],[10.067,44.099],[10.065,44.101]]],[[[10.072,49.588],[10.174,49.582],[10.165,49.569],[10.183,49.544],[10.107,49.535],[10.125,49.531],[10.292,49.566],[10.325,49.564],[10.321,49.534],[10.359,49.534],[10.4,49.488],[10.372,49.483],[10.387,49.465],[10.412,49.474],[10.432,49.504],[10.384,49.525],[10.384,49.542],[10.491,49.596],[10.537,49.596],[10.524,49.62],[10.486,49.632],[10.561,49.677],[10.606,49.682],[10.609,49.697],[10.588,49.695],[10.589,49.709],[10.511,49.71],[10.48,49.706],[10.523,49.743],[10.477,49.76],[10.481,49.776],[10.463,49.786],[10.503,49.8],[10.567,49.774],[10.609,49.774],[10.594,49.788],[10.605,49.807],[10.631,49.802],[10.631,49.801],[10.65,49.821],[10.601,49.856],[10.627,49.876],[10.626,49.891],[10.6,49.89],[10.578,49.859],[10.556,49.865],[10.567,49.884],[10.53,49.883],[10.49,49.868],[10.462,49.875],[10.407,49.78],[10.387,49.785],[10.424,49.757],[10.404,49.745],[10.488,49.718],[10.395,49.673],[10.402,49.676],[10.441,49.662],[10.458,49.633],[10.397,49.607],[10.383,49.614],[10.347,49.67],[10.381,49.684],[10.408,49.693],[10.35,49.69],[10.395,49.711],[10.384,49.706],[10.359,49.718],[10.317,49.733],[10.374,49.704],[10.304,49.694],[10.226,49.665],[10.228,49.651],[10.184,49.652],[10.187,49.679],[10.162,49.622],[10.174,49.598],[10.202,49.604],[10.223,49.584],[10.072,49.588]]],[[[10.081,50.482],[10.087,50.476],[10.121,50.482],[10.114,50.5],[10.117,50.492],[10.112,50.481],[10.081,50.482]]],[[[10.09,50.569],[10.094,50.548],[10.094,50.551],[10.1,50.555],[10.129,50.555],[10.139,50.543],[10.15,50.549],[10.138,50.555],[10.194,50.555],[10.221,50.538],[10.227,50.517],[10.221,50.539],[10.235,50.555],[10.26,50.548],[10.263,50.571],[10.235,50.59],[10.187,50.593],[10.182,50.617],[10.144,50.618],[10.14,50.579],[10.09,50.569]]],[[[10.114,50.5],[10.14,50.503],[10.13,50.502],[10.121,50.502],[10.121,50.501],[10.114,50.5]]],[[[10.115,50.45],[10.116,50.449],[10.177,50.445],[10.115,50.45]]],[[[10.129,49.901],[10.141,49.869],[10.187,49.873],[10.172,49.904],[10.129,49.901]]],[[[10.14,50.503],[10.16,50.486],[10.151,50.494],[10.144,50.503],[10.14,50.503]]],[[[10.166,50.03],[10.235,50.014],[10.269,50.058],[10.257,50.086],[10.295,50.112],[10.269,50.132],[10.323,50.14],[10.262,50.14],[10.237,50.122],[10.228,50.074],[10.201,50.07],[10.166,50.03]]],[[[10.176,50.473],[10.185,50.465],[10.192,50.47],[10.176,50.473]]],[[[10.2,50.5],[10.203,50.478],[10.229,50.496],[10.252,50.484],[10.257,50.463],[10.248,50.432],[10.255,50.456],[10.269,50.477],[10.325,50.492],[10.325,50.493],[10.231,50.516],[10.23,50.511],[10.2,50.5]]],[[[10.212,43.808],[10.309,43.829],[10.32,43.827],[10.381,43.813],[10.307,43.83],[10.212,43.808]]],[[[10.225,50.423],[10.232,50.42],[10.237,50.428],[10.225,50.423]]],[[[10.251,47.954],[10.257,47.952],[10.256,47.956],[10.251,47.954]]],[[[10.265,47.9],[10.27,47.896],[10.272,47.888],[10.265,47.918],[10.265,47.9]]],[[[10.272,49.853],[10.275,49.834],[10.29,49.832],[10.313,49.845],[10.299,49.858],[10.272,49.853]]],[[[10.274,49.885],[10.313,49.884],[10.292,49.92],[10.274,49.885]]],[[[10.278,49.335],[10.301,49.316],[10.307,49.324],[10.278,49.335]]],[[[10.279,47.732],[10.288,47.707],[10.316,47.697],[10.338,47.719],[10.337,47.762],[10.279,47.732]]],[[[10.284,49.798],[10.317,49.733],[10.299,49.778],[10.367,49.79],[10.357,49.792],[10.37,49.816],[10.356,49.824],[10.284,49.798]]],[[[10.305,49.313],[10.331,49.292],[10.33,49.305],[10.311,49.309],[10.305,49.313]]],[[[10.313,45.188],[10.356,45.165],[10.378,45.139],[10.364,45.162],[10.313,45.19],[10.313,45.188]]],[[[10.345,49.227],[10.349,49.226],[10.348,49.226],[10.427,49.223],[10.345,49.227]]],[[[10.345,49.227],[10.389,49.261],[10.388,49.261],[10.377,49.252],[10.345,49.227]]],[[[10.355,47.866],[10.356,47.868],[10.363,47.869],[10.362,47.888],[10.355,47.866]]],[[[10.358,51.112],[10.611,51.046],[10.78,50.845],[10.628,50.725],[10.575,50.741],[10.711,50.699],[10.635,50.675],[10.67,50.635],[10.707,50.667],[10.847,50.652],[10.882,50.751],[10.902,50.758],[10.918,50.744],[10.937,50.766],[10.978,50.758],[10.962,50.681],[10.895,50.651],[10.871,50.518],[10.872,50.522],[11.032,50.712],[11.285,50.779],[11.222,50.879],[11.246,50.875],[11.208,50.882],[11.211,50.871],[11.176,50.867],[11.121,50.899],[11.044,50.884],[11.015,50.861],[10.995,50.874],[11.007,50.895],[11.055,50.896],[11.055,50.91],[10.98,50.904],[10.97,50.922],[11.023,50.929],[11,50.948],[10.939,50.947],[10.896,50.923],[10.873,50.932],[10.897,50.945],[10.894,50.961],[10.827,50.951],[10.832,50.99],[10.781,50.986],[10.809,51],[10.889,50.995],[10.913,51.012],[10.87,51.028],[10.869,51.058],[10.831,51.073],[10.838,51.095],[10.91,51.089],[10.93,51.095],[10.865,51.112],[10.696,51.112],[10.696,51.179],[10.865,51.179],[10.527,51.246],[10.358,51.112]],[[10.77,50.858],[10.819,50.889],[10.821,50.921],[10.86,50.916],[10.87,50.871],[10.85,50.841],[10.785,50.844],[10.77,50.858]]],[[[10.372,50.432],[10.404,50.425],[10.374,50.434],[10.372,50.432]]],[[[10.378,45.139],[10.389,45.143],[10.387,45.144],[10.378,45.139]]],[[[10.395,49.711],[10.403,49.715],[10.401,49.719],[10.395,49.711]]],[[[10.411,45.087],[10.415,45.074],[10.412,45.046],[10.417,45.088],[10.411,45.087]]],[[[10.412,45.044],[10.415,45.044],[10.42,45.041],[10.412,45.046],[10.412,45.044]]],[[[10.415,43.824],[10.419,43.828],[10.427,43.831],[10.439,43.808],[10.425,43.835],[10.415,43.824]]],[[[10.416,45.13],[10.418,45.13],[10.418,45.131],[10.416,45.13]]],[[[10.417,44.673],[10.448,44.719],[10.417,44.675],[10.417,44.673]]],[[[10.419,45.14],[10.42,45.137],[10.421,45.14],[10.437,45.144],[10.419,45.14]]],[[[10.42,45.041],[10.431,45.045],[10.445,45.046],[10.459,45.056],[10.42,45.041]]],[[[10.427,44.74],[10.448,44.719],[10.447,44.728],[10.428,44.741],[10.427,44.74]]],[[[10.43,44.766],[10.432,44.761],[10.435,44.754],[10.43,44.766]]],[[[10.431,49.424],[10.478,49.397],[10.585,49.392],[10.587,49.408],[10.524,49.416],[10.559,49.451],[10.47,49.451],[10.431,49.424]]],[[[10.439,43.808],[10.451,43.803],[10.451,43.802],[10.44,43.79],[10.442,43.787],[10.453,43.805],[10.439,43.808]]],[[[10.448,45.146],[10.479,45.145],[10.458,45.148],[10.448,45.146]]],[[[10.452,43.768],[10.501,43.753],[10.509,43.756],[10.532,43.759],[10.556,43.75],[10.533,43.76],[10.507,43.756],[10.452,43.768]]],[[[10.455,49.283],[10.461,49.282],[10.456,49.284],[10.455,49.283]]],[[[10.458,44.981],[10.511,44.983],[10.556,45.007],[10.567,45],[10.595,45.004],[10.561,44.994],[10.601,45.005],[10.602,45.012],[10.557,45.017],[10.558,45.024],[10.535,45.047],[10.534,45.045],[10.52,45.04],[10.511,45.018],[10.464,45.015],[10.458,44.981]]],[[[10.459,45.12],[10.492,45.132],[10.459,45.123],[10.459,45.12]]],[[[10.462,44.887],[10.472,44.877],[10.47,44.876],[10.491,44.883],[10.48,44.887],[10.489,44.904],[10.491,44.905],[10.49,44.905],[10.463,44.896],[10.462,44.887]]],[[[10.464,45.058],[10.488,45.056],[10.489,45.057],[10.494,45.057],[10.467,45.059],[10.464,45.058]]],[[[10.467,44.938],[10.477,44.936],[10.486,44.924],[10.472,44.944],[10.467,44.938]]],[[[10.473,44.945],[10.497,44.949],[10.484,44.947],[10.474,44.947],[10.473,44.945]]],[[[10.475,44.768],[10.49,44.787],[10.489,44.786],[10.485,44.784],[10.475,44.768]]],[[[10.475,49.267],[10.503,49.261],[10.481,49.273],[10.475,49.267]]],[[[10.479,44.853],[10.48,44.854],[10.483,44.854],[10.498,44.882],[10.479,44.853]]],[[[10.486,44.924],[10.503,44.917],[10.491,44.911],[10.491,44.905],[10.508,44.915],[10.514,44.913],[10.522,44.91],[10.486,44.924]]],[[[10.49,45.082],[10.494,45.057],[10.493,45.064],[10.495,45.068],[10.491,45.082],[10.49,45.082]]],[[[10.492,45.082],[10.498,45.075],[10.533,45.075],[10.492,45.082]]],[[[10.495,44.789],[10.529,44.799],[10.531,44.806],[10.495,44.789]]],[[[10.497,44.949],[10.51,44.972],[10.507,44.972],[10.497,44.949]]],[[[10.498,44.882],[10.583,44.877],[10.578,44.879],[10.498,44.882]]],[[[10.521,49.258],[10.581,49.246],[10.577,49.247],[10.578,49.251],[10.521,49.258]]],[[[10.521,50.09],[10.574,50.051],[10.622,50.039],[10.539,50.024],[10.659,50.041],[10.684,50.054],[10.68,50.052],[10.657,50.061],[10.655,50.056],[10.636,50.069],[10.572,50.095],[10.521,50.09]]],[[[10.525,44.911],[10.529,44.91],[10.568,44.925],[10.525,44.911]]],[[[10.527,44.974],[10.561,44.994],[10.55,44.988],[10.531,44.981],[10.527,44.974]]],[[[10.528,49.897],[10.595,49.922],[10.597,49.924],[10.528,49.897]]],[[[10.53,44.817],[10.534,44.816],[10.538,44.831],[10.53,44.817]]],[[[10.531,45.051],[10.541,45.063],[10.533,45.075],[10.538,45.06],[10.531,45.051]]],[[[10.537,49.017],[10.611,48.919],[10.671,48.907],[10.613,48.97],[10.591,48.969],[10.587,48.998],[10.606,49.009],[10.583,49.032],[10.551,49.033],[10.537,49.017]]],[[[10.556,43.75],[10.597,43.76],[10.602,43.759],[10.61,43.755],[10.595,43.764],[10.556,43.75]]],[[[10.585,51.367],[10.619,51.379],[10.628,51.378],[10.633,51.362],[10.627,51.382],[10.585,51.367]]],[[[10.589,44.117],[10.604,44.114],[10.625,44.121],[10.612,44.117],[10.589,44.117]]],[[[10.603,49.941],[10.611,49.936],[10.606,49.931],[10.615,49.939],[10.607,49.948],[10.613,49.94],[10.603,49.941]]],[[[10.621,49.235],[10.735,49.245],[10.774,49.259],[10.78,49.28],[10.69,49.31],[10.652,49.299],[10.653,49.286],[10.671,49.287],[10.655,49.252],[10.621,49.235]]],[[[10.624,44.921],[10.627,44.923],[10.631,44.924],[10.642,44.914],[10.634,44.926],[10.636,44.93],[10.624,44.921]]],[[[10.625,44.121],[10.646,44.106],[10.665,44.11],[10.707,44.093],[10.723,44.082],[10.721,44.042],[10.736,44.038],[10.745,44.01],[10.727,43.984],[10.707,43.984],[10.689,43.995],[10.675,43.985],[10.71,43.955],[10.705,43.943],[10.662,43.927],[10.658,43.916],[10.673,43.87],[10.648,43.862],[10.651,43.854],[10.636,43.831],[10.671,43.815],[10.645,43.795],[10.662,43.806],[10.796,43.816],[10.899,44.064],[10.921,44.066],[10.943,44.081],[10.997,44.136],[11.017,44.134],[11.001,44.113],[11.008,44.104],[11.041,44.092],[11.09,44.09],[11.128,44.11],[11.246,44.098],[11.264,44.104],[11.255,44.119],[11.2,44.141],[11.201,44.146],[11.14,44.34],[11.289,44.373],[11.289,44.456],[11.173,44.606],[11.256,44.789],[11.274,44.803],[11.208,44.804],[11.134,44.787],[11.116,44.707],[11.074,44.648],[11.054,44.655],[11.049,44.642],[10.999,44.659],[10.985,44.657],[10.983,44.644],[10.991,44.638],[10.984,44.628],[11.005,44.629],[11.015,44.607],[11.043,44.587],[11.044,44.575],[11.057,44.571],[11.05,44.549],[11.066,44.5],[11.047,44.466],[10.99,44.44],[10.996,44.429],[11.038,44.427],[11.049,44.416],[11.025,44.369],[11.04,44.332],[11.034,44.315],[11.021,44.308],[10.953,44.297],[10.951,44.287],[10.97,44.26],[10.957,44.227],[10.94,44.225],[10.908,44.206],[10.897,44.207],[10.89,44.225],[10.85,44.228],[10.856,44.208],[10.821,44.182],[10.808,44.154],[10.813,44.116],[10.781,44.131],[10.758,44.153],[10.69,44.157],[10.663,44.153],[10.661,44.132],[10.641,44.129],[10.631,44.117],[10.625,44.121]]],[[[10.639,44.881],[10.649,44.903],[10.646,44.908],[10.647,44.906],[10.639,44.881]]],[[[10.641,44.853],[10.642,44.853],[10.686,44.878],[10.641,44.853]]],[[[10.645,44.862],[10.646,44.864],[10.646,44.865],[10.645,44.862]]],[[[10.652,44.962],[10.693,44.977],[10.682,44.973],[10.654,44.966],[10.652,44.962]]],[[[10.667,49.053],[10.672,49.048],[10.668,49.045],[10.695,49.028],[10.667,49.053]]],[[[10.682,49.465],[10.71,49.465],[10.754,49.433],[10.729,49.455],[10.747,49.456],[10.734,49.488],[10.713,49.494],[10.682,49.465]]],[[[10.682,51.384],[10.717,51.365],[10.714,51.367],[11.12,51.313],[11.289,51.313],[11.12,51.38],[11.29,51.513],[11.205,51.513],[10.982,51.469],[10.987,51.464],[10.968,51.467],[10.866,51.447],[10.866,51.483],[10.851,51.485],[10.801,51.523],[10.761,51.51],[10.754,51.489],[10.786,51.477],[10.769,51.437],[10.8,51.412],[10.767,51.391],[10.694,51.396],[10.682,51.384]]],[[[10.686,44.878],[10.731,44.886],[10.744,44.897],[10.769,44.882],[10.743,44.898],[10.729,44.886],[10.686,44.878]]],[[[10.689,44.965],[10.69,44.965],[10.691,44.97],[10.697,44.977],[10.693,44.976],[10.689,44.965]]],[[[10.696,42.923],[10.697,42.921],[10.735,42.978],[10.696,42.923]]],[[[10.698,44.964],[10.7,44.964],[10.714,44.987],[10.701,44.966],[10.698,44.964]]],[[[10.71,45.316],[10.731,45.316],[10.728,45.292],[10.737,45.287],[10.783,45.316],[10.83,45.285],[10.831,45.282],[10.824,45.353],[10.72,45.353],[10.71,45.345],[10.71,45.316]]],[[[10.713,42.897],[10.724,42.88],[10.728,42.89],[10.713,42.897]]],[[[10.714,44.987],[10.727,44.991],[10.726,44.992],[10.714,44.987]]],[[[10.714,48.899],[10.944,48.853],[10.948,48.86],[10.933,48.861],[10.955,48.881],[10.942,48.906],[10.977,48.927],[11.035,48.91],[10.988,48.924],[11.027,48.985],[10.918,49.029],[10.905,49.025],[10.916,49.012],[10.88,48.998],[10.909,48.945],[10.806,48.94],[10.796,48.916],[10.745,48.919],[10.714,48.899]]],[[[10.717,43.108],[10.722,43.084],[10.723,43.083],[10.717,43.108]]],[[[10.717,43.108],[10.738,43.145],[10.737,43.146],[10.717,43.108]]],[[[10.723,50.044],[10.754,50.03],[10.883,50.038],[10.741,50.036],[10.723,50.044]]],[[[10.726,43.081],[10.737,43.071],[10.779,43.067],[10.734,43.074],[10.726,43.081]]],[[[10.742,44.977],[10.744,44.949],[10.802,44.941],[10.8,44.943],[10.744,44.953],[10.742,44.977]]],[[[10.769,44.882],[10.77,44.882],[10.788,44.898],[10.787,44.898],[10.769,44.882]]],[[[10.796,49.92],[10.802,49.885],[10.845,49.908],[10.796,49.92]]],[[[10.825,44.896],[10.842,44.899],[10.874,44.905],[10.825,44.896]]],[[[10.835,44.936],[10.877,44.917],[10.875,44.918],[10.876,44.922],[10.864,44.93],[10.855,44.927],[10.835,44.936]]],[[[10.835,49.534],[10.855,49.525],[10.903,49.534],[10.875,49.529],[10.835,49.534]]],[[[10.856,50.512],[10.863,50.512],[10.867,50.516],[10.871,50.518],[10.856,50.512]]],[[[10.858,49.13],[10.921,49.134],[10.882,49.153],[10.858,49.13]]],[[[10.863,51.571],[10.87,51.535],[10.867,51.553],[10.867,51.575],[10.893,51.606],[10.863,51.571]]],[[[10.864,44.867],[10.872,44.866],[10.882,44.874],[10.864,44.867]]],[[[10.867,49.687],[10.874,49.673],[10.903,49.682],[10.867,49.687]]],[[[10.875,44.89],[10.882,44.874],[10.877,44.894],[10.875,44.89]]],[[[10.879,49.213],[10.917,49.191],[10.985,49.187],[10.907,49.197],[10.879,49.213]]],[[[10.884,49.06],[10.915,49.064],[10.89,49.087],[10.884,49.06]]],[[[10.886,44.91],[10.917,44.924],[10.888,44.915],[10.886,44.91]]],[[[10.913,42.709],[10.949,42.679],[10.939,42.696],[10.913,42.709]]],[[[10.933,49.353],[10.947,49.35],[10.936,49.333],[10.999,49.336],[10.968,49.347],[10.996,49.371],[10.993,49.395],[10.937,49.377],[10.933,49.353]]],[[[10.95,44.92],[10.951,44.933],[10.95,44.927],[10.95,44.92]]],[[[10.951,49.505],[10.985,49.52],[10.989,49.497],[11.012,49.494],[11.03,49.43],[11.059,49.414],[11.015,49.412],[10.975,49.455],[11.035,49.371],[11.107,49.374],[11.116,49.367],[11.1,49.334],[11.143,49.364],[11.194,49.34],[11.312,49.354],[11.356,49.322],[11.307,49.298],[11.255,49.323],[11.231,49.323],[11.231,49.306],[11.211,49.317],[11.177,49.283],[11.228,49.248],[11.203,49.226],[11.215,49.211],[11.067,49.154],[11.05,49.175],[11.073,49.099],[11.068,49.117],[11.278,49.184],[11.414,49.148],[11.323,49.143],[11.434,49.149],[11.485,49.108],[11.446,49.14],[11.527,49.118],[11.693,48.919],[12.109,48.985],[12.275,48.919],[12.274,48.787],[12.358,48.853],[12.524,48.853],[12.611,49.118],[12.861,49.118],[13.03,49.25],[12.532,49.515],[12.534,49.648],[12.368,49.714],[12.371,49.98],[12.266,50.064],[12.273,50.074],[12.246,50.039],[12.198,50.033],[12.192,50.001],[12.146,49.992],[12.116,50.031],[12.044,50.008],[12.076,49.995],[12.05,49.989],[11.922,49.984],[11.858,50.022],[11.796,50.009],[11.798,49.951],[11.716,49.924],[11.714,49.906],[11.73,49.899],[11.712,49.891],[11.736,49.876],[11.675,49.832],[11.686,49.805],[11.58,49.761],[11.574,49.704],[11.55,49.699],[11.567,49.676],[11.563,49.635],[11.423,49.62],[11.399,49.636],[11.406,49.648],[11.474,49.686],[11.464,49.718],[11.429,49.72],[11.435,49.732],[11.526,49.773],[11.517,49.811],[11.535,49.818],[11.48,49.844],[11.471,49.838],[11.496,49.805],[11.47,49.772],[11.477,49.758],[11.343,49.678],[11.271,49.684],[11.261,49.694],[11.279,49.675],[11.262,49.661],[11.25,49.676],[11.197,49.672],[11.147,49.645],[11.2,49.647],[11.173,49.612],[11.2,49.607],[11.177,49.59],[11.093,49.596],[11.122,49.581],[10.971,49.583],[10.962,49.574],[11.012,49.575],[11.022,49.556],[10.989,49.553],[10.951,49.505]],[[11.563,49.634],[11.596,49.606],[11.564,49.574],[11.54,49.602],[11.513,49.608],[11.517,49.627],[11.563,49.634]],[[11.339,49.58],[11.379,49.606],[11.403,49.595],[11.383,49.565],[11.339,49.58]],[[11.444,49.52],[11.518,49.513],[11.472,49.502],[11.444,49.52]],[[11.699,49.657],[11.82,49.688],[11.839,49.677],[11.851,49.691],[11.904,49.666],[11.905,49.626],[11.925,49.63],[11.944,49.609],[11.919,49.602],[11.826,49.596],[11.793,49.617],[11.741,49.62],[11.699,49.657]],[[11.734,49.832],[11.765,49.848],[11.776,49.873],[11.763,49.891],[11.774,49.905],[11.804,49.896],[11.811,49.853],[11.834,49.842],[11.833,49.811],[11.738,49.809],[11.734,49.832]],[[12.152,49.021],[12.156,49.049],[12.223,49.087],[12.276,49.096],[12.319,49.125],[12.358,49.114],[12.325,49.082],[12.377,49.063],[12.459,49.072],[12.455,49.049],[12.423,49.032],[12.44,49.008],[12.418,48.978],[12.335,48.976],[12.328,48.985],[12.345,48.997],[12.32,49.014],[12.267,49.011],[12.219,49.029],[12.184,49.008],[12.152,49.021]]],[[[10.957,43.304],[10.988,43.275],[10.986,43.28],[10.957,43.304]]],[[[10.963,44.935],[10.968,44.936],[10.978,44.944],[10.963,44.935]]],[[[10.968,51.079],[10.988,51.036],[11.025,51.031],[11.02,51.06],[11.031,51.069],[10.972,51.084],[10.981,51.097],[10.968,51.079]]],[[[10.972,49.149],[11.05,49.175],[10.975,49.159],[10.972,49.149]]],[[[10.981,43.235],[10.995,43.253],[10.993,43.259],[10.99,43.247],[10.981,43.235]]],[[[10.99,44.952],[11.059,44.949],[11.073,44.963],[11.055,44.95],[10.997,44.955],[10.992,44.952],[10.99,44.952]]],[[[11.033,50.219],[11.174,50.187],[11.191,50.201],[11.171,50.209],[11.246,50.227],[11.189,50.271],[11.221,50.246],[11.114,50.246],[11.114,50.201],[11.033,50.219]]],[[[11.073,44.963],[11.107,44.956],[11.104,44.958],[11.073,44.963]]],[[[11.108,51.035],[11.151,51.004],[11.139,51.013],[11.124,51.036],[11.108,51.035]]],[[[11.12,44.954],[11.153,44.933],[11.246,44.951],[11.221,44.947],[11.151,44.935],[11.12,44.954]]],[[[11.121,50.913],[11.176,50.896],[11.191,50.91],[11.153,50.919],[11.121,50.913]]],[[[11.17,50.94],[11.188,50.948],[11.172,50.956],[11.17,50.94]]],[[[11.2,50.512],[11.26,50.32],[11.265,50.338],[11.277,50.336],[11.268,50.354],[11.285,50.36],[11.27,50.394],[11.266,50.436],[11.246,50.45],[11.254,50.481],[11.321,50.489],[11.327,50.51],[11.353,50.52],[11.435,50.505],[11.42,50.494],[11.421,50.443],[11.344,50.445],[11.478,50.433],[11.479,50.401],[11.519,50.389],[11.521,50.355],[11.526,50.376],[11.567,50.396],[11.628,50.388],[11.702,50.402],[11.793,50.419],[11.825,50.389],[11.92,50.424],[11.956,50.404],[11.958,50.579],[12.211,50.645],[12.213,50.779],[12.045,50.845],[11.959,50.712],[11.706,50.712],[11.536,50.512],[11.284,50.579],[11.2,50.512]]],[[[11.246,44.951],[11.261,44.934],[11.251,44.948],[11.248,44.949],[11.246,44.951]]],[[[11.289,44.224],[11.309,44.186],[11.334,44.207],[11.37,44.21],[11.397,44.234],[11.419,44.232],[11.496,44.166],[11.551,44.163],[11.572,44.174],[11.604,44.163],[11.611,44.152],[11.588,44.129],[11.634,44.118],[11.72,44.132],[11.729,44.167],[11.764,44.197],[11.789,44.187],[11.825,44.195],[11.89,44.174],[11.905,44.196],[11.887,44.257],[11.904,44.324],[11.854,44.357],[11.804,44.34],[11.738,44.357],[11.688,44.257],[11.704,44.224],[11.555,44.191],[11.572,44.224],[11.455,44.274],[11.289,44.224]]],[[[11.317,50.468],[11.344,50.445],[11.342,50.46],[11.317,50.468]]],[[[11.372,49.892],[11.404,49.896],[11.396,49.899],[11.372,49.892]]],[[[11.375,50.233],[11.38,50.229],[11.378,50.224],[11.419,50.202],[11.375,50.233]]],[[[11.383,50.194],[11.398,50.179],[11.405,50.18],[11.383,50.194]]],[[[11.436,49.883],[11.488,49.859],[11.491,49.861],[11.436,49.883]]],[[[11.458,42.393],[11.497,42.376],[11.96,42.007],[12.02,42.099],[12.003,42.248],[12.07,42.298],[12.053,42.53],[12.169,42.63],[12.153,42.696],[12.186,42.912],[12.169,42.912],[12.153,43.062],[12.219,43.228],[12.302,43.278],[12.302,43.344],[12.219,43.344],[12.122,43.474],[12.057,43.437],[12.037,43.417],[12.075,43.407],[12.081,43.372],[12.133,43.357],[12.143,43.298],[12.169,43.296],[12.194,43.318],[12.203,43.318],[12.215,43.3],[12.213,43.291],[12.158,43.263],[12.122,43.26],[12.092,43.245],[12.037,43.255],[12.023,43.242],[12.006,43.194],[11.956,43.176],[11.961,43.166],[11.945,43.168],[11.922,43.138],[11.918,43.122],[11.93,43.069],[11.937,43.063],[11.958,43.075],[11.975,43.059],[11.972,43.022],[11.932,42.927],[11.951,42.893],[11.913,42.85],[11.892,42.843],[11.895,42.835],[11.841,42.836],[11.808,42.813],[11.775,42.821],[11.75,42.806],[11.747,42.798],[11.774,42.781],[11.79,42.755],[11.807,42.743],[11.789,42.711],[11.787,42.651],[11.754,42.643],[11.735,42.616],[11.699,42.602],[11.671,42.577],[11.613,42.561],[11.606,42.568],[11.605,42.586],[11.601,42.57],[11.588,42.566],[11.586,42.536],[11.566,42.516],[11.608,42.487],[11.607,42.46],[11.599,42.445],[11.593,42.444],[11.59,42.442],[11.498,42.434],[11.475,42.422],[11.477,42.423],[11.458,42.393]]],[[[11.536,50.266],[11.575,50.257],[11.543,50.222],[11.571,50.192],[11.542,50.149],[11.578,50.153],[11.626,50.207],[11.605,50.225],[11.598,50.259],[11.536,50.266]]],[[[11.598,50.259],[11.722,50.31],[11.682,50.303],[11.598,50.259]]],[[[11.802,47.279],[11.807,47.252],[11.82,47.269],[11.804,47.269],[11.802,47.279]]],[[[11.837,47.292],[11.874,47.299],[11.889,47.276],[11.945,47.262],[11.944,47.249],[12.005,47.271],[12.022,47.317],[11.928,47.308],[11.921,47.331],[11.885,47.328],[11.866,47.298],[11.837,47.292]]],[[[11.879,51.112],[11.964,51.112],[11.963,51.046],[12.216,51.046],[12.22,51.313],[12.051,51.313],[11.879,51.112]]],[[[11.889,47.379],[11.923,47.361],[11.936,47.332],[12.053,47.327],[12.083,47.371],[12.063,47.425],[12.152,47.484],[12.205,47.462],[12.256,47.476],[12.288,47.469],[12.262,47.532],[12.015,47.532],[11.911,47.368],[11.889,47.379]]],[[[11.895,52.327],[11.967,52.332],[11.926,52.356],[11.895,52.327]]],[[[11.909,43.947],[11.912,43.945],[11.912,43.94],[11.93,43.937],[11.909,43.947]]],[[[11.91,44.128],[11.915,44.124],[11.917,44.116],[11.915,44.101],[11.924,44.092],[11.924,44.093],[11.913,44.131],[11.913,44.128],[11.91,44.128]]],[[[11.912,43.949],[11.916,43.952],[11.914,43.968],[11.912,43.949]]],[[[11.922,44],[11.928,43.995],[11.926,44.001],[11.923,44.017],[11.924,44.009],[11.922,44]]],[[[11.924,44.039],[11.951,44.051],[11.948,44.052],[11.947,44.05],[11.924,44.039]]],[[[11.928,43.972],[11.936,43.962],[11.938,43.962],[11.928,43.972]]],[[[11.93,43.937],[11.932,43.926],[11.943,43.919],[11.93,43.937]]],[[[11.943,43.919],[11.945,43.916],[11.944,43.918],[11.943,43.919]]],[[[11.946,43.909],[11.951,43.909],[11.948,43.913],[11.946,43.909]]],[[[11.984,43.907],[12.003,43.911],[12.005,43.915],[12.007,43.916],[11.984,43.907]]],[[[12.007,43.916],[12.009,43.924],[12.015,43.938],[12.029,43.94],[12.03,43.931],[12.029,43.942],[12.011,43.939],[12.007,43.916]]],[[[12.054,43.856],[12.063,43.847],[12.08,43.853],[12.087,43.855],[12.077,43.858],[12.056,43.863],[12.054,43.856]]],[[[12.062,52.212],[12.1,52.207],[12.121,52.226],[12.07,52.23],[12.062,52.212]]],[[[12.073,52.17],[12.113,52.147],[12.109,52.124],[12.149,52.146],[12.142,52.159],[12.166,52.151],[12.183,52.168],[12.127,52.188],[12.073,52.17]]],[[[12.091,50.252],[12.122,50.235],[12.122,50.246],[12.099,50.256],[12.091,50.252]]],[[[12.098,43.511],[12.117,43.502],[12.114,43.524],[12.098,43.518],[12.098,43.511]]],[[[12.104,43.792],[12.11,43.796],[12.105,43.795],[12.104,43.792]]],[[[12.134,52.265],[12.136,52.253],[12.158,52.219],[12.257,52.233],[12.334,52.222],[12.398,52.195],[12.403,52.195],[12.405,52.312],[12.368,52.307],[12.345,52.311],[12.342,52.338],[12.312,52.344],[12.244,52.266],[12.206,52.279],[12.134,52.265]]],[[[12.138,43.848],[12.147,43.841],[12.148,43.829],[12.151,43.838],[12.138,43.848]]],[[[12.143,43.863],[12.144,43.856],[12.153,43.868],[12.143,43.863]]],[[[12.197,52.719],[12.238,52.667],[12.302,52.669],[12.334,52.652],[12.325,52.657],[12.327,52.771],[12.333,52.768],[12.282,52.796],[12.311,52.78],[12.219,52.737],[12.197,52.719]]],[[[12.199,50.117],[12.2,50.111],[12.218,50.102],[12.199,50.117]]],[[[12.304,52.545],[12.315,52.527],[12.451,52.49],[12.437,52.462],[12.362,52.44],[12.366,52.429],[12.388,52.432],[12.39,52.396],[12.477,52.395],[12.426,52.354],[12.466,52.328],[12.44,52.345],[12.578,52.452],[12.332,52.648],[12.334,52.652],[12.314,52.614],[12.324,52.549],[12.304,52.545]]],[[[12.338,47.324],[12.375,47.312],[12.48,47.326],[12.496,47.348],[12.482,47.373],[12.502,47.389],[12.618,47.41],[12.64,47.465],[12.706,47.48],[12.634,47.547],[12.665,47.581],[12.574,47.604],[12.575,47.633],[12.606,47.674],[12.598,47.664],[12.511,47.664],[12.508,47.401],[12.343,47.335],[12.339,47.343],[12.338,47.324]]],[[[12.435,52.196],[12.443,52.177],[12.443,52.178],[12.435,52.196]]],[[[12.55,50.779],[12.634,50.779],[12.632,50.645],[12.774,50.701],[12.718,50.712],[12.807,50.979],[12.722,50.979],[12.552,50.912],[12.55,50.779]]],[[[12.585,47.081],[12.604,46.987],[12.588,46.956],[12.698,46.951],[13.061,47.02],[13.02,47.041],[12.966,47.039],[12.937,47.078],[12.738,47.101],[12.731,47.131],[12.666,47.122],[12.673,47.109],[12.657,47.1],[12.592,47.126],[12.607,47.103],[12.585,47.081]]],[[[12.644,51.38],[12.729,51.38],[12.728,51.313],[12.897,51.313],[12.898,51.38],[12.9,51.447],[12.645,51.447],[12.644,51.38]]],[[[12.749,48.107],[12.77,48.067],[12.861,47.997],[12.891,47.991],[12.936,48.036],[12.974,48.024],[13.047,48.04],[13.044,48.028],[13.111,47.981],[13.255,47.982],[13.253,47.985],[13.291,48.034],[13.342,48.051],[13.369,48.083],[13.4,48.091],[13.416,48.09],[13.454,48.106],[13.609,48.123],[13.477,48.109],[13.48,48.188],[13.488,48.204],[13.51,48.213],[13.514,48.201],[13.536,48.201],[13.552,48.221],[13.552,48.234],[13.573,48.246],[13.57,48.25],[13.59,48.256],[13.602,48.263],[13.604,48.288],[13.597,48.304],[13.595,48.307],[13.177,48.06],[12.929,48.06],[12.765,48.192],[12.764,48.079],[12.749,48.107]]],[[[12.76,47.65],[12.791,47.597],[12.781,47.581],[12.792,47.598],[12.78,47.634],[12.783,47.624],[12.765,47.654],[12.784,47.672],[12.76,47.65]]],[[[12.781,47.574],[12.798,47.554],[12.781,47.581],[12.783,47.577],[12.781,47.574]]],[[[12.885,50.645],[13.054,50.645],[12.886,50.679],[12.885,50.645]]],[[[12.89,47.745],[12.925,47.768],[12.925,47.752],[12.904,47.727],[12.942,47.771],[12.928,47.77],[12.89,47.745]]],[[[12.921,47.493],[13.001,47.468],[12.995,47.478],[12.921,47.493]]],[[[12.952,47.706],[12.979,47.691],[12.984,47.695],[12.952,47.706]]],[[[13.006,47.466],[13.009,47.465],[13.047,47.492],[13.006,47.466]]],[[[13.041,47.576],[13.058,47.561],[13.049,47.57],[13.045,47.577],[13.041,47.576]]],[[[13.063,47.6],[13.069,47.588],[13.071,47.589],[13.063,47.6]]],[[[13.19,48.853],[13.243,48.677],[13.271,48.694],[13.342,48.676],[13.367,48.688],[13.381,48.67],[13.453,48.694],[13.425,48.756],[13.449,48.79],[13.447,48.831],[13.47,48.843],[13.453,48.856],[13.507,48.863],[13.522,48.879],[13.507,48.923],[13.512,48.969],[13.525,48.968],[13.525,48.985],[13.358,48.985],[13.356,48.853],[13.19,48.853]]],[[[13.234,48.671],[13.248,48.659],[13.269,48.588],[13.381,48.588],[13.45,48.576],[13.267,48.608],[13.266,48.644],[13.234,48.671]]],[[[13.248,47.086],[13.25,47.056],[13.292,47.064],[13.516,47],[13.581,46.839],[13.709,46.839],[13.725,46.646],[13.621,46.421],[13.606,46.132],[13.368,45.694],[13.438,45.638],[13.565,45.727],[13.625,45.721],[13.581,45.755],[13.585,45.8],[13.561,45.814],[13.549,45.898],[13.58,45.879],[13.629,45.884],[13.636,45.876],[13.612,45.857],[13.643,45.82],[13.725,45.813],[13.744,45.789],[13.736,45.76],[13.815,45.736],[13.844,45.761],[13.797,45.768],[13.806,45.778],[13.865,45.761],[13.813,45.703],[13.982,45.687],[14.001,45.703],[13.956,45.722],[13.951,45.748],[13.9,45.782],[13.921,45.798],[13.873,45.83],[13.892,45.845],[13.871,45.851],[13.904,45.869],[13.905,45.899],[13.995,45.972],[14.02,45.968],[14.028,45.985],[14.061,45.969],[14.105,45.983],[14.05,46.011],[14.03,46.07],[14.005,46.085],[14.018,46.129],[14.073,46.156],[14.034,46.172],[13.992,46.163],[13.974,46.177],[13.995,46.207],[14.059,46.26],[14.111,46.261],[14.192,46.332],[14.212,46.351],[14.158,46.435],[14.283,46.444],[14.311,46.43],[14.43,46.447],[14.442,46.424],[14.401,46.37],[14.405,46.35],[14.418,46.346],[14.436,46.366],[14.639,46.364],[14.638,46.331],[14.712,46.259],[14.83,46.256],[14.886,46.238],[15.01,46.187],[15.034,46.13],[15.142,46.101],[15.212,46.045],[15.262,46.047],[15.267,46.022],[15.342,45.994],[15.467,45.988],[15.498,45.943],[15.539,45.939],[15.54,45.924],[15.697,45.858],[15.701,45.846],[15.646,45.824],[15.571,45.851],[15.519,45.821],[15.491,45.831],[15.468,45.815],[15.469,45.795],[15.397,45.79],[15.253,45.727],[15.246,45.716],[15.264,45.698],[15.283,45.71],[15.315,45.681],[15.338,45.712],[15.358,45.713],[15.352,45.672],[15.371,45.684],[15.406,45.65],[15.305,45.632],[15.306,45.613],[15.28,45.601],[15.3,45.577],[15.304,45.534],[15.327,45.517],[15.306,45.493],[15.35,45.478],[15.348,45.46],[15.274,45.466],[15.249,45.447],[15.424,45.43],[15.47,45.734],[16.122,45.582],[16.209,45.734],[16.079,45.886],[16.209,46.147],[16.448,46.104],[16.535,46.365],[16.296,46.408],[16.514,46.626],[16.448,46.778],[16.448,46.93],[16.557,47.06],[16.557,47.191],[16.644,47.3],[16.557,47.495],[16.622,47.735],[16.796,47.843],[17.408,47.822],[17.462,48.066],[17.218,48.066],[17.19,48.447],[17.292,48.771],[17.02,48.74],[17.002,48.721],[17.004,48.698],[16.983,48.69],[16.973,48.678],[16.976,48.688],[16.936,48.686],[16.919,48.714],[16.895,48.716],[16.867,48.788],[16.891,48.725],[16.888,48.725],[16.89,48.724],[16.905,48.699],[16.908,48.609],[16.935,48.573],[16.938,48.523],[16.9,48.485],[16.865,48.395],[16.837,48.349],[16.788,48.35],[16.801,48.3],[16.789,48.299],[16.798,48.261],[16.786,48.239],[16.84,48.173],[16.845,48.135],[16.881,48.098],[16.867,48.093],[16.866,48.083],[16.912,48.001],[16.96,47.964],[16.971,47.934],[16.93,47.941],[16.937,47.905],[16.927,47.892],[16.889,47.881],[16.86,47.892],[16.827,47.927],[16.814,47.907],[16.684,47.908],[16.679,47.88],[16.641,47.883],[16.572,47.83],[16.532,47.844],[16.498,47.881],[16.478,47.891],[16.456,47.89],[16.398,47.869],[16.368,47.845],[16.35,47.79],[16.34,47.78],[16.284,47.796],[16.284,47.785],[16.305,47.769],[16.297,47.74],[16.318,47.704],[16.343,47.611],[16.312,47.562],[16.305,47.517],[16.279,47.48],[16.272,47.443],[16.24,47.422],[16.166,47.409],[16.126,47.425],[16.109,47.441],[16.088,47.491],[16.072,47.5],[16.052,47.504],[15.986,47.488],[15.959,47.49],[15.925,47.52],[15.897,47.531],[15.804,47.547],[15.782,47.558],[15.742,47.606],[15.718,47.616],[15.662,47.62],[15.511,47.716],[15.401,47.74],[15.376,47.77],[15.332,47.772],[15.3,47.789],[15.277,47.792],[15.247,47.816],[15.226,47.82],[15.191,47.803],[15.15,47.812],[15.1,47.803],[15.066,47.783],[14.994,47.798],[14.967,47.779],[14.89,47.798],[14.828,47.77],[14.744,47.781],[14.787,47.824],[14.85,47.83],[14.873,47.84],[14.882,47.865],[14.862,47.886],[14.847,47.89],[14.784,47.864],[14.748,47.859],[14.741,47.867],[14.749,47.906],[14.804,47.951],[14.808,47.964],[14.793,47.988],[14.759,48.002],[14.748,48.014],[14.747,48.043],[14.76,48.071],[14.752,48.077],[14.712,48.063],[14.678,48.013],[14.652,47.987],[14.653,47.943],[14.667,47.931],[14.716,47.928],[14.72,47.911],[14.66,47.822],[14.658,47.78],[14.626,47.767],[14.548,47.696],[14.482,47.676],[14.448,47.647],[14.319,47.619],[14.25,47.576],[14.195,47.569],[14.106,47.595],[13.917,47.601],[13.89,47.661],[13.862,47.678],[13.774,47.682],[13.653,47.67],[13.628,47.663],[13.606,47.629],[13.608,47.587],[13.638,47.53],[13.639,47.485],[13.61,47.465],[13.588,47.461],[13.59,47.466],[13.564,47.414],[13.6,47.337],[13.605,47.284],[13.713,47.26],[13.718,47.278],[13.761,47.267],[13.79,47.289],[13.823,47.289],[13.824,47.267],[13.864,47.253],[13.85,47.23],[13.897,47.176],[13.994,47.14],[13.94,47.137],[13.883,47.105],[13.902,47.062],[13.857,46.992],[13.809,46.951],[13.791,46.99],[13.705,46.997],[13.694,47.04],[13.458,47.079],[13.398,47.071],[13.355,47.098],[13.278,47.095],[13.248,47.086]],[[14.23,46.991],[14.247,47.008],[14.233,47.028],[14.366,47.025],[14.388,46.98],[14.459,46.998],[14.477,47.02],[14.591,47.003],[14.55,46.973],[14.556,46.892],[14.544,46.858],[14.409,46.89],[14.25,46.848],[14.23,46.991]],[[14.778,46.747],[14.805,46.791],[14.858,46.778],[14.829,46.727],[14.778,46.747]],[[15.353,45.484],[15.38,45.491],[15.36,45.477],[15.353,45.484]]],[[[13.278,47.949],[13.28,47.923],[13.287,47.927],[13.279,47.941],[13.278,47.949]]],[[[13.437,48.637],[13.491,48.574],[13.483,48.6],[13.532,48.606],[13.536,48.63],[13.437,48.637]]],[[[13.475,48.556],[13.508,48.588],[13.517,48.588],[13.573,48.561],[13.511,48.591],[13.475,48.556]]],[[[13.505,51.866],[13.513,51.831],[13.51,51.845],[13.508,51.853],[13.541,51.878],[13.505,51.866]]],[[[13.508,51.915],[13.521,51.906],[13.516,51.879],[13.542,51.879],[13.558,51.901],[13.565,51.896],[13.589,51.915],[13.508,51.915]]],[[[13.586,51.781],[13.671,51.781],[13.587,51.814],[13.586,51.781]]],[[[13.587,48.966],[13.671,48.88],[13.732,48.887],[13.678,48.881],[13.662,48.89],[13.587,48.966]]],[[[13.628,45.721],[13.738,45.71],[13.672,45.748],[13.628,45.721]]],[[[13.765,48.834],[13.815,48.797],[13.809,48.779],[13.84,48.772],[13.825,48.748],[13.85,48.772],[13.867,48.775],[13.884,48.77],[13.765,48.834]]],[[[13.801,48.71],[13.802,48.711],[13.815,48.732],[13.801,48.71]]],[[[13.833,51.862],[13.84,51.836],[13.837,51.848],[13.833,51.862]]],[[[13.883,51.861],[13.887,51.848],[13.89,51.839],[13.883,51.861]]],[[[13.915,51.38],[14.082,51.313],[14.079,51.179],[13.994,51.179],[14.161,51.112],[14.334,51.246],[14.336,51.313],[14.252,51.313],[14.253,51.38],[14.255,51.447],[14.257,51.513],[14.259,51.578],[14.237,51.58],[14.159,51.58],[14.188,51.59],[14.124,51.568],[14.084,51.572],[14.084,51.573],[13.915,51.38]]],[[[13.948,48.736],[13.965,48.722],[13.983,48.717],[13.948,48.736]]],[[[13.99,45.42],[14.076,45.276],[14.204,45.298],[14.216,45.327],[14.257,45.348],[14.241,45.383],[14.12,45.452],[13.99,45.42]]],[[[14.035,48.623],[14.058,48.612],[14.144,48.615],[14.166,48.602],[14.412,48.596],[14.419,48.612],[14.1,48.654],[14.057,48.677],[14.061,48.67],[14.035,48.623]]],[[[14.042,45.761],[14.083,45.751],[14.087,45.78],[14.058,45.794],[14.042,45.761]]],[[[14.073,51.827],[14.082,51.873],[14.077,51.848],[14.073,51.827]]],[[[14.111,45.629],[14.123,45.611],[14.136,45.608],[14.163,45.622],[14.123,45.637],[14.111,45.629]]],[[[14.139,45.589],[14.154,45.569],[14.161,45.58],[14.141,45.591],[14.139,45.589]]],[[[14.203,45.473],[14.208,45.467],[14.243,45.492],[14.212,45.486],[14.219,45.477],[14.203,45.473]]],[[[14.212,53.479],[14.241,53.455],[14.257,53.482],[14.212,53.479]]],[[[14.223,51.681],[14.262,51.665],[14.328,51.638],[14.223,51.681]]],[[[14.235,51.61],[14.321,51.606],[14.26,51.609],[14.235,51.61]]],[[[14.241,53.455],[14.257,53.442],[14.286,53.449],[14.305,53.486],[14.276,53.484],[14.274,53.461],[14.241,53.455]]],[[[14.367,52.12],[14.372,52.116],[14.401,52.095],[14.367,52.12]]],[[[14.383,52.123],[14.432,52.101],[14.399,52.116],[14.383,52.123]]],[[[14.616,48.598],[14.628,48.595],[14.705,48.586],[14.689,48.623],[14.74,48.659],[14.741,48.663],[14.616,48.598]]],[[[14.702,51.979],[14.714,51.995],[14.715,51.997],[14.702,51.979]]],[[[14.881,52.055],[14.883,52.049],[14.919,51.963],[14.881,52.055]]],[[[14.907,48.885],[14.919,48.891],[14.946,48.882],[14.968,48.884],[14.997,48.912],[14.979,48.967],[14.982,48.981],[14.941,48.985],[14.907,48.885]]],[[[14.909,45.481],[15.096,45.463],[15.092,45.465],[15.086,45.483],[14.985,45.497],[14.93,45.529],[14.913,45.516],[14.909,45.481]]],[[[15.149,52.233],[15.237,52.293],[15.164,52.244],[15.149,52.233]]],[[[15.16,48.963],[15.167,48.96],[15.181,48.964],[15.16,48.966],[15.16,48.963]]],[[[15.279,52.234],[15.313,52.195],[15.293,52.218],[15.279,52.234]]],[[[15.364,53.424],[15.367,53.422],[15.376,53.435],[15.385,53.444],[15.364,53.424]]],[[[15.365,53.484],[15.369,53.451],[15.382,53.445],[15.415,53.493],[15.429,53.496],[15.365,53.484]]],[[[15.424,53.509],[15.429,53.496],[15.425,53.507],[15.426,53.509],[15.517,53.513],[15.424,53.509]]],[[[15.489,52.654],[15.646,52.318],[15.765,52.27],[15.76,52.571],[15.816,52.571],[15.844,52.71],[16.053,52.716],[16.085,52.851],[15.575,52.654],[15.489,52.654]]],[[[15.499,53.548],[15.517,53.513],[15.516,53.515],[15.781,53.462],[15.75,53.544],[15.76,53.563],[15.722,53.493],[15.598,53.531],[15.577,53.517],[15.548,53.53],[15.565,53.55],[15.543,53.559],[15.499,53.548]]],[[[15.508,53.913],[15.558,53.842],[15.566,53.793],[15.683,53.695],[15.783,53.661],[15.725,53.681],[15.794,53.732],[15.886,53.708],[15.908,53.674],[15.883,53.713],[15.897,53.735],[15.886,53.748],[15.894,53.781],[15.83,53.817],[15.891,53.832],[15.858,53.886],[15.815,53.908],[15.796,53.893],[15.733,53.898],[15.768,53.954],[15.712,53.869],[15.683,53.88],[15.601,53.865],[15.508,53.913]]],[[[15.808,52.116],[16.137,51.848],[16.131,51.714],[16.556,51.714],[16.719,51.58],[16.863,51.654],[16.855,51.655],[16.855,51.917],[16.506,52.178],[16.506,52.004],[16.095,52.124],[15.814,52.244],[15.808,52.116]]],[[[15.964,53.685],[15.965,53.687],[16.049,53.665],[16.046,53.682],[16.032,53.677],[16.025,53.722],[15.981,53.725],[15.964,53.685]]],[[[15.995,48.779],[16.073,48.752],[16.083,48.746],[16.118,48.745],[16.113,48.747],[16.384,48.731],[16.082,48.749],[15.995,48.779]]],[[[16.024,53.125],[16.091,52.876],[16.204,53.343],[16.24,53.374],[16.119,53.327],[16.11,53.125],[16.024,53.125]]],[[[16.13,54.028],[16.156,54.047],[16.136,54.043],[16.139,54.035],[16.13,54.028]]],[[[16.143,54.023],[16.144,54.019],[16.195,54.005],[16.143,54.023]]],[[[16.283,53.958],[16.291,53.983],[16.331,53.986],[16.314,53.989],[16.291,53.985],[16.283,53.958]]],[[[16.295,53.421],[16.416,53.525],[16.376,53.559],[16.301,53.53],[16.295,53.421]]],[[[16.352,53.982],[16.391,53.975],[16.563,53.904],[16.427,53.969],[16.352,53.982]]],[[[16.394,54.148],[16.404,54.141],[16.527,54.123],[16.523,54.131],[16.394,54.148]]],[[[16.52,54.114],[16.545,54.083],[16.586,54.099],[16.631,54.08],[16.579,54.103],[16.542,54.09],[16.527,54.122],[16.52,54.114]]],[[[16.563,53.904],[16.621,53.901],[16.626,53.884],[16.621,53.902],[16.563,53.904]]],[[[16.62,53.862],[16.63,53.871],[16.629,53.875],[16.62,53.862]]],[[[16.648,54.033],[16.689,54.026],[16.683,54.031],[16.648,54.033]]],[[[16.662,53.833],[16.67,53.828],[16.692,53.812],[16.705,53.816],[16.669,53.83],[16.662,53.833]]],[[[16.728,53.911],[16.753,53.875],[16.773,53.868],[16.794,53.88],[16.77,53.917],[16.761,53.906],[16.728,53.911]]],[[[16.752,53.811],[16.766,53.804],[16.789,53.81],[16.752,53.811]]],[[[16.789,53.81],[16.809,53.789],[16.809,53.858],[16.808,53.859],[16.791,53.849],[16.789,53.81]]],[[[16.847,50.207],[16.871,50.199],[16.872,50.199],[16.847,50.207]]],[[[16.878,50.199],[16.913,50.223],[16.905,50.223],[16.878,50.199]]],[[[17.127,46.107],[17.173,46.188],[17.136,46.191],[17.127,46.107]]],[[[17.255,51.714],[17.32,51.714],[17.549,51.246],[17.853,51.246],[17.64,51.437],[17.553,51.655],[17.291,51.786],[17.255,51.714]]],[[[17.28,54.211],[17.336,54.237],[17.282,54.24],[17.28,54.211]]],[[[17.524,54.658],[17.618,54.635],[17.547,54.549],[17.674,54.501],[17.683,54.488],[17.598,54.463],[17.6,54.443],[17.627,54.42],[17.714,54.425],[17.718,54.419],[17.747,54.433],[17.658,54.685],[17.524,54.658]]],[[[17.684,48.859],[17.87,48.8],[18.114,48.854],[18.114,48.99],[18.223,48.99],[18.25,49.181],[18.353,49.325],[18.189,49.289],[18.237,49.299],[18.142,49.199],[18.153,49.221],[18.109,49.137],[18.116,49.092],[18.09,49.056],[18.027,49.023],[17.922,49.018],[17.972,49.02],[17.938,48.985],[17.904,48.972],[17.886,48.928],[17.792,48.925],[17.703,48.86],[17.684,48.859]]]]}},{"type":"Feature","properties":{"NAME":null,"ABBREVN":null,"SUBJECTO":null,"BORDERPRECISION":1,"PARTOF":null},"geometry":{"type":"MultiPolygon","coordinates":[[[[19.334,57.956],[19.287,57.937],[19.257,57.949],[19.163,57.927],[19.142,57.908],[19.126,57.84],[19.078,57.858],[19.034,57.901],[19.036,57.919],[19.089,57.97],[19.105,57.975],[19.296,57.977],[19.332,57.965],[19.334,57.956]]]]}},{"type":"Feature","properties":{"NAME":null,"ABBREVN":null,"SUBJECTO":null,"BORDERPRECISION":1,"PARTOF":null},"geometry":{"type":"MultiPolygon","coordinates":[[[[18.206,56.912],[18.14,56.915],[18.158,56.942],[18.257,57.032],[18.254,57.079],[18.173,57.142],[18.148,57.235],[18.158,57.316],[18.142,57.409],[18.11,57.496],[18.119,57.531],[18.179,57.588],[18.295,57.646],[18.382,57.719],[18.467,57.812],[18.682,57.914],[18.725,57.923],[19.005,57.909],[19.033,57.827],[18.929,57.74],[18.849,57.721],[18.809,57.704],[18.76,57.508],[18.769,57.467],[18.788,57.448],[18.712,57.242],[18.397,57.134],[18.341,57.074],[18.336,57.017],[18.347,56.999],[18.302,56.937],[18.206,56.912]]]]}},{"type":"Feature","properties":{"NAME":"Swiss Confederation","ABBREVN":"Swiss Confederation","SUBJECTO":"Swiss Confederation","BORDERPRECISION":1,"PARTOF":"Swiss Confederation"},"geometry":{"type":"MultiPolygon","coordinates":[[[[6.601,46.982],[6.609,46.983],[6.69,47.009],[6.712,47.022],[6.715,47.033],[6.601,46.982]]],[[[6.652,46.912],[6.729,46.878],[6.74,46.883],[6.741,46.895],[6.719,46.904],[6.722,46.934],[6.654,46.914],[6.652,46.912]]],[[[7.019,46.628],[7.257,46.44],[7.438,45.928],[7.445,45.932],[7.475,45.937],[7.474,45.949],[7.499,45.962],[7.54,45.956],[7.547,45.985],[7.579,45.986],[7.589,45.971],[7.659,45.977],[7.681,45.957],[7.696,45.952],[7.82,45.928],[7.877,45.964],[7.88,45.975],[7.909,45.997],[7.929,45.997],[7.974,46.025],[8.025,46.063],[8.022,46.07],[8.036,46.101],[8.086,46.109],[8.143,46.152],[8.096,46.253],[8.085,46.256],[8.086,46.267],[8.089,46.269],[8.077,46.294],[8.128,46.294],[8.141,46.302],[8.158,46.297],[8.216,46.318],[8.222,46.323],[8.224,46.334],[8.266,46.352],[8.264,46.365],[8.282,46.364],[8.289,46.39],[8.308,46.401],[8.29,46.409],[8.304,46.423],[8.326,46.427],[8.367,46.452],[8.434,46.464],[8.45,46.462],[8.655,46.531],[8.778,46.397],[8.81,46.388],[8.829,46.378],[8.832,46.367],[8.852,46.35],[8.862,46.35],[8.848,46.327],[8.872,46.32],[8.885,46.305],[8.9,46.308],[8.91,46.28],[9,46.309],[8.824,46.582],[9.498,46.793],[9.505,47.038],[9.52,47.073],[9.483,47.182],[9.571,47.267],[9.681,47.435],[9.617,47.496],[9.598,47.487],[9.561,47.5],[9.53,47.481],[9.482,47.482],[9.472,47.49],[9.449,47.492],[9.45,47.501],[9.469,47.493],[9.466,47.496],[9.44,47.506],[9.401,47.48],[9.317,47.531],[9.276,47.507],[9.305,47.515],[9.319,47.491],[9.303,47.479],[9.211,47.48],[9.169,47.504],[9.125,47.482],[9.011,47.489],[9.028,47.458],[9.063,47.446],[8.987,47.429],[8.987,47.411],[8.942,47.377],[8.906,47.406],[8.927,47.435],[8.884,47.472],[8.89,47.527],[8.847,47.531],[8.828,47.556],[8.845,47.566],[8.743,47.603],[8.751,47.62],[8.802,47.604],[8.823,47.648],[8.798,47.665],[8.751,47.641],[8.708,47.642],[8.679,47.66],[8.673,47.685],[8.751,47.691],[8.872,47.655],[8.894,47.652],[8.91,47.655],[8.897,47.653],[8.802,47.747],[8.531,47.806],[8.406,47.692],[8.509,47.599],[7.733,47.525],[7.725,47.604],[7.571,47.584],[7.547,47.56],[7.555,47.564],[7.594,47.519],[7.614,47.521],[7.605,47.47],[7.627,47.463],[7.614,47.436],[7.575,47.438],[7.572,47.417],[7.53,47.414],[7.519,47.388],[7.444,47.401],[7.437,47.379],[7.524,47.371],[7.572,47.326],[7.532,47.295],[7.416,47.253],[7.422,47.242],[7.341,47.217],[7.341,47.193],[7.386,47.148],[7.294,47.161],[7.241,47.128],[7.2,47.134],[7.152,47.114],[7.116,47.073],[7.213,47.122],[7.043,46.72],[7.066,46.709],[7.193,46.725],[7.25,46.72],[7.306,46.732],[7.347,46.724],[7.374,46.709],[7.386,46.686],[7.34,46.643],[7.331,46.619],[7.289,46.629],[7.25,46.66],[7.193,46.681],[7.152,46.684],[7.121,46.674],[7.081,46.637],[7.053,46.628],[7.019,46.628]]],[[[7.029,47.104],[7.089,47.083],[7.032,47.109],[7.029,47.104]]],[[[7.033,47.031],[7.102,47.066],[7.084,47.066],[7.083,47.068],[7.089,47.083],[7.077,47.076],[7.088,47.06],[7.033,47.033],[7.033,47.031]]],[[[7.339,47.441],[7.38,47.428],[7.376,47.414],[7.438,47.413],[7.456,47.428],[7.421,47.446],[7.437,47.46],[7.456,47.449],[7.53,47.462],[7.53,47.53],[7.519,47.534],[7.469,47.485],[7.339,47.441]]],[[[8.91,47.655],[8.919,47.656],[8.917,47.656],[8.91,47.655]]]]}},{"type":"Feature","properties":{"NAME":null,"ABBREVN":null,"SUBJECTO":null,"BORDERPRECISION":1,"PARTOF":null},"geometry":{"type":"MultiPolygon","coordinates":[[[[24.324,35.208],[24.013,35.21],[23.786,35.263],[23.568,35.255],[23.513,35.276],[23.467,35.318],[23.529,35.57],[23.671,35.572],[23.665,35.667],[23.697,35.698],[23.734,35.627],[23.743,35.562],[23.879,35.552],[23.957,35.528],[24.039,35.562],[24.033,35.598],[24.082,35.612],[24.153,35.564],[24.136,35.522],[24.091,35.52],[24.073,35.496],[24.178,35.47],[24.22,35.449],[24.23,35.391],[24.388,35.373],[24.769,35.428],[24.997,35.421],[25.014,35.362],[25.512,35.295],[25.673,35.349],[25.714,35.327],[25.668,35.187],[25.742,35.137],[25.789,35.137],[25.935,35.213],[26.064,35.239],[26.099,35.216],[26.169,35.247],[26.274,35.313],[26.236,35.229],[26.243,35.145],[26.16,35.024],[25.899,35.045],[25.742,35.009],[25.591,35.016],[24.693,34.94],[24.716,35.035],[24.69,35.092],[24.324,35.208]]]]}},{"type":"Feature","properties":{"NAME":"Crimean Khanate","ABBREVN":"Crimean Khanate","SUBJECTO":"Ottoman Empire","BORDERPRECISION":1,"PARTOF":"Ottoman Empire","wikipedia":null},"geometry":{"type":"MultiPolygon","coordinates":[[[[31.977,46.836],[32.016,46.881],[36.07,47.898],[37.502,48.441],[37.699,48.935],[38.136,49.049],[40.026,49.08],[42.587,50.91],[43.673,50.86],[44.364,49.429],[42.524,47.051],[41.123,43.019],[40.969,43.077],[40.557,43.147],[40.252,43.268],[38.924,44.212],[38.556,44.385],[38.277,44.423],[38.109,44.494],[37.88,44.719],[37.774,44.745],[37.622,44.673],[37.474,44.692],[37.318,44.924],[36.96,45.227],[37.228,45.312],[37.461,45.312],[37.661,45.345],[37.706,45.578],[37.868,45.793],[37.99,46.007],[38.227,46.02],[38.459,46.079],[38.265,46.319],[37.97,46.441],[37.757,46.603],[37.867,46.655],[38.032,46.669],[38.401,46.721],[38.723,46.878],[39.282,47.074],[39.194,47.243],[39.16,47.269],[38.8,47.229],[37.859,47.104],[37.422,47.077],[37.193,46.894],[36.865,46.809],[36.354,46.776],[35.851,46.664],[35.624,46.521],[35.416,46.495],[35.212,46.637],[35.046,46.358],[34.907,46.273],[34.692,46.253],[34.496,46.279],[34.064,46.265],[33.839,46.193],[34.127,46.064],[35.008,45.612],[35.032,45.534],[34.99,45.45],[35.063,45.34],[35.317,45.321],[35.546,45.38],[35.85,45.445],[36.323,45.44],[36.521,45.388],[36.415,45.272],[36.367,45.161],[36.265,45.097],[36.005,45.044],[35.865,45.031],[35.6,45.102],[35.387,45.082],[35.067,44.862],[34.614,44.841],[34.372,44.757],[34.135,44.537],[34.014,44.492],[33.66,44.524],[33.395,44.6],[33.559,44.936],[33.517,45.124],[33.398,45.253],[33.013,45.381],[32.926,45.388],[32.643,45.381],[32.575,45.361],[32.503,45.445],[32.902,45.673],[33.192,45.79],[33.539,45.875],[33.639,45.927],[33.528,46.134],[33.333,46.166],[32.516,46.126],[32.202,46.17],[32.114,46.216],[31.926,46.41],[32.189,46.592],[31.977,46.836]]]]}},{"type":"Feature","properties":{"NAME":"Britany","ABBREVN":"Britany","SUBJECTO":"Britany","BORDERPRECISION":1,"PARTOF":"Britany"},"geometry":{"type":"Polygon","coordinates":[[[-4.78,48.355],[-4.592,48.392],[-4.474,48.383],[-4.35,48.391],[-4.389,48.298],[-4.588,48.251],[-4.351,48.205],[-4.313,48.101],[-4.7,48.064],[-4.675,48.017],[-4.51,47.998],[-4.391,47.942],[-4.364,47.829],[-3.955,47.904],[-3.858,47.792],[-3.712,47.798],[-3.434,47.717],[-3.063,47.604],[-2.842,47.492],[-2.614,47.572],[-2.466,47.494],[-2.576,47.324],[-2.01,47.746],[-1.752,48.178],[-1.999,48.677],[-2.076,48.656],[-2.2,48.599],[-2.343,48.674],[-2.636,48.552],[-2.791,48.59],[-3.091,48.872],[-3.435,48.836],[-3.558,48.81],[-3.608,48.693],[-3.821,48.721],[-3.902,48.646],[-3.999,48.731],[-4.251,48.652],[-4.488,48.612],[-4.626,48.547],[-4.762,48.552],[-4.78,48.355]]]}},{"type":"Feature","properties":{"NAME":null,"ABBREVN":null,"SUBJECTO":null,"BORDERPRECISION":1,"PARTOF":null},"geometry":{"type":"Polygon","coordinates":[[[-1.569,50.657],[-1.494,50.667],[-1.282,50.579],[-1.215,50.587],[-1.168,50.602],[-1.06,50.687],[-1.118,50.737],[-1.297,50.772],[-1.523,50.695],[-1.569,50.657]]]}},{"type":"Feature","properties":{"NAME":null,"ABBREVN":null,"SUBJECTO":null,"BORDERPRECISION":1,"PARTOF":null},"geometry":{"type":"Polygon","coordinates":[[[-4.569,53.388],[-4.567,53.273],[-4.494,53.189],[-4.402,53.126],[-4.351,53.124],[-4.326,53.145],[-4.218,53.2],[-4.153,53.226],[-4.09,53.255],[-4.047,53.303],[-4.222,53.322],[-4.277,53.398],[-4.314,53.412],[-4.429,53.424],[-4.56,53.397],[-4.569,53.388]]]}},{"type":"Feature","properties":{"NAME":null,"ABBREVN":null,"SUBJECTO":null,"BORDERPRECISION":1,"PARTOF":null},"geometry":{"type":"MultiPolygon","coordinates":[[[[-5.104,55.439],[-5.232,55.43],[-5.34,55.475],[-5.4,55.601],[-5.381,55.669],[-5.295,55.717],[-5.239,55.714],[-5.16,55.679],[-5.085,55.557],[-5.076,55.455],[-5.104,55.439]]]]}},{"type":"Feature","properties":{"NAME":null,"ABBREVN":null,"SUBJECTO":null,"BORDERPRECISION":1,"PARTOF":null},"geometry":{"type":"MultiPolygon","coordinates":[[[[-6.122,55.879],[-6.098,55.797],[-6.088,55.784],[-6.052,55.767],[-6.03,55.721],[-6.025,55.681],[-6.077,55.65],[-6.274,55.573],[-6.326,55.587],[-6.322,55.615],[-6.286,55.707],[-6.253,55.764],[-6.251,55.771],[-6.265,55.778],[-6.338,55.78],[-6.38,55.728],[-6.449,55.68],[-6.485,55.669],[-6.509,55.682],[-6.495,55.734],[-6.45,55.849],[-6.442,55.854],[-6.37,55.869],[-6.31,55.864],[-6.137,55.934],[-6.119,55.922],[-6.122,55.879]]]]}},{"type":"Feature","properties":{"NAME":null,"ABBREVN":null,"SUBJECTO":null,"BORDERPRECISION":1,"PARTOF":null},"geometry":{"type":"MultiPolygon","coordinates":[[[[-5.947,55.83],[-5.972,55.788],[-6.027,55.792],[-6.063,55.804],[-6.076,55.816],[-6.088,55.877],[-6.079,55.906],[-5.968,56.024],[-5.809,56.11],[-5.711,56.15],[-5.694,56.147],[-5.685,56.126],[-5.691,56.107],[-5.746,56.064],[-5.947,55.83]]]]}},{"type":"Feature","properties":{"NAME":null,"ABBREVN":null,"SUBJECTO":null,"BORDERPRECISION":1,"PARTOF":null},"geometry":{"type":"MultiPolygon","coordinates":[[[[-7.467,56.941],[-7.55,56.947],[-7.56,56.96],[-7.44,57.054],[-7.419,57.044],[-7.378,56.982],[-7.435,56.945],[-7.467,56.941]]]]}},{"type":"Feature","properties":{"NAME":null,"ABBREVN":null,"SUBJECTO":null,"BORDERPRECISION":1,"PARTOF":null},"geometry":{"type":"MultiPolygon","coordinates":[[[[-7.223,57.337],[-7.252,57.327],[-7.285,57.336],[-7.288,57.322],[-7.259,57.152],[-7.215,57.114],[-7.226,57.097],[-7.287,57.106],[-7.356,57.099],[-7.381,57.109],[-7.417,57.182],[-7.425,57.382],[-7.368,57.401],[-7.336,57.396],[-7.272,57.375],[-7.223,57.337]]]]}},{"type":"Feature","properties":{"NAME":null,"ABBREVN":null,"SUBJECTO":null,"BORDERPRECISION":1,"PARTOF":null},"geometry":{"type":"MultiPolygon","coordinates":[[[[-7.269,57.399],[-7.314,57.4],[-7.388,57.424],[-7.409,57.448],[-7.406,57.464],[-7.351,57.489],[-7.244,57.476],[-7.205,57.461],[-7.202,57.419],[-7.269,57.399]]]]}},{"type":"Feature","properties":{"NAME":null,"ABBREVN":null,"SUBJECTO":null,"BORDERPRECISION":1,"PARTOF":null},"geometry":{"type":"MultiPolygon","coordinates":[[[[-7.189,57.687],[-7.067,57.637],[-7.154,57.509],[-7.321,57.505],[-7.325,57.544],[-7.412,57.568],[-7.477,57.562],[-7.543,57.591],[-7.491,57.646],[-7.473,57.655],[-7.275,57.656],[-7.245,57.677],[-7.189,57.687]]]]}},{"type":"Feature","properties":{"NAME":null,"ABBREVN":null,"SUBJECTO":null,"BORDERPRECISION":1,"PARTOF":null},"geometry":{"type":"MultiPolygon","coordinates":[[[[-7.006,57.881],[-7.074,57.878],[-7.077,57.893],[-7.033,57.916],[-6.994,57.919],[-6.997,57.891],[-7.006,57.881]]]]}},{"type":"Feature","properties":{"NAME":null,"ABBREVN":null,"SUBJECTO":null,"BORDERPRECISION":1,"PARTOF":null},"geometry":{"type":"MultiPolygon","coordinates":[[[[-6.802,58.203],[-6.869,58.204],[-6.89,58.252],[-6.854,58.25],[-6.81,58.229],[-6.794,58.218],[-6.791,58.207],[-6.802,58.203]]]]}},{"type":"Feature","properties":{"NAME":null,"ABBREVN":null,"SUBJECTO":null,"BORDERPRECISION":1,"PARTOF":null},"geometry":{"type":"MultiPolygon","coordinates":[[[[-6.204,58.356],[-6.232,58.318],[-6.324,58.264],[-6.328,58.238],[-6.325,58.232],[-6.277,58.223],[-6.221,58.234],[-6.168,58.261],[-6.148,58.256],[-6.158,58.218],[-6.172,58.207],[-6.225,58.184],[-6.264,58.177],[-6.329,58.183],[-6.367,58.159],[-6.382,58.13],[-6.497,58.097],[-6.62,58.082],[-6.497,58.087],[-6.396,58.105],[-6.354,58.033],[-6.458,57.968],[-6.474,57.94],[-6.571,57.911],[-6.662,57.924],[-6.699,57.967],[-6.706,58.008],[-6.697,58.021],[-6.653,58.048],[-6.594,58.046],[-6.6,58.054],[-6.684,58.057],[-6.761,57.998],[-6.726,57.954],[-6.685,57.934],[-6.661,57.885],[-6.735,57.826],[-6.973,57.725],[-7.124,57.821],[-7.127,57.833],[-7.118,57.838],[-7.066,57.821],[-6.83,57.901],[-6.879,57.932],[-6.935,57.95],[-6.985,57.959],[-7.036,57.953],[-7.075,57.962],[-7.113,57.984],[-7.084,58.008],[-7.056,58.02],[-7.058,58.036],[-7.094,58.071],[-7.128,58.13],[-7.094,58.182],[-7.041,58.233],[-7.001,58.234],[-6.908,58.213],[-6.908,58.206],[-6.936,58.188],[-6.862,58.104],[-6.873,58.179],[-6.805,58.196],[-6.75,58.185],[-6.745,58.197],[-6.787,58.229],[-6.808,58.26],[-6.818,58.28],[-6.798,58.302],[-6.673,58.349],[-6.652,58.349],[-6.647,58.342],[-6.55,58.363],[-6.293,58.488],[-6.267,58.512],[-6.223,58.496],[-6.166,58.425],[-6.204,58.356]]]]}},{"type":"Feature","properties":{"NAME":null,"ABBREVN":null,"SUBJECTO":null,"BORDERPRECISION":1,"PARTOF":null},"geometry":{"type":"MultiPolygon","coordinates":[[[[-2.918,58.732],[-2.948,58.731],[-2.971,58.742],[-3.037,58.818],[-3.004,58.833],[-2.916,58.839],[-2.886,58.832],[-2.878,58.824],[-2.918,58.732]]]]}},{"type":"Feature","properties":{"NAME":null,"ABBREVN":null,"SUBJECTO":null,"BORDERPRECISION":1,"PARTOF":null},"geometry":{"type":"MultiPolygon","coordinates":[[[[-3.231,58.776],[-3.301,58.778],[-3.431,58.871],[-3.418,58.904],[-3.398,58.917],[-3.336,58.927],[-3.228,58.885],[-3.136,58.804],[-3.142,58.785],[-3.231,58.776]]]]}},{"type":"Feature","properties":{"NAME":null,"ABBREVN":null,"SUBJECTO":null,"BORDERPRECISION":1,"PARTOF":null},"geometry":{"type":"MultiPolygon","coordinates":[[[[-2.793,58.951],[-2.756,58.918],[-2.824,58.879],[-2.97,58.939],[-3.057,58.936],[-3.195,58.911],[-3.346,58.966],[-3.368,59.01],[-3.351,59.106],[-3.317,59.129],[-3.219,59.149],[-3.077,59.122],[-2.998,59.07],[-2.996,59.056],[-2.947,58.998],[-2.852,58.976],[-2.793,58.951]]]]}},{"type":"Feature","properties":{"NAME":null,"ABBREVN":null,"SUBJECTO":null,"BORDERPRECISION":1,"PARTOF":null},"geometry":{"type":"MultiPolygon","coordinates":[[[[-2.681,59.196],[-2.686,59.184],[-2.694,59.197],[-2.684,59.221],[-2.593,59.291],[-2.556,59.303],[-2.407,59.314],[-2.39,59.283],[-2.496,59.245],[-2.621,59.236],[-2.681,59.196]]]]}},{"type":"Feature","properties":{"NAME":null,"ABBREVN":null,"SUBJECTO":null,"BORDERPRECISION":1,"PARTOF":null},"geometry":{"type":"MultiPolygon","coordinates":[[[[-2.89,59.295],[-2.85,59.268],[-2.853,59.249],[-2.877,59.229],[-2.877,59.259],[-2.937,59.284],[-2.972,59.287],[-2.977,59.273],[-2.999,59.261],[-3.076,59.331],[-2.89,59.295]]]]}},{"type":"Feature","properties":{"NAME":null,"ABBREVN":null,"SUBJECTO":null,"BORDERPRECISION":1,"PARTOF":null},"geometry":{"type":"MultiPolygon","coordinates":[[[[-1.296,60.491],[-1.287,60.471],[-1.037,60.444],[-1.101,60.276],[-1.164,60.258],[-1.187,60.27],[-1.201,60.263],[-1.186,60.231],[-1.126,60.152],[-1.147,60.132],[-1.171,60.137],[-1.212,60.103],[-1.221,60.022],[-1.26,59.862],[-1.269,59.851],[-1.307,59.857],[-1.372,59.892],[-1.378,59.902],[-1.332,59.997],[-1.306,60.013],[-1.263,60.107],[-1.262,60.131],[-1.291,60.241],[-1.41,60.255],[-1.364,60.23],[-1.353,60.209],[-1.358,60.192],[-1.449,60.151],[-1.52,60.181],[-1.527,60.187],[-1.52,60.201],[-1.665,60.231],[-1.693,60.28],[-1.691,60.288],[-1.655,60.303],[-1.427,60.321],[-1.346,60.34],[-1.32,60.356],[-1.446,60.461],[-1.554,60.476],[-1.61,60.474],[-1.593,60.508],[-1.547,60.536],[-1.416,60.605],[-1.302,60.637],[-1.287,60.613],[-1.296,60.491]]]]}},{"type":"Feature","properties":{"NAME":null,"ABBREVN":null,"SUBJECTO":null,"BORDERPRECISION":1,"PARTOF":null},"geometry":{"type":"MultiPolygon","coordinates":[[[[-1.029,60.496],[-1.127,60.486],[-1.14,60.489],[-1.17,60.527],[-1.184,60.603],[-1.179,60.633],[-1.11,60.726],[-1.099,60.73],[-0.991,60.72],[-0.982,60.656],[-1.029,60.496]]]]}},{"type":"Feature","properties":{"NAME":null,"ABBREVN":null,"SUBJECTO":null,"BORDERPRECISION":1,"PARTOF":null},"geometry":{"type":"MultiPolygon","coordinates":[[[[-0.82,60.689],[-0.835,60.673],[-0.936,60.674],[-0.966,60.688],[-0.939,60.794],[-0.878,60.844],[-0.806,60.841],[-0.768,60.829],[-0.758,60.818],[-0.764,60.793],[-0.82,60.689]]]]}},{"type":"Feature","properties":{"NAME":null,"ABBREVN":null,"SUBJECTO":null,"BORDERPRECISION":1,"PARTOF":null},"geometry":{"type":"MultiPolygon","coordinates":[[[[-6.655,61.389],[-6.719,61.407],[-6.846,61.468],[-6.958,61.599],[-6.963,61.619],[-6.945,61.637],[-6.889,61.645],[-6.724,61.573],[-6.709,61.558],[-6.642,61.401],[-6.655,61.389]]],[[[-6.604,61.822],[-6.63,61.761],[-6.652,61.743],[-6.705,61.777],[-6.841,61.817],[-6.866,61.837],[-6.909,61.901],[-6.905,61.908],[-6.864,61.907],[-6.783,61.897],[-6.661,61.859],[-6.604,61.822]]],[[[-7.05,62.068],[-7.063,62.049],[-7.202,62.019],[-7.192,62.04],[-7.227,62.064],[-7.251,62.043],[-7.346,62.052],[-7.378,62.065],[-7.431,62.116],[-7.435,62.14],[-7.223,62.159],[-7.163,62.129],[-7.045,62.094],[-7.04,62.088],[-7.05,62.068]]],[[[-6.707,61.937],[-6.725,61.934],[-6.773,61.95],[-6.869,61.997],[-6.961,62.047],[-7.035,62.112],[-7.13,62.126],[-7.232,62.172],[-7.234,62.193],[-7.211,62.285],[-7.196,62.305],[-7.135,62.304],[-7.066,62.282],[-7.045,62.243],[-6.991,62.193],[-6.841,62.124],[-6.725,62.035],[-6.696,61.979],[-6.707,61.937]]],[[[-6.62,62.23],[-6.686,62.245],[-6.712,62.294],[-6.721,62.331],[-6.626,62.253],[-6.62,62.23]]],[[[-6.657,62.092],[-6.657,62.056],[-6.922,62.167],[-7.025,62.238],[-7.062,62.296],[-7.06,62.314],[-6.95,62.338],[-6.807,62.29],[-6.601,62.197],[-6.588,62.134],[-6.657,62.092]]],[[[-6.419,62.184],[-6.518,62.169],[-6.572,62.212],[-6.588,62.24],[-6.551,62.251],[-6.549,62.301],[-6.574,62.35],[-6.542,62.357],[-6.522,62.318],[-6.493,62.291],[-6.392,62.258],[-6.389,62.251],[-6.407,62.192],[-6.419,62.184]]],[[[-6.586,62.256],[-6.62,62.267],[-6.664,62.322],[-6.661,62.372],[-6.632,62.371],[-6.566,62.296],[-6.566,62.265],[-6.586,62.256]]],[[[-6.406,62.284],[-6.48,62.298],[-6.547,62.384],[-6.519,62.397],[-6.489,62.381],[-6.392,62.297],[-6.406,62.284]]]]}},{"type":"Feature","properties":{"NAME":"Sámi","ABBREVN":"Sámi","SUBJECTO":"Sámi","BORDERPRECISION":1,"PARTOF":"Sámi"},"geometry":{"type":"MultiPolygon","coordinates":[[[[20.158,69.748],[20.286,69.786],[20.358,69.71],[20.278,69.582],[20.197,69.318],[20.553,69.522],[20.734,69.779],[21.103,69.818],[21.412,70.015],[21.609,69.963],[21.908,69.804],[22.163,70.093],[22.306,70.216],[22.746,70.171],[23.204,69.943],[23.292,70.011],[23.508,70.279],[23.827,70.479],[23.955,70.502],[24.208,70.472],[24.36,70.61],[24.571,70.741],[24.849,70.827],[25.389,70.905],[25.832,70.898],[25.231,70.558],[25.122,70.435],[25.074,70.144],[25.263,70.107],[25.574,70.367],[26.263,70.791],[26.607,70.915],[26.619,70.799],[26.617,70.392],[26.934,70.469],[27.131,70.577],[27.516,70.97],[27.948,71.017],[28.211,71.018],[28.308,70.949],[28.136,70.833],[27.985,70.717],[28.019,70.609],[27.875,70.425],[28.29,70.372],[28.389,70.572],[28.795,70.865],[28.984,70.857],[29.741,70.605],[30.041,70.544],[30.462,70.537],[30.754,70.43],[30.799,70.308],[30.252,70.131],[29.735,70.115],[28.73,70.136],[29.08,69.961],[29.556,69.833],[29.729,69.698],[30.056,69.721],[30.361,69.767],[30.735,69.752],[31.054,69.64],[31.331,69.663],[31.782,69.777],[32.072,69.883],[32.076,69.815],[32.191,69.642],[32.352,69.514],[32.596,69.424],[33.01,69.387],[33.281,69.342],[33.316,69.071],[33.628,69.215],[33.818,69.192],[34.305,69.171],[34.699,69.164],[34.934,69.149],[35.437,69.15],[36.018,69.024],[37.246,68.793],[37.689,68.63],[38.406,68.243],[38.668,68.146],[39.918,67.94],[40.826,67.66],[40.973,67.534],[40.951,67.335],[41.017,67.202],[41.209,67.069],[41.255,66.937],[41.147,66.782],[40.836,66.561],[40.345,66.319],[39.978,66.201],[39.19,66.039],[38.782,66.001],[38.048,66.007],[37.422,66.094],[36.505,66.172],[35.772,66.259],[35.168,66.412],[34.153,66.63],[33.437,66.702],[33.158,66.914],[32.991,66.988],[32.644,67.046],[31.246,67.636],[27.098,66.834],[26.479,65.572],[26.429,65.629],[25.626,66.7],[21.879,66.967],[18.534,66.432],[18.4,67.235],[18.959,68.294],[19.821,69.37],[20.158,69.748]]]]}},{"type":"Feature","properties":{"NAME":null,"ABBREVN":null,"SUBJECTO":null,"BORDERPRECISION":1,"PARTOF":null},"geometry":{"type":"MultiPolygon","coordinates":[[[[59.285,45.275],[59.447,45.188],[59.461,45.055],[59.238,44.797],[59.046,44.955],[59.133,45.195],[59.285,45.275]]],[[[59.777,45.701],[59.901,45.696],[60,45.707],[60,45.648],[59.913,45.598],[59.793,45.59],[59.763,45.632],[59.777,45.701]]]]}},{"type":"Feature","properties":{"NAME":"White Horde","ABBREVN":"White Horde","SUBJECTO":"White Horde","BORDERPRECISION":1,"PARTOF":"White Horde"},"geometry":{"type":"MultiPolygon","coordinates":[[[[60,46.514],[60,46.21],[59.815,46.181],[59.801,46.255],[59.779,46.301],[59.749,46.322],[59.699,46.331],[59.577,46.333],[59.549,46.345],[59.481,46.317],[59.546,46.239],[59.55,45.994],[59.431,45.803],[59.287,45.835],[59.301,45.88],[59.36,45.933],[59.366,45.99],[59.329,46.026],[59.198,46.023],[59.143,46.007],[59.07,46.001],[58.957,45.968],[58.881,45.956],[58.815,45.931],[58.772,45.895],[58.721,45.848],[58.681,45.784],[58.655,45.716],[58.628,45.6],[58.611,45.585],[58.589,45.537],[58.56,45.457],[58.514,45.386],[58.449,45.322],[58.404,45.253],[58.378,45.178],[58.272,44.982],[58.238,44.903],[58.232,44.851],[58.251,44.786],[58.295,44.708],[58.297,44.638],[58.257,44.577],[58.199,44.52],[58.23,44.452],[58.242,44.359],[58.4,44.167],[58.345,43.866],[58.367,43.737],[58.596,43.757],[58.78,43.747],[58.827,43.844],[58.879,43.849],[55.642,40.05],[54.071,38.897],[54.033,38.993],[53.918,39.05],[53.775,39.136],[53.679,39.251],[53.66,39.318],[53.583,39.318],[53.334,39.385],[53.248,39.299],[53.209,39.405],[53.248,39.452],[53.315,39.567],[53.372,39.52],[53.545,39.539],[53.794,39.491],[53.813,39.548],[53.669,39.644],[53.554,39.654],[53.516,39.778],[53.593,39.893],[53.688,39.979],[53.506,39.998],[53.363,39.96],[53.19,39.96],[53.047,39.998],[52.989,39.931],[52.912,40.046],[52.845,40.18],[52.845,40.334],[52.826,40.468],[52.903,40.563],[52.951,40.707],[52.97,40.822],[53.056,41.052],[53.181,40.841],[53.257,40.765],[53.439,40.803],[53.612,40.745],[53.66,40.813],[53.65,40.88],[53.698,40.88],[53.765,40.87],[53.794,40.726],[53.842,40.64],[53.976,40.65],[54.11,40.678],[54.225,40.726],[54.416,40.659],[54.455,40.717],[54.387,40.803],[54.368,40.899],[54.455,40.918],[54.502,40.851],[54.608,40.813],[54.818,40.88],[54.828,40.985],[54.751,41.138],[54.598,41.244],[54.359,41.387],[54.167,41.483],[54.138,41.627],[54.119,41.78],[54.024,41.857],[54.024,42.048],[53.985,42.106],[53.736,42.134],[53.458,42.096],[53.267,42.086],[53.066,42.029],[52.98,41.904],[52.941,41.77],[52.999,41.684],[52.932,41.378],[52.96,41.272],[52.97,41.138],[52.855,41.387],[52.692,41.531],[52.711,41.607],[52.683,41.694],[52.559,41.758],[52.601,41.938],[52.574,42.019],[52.52,42.073],[52.583,42.189],[52.673,42.279],[52.736,42.423],[52.754,42.558],[52.835,42.648],[52.763,42.756],[52.583,42.828],[52.376,42.801],[52.295,42.873],[52.07,42.828],[51.98,42.909],[51.881,43.053],[51.738,43.179],[51.423,43.17],[51.423,43.259],[51.459,43.385],[51.369,43.556],[51.261,43.61],[51.171,43.718],[50.991,44.078],[50.955,44.204],[50.703,44.258],[50.389,44.294],[50.326,44.365],[50.335,44.563],[50.407,44.617],[50.542,44.644],[50.874,44.626],[51.333,44.482],[51.414,44.518],[51.576,44.554],[51.486,44.626],[51.189,44.77],[51.099,44.878],[51.216,45.04],[51.342,45.058],[51.378,45.175],[51.459,45.31],[51.513,45.373],[51.63,45.355],[51.773,45.391],[51.845,45.436],[51.998,45.382],[52.61,45.4],[53.059,45.337],[53.284,45.328],[53.059,45.453],[52.844,45.507],[52.835,45.642],[52.924,45.732],[53.05,45.831],[53.149,45.957],[53.203,46.191],[53.257,46.317],[53.185,46.425],[53.122,46.497],[53.167,46.586],[53.284,46.676],[53.23,46.73],[53.185,46.865],[53.023,46.919],[52.854,46.938],[56.674,58.259],[58.293,58.425],[60,59.103],[60,46.514]]]]}},{"type":"Feature","properties":{"NAME":"Timurid Emirates","ABBREVN":"Timurid Em.","SUBJECTO":"Timurid Emirates","BORDERPRECISION":1,"PARTOF":"Timurid Emirates"},"geometry":{"type":"MultiPolygon","coordinates":[[[[60,34],[55.466,34],[53.984,36.782],[54.067,36.942],[54.009,37.349],[54.015,37.348],[53.928,37.824],[53.88,38.025],[53.937,38.159],[53.937,38.571],[53.985,38.657],[54.071,38.897],[55.642,40.05],[58.879,43.849],[59.019,43.861],[59.008,43.979],[59.126,44.002],[59.248,43.854],[59.505,43.914],[59.716,43.669],[60,43.622],[60,34]]]]}},{"type":"Feature","properties":{"NAME":"Aragón","ABBREVN":"Aragón","SUBJECTO":"Aragón","BORDERPRECISION":1,"PARTOF":"Aragón"},"geometry":{"type":"MultiPolygon","coordinates":[[[[-2.301,40.238],[-1.997,40.086],[-1.997,39.972],[-1.807,39.858],[-1.997,39.743],[-1.997,39.591],[-1.807,39.477],[-1.807,39.173],[-2.035,39.249],[-2.035,38.602],[-1.807,38.526],[-1.807,38.26],[-1.655,38.184],[-1.655,37.918],[-1.883,37.956],[-2.035,37.842],[-1.921,37.651],[-2.149,37.233],[-1.94,36.952],[-1.817,37.292],[-1.626,37.439],[-1.365,37.548],[-0.918,37.57],[-0.803,37.615],[-0.872,37.76],[-0.665,38.177],[-0.564,38.215],[-0.435,38.43],[0.173,38.738],[0.126,38.821],[-0.166,38.954],[-0.236,39.062],[-0.395,39.434],[-0.161,39.886],[0.238,40.24],[0.505,40.593],[0.788,40.657],[0.827,40.727],[0.71,40.785],[0.734,40.875],[0.879,41.022],[1.311,41.157],[2.081,41.298],[2.201,41.446],[2.628,41.62],[3.129,41.857],[3.157,42.076],[3.086,42.121],[3.087,42.369],[3.002,42.771],[3.039,42.869],[2.949,42.883],[2.825,42.85],[2.701,42.73],[2.49,42.719],[2.481,42.686],[2.272,42.69],[2.103,42.615],[1.728,42.501],[1.729,42.516],[1.726,42.505],[1.711,42.492],[1.667,42.5],[1.655,42.467],[1.599,42.467],[1.579,42.45],[1.56,42.458],[1.552,42.433],[1.517,42.429],[1.452,42.437],[1.443,42.444],[1.448,42.46],[1.439,42.477],[1.42,42.485],[1.465,42.508],[1.451,42.54],[1.414,42.537],[1.423,42.556],[1.444,42.569],[1.427,42.586],[1.445,42.604],[1.473,42.61],[1.47,42.622],[1.456,42.619],[1.32,42.605],[1.307,42.635],[0.744,42.772],[0.584,42.772],[0.592,42.628],[0.348,42.635],[0.196,42.608],[0.18,42.663],[-0.166,42.649],[-0.216,42.717],[-0.41,42.786],[-0.469,42.751],[-0.587,42.765],[-0.612,42.731],[-0.84,42.909],[-0.907,42.881],[-1.664,42.125],[-1.605,41.769],[-2.13,41.817],[-2.149,41.493],[-2.301,41.493],[-2.301,41.265],[-2.035,41.227],[-1.921,40.618],[-2.301,40.39],[-2.301,40.238]]],[[[1.567,42.646],[1.6,42.626],[1.637,42.63],[1.66,42.621],[1.667,42.622],[1.577,42.648],[1.567,42.646]]],[[[1.728,42.601],[1.731,42.588],[1.784,42.575],[1.792,42.579],[1.755,42.597],[1.73,42.604],[1.728,42.601]]],[[[8.159,40.785],[8.202,40.663],[8.428,40.465],[8.488,40.209],[8.508,39.946],[8.465,39.64],[8.374,39.308],[8.417,39.212],[8.582,39.066],[8.696,38.996],[8.82,38.977],[8.931,39.054],[8.999,39.175],[9.063,39.22],[9.296,39.233],[9.479,39.144],[9.648,39.457],[9.698,39.693],[9.631,40.096],[9.696,40.314],[9.788,40.442],[9.794,40.564],[9.591,40.903],[9.306,41.184],[8.918,40.94],[8.766,40.863],[8.241,40.855],[8.159,40.785]]],[[[12.454,37.766],[12.532,37.639],[12.637,37.582],[13.012,37.525],[13.868,37.157],[14.216,37.049],[14.622,36.776],[14.942,36.739],[15.027,36.745],[15.221,37],[15.301,37.058],[15.116,37.287],[15.112,37.459],[15.181,37.682],[15.423,38.053],[15.473,38.11],[15.454,38.167],[15.387,38.206],[14.766,38.058],[14.134,37.973],[13.81,37.966],[13.628,38.03],[13.322,38.221],[13.066,38.067],[12.783,38.117],[12.664,38.072],[12.517,37.919],[12.454,37.766]]],[[[14.709,41.143],[14.726,41.13],[14.711,41.115],[14.714,41.105],[14.76,41.1],[14.774,41.091],[14.799,41.091],[14.811,41.102],[14.831,41.093],[14.834,41.103],[14.866,41.12],[14.87,41.134],[14.855,41.149],[14.843,41.15],[14.854,41.163],[14.848,41.164],[14.832,41.188],[14.816,41.187],[14.816,41.193],[14.796,41.2],[14.791,41.215],[14.749,41.222],[14.742,41.205],[14.75,41.198],[14.738,41.19],[14.724,41.194],[14.721,41.169],[14.713,41.163],[14.717,41.149],[14.709,41.143]]],[[[17.4,40.293],[17.402,40.292],[17.407,40.292],[17.4,40.293]]],[[[18.357,39.752],[18.365,39.747],[18.368,39.754],[18.357,39.752]]],[[[18.455,39.945],[18.47,39.977],[18.46,39.965],[18.455,39.945]]]]}},{"type":"Feature","properties":{"NAME":"Thule","ABBREVN":"Thule","SUBJECTO":"Thule","BORDERPRECISION":1,"PARTOF":"Thule"},"geometry":{"type":"MultiPolygon","coordinates":[[[[-25,69.319],[-24.897,69.392],[-24.584,69.34],[-24.333,69.333],[-23.444,69.568],[-22.732,69.774],[-22.158,70.056],[-22.434,70.079],[-23.009,70.093],[-23.459,70.092],[-23.587,70.084],[-23.775,70.145],[-24.195,70.243],[-24.585,70.304],[-25,70.296],[-25,69.319]]],[[[-25,71.468],[-24.913,71.437],[-24.386,71.183],[-24.227,71.059],[-24.04,70.774],[-23.754,70.59],[-23.084,70.468],[-22.616,70.484],[-22.203,70.485],[-21.714,70.386],[-21.547,70.44],[-21.471,70.532],[-21.592,71.211],[-21.726,71.405],[-21.904,71.497],[-22.03,71.435],[-22.431,71.341],[-22.649,71.745],[-22.818,71.87],[-23.247,72],[-25,72],[-25,71.468]]]]}},{"type":"Feature","properties":{"NAME":"Ottoman Empire","ABBREVN":"Ottoman Emp.","SUBJECTO":"Ottoman Empire","BORDERPRECISION":1,"PARTOF":"Ottoman Empire","wikipedia":null},"geometry":{"type":"MultiPolygon","coordinates":[[[[16.64,43.39],[16.992,43.323],[17.054,43.473],[17.163,43.391],[17.326,43.337],[17.304,43.076],[17.596,42.889],[18.001,42.694],[18.249,42.527],[18.529,42.353],[18.91,42.218],[19.136,42],[19.143,41.932],[19.338,41.862],[19.458,41.798],[19.607,41.762],[19.619,41.559],[19.499,41.524],[19.417,41.345],[19.53,41.218],[19.445,40.965],[19.527,40.866],[19.339,40.589],[19.494,40.403],[19.484,40.296],[19.38,40.324],[19.369,40.26],[19.804,40.017],[20.029,39.814],[20.091,39.603],[20.212,39.405],[20.678,39.08],[20.901,39.062],[21.007,39.113],[21.16,39.005],[21.105,38.922],[21.007,38.871],[20.893,38.896],[20.772,38.851],[21.172,38.348],[21.364,38.412],[21.661,38.438],[21.826,38.464],[22.334,38.427],[22.876,38.205],[23.116,38.157],[22.899,37.998],[22.747,37.953],[21.997,38.251],[21.906,38.27],[21.714,38.135],[21.44,38.18],[21.228,37.905],[21.221,37.828],[21.296,37.727],[21.517,37.536],[21.614,37.415],[21.627,37.307],[21.531,37.115],[21.588,36.981],[21.781,36.823],[21.984,37.02],[22.191,36.855],[22.39,36.524],[22.524,36.722],[22.674,36.754],[22.983,36.615],[22.887,37.047],[22.793,37.139],[22.813,37.212],[22.726,37.289],[22.639,37.492],[22.642,37.585],[22.713,37.543],[22.942,37.518],[23.025,37.48],[22.971,37.385],[23.11,37.347],[23.186,37.375],[23.185,37.427],[23.418,37.469],[23.312,37.548],[23.322,37.637],[23.221,37.602],[23.151,37.59],[23.049,37.643],[23.04,37.858],[22.898,37.9],[22.981,37.958],[23.196,38.005],[23.419,38.068],[23.496,38.068],[23.634,37.879],[23.734,37.858],[23.836,37.685],[23.918,37.685],[23.987,37.763],[23.88,38.115],[23.967,38.152],[23.961,38.21],[23.804,38.347],[23.556,38.352],[23.494,38.483],[23.356,38.49],[23.191,38.61],[23.169,38.667],[23.1,38.672],[22.984,38.667],[22.899,38.767],[22.723,38.793],[22.602,38.856],[22.49,38.877],[22.784,38.94],[22.871,39.024],[22.835,39.166],[22.766,39.203],[22.72,39.287],[22.851,39.366],[22.981,39.329],[23.045,39.271],[23.1,39.187],[23.052,39.103],[23.158,39.14],[23.236,39.203],[23.074,39.413],[22.813,39.603],[22.754,39.818],[22.695,39.834],[22.555,39.987],[22.526,40.064],[22.467,40.118],[22.49,40.231],[22.602,40.397],[22.492,40.498],[22.701,40.577],[22.77,40.667],[22.852,40.651],[22.875,40.596],[22.864,40.535],[22.748,40.482],[22.96,40.315],[23.141,40.266],[23.215,40.182],[23.276,40.05],[23.261,39.971],[23.597,39.934],[23.639,39.96],[23.592,40.002],[23.436,40.045],[23.367,40.108],[23.259,40.229],[23.293,40.245],[23.292,40.287],[23.349,40.282],[23.442,40.256],[23.596,40.192],[23.796,39.987],[23.907,39.997],[23.92,40.055],[23.869,40.161],[23.804,40.155],[23.652,40.229],[23.659,40.287],[23.627,40.345],[23.722,40.348],[23.775,40.393],[24.048,40.308],[24.055,40.261],[24.221,40.145],[24.295,40.176],[23.924,40.451],[23.785,40.477],[23.709,40.63],[23.633,40.713],[23.635,40.773],[23.748,40.804],[23.886,40.733],[24.025,40.746],[24.219,40.83],[24.354,40.971],[24.505,40.984],[24.519,40.873],[24.701,40.878],[24.812,40.933],[25.019,41.017],[25.046,40.952],[25.301,40.896],[25.993,40.852],[26.021,40.669],[26.124,40.603],[26.418,40.578],[26.455,40.584],[26.556,40.498],[26.458,40.435],[26.195,40.303],[26.223,40.224],[26.214,40.161],[26.141,40.045],[26.255,40.082],[26.376,40.213],[26.514,40.282],[26.614,40.398],[26.889,40.525],[27.264,40.667],[27.313,40.79],[27.474,40.963],[27.932,40.958],[28.026,41.026],[28.173,41.058],[28.596,40.947],[28.828,40.915],[28.964,40.989],[29.081,41.201],[29.012,41.255],[28.74,41.325],[28.371,41.433],[28.104,41.593],[28.07,41.625],[28.018,41.753],[28.026,41.882],[27.918,41.978],[27.913,42.078],[27.738,42.247],[27.723,42.316],[27.608,42.417],[27.495,42.401],[27.502,42.516],[27.654,42.684],[27.836,42.736],[27.87,42.8],[27.887,43.064],[28.035,43.392],[28.187,43.45],[28.328,43.438],[28.446,43.476],[28.481,43.592],[28.53,43.843],[28.573,44.198],[28.686,44.488],[28.918,44.766],[29.09,44.876],[29.458,44.915],[29.579,45.058],[29.711,45.258],[29.683,45.375],[29.536,45.452],[29.5,45.523],[29.63,45.75],[29.73,45.77],[30.069,45.861],[30.52,46.251],[30.833,46.577],[31.087,46.636],[31.538,46.701],[31.781,46.702],[31.951,46.865],[30.886,47.454],[28.368,45.331],[28.007,45.315],[27.995,45.288],[28.043,45.26],[28.12,45.254],[28.127,45.23],[28.112,45.22],[28.095,45.189],[28.153,45.165],[28.197,45.136],[28.172,45.124],[28.174,45.106],[28.131,45.104],[28.125,45.092],[28.15,45.034],[28.132,45.015],[28.137,44.994],[28.156,44.959],[28.138,44.911],[28.122,44.896],[28.117,44.861],[28.093,44.822],[28.096,44.812],[28.084,44.8],[28.086,44.779],[28.07,44.762],[28.031,44.749],[28.042,44.773],[28.035,44.795],[28.007,44.768],[27.944,44.791],[27.92,44.789],[27.882,44.765],[27.871,44.725],[27.89,44.703],[27.942,44.679],[27.973,44.676],[28.018,44.647],[28.035,44.612],[28.014,44.583],[28.014,44.572],[28.036,44.549],[28.053,44.51],[28.088,44.491],[28.11,44.435],[28.076,44.416],[28.028,44.37],[28.009,44.32],[27.935,44.25],[27.914,44.247],[27.848,44.258],[27.776,44.232],[27.723,44.196],[27.637,44.206],[27.596,44.197],[27.525,44.169],[27.452,44.124],[27.394,44.132],[27.36,44.127],[27.315,44.14],[27.23,44.115],[27.066,44.149],[26.992,44.134],[26.917,44.138],[26.763,44.078],[26.702,44.078],[26.601,44.052],[26.336,44.033],[26.197,43.985],[26.144,43.983],[26.107,43.97],[26.073,43.926],[26.03,43.918],[25.964,43.925],[25.933,43.912],[25.925,43.883],[25.954,43.859],[25.888,43.793],[25.865,43.782],[25.864,43.769],[25.839,43.767],[25.809,43.748],[25.78,43.709],[25.73,43.69],[25.667,43.69],[25.561,43.648],[25.492,43.649],[25.394,43.618],[25.343,43.63],[25.243,43.686],[25.18,43.698],[25.112,43.684],[25.09,43.687],[25.021,43.71],[25.008,43.725],[24.966,43.722],[24.918,43.738],[24.907,43.759],[24.858,43.759],[24.827,43.746],[24.846,43.709],[24.778,43.706],[24.724,43.707],[24.611,43.745],[24.501,43.762],[24.35,43.697],[24.294,43.698],[24.175,43.681],[24.087,43.703],[24.058,43.719],[23.979,43.743],[23.852,43.759],[23.818,43.771],[23.778,43.8],[23.702,43.806],[23.607,43.792],[23.554,43.804],[23.495,43.834],[23.414,43.853],[23.268,43.846],[23.138,43.805],[23.065,43.796],[22.9,43.826],[22.869,43.837],[22.836,43.876],[22.88,43.983],[22.944,44.007],[23.006,44.011],[23.042,44.053],[23.043,44.075],[23.03,44.087],[22.993,44.098],[22.924,44.1],[22.864,44.137],[22.789,44.166],[22.758,44.193],[22.688,44.208],[22.672,44.222],[22.683,44.249],[22.681,44.278],[22.661,44.288],[22.612,44.293],[22.558,44.31],[22.529,44.337],[22.509,44.372],[22.499,44.411],[22.456,44.468],[22.457,44.477],[22.474,44.482],[22.539,44.48],[22.557,44.499],[22.563,44.534],[22.588,44.552],[22.635,44.55],[22.695,44.518],[22.763,44.539],[22.757,44.562],[22.702,44.608],[22.602,44.622],[22.468,44.714],[22.472,44.724],[22.464,44.744],[22.429,44.761],[22.422,44.795],[22.486,44.883],[22.482,44.903],[22.494,44.921],[22.485,44.935],[22.509,44.962],[22.502,44.98],[22.531,44.996],[22.569,45.039],[22.593,45.048],[22.656,45.105],[22.65,45.125],[22.577,45.138],[22.56,45.16],[22.603,45.214],[22.673,45.239],[22.701,45.257],[22.73,45.253],[22.772,45.27],[22.778,45.261],[22.834,45.285],[22.84,45.276],[22.875,45.265],[22.909,45.278],[22.973,45.271],[23.001,45.282],[23.087,45.284],[23.097,45.292],[23.144,45.282],[23.176,45.298],[23.231,45.301],[23.249,45.309],[23.291,45.31],[23.312,45.301],[23.331,45.314],[23.336,45.329],[23.357,45.339],[23.401,45.337],[23.431,45.308],[23.46,45.323],[23.494,45.316],[23.589,45.356],[23.586,45.367],[23.602,45.387],[23.591,45.4],[23.594,45.421],[23.575,45.428],[23.594,45.45],[23.598,45.477],[23.596,45.491],[23.575,45.509],[23.591,45.513],[23.615,45.507],[23.631,45.512],[23.625,45.521],[23.641,45.527],[23.649,45.527],[23.662,45.509],[23.688,45.518],[23.709,45.504],[23.708,45.486],[23.691,45.471],[23.693,45.437],[23.702,45.425],[23.743,45.431],[23.824,45.476],[23.862,45.473],[23.879,45.459],[23.932,45.458],[23.939,45.496],[23.981,45.486],[23.986,45.495],[23.98,45.533],[24.001,45.526],[24.023,45.53],[24.085,45.513],[24.171,45.515],[24.203,45.523],[24.23,45.547],[24.257,45.545],[24.287,45.561],[24.385,45.584],[24.433,45.581],[24.446,45.591],[24.481,45.574],[24.511,45.586],[24.522,45.581],[24.556,45.586],[24.571,45.577],[24.598,45.596],[24.626,45.603],[24.673,45.594],[24.696,45.605],[24.74,45.604],[24.771,45.611],[24.794,45.603],[24.83,45.606],[24.838,45.591],[24.917,45.594],[24.938,45.582],[24.959,45.593],[24.998,45.586],[25.034,45.592],[25.078,45.581],[25.106,45.583],[25.192,45.522],[25.214,45.526],[25.237,45.516],[25.242,45.499],[25.238,45.477],[25.257,45.452],[25.274,45.443],[25.273,45.432],[25.288,45.439],[25.31,45.431],[25.309,45.392],[25.322,45.381],[25.368,45.391],[25.405,45.388],[25.411,45.428],[25.515,45.472],[25.511,45.502],[25.526,45.499],[25.535,45.508],[24.18,45.856],[23.543,45.856],[20.801,44.932],[20.291,44.9],[19.785,44.936],[18.939,44.393],[17.754,44.393],[17.458,44.146],[16.865,44.245],[16.701,43.847],[16.712,43.771],[16.64,43.39]]],[[[22.87,38.837],[23.121,38.867],[23.463,38.624],[23.638,38.523],[23.6,38.457],[23.661,38.404],[24.025,38.386],[24.314,37.985],[24.527,37.967],[24.588,38.153],[24.292,38.195],[24.208,38.552],[24.132,38.653],[23.79,38.719],[23.242,39.044],[23.014,38.961],[22.87,38.837]]],[[[24.261,37.541],[24.383,37.571],[24.398,37.667],[24.299,37.661],[24.261,37.541]]],[[[24.299,36.753],[24.466,36.649],[24.679,36.759],[24.588,36.869],[24.428,36.795],[24.299,36.753]]],[[[24.36,37.305],[24.489,37.396],[24.398,37.468],[24.36,37.396],[24.36,37.305]]],[[[24.428,37.208],[24.444,37.099],[24.535,37.117],[24.428,37.208]]],[[[24.649,37.014],[24.679,36.905],[24.786,36.948],[24.717,37.051],[24.649,37.014]]],[[[24.656,37.901],[24.923,37.691],[25.318,37.402],[25.47,37.438],[25.272,37.565],[24.763,38.003],[24.656,37.901]]],[[[24.824,36.637],[24.945,36.57],[24.976,36.637],[24.877,36.68],[24.824,36.661],[24.824,36.637]]],[[[24.846,37.366],[25.044,37.378],[24.945,37.51],[24.862,37.529],[24.846,37.366]]],[[[24.938,36.96],[25.113,36.941],[25.31,37.002],[25.31,37.196],[25.151,37.172],[24.938,36.96]]],[[[25.044,36.661],[25.059,36.619],[25.196,36.674],[25.166,36.741],[25.044,36.661]]],[[[25.242,36.753],[25.265,36.704],[25.386,36.637],[25.432,36.698],[25.295,36.808],[25.242,36.753]]],[[[25.318,36.399],[25.386,36.319],[25.493,36.331],[25.493,36.423],[25.371,36.497],[25.333,36.46],[25.318,36.399]]],[[[25.341,37.087],[25.363,37.008],[25.455,36.923],[25.546,36.96],[25.599,37.026],[25.607,37.124],[25.538,37.22],[25.341,37.087]]],[[[25.713,36.35],[25.766,36.338],[25.873,36.356],[25.789,36.405],[25.736,36.387],[25.713,36.35]]],[[[25.751,36.783],[25.835,36.783],[26.086,36.899],[26.025,36.96],[25.949,36.911],[25.858,36.838],[25.751,36.814],[25.751,36.783]]],[[[26.064,39.456],[26.139,39.44],[26.804,39.567],[26.958,39.548],[26.926,39.477],[26.854,39.461],[26.72,39.337],[26.602,39.256],[26.704,39.25],[26.708,39.182],[26.797,39.13],[26.871,39.056],[26.79,39.024],[26.785,38.94],[26.937,38.925],[27.004,38.885],[27.035,38.821],[26.966,38.77],[26.709,38.699],[26.696,38.641],[26.829,38.583],[26.82,38.527],[26.997,38.4],[26.742,38.278],[26.527,38.418],[26.469,38.445],[26.392,38.219],[26.393,38.104],[26.512,38.066],[26.679,38.105],[26.961,37.946],[27.14,37.889],[27.18,37.774],[27.141,37.647],[27.123,37.494],[27.16,37.36],[27.365,37.329],[27.493,37.24],[27.526,37.131],[27.269,37.042],[27.308,36.921],[27.999,36.909],[28.051,36.833],[27.942,36.756],[27.912,36.699],[28.014,36.527],[28.267,36.712],[28.47,36.738],[28.814,36.535],[29.002,36.695],[29.298,36.173],[29.472,36.091],[29.535,36.087],[29.531,36.088],[29.511,36.109],[29.457,36.116],[29.435,36.14],[29.433,36.156],[29.471,36.183],[29.487,36.186],[29.515,36.184],[29.545,36.16],[29.569,36.174],[29.607,36.176],[29.614,36.174],[29.61,36.156],[29.623,36.133],[29.637,36.136],[29.672,36.11],[29.685,36.087],[29.671,36.08],[30.166,36.188],[30.28,36.118],[30.395,36.118],[30.473,36.188],[30.54,36.647],[30.594,36.762],[30.905,36.794],[31.371,36.712],[31.902,36.497],[32.335,36.128],[32.64,36.008],[32.904,35.977],[33.171,35.971],[33.482,36.054],[33.753,36.147],[33.834,36.071],[33.836,36.107],[33.891,36.139],[33.954,36.16],[33.952,36.252],[34.103,36.38],[34.485,36.627],[34.662,36.648],[34.87,36.577],[35.071,36.488],[35.221,36.388],[35.354,36.414],[35.389,36.454],[35.417,36.433],[35.495,36.443],[35.548,36.54],[35.506,36.559],[35.568,36.587],[35.672,36.606],[35.891,36.771],[36.789,37.001],[36.494,37.369],[39.148,38.622],[41.212,40.244],[41.484,41.437],[41.293,41.286],[40.61,41.028],[40.361,40.963],[40.007,40.956],[39.663,41],[39.37,41.064],[39.139,41.044],[38.651,40.922],[38.314,40.921],[37.822,41.01],[37.253,41.028],[36.817,41.29],[36.641,41.315],[36.383,41.238],[36.161,41.353],[35.958,41.686],[35.678,41.621],[35.411,41.627],[35.286,41.671],[35.099,41.806],[35.002,42.043],[34.663,41.876],[34.304,41.894],[33.897,41.951],[33.556,41.983],[33.155,41.95],[32.688,41.846],[32.419,41.749],[31.666,41.395],[31.386,41.285],[31.404,41.164],[31.218,41.054],[30.745,41.04],[30.256,41.185],[30.138,41.132],[29.578,41.153],[29.161,41.216],[29.015,40.979],[29.29,40.807],[29.32,40.741],[29.683,40.752],[29.883,40.746],[29.713,40.694],[29.525,40.688],[28.902,40.62],[28.778,40.525],[28.873,40.472],[29.084,40.456],[29.122,40.414],[29.052,40.335],[28.756,40.376],[28.478,40.395],[27.908,40.351],[28.006,40.451],[27.954,40.488],[27.808,40.504],[27.679,40.461],[27.8,40.403],[27.83,40.345],[27.764,40.287],[27.526,40.297],[27.45,40.31],[27.329,40.356],[27.272,40.451],[27.056,40.43],[26.996,40.372],[26.765,40.377],[26.482,40.187],[26.403,40.176],[26.32,39.992],[26.186,39.997],[26.128,39.879],[26.142,39.661],[26.085,39.604],[26.064,39.456]],[[27.419,37.032],[27.42,37.039],[27.431,37.039],[27.432,37.028],[27.419,37.032]]],[[[26.769,37.169],[26.821,37.111],[26.864,37.095],[26.89,37.102],[26.855,37.183],[26.778,37.188],[26.769,37.169]]],[[[26.882,37.069],[26.919,36.947],[26.936,36.932],[26.976,36.924],[27.05,36.949],[27.048,36.994],[26.986,37.044],[26.891,37.076],[26.882,37.069]]],[[[26.919,36.716],[26.946,36.679],[26.971,36.672],[26.966,36.704],[26.971,36.736],[26.981,36.747],[27.243,36.827],[27.329,36.843],[27.356,36.865],[27.341,36.885],[27.284,36.901],[27.168,36.887],[26.922,36.761],[26.919,36.716]]]]}}],"metadata":{"source":"historical-basemaps (aourednik)","sourceUrl":"https://github.com/aourednik/historical-basemaps","license":"GPL-3.0","commit":"62d8f1a03a71f2d3ff17f2d166f7553f256bce68","borderPrecision":"概略（出典が全境界を概略と宣言）"}}