{"type":"FeatureCollection","features":[{"type":"Feature","properties":{"NAME":"Cyprus","ABBREVN":"Cyprus","INFO_UR":null,"SUBJECTO":"Cyprus","BORDERPRECISION":1,"PARTOF":"Cyprus"},"geometry":{"type":"MultiPolygon","coordinates":[[[[33.78,35.208],[33.773,35.129],[33.925,34.953],[33.792,34.957],[33.733,34.909],[33.686,34.935],[33.539,34.944],[33.484,34.796],[33.131,34.68],[32.959,34.659],[32.915,34.636],[32.915,34.541],[32.817,34.539],[32.784,34.625],[32.603,34.615],[32.357,34.68],[32.271,34.72],[32.271,34.814],[32.199,34.861],[32.144,35.043],[32.18,35.058],[32.234,35.014],[32.301,35.016],[32.483,35.153],[32.597,35.156],[32.745,35.114],[32.78,35.153],[32.819,35.282],[32.795,35.361],[33.077,35.319],[33.374,35.306],[33.539,35.332],[33.907,35.437],[34.217,35.574],[34.458,35.645],[34.245,35.512],[34.048,35.408],[33.78,35.208]]]]}},{"type":"Feature","properties":{"NAME":"Norway","ABBREVN":"Norway","INFO_UR":null,"SUBJECTO":"Norway","BORDERPRECISION":1,"PARTOF":"Norway"},"geometry":{"type":"MultiPolygon","coordinates":[[[[-24.219,65.534],[-24.147,65.439],[-23.678,65.317],[-23.374,65.354],[-23.183,65.427],[-22.814,65.471],[-22.362,65.45],[-22.146,65.385],[-21.955,65.378],[-21.794,65.298],[-21.729,65.182],[-21.809,65.037],[-21.978,64.95],[-22.45,64.906],[-22.778,64.855],[-23.136,64.847],[-23.437,64.804],[-23.611,64.746],[-23.675,64.659],[-23.508,64.559],[-22.554,64.625],[-22.392,64.662],[-22.279,64.619],[-22.086,64.44],[-21.857,64.383],[-21.488,64.376],[-21.804,64.11],[-22.311,63.952],[-22.507,63.866],[-22.373,63.773],[-21.548,63.718],[-21.079,63.711],[-20.88,63.74],[-20.404,63.698],[-19.827,63.478],[-19.553,63.415],[-18.961,63.337],[-18.642,63.324],[-18.157,63.367],[-17.944,63.425],[-17.591,63.689],[-17.244,63.733],[-16.918,63.733],[-16.534,63.784],[-15.876,63.993],[-15.634,64.057],[-15.267,64.28],[-15.077,64.209],[-14.821,64.195],[-14.598,64.267],[-14.366,64.476],[-14.348,64.67],[-14.26,64.713],[-13.893,64.721],[-13.694,64.779],[-13.557,65.009],[-13.526,65.183],[-13.59,65.43],[-13.647,65.495],[-14.4,65.567],[-14.754,65.697],[-14.641,65.945],[-14.763,66.055],[-15.071,66.061],[-15.574,66.207],[-15.86,66.419],[-16.385,66.454],[-16.376,66.132],[-16.568,66.029],[-16.922,65.978],[-17.57,66.013],[-18.022,66.078],[-17.861,65.837],[-17.884,65.757],[-18.128,65.786],[-18.369,65.895],[-18.676,66.091],[-19.044,66.017],[-19.165,66.003],[-19.275,65.929],[-19.156,65.725],[-19.239,65.667],[-19.336,65.674],[-19.556,65.768],[-19.748,65.907],[-19.973,66.111],[-20.217,66.001],[-20.141,65.651],[-20.168,65.556],[-20.389,65.475],[-20.672,65.424],[-20.831,65.366],[-21.08,65.205],[-21.495,65.568],[-21.296,65.699],[-21.242,65.882],[-21.443,66.13],[-21.779,66.254],[-22.21,66.29],[-22.676,66.391],[-22.841,66.281],[-22.56,66.113],[-22.474,65.996],[-22.609,65.923],[-22.911,65.944],[-23.341,66.134],[-23.466,66.133],[-23.608,65.98],[-23.426,65.827],[-23.267,65.725],[-23.571,65.681],[-23.973,65.687],[-24.162,65.607],[-24.219,65.534]]],[[[4.98,60.689],[5.075,60.592],[5.255,60.564],[5.456,60.592],[5.551,60.509],[5.262,60.327],[5.096,60.264],[5.279,60.125],[5.525,60.168],[5.894,60.161],[5.806,59.949],[5.632,59.884],[5.543,59.824],[5.694,59.753],[5.91,59.753],[6.185,59.824],[5.97,59.711],[5.667,59.676],[5.741,59.628],[5.646,59.586],[5.449,59.658],[5.419,59.515],[5.383,59.711],[5.087,59.509],[5.177,59.307],[5.283,59.272],[5.35,59.39],[5.344,59.266],[5.529,59.266],[5.717,59.337],[5.683,59.414],[5.68,59.509],[5.8,59.432],[5.816,59.313],[6.113,59.527],[6.076,59.42],[5.877,59.313],[6.02,59.254],[6.238,59.284],[6.033,59.201],[5.772,59.076],[5.822,59.017],[5.94,58.934],[6.051,58.981],[6.266,58.993],[6.041,58.952],[5.984,58.887],[6.094,58.798],[5.794,58.916],[5.666,58.822],[5.627,58.964],[5.475,58.976],[5.531,58.881],[5.4,58.715],[5.615,58.455],[5.874,58.432],[6.231,58.278],[6.652,58.172],[6.479,58.09],[6.644,58.042],[6.726,58.137],[6.874,58.078],[6.959,57.972],[7.908,58.066],[8.03,58.066],[8.154,58.09],[8.175,58.172],[8.922,58.538],[9.146,58.656],[9.372,58.786],[9.346,58.845],[9.698,58.999],[9.938,58.94],[10.172,58.987],[10.211,59.07],[10.363,59.213],[10.43,59.26],[10.379,59.367],[10.407,59.497],[10.57,59.581],[10.634,59.45],[10.549,59.379],[10.657,59.224],[10.769,59.118],[10.829,59.106],[11.112,59.165],[11.179,59.07],[11.039,58.91],[11.14,58.851],[11.221,58.308],[11.407,58.331],[11.431,58.202],[11.614,58.247],[11.802,58.178],[11.709,58.025],[11.61,57.807],[11.736,57.698],[12.488,58.563],[12.423,60.039],[12.436,60.278],[12.548,60.434],[12.431,60.626],[12.174,60.956],[12.597,61.029],[12.792,61.33],[13.155,62.024],[14.536,63.098],[17.009,67.248],[19.58,69.181],[19.289,69.211],[18.985,69.315],[18.553,69.247],[18.319,69.359],[18.097,69.058],[18.052,69.028],[17.928,69.005],[17.895,69.035],[17.566,68.974],[17.449,68.887],[17.407,68.772],[17.04,68.659],[16.855,68.558],[17.126,68.416],[17.033,68.338],[16.719,68.311],[16.522,68.341],[16.649,68.046],[16.412,67.874],[16.233,67.911],[16.071,68.045],[15.92,68.049],[15.854,67.925],[15.572,67.821],[15.762,67.676],[15.746,67.597],[15.58,67.583],[15.385,67.464],[15.227,67.509],[14.976,67.523],[14.699,67.374],[14.569,67.329],[14.616,67.245],[14.778,67.217],[14.639,67.123],[14.373,67.093],[14.055,66.975],[13.859,66.959],[13.747,66.922],[13.992,66.687],[13.592,66.657],[13.383,66.679],[13.242,66.569],[13.169,66.458],[13.255,66.393],[13.403,66.349],[13.581,66.188],[13.152,66.136],[13.109,66.034],[13.087,65.88],[12.709,65.909],[12.479,65.617],[12.284,65.435],[12.496,65.384],[12.526,65.109],[12.222,65.101],[12.112,65.13],[11.896,64.913],[11.69,64.776],[11.47,64.675],[11.407,64.617],[11.508,64.517],[11.364,64.416],[11.214,64.416],[10.997,64.494],[10.891,64.473],[10.74,64.386],[10.066,64.056],[9.87,63.876],[9.832,63.684],[9.441,63.498],[9.216,63.284],[9.154,63.319],[8.957,63.404],[8.606,63.325],[8.472,63.176],[8.258,63.054],[8.231,62.841],[7.989,62.94],[7.606,62.904],[7.088,62.91],[6.982,62.846],[7.102,62.705],[7.547,62.599],[7.289,62.486],[6.989,62.542],[6.613,62.583],[6.533,62.336],[6.308,62.286],[6.053,62.335],[5.824,62.179],[5.565,62.15],[5.47,62.094],[5.426,62.009],[5.528,61.933],[5.719,61.88],[5.834,61.819],[5.797,61.77],[5.592,61.79],[5.149,61.741],[5.101,61.699],[5.141,61.39],[5.018,61.305],[5.12,61.137],[5.387,61.026],[5.109,60.906],[4.98,60.689]]]]}},{"type":"Feature","properties":{"NAME":null,"ABBREVN":null,"INFO_UR":null,"SUBJECTO":null,"BORDERPRECISION":1,"PARTOF":null},"geometry":{"type":"MultiPolygon","coordinates":[[[[-25,69.319],[-24.897,69.392],[-24.584,69.34],[-24.333,69.333],[-23.444,69.568],[-22.732,69.774],[-22.158,70.056],[-22.434,70.079],[-23.009,70.093],[-23.459,70.092],[-23.587,70.084],[-23.775,70.145],[-24.195,70.243],[-24.585,70.304],[-25,70.296],[-25,69.319]]],[[[-25,71.468],[-24.913,71.437],[-24.386,71.183],[-24.227,71.059],[-24.04,70.774],[-23.754,70.59],[-23.084,70.468],[-22.616,70.484],[-22.203,70.485],[-21.714,70.386],[-21.547,70.44],[-21.471,70.532],[-21.592,71.211],[-21.726,71.405],[-21.904,71.497],[-22.03,71.435],[-22.431,71.341],[-22.649,71.745],[-22.818,71.87],[-23.247,72],[-25,72],[-25,71.468]]]]}},{"type":"Feature","properties":{"NAME":"Sardinia","ABBREVN":"Sardinia","INFO_UR":null,"SUBJECTO":"Sardinia","BORDERPRECISION":1,"PARTOF":"Sardinia"},"geometry":{"type":"MultiPolygon","coordinates":[[[[8.82,38.977],[8.696,38.996],[8.582,39.066],[8.417,39.212],[8.374,39.308],[8.465,39.64],[8.508,39.946],[8.488,40.209],[8.428,40.465],[8.202,40.663],[8.159,40.785],[8.241,40.855],[8.766,40.863],[8.918,40.94],[9.306,41.184],[9.591,40.903],[9.794,40.564],[9.788,40.442],[9.696,40.314],[9.631,40.096],[9.698,39.693],[9.648,39.457],[9.479,39.144],[9.296,39.233],[9.063,39.22],[8.999,39.175],[8.931,39.054],[8.82,38.977]]]]}},{"type":"Feature","properties":{"NAME":"Hungary","ABBREVN":"Hungary","INFO_UR":null,"SUBJECTO":"Hungary","BORDERPRECISION":1,"PARTOF":"Hungary"},"geometry":{"type":"MultiPolygon","coordinates":[[[[15.912,45.631],[16.808,44.935],[17.338,45.139],[17.827,45.139],[17.931,44.861],[18.023,44.973],[17.943,45.081],[18.015,45.114],[18.622,45.085],[18.857,44.874],[19.339,44.906],[19.447,44.975],[19.667,44.928],[19.785,44.936],[20.314,44.901],[20.705,44.642],[21.358,44.773],[22.077,44.446],[22.338,44.773],[22.664,44.642],[23.056,45.034],[26.517,45.818],[27.366,46.34],[27.449,46.525],[24.132,48.811],[22.948,48.97],[22.881,49.225],[21.771,49.592],[21.771,49.743],[21.317,49.864],[21.287,49.773],[21.135,49.834],[20.984,49.743],[20.893,49.834],[20.803,49.834],[20.893,49.743],[20.681,49.652],[20.53,49.803],[20.349,49.743],[20.016,49.803],[19.895,49.471],[19.713,49.531],[19.562,49.531],[19.562,49.713],[19.381,49.803],[19.138,49.713],[19.108,49.592],[18.927,49.622],[18.639,49.579],[18.716,49.515],[18.539,49.48],[18.548,49.469],[18.49,49.432],[18.475,49.408],[18.45,49.394],[18.408,49.399],[18.416,49.368],[18.374,49.329],[18.297,49.304],[18.231,49.293],[18.132,49.189],[18.133,49.16],[18.107,49.134],[18.119,49.124],[18.111,49.114],[18.116,49.093],[18.092,49.058],[18.069,49.037],[18.024,49.021],[17.977,49.026],[17.938,48.985],[17.905,48.976],[17.884,48.927],[17.781,48.925],[17.781,48.915],[17.706,48.862],[17.682,48.86],[17.87,48.8],[17.681,48.86],[17.634,48.855],[17.618,48.842],[17.601,48.84],[17.592,48.827],[17.526,48.812],[17.477,48.842],[17.45,48.846],[17.395,48.814],[17.364,48.814],[17.339,48.828],[17.14,48.776],[16.482,48.196],[16.557,47.495],[16.644,47.3],[16.557,47.191],[16.557,47.06],[16.448,46.93],[16.448,46.778],[16.514,46.626],[16.296,46.408],[16.535,46.365],[16.448,46.104],[16.209,46.147],[16.079,45.886],[16.209,45.734],[16.122,45.582],[15.912,45.631]]],[[[18.451,49.462],[18.466,49.455],[18.525,49.471],[18.526,49.478],[18.452,49.463],[18.451,49.462]]]]}},{"type":"Feature","properties":{"NAME":"Venice","ABBREVN":"Venice","INFO_UR":null,"SUBJECTO":"Venice","BORDERPRECISION":1,"PARTOF":"Venice"},"geometry":{"type":"MultiPolygon","coordinates":[[[[11.971,45.436],[12.176,45.214],[12.18,45.27],[12.251,45.29],[12.28,45.402],[12.483,45.462],[12.448,45.394],[12.899,45.558],[13.105,45.582],[13.156,45.727],[13.368,45.694],[13.081,45.98],[12.645,45.915],[12.145,45.763],[11.971,45.436]]],[[[13.527,45.454],[13.644,45.179],[13.672,45.05],[13.895,44.759],[13.991,44.783],[14.06,44.895],[14.189,44.943],[14.175,45.01],[13.908,44.979],[13.799,45.306],[13.952,45.393],[13.995,45.458],[13.8,45.566],[13.749,45.494],[13.527,45.454]]]]}},{"type":"Feature","properties":{"NAME":"Corsica","ABBREVN":"Corsica","INFO_UR":null,"SUBJECTO":"Corsica","BORDERPRECISION":1,"PARTOF":"Corsica"},"geometry":{"type":"MultiPolygon","coordinates":[[[[8.538,41.948],[8.552,41.911],[8.557,41.918],[8.542,41.949],[8.538,41.948]]],[[[8.573,42.445],[8.598,42.455],[8.597,42.472],[8.573,42.445]]],[[[9.024,41.421],[9.039,41.369],[9.057,41.366],[9.043,41.383],[9.032,41.418],[9.024,41.421]]],[[[9.276,42.803],[9.279,42.753],[9.287,42.75],[9.287,42.786],[9.276,42.803]]],[[[9.285,42.926],[9.297,42.941],[9.295,42.957],[9.285,42.926]]]]}},{"type":"Feature","properties":{"NAME":null,"ABBREVN":null,"INFO_UR":null,"SUBJECTO":null,"BORDERPRECISION":1,"PARTOF":null},"geometry":{"type":"MultiPolygon","coordinates":[[[[37.559,34],[38.036,34.597],[38.372,35.141],[40.029,34.391],[40.42,34],[37.559,34]]]]}},{"type":"Feature","properties":{"NAME":"Ghaznavid Emirate","ABBREVN":"Ghaz.Emirate","INFO_UR":null,"SUBJECTO":"Ghaznavid Emirate","BORDERPRECISION":1,"PARTOF":"Ghaznavid Emirate"},"geometry":{"type":"MultiPolygon","coordinates":[[[[60,34],[58.226,34],[56.54,35.939],[55.611,35.939],[54.868,36.806],[54.929,39.159],[55.487,39.345],[60,39.619],[60,34]]]]}},{"type":"Feature","properties":{"NAME":"Georgia","ABBREVN":"Georgia","INFO_UR":null,"SUBJECTO":"Georgia","BORDERPRECISION":1,"PARTOF":"Georgia"},"geometry":{"type":"MultiPolygon","coordinates":[[[[41.68,41.793],[41.652,42.121],[41.503,42.608],[41.41,42.788],[41.123,43.019],[43.546,42.835],[45.26,42.439],[45.558,41.838],[45.432,41.459],[43.325,40.953],[43.367,41.375],[43.114,41.712],[41.68,41.793]]]]}},{"type":"Feature","properties":{"NAME":"Armenia","ABBREVN":"Armenia","INFO_UR":null,"SUBJECTO":"Armenia","BORDERPRECISION":1,"PARTOF":"Armenia"},"geometry":{"type":"MultiPolygon","coordinates":[[[[43.325,40.953],[45.432,41.459],[46.148,39.689],[46.822,38.341],[46.907,37.919],[46.822,37.667],[45.516,37.034],[44.842,36.782],[44.463,36.824],[42.019,38.13],[41.007,38.341],[41.808,38.678],[42.019,39.184],[42.314,39.984],[42.693,40.701],[43.325,40.953]]]]}},{"type":"Feature","properties":{"NAME":"Buwayhid Emirates","ABBREVN":"Buwayhid Em.","INFO_UR":null,"SUBJECTO":"Buwayhid Emirates","BORDERPRECISION":1,"PARTOF":"Buwayhid Emirates"},"geometry":{"type":"MultiPolygon","coordinates":[[[[41.007,38.341],[42.019,38.13],[44.463,36.824],[44.842,36.782],[45.516,37.034],[46.822,37.667],[46.907,37.919],[46.822,38.341],[46.148,39.689],[46.738,40.026],[46.907,40.616],[46.822,41.206],[46.738,41.712],[48.222,42.279],[48.42,42.091],[48.5,41.929],[48.662,41.902],[48.683,41.836],[48.892,41.687],[48.999,41.517],[49.116,41.432],[49.244,41.293],[49.286,41.059],[49.35,40.953],[49.478,40.836],[49.605,40.762],[49.605,40.687],[49.807,40.581],[50.02,40.602],[50.19,40.57],[50.318,40.496],[50.424,40.411],[50.467,40.325],[50.467,40.262],[50.307,40.325],[50.126,40.347],[50.031,40.347],[49.914,40.325],[49.85,40.272],[49.669,40.24],[49.573,40.176],[49.552,40.091],[49.541,39.879],[49.446,39.655],[49.403,39.485],[49.499,39.379],[49.488,39.294],[49.382,39.326],[49.339,39.283],[49.275,39.017],[49.222,39.038],[49.18,39.145],[49.116,39.187],[49.041,39.145],[49.02,39.006],[49.052,38.932],[48.946,38.836],[48.988,38.719],[48.825,38.31],[48.832,38.306],[48.809,37.989],[48.745,37.727],[48.837,37.511],[49.06,37.398],[49.476,37.292],[49.848,37.268],[50.039,37.225],[50.111,37.098],[50.252,36.895],[50.561,36.686],[51.417,36.456],[51.796,36.432],[51.993,36.459],[52.602,36.577],[53.139,36.644],[53.8,36.679],[53.984,36.782],[54.067,36.942],[54.868,36.806],[55.611,35.939],[56.54,35.939],[58.226,34],[40.42,34],[40.029,34.391],[37.026,35.75],[37.384,36.613],[37.594,37.161],[39.617,37.835],[41.007,38.341]]]]}},{"type":"Feature","properties":{"NAME":"Byzantine Empire","ABBREVN":"Byzantine E.","INFO_UR":null,"SUBJECTO":"Byzantine Empire","BORDERPRECISION":1,"PARTOF":"Byzantine Empire"},"geometry":{"type":"MultiPolygon","coordinates":[[[[15.449,41.857],[15.598,41.08],[15.767,40.574],[15.666,40.092],[15.757,39.934],[15.825,39.661],[15.99,39.428],[16.083,39.012],[16.177,38.931],[16.212,38.778],[16.152,38.701],[15.99,38.735],[15.827,38.623],[15.933,38.54],[15.791,38.296],[15.627,38.233],[15.627,38.004],[15.71,37.941],[15.785,37.91],[16.053,37.931],[16.331,38.321],[16.572,38.457],[16.522,38.725],[16.613,38.827],[16.798,38.926],[17.095,38.915],[17.181,39.022],[17.121,39.086],[17.107,39.28],[17.149,39.422],[16.532,39.698],[16.535,39.832],[16.624,39.968],[16.604,40.09],[16.728,40.184],[16.844,40.363],[16.949,40.481],[17.084,40.525],[17.243,40.496],[17.204,40.398],[17.402,40.292],[17.619,40.288],[17.85,40.243],[17.968,40.167],[18.017,39.948],[18.16,39.873],[18.365,39.747],[18.523,40.094],[18.384,40.308],[18.06,40.514],[18.034,40.597],[17.319,40.929],[16.946,41.094],[16.42,41.279],[15.991,41.406],[15.873,41.502],[15.989,41.635],[16.198,41.746],[16.187,41.841],[16.013,41.904],[15.449,41.857]]],[[[20.091,39.603],[20.212,39.405],[20.678,39.08],[20.901,39.062],[21.007,39.113],[21.16,39.005],[21.105,38.922],[21.007,38.871],[20.893,38.896],[20.772,38.851],[21.172,38.348],[21.364,38.412],[21.661,38.438],[21.826,38.464],[22.334,38.427],[22.876,38.205],[23.116,38.157],[22.899,37.998],[22.747,37.953],[21.997,38.251],[21.906,38.27],[21.714,38.135],[21.44,38.18],[21.228,37.905],[21.221,37.828],[21.296,37.727],[21.517,37.536],[21.614,37.415],[21.627,37.307],[21.531,37.115],[21.588,36.981],[21.781,36.823],[21.984,37.02],[22.191,36.855],[22.39,36.524],[22.524,36.722],[22.674,36.754],[22.983,36.615],[22.887,37.047],[22.793,37.139],[22.813,37.212],[22.726,37.289],[22.639,37.492],[22.642,37.585],[22.713,37.543],[22.942,37.518],[23.025,37.48],[22.971,37.385],[23.11,37.347],[23.186,37.375],[23.185,37.427],[23.418,37.469],[23.312,37.548],[23.322,37.637],[23.221,37.602],[23.151,37.59],[23.049,37.643],[23.04,37.858],[22.898,37.9],[22.981,37.958],[23.196,38.005],[23.419,38.068],[23.496,38.068],[23.634,37.879],[23.734,37.858],[23.836,37.685],[23.918,37.685],[23.987,37.763],[23.88,38.115],[23.967,38.152],[23.961,38.21],[23.804,38.347],[23.556,38.352],[23.494,38.483],[23.356,38.49],[23.191,38.61],[23.169,38.667],[23.1,38.672],[22.984,38.667],[22.899,38.767],[22.723,38.793],[22.602,38.856],[22.49,38.877],[22.784,38.94],[22.871,39.024],[22.835,39.166],[22.766,39.203],[22.72,39.287],[22.851,39.366],[22.981,39.329],[23.045,39.271],[23.1,39.187],[23.052,39.103],[23.158,39.14],[23.236,39.203],[23.074,39.413],[22.813,39.603],[22.754,39.818],[22.695,39.834],[21.582,39.689],[20.091,39.603]]],[[[22.492,40.498],[22.701,40.577],[22.77,40.667],[22.852,40.651],[22.875,40.596],[22.864,40.535],[22.748,40.482],[22.96,40.315],[23.141,40.266],[23.215,40.182],[23.276,40.05],[23.261,39.971],[23.597,39.934],[23.639,39.96],[23.592,40.002],[23.436,40.045],[23.367,40.108],[23.259,40.229],[23.293,40.245],[23.292,40.287],[23.349,40.282],[23.442,40.256],[23.596,40.192],[23.796,39.987],[23.907,39.997],[23.92,40.055],[23.869,40.161],[23.804,40.155],[23.652,40.229],[23.659,40.287],[23.627,40.345],[23.722,40.348],[23.775,40.393],[24.048,40.308],[24.055,40.261],[24.221,40.145],[24.295,40.176],[23.924,40.451],[23.785,40.477],[23.709,40.63],[23.633,40.713],[23.635,40.773],[23.748,40.804],[23.886,40.733],[24.025,40.746],[24.219,40.83],[24.354,40.971],[24.505,40.984],[24.519,40.873],[24.701,40.878],[24.812,40.933],[25.019,41.017],[25.046,40.952],[25.301,40.896],[25.993,40.852],[26.021,40.669],[26.124,40.603],[26.418,40.578],[26.455,40.584],[26.556,40.498],[26.458,40.435],[26.195,40.303],[26.223,40.224],[26.214,40.161],[26.141,40.045],[26.255,40.082],[26.376,40.213],[26.514,40.282],[26.614,40.398],[26.889,40.525],[27.264,40.667],[27.313,40.79],[27.474,40.963],[27.932,40.958],[28.026,41.026],[28.173,41.058],[28.596,40.947],[28.828,40.915],[28.964,40.989],[29.081,41.201],[29.012,41.255],[28.74,41.325],[28.371,41.433],[28.104,41.593],[28.07,41.625],[28.018,41.753],[28.026,41.882],[27.918,41.978],[27.913,42.078],[27.738,42.247],[27.723,42.316],[27.608,42.417],[27.495,42.401],[23.731,42.175],[23.267,42.049],[22.492,40.498]]],[[[23.467,35.318],[23.513,35.276],[23.568,35.255],[23.786,35.263],[24.013,35.21],[24.324,35.208],[24.69,35.092],[24.716,35.035],[24.693,34.94],[25.591,35.016],[25.742,35.009],[25.899,35.045],[26.16,35.024],[26.243,35.145],[26.236,35.229],[26.274,35.313],[26.169,35.247],[26.099,35.216],[26.064,35.239],[25.935,35.213],[25.789,35.137],[25.742,35.137],[25.668,35.187],[25.714,35.327],[25.673,35.349],[25.512,35.295],[25.014,35.362],[24.997,35.421],[24.769,35.428],[24.388,35.373],[24.23,35.391],[24.22,35.449],[24.178,35.47],[24.073,35.496],[24.091,35.52],[24.136,35.522],[24.153,35.564],[24.082,35.612],[24.033,35.598],[24.039,35.562],[23.957,35.528],[23.879,35.552],[23.743,35.562],[23.734,35.627],[23.697,35.698],[23.665,35.667],[23.671,35.572],[23.529,35.57],[23.467,35.318]]],[[[26.064,39.456],[26.139,39.44],[26.804,39.567],[26.958,39.548],[26.926,39.477],[26.854,39.461],[26.72,39.337],[26.602,39.256],[26.704,39.25],[26.708,39.182],[26.797,39.13],[26.871,39.056],[26.79,39.024],[26.785,38.94],[26.937,38.925],[27.004,38.885],[27.035,38.821],[26.966,38.77],[26.709,38.699],[26.696,38.641],[26.829,38.583],[26.82,38.527],[26.997,38.4],[26.742,38.278],[26.527,38.418],[26.469,38.445],[26.392,38.219],[26.393,38.104],[26.512,38.066],[26.679,38.105],[26.961,37.946],[27.14,37.889],[27.18,37.774],[27.141,37.647],[27.123,37.494],[27.16,37.36],[27.365,37.329],[27.493,37.24],[27.526,37.131],[27.269,37.042],[27.308,36.921],[27.999,36.909],[28.051,36.833],[27.942,36.756],[27.912,36.699],[28.014,36.527],[28.267,36.712],[28.47,36.738],[28.814,36.535],[29.002,36.695],[29.298,36.173],[29.472,36.091],[29.662,36.078],[30.166,36.188],[30.28,36.118],[30.395,36.118],[30.473,36.188],[30.54,36.647],[30.594,36.762],[30.905,36.794],[31.371,36.712],[31.902,36.497],[32.335,36.128],[32.64,36.008],[32.904,35.977],[33.171,35.971],[33.482,36.054],[33.753,36.147],[33.834,36.071],[33.836,36.107],[33.891,36.139],[33.954,36.16],[33.952,36.252],[34.103,36.38],[34.485,36.627],[34.662,36.648],[34.87,36.577],[35.071,36.488],[35.221,36.388],[35.354,36.414],[35.389,36.454],[35.417,36.433],[35.495,36.443],[35.548,36.54],[35.506,36.559],[35.568,36.587],[35.672,36.606],[35.891,36.771],[35.957,36.747],[36.082,36.622],[36.105,36.561],[36.095,36.482],[35.814,36.298],[35.709,36.212],[35.665,36.134],[35.719,36.092],[35.856,35.835],[35.74,35.69],[35.691,35.685],[35.733,35.585],[35.68,35.528],[35.664,35.459],[35.607,35.418],[35.796,35.271],[35.841,35.043],[35.809,35.014],[35.751,34.747],[35.852,34.493],[36.878,35.391],[37.384,36.613],[37.594,37.161],[39.617,37.835],[41.007,38.341],[41.808,38.678],[42.019,39.184],[42.314,39.984],[42.693,40.701],[43.325,40.953],[43.367,41.375],[43.114,41.712],[41.68,41.793],[41.666,41.729],[41.521,41.466],[41.293,41.286],[40.61,41.028],[40.361,40.963],[40.007,40.956],[39.663,41],[39.37,41.064],[39.139,41.044],[38.651,40.922],[38.314,40.921],[37.822,41.01],[37.253,41.028],[36.817,41.29],[36.641,41.315],[36.383,41.238],[36.161,41.353],[35.958,41.686],[35.678,41.621],[35.411,41.627],[35.286,41.671],[35.099,41.806],[35.002,42.043],[34.663,41.876],[34.304,41.894],[33.897,41.951],[33.556,41.983],[33.155,41.95],[32.688,41.846],[32.419,41.749],[31.666,41.395],[31.386,41.285],[31.404,41.164],[31.218,41.054],[30.745,41.04],[30.256,41.185],[30.138,41.132],[29.578,41.153],[29.161,41.216],[29.015,40.979],[29.29,40.807],[29.32,40.741],[29.683,40.752],[29.883,40.746],[29.713,40.694],[29.525,40.688],[28.902,40.62],[28.778,40.525],[28.873,40.472],[29.084,40.456],[29.122,40.414],[29.052,40.335],[28.756,40.376],[28.478,40.395],[27.908,40.351],[28.006,40.451],[27.954,40.488],[27.808,40.504],[27.679,40.461],[27.8,40.403],[27.83,40.345],[27.764,40.287],[27.526,40.297],[27.45,40.31],[27.329,40.356],[27.272,40.451],[27.056,40.43],[26.996,40.372],[26.765,40.377],[26.482,40.187],[26.403,40.176],[26.32,39.992],[26.186,39.997],[26.128,39.879],[26.142,39.661],[26.085,39.604],[26.064,39.456]]]]}},{"type":"Feature","properties":{"NAME":"Dutchy of Benevento","ABBREVN":"Benevento","INFO_UR":null,"SUBJECTO":"Dutchy of Benevento","BORDERPRECISION":1,"PARTOF":"Dutchy of Benevento"},"geometry":{"type":"MultiPolygon","coordinates":[[[[12.454,37.766],[12.532,37.639],[12.637,37.582],[13.012,37.525],[13.868,37.157],[14.216,37.049],[14.622,36.776],[14.942,36.739],[15.027,36.745],[15.221,37],[15.301,37.058],[15.116,37.287],[15.112,37.459],[15.181,37.682],[15.423,38.053],[15.473,38.11],[15.454,38.167],[15.387,38.206],[14.766,38.058],[14.134,37.973],[13.81,37.966],[13.628,38.03],[13.322,38.221],[13.066,38.067],[12.783,38.117],[12.664,38.072],[12.517,37.919],[12.454,37.766]]],[[[13.498,41.302],[13.797,41.193],[13.853,41.091],[13.942,40.998],[14.051,40.768],[14.24,40.853],[14.37,40.851],[14.495,40.73],[14.35,40.643],[14.334,40.594],[14.743,40.705],[14.951,40.551],[14.992,40.372],[14.899,40.241],[15.027,40.212],[15.432,39.989],[15.516,40.066],[15.666,40.092],[15.767,40.574],[15.598,41.08],[15.449,41.857],[14.922,41.972],[14.904,41.98],[14.845,41.937],[14.88,41.847],[14.775,41.872],[14.63,41.801],[14.487,41.795],[14.326,41.754],[14.214,41.706],[14.137,41.657],[13.994,41.682],[13.944,41.846],[13.918,41.865],[13.699,41.859],[13.684,41.791],[13.863,41.75],[13.863,41.783],[13.929,41.75],[13.88,41.667],[13.88,41.634],[13.929,41.634],[13.963,41.518],[13.963,41.468],[14.029,41.401],[13.979,41.335],[13.813,41.318],[13.761,41.207],[13.498,41.302]]]]}},{"type":"Feature","properties":{"NAME":"Fatimid Caliphate","ABBREVN":"Fatimid Cal.","INFO_UR":null,"SUBJECTO":"Fatimid Caliphate","BORDERPRECISION":1,"PARTOF":"Fatimid Caliphate"},"geometry":{"type":"MultiPolygon","coordinates":[[[[0.991,34],[10.071,34],[10.019,34.081],[10.116,34.234],[10.574,34.648],[10.839,34.801],[11.083,35.145],[11.125,35.241],[10.989,35.622],[10.831,35.679],[10.603,35.889],[10.511,36.086],[10.509,36.214],[10.633,36.424],[10.92,36.654],[11.039,36.909],[11.024,37.068],[10.843,36.991],[10.581,36.793],[10.393,36.717],[10.272,36.755],[10.159,36.996],[10.133,37.105],[10.021,37.2],[9.732,37.282],[9.416,37.275],[9.15,37.173],[8.866,36.968],[8.637,36.885],[7.913,36.775],[7.792,36.832],[7.719,36.953],[7.545,37.042],[7.307,37.061],[7.063,36.882],[6.923,36.818],[6.771,36.862],[6.323,37.091],[6.047,36.842],[5.73,36.752],[5.383,36.675],[5.144,36.668],[4.777,36.743],[4.632,36.794],[4.395,36.838],[4.164,36.831],[3.741,36.837],[3.587,36.792],[3.324,36.651],[3.07,36.619],[2.81,36.714],[2.524,36.573],[2.294,36.541],[1.58,36.514],[1.237,35.886],[0.991,34]]],[[[35.526,34],[37.559,34],[38.036,34.597],[38.372,35.141],[37.026,35.75],[36.878,35.391],[35.852,34.493],[35.873,34.422],[35.821,34.344],[35.716,34.312],[35.532,34.119],[35.526,34]]]]}},{"type":"Feature","properties":{"NAME":"Burgandy","ABBREVN":"Burgandy","INFO_UR":null,"SUBJECTO":"Holy Roman Empire","BORDERPRECISION":1,"PARTOF":"Holy Roman Empire"},"geometry":{"type":"MultiPolygon","coordinates":[[[[5.268,46.318],[5.533,46.097],[5.533,46.009],[5.357,46.053],[5.357,45.876],[5.607,45.847],[5.823,45.396],[5.935,45.322],[5.947,45.26],[6.058,45.223],[6.033,45.334],[6.083,45.372],[6.145,45.322],[6.219,45.347],[6.268,45.322],[6.243,45.297],[6.28,45.199],[6.507,45.116],[6.665,44.955],[6.943,44.869],[7.003,44.72],[6.925,44.715],[6.783,44.548],[6.785,44.544],[6.839,44.609],[6.855,44.615],[6.858,44.63],[6.882,44.631],[6.916,44.66],[6.948,44.655],[6.963,44.678],[6.99,44.69],[7.029,44.692],[7.077,44.682],[7.065,44.714],[7.121,44.726],[7.129,44.739],[7.149,44.743],[7.217,44.715],[7.264,44.715],[7.288,44.706],[7.311,44.684],[7.336,44.681],[7.341,44.706],[7.426,44.725],[7.451,44.739],[7.448,44.755],[7.478,44.758],[7.469,44.657],[7.508,44.65],[7.5,44.624],[7.436,44.562],[7.425,44.525],[7.381,44.529],[7.357,44.503],[7.376,44.467],[7.377,44.39],[7.43,44.399],[7.454,44.334],[7.41,44.321],[7.331,44.272],[7.28,44.287],[7.223,44.286],[7.197,44.275],[7.149,44.19],[7.126,44.175],[7.03,44.225],[6.964,44.238],[6.961,44.286],[6.919,44.339],[6.88,44.36],[6.864,44.362],[6.87,44.349],[6.787,44.297],[6.787,44.198],[6.836,44.112],[6.886,44.149],[6.935,44.136],[6.972,44.062],[6.997,44.05],[6.923,43.976],[6.96,43.914],[6.886,43.902],[6.923,43.815],[7.355,43.902],[7.397,43.764],[7.51,43.838],[7.508,43.842],[7.496,43.853],[7.498,43.872],[7.51,43.882],[7.559,43.897],[7.579,43.891],[7.585,43.873],[7.587,43.872],[7.689,43.887],[7.73,43.898],[7.728,43.904],[7.743,43.91],[7.759,43.943],[7.752,43.958],[7.67,43.998],[7.662,44.022],[7.665,44.031],[7.703,44.043],[7.712,44.061],[7.728,44.06],[7.736,44.076],[7.755,44.085],[7.733,44.084],[7.715,44.107],[7.726,44.126],[7.765,44.144],[7.815,44.124],[7.882,44.114],[7.884,44.106],[7.926,44.112],[7.943,44.101],[7.971,44.113],[8.007,44.102],[8.012,44.111],[8.003,44.117],[8.013,44.12],[7.98,44.138],[8.014,44.156],[8.043,44.143],[8.067,44.145],[8.091,44.173],[8.151,44.165],[8.188,44.184],[8.177,44.189],[8.179,44.202],[8.17,44.214],[8.148,44.206],[8.076,44.204],[8.068,44.227],[8.077,44.235],[8.063,44.253],[8.102,44.281],[8.156,44.272],[8.212,44.325],[8.223,44.323],[8.235,44.306],[8.232,44.295],[8.255,44.3],[8.267,44.352],[8.289,44.367],[8.318,44.343],[8.316,44.327],[8.272,44.318],[8.271,44.302],[8.248,44.273],[8.272,44.272],[8.305,44.257],[8.313,44.262],[8.332,44.29],[8.299,44.503],[8.272,44.506],[8.262,44.519],[8.113,44.491],[8.043,44.397],[7.969,44.423],[7.914,44.458],[7.913,44.555],[7.879,44.639],[7.898,44.672],[7.677,44.731],[7.514,45.383],[8.493,46.117],[8.467,46.537],[8.464,46.536],[8.425,46.558],[8.428,46.664],[8.457,46.706],[8.453,46.775],[8.366,46.819],[8.352,47.044],[8.388,47.142],[8.428,47.186],[8.421,47.299],[8.361,47.416],[8.279,47.462],[7.627,47.462],[7.614,47.436],[7.582,47.429],[7.575,47.438],[7.572,47.417],[7.53,47.414],[7.519,47.388],[7.48,47.388],[7.478,47.402],[7.444,47.401],[7.437,47.379],[7.46,47.37],[7.524,47.371],[7.572,47.326],[7.532,47.295],[7.487,47.284],[7.471,47.266],[7.416,47.253],[7.422,47.242],[7.341,47.217],[7.346,47.207],[7.339,47.195],[7.357,47.184],[7.361,47.171],[7.389,47.158],[7.386,47.148],[7.376,47.141],[7.366,47.144],[7.374,47.149],[7.37,47.159],[7.344,47.153],[7.326,47.162],[7.294,47.161],[7.241,47.128],[7.2,47.134],[7.137,47.107],[7.142,47.098],[7.128,47.089],[7.135,47.084],[7.088,47.06],[7.033,47.033],[7.035,47.014],[7.027,47.006],[7.038,46.98],[7.002,46.988],[6.779,46.854],[6.754,46.87],[6.738,46.871],[6.741,46.895],[6.719,46.904],[6.722,46.934],[6.654,46.914],[6.63,46.889],[6.484,46.847],[6.461,46.855],[6.465,46.89],[6.436,46.921],[6.433,46.929],[6.497,46.974],[6.505,46.966],[6.609,46.983],[6.69,47.009],[6.712,47.022],[6.714,47.044],[6.723,47.047],[6.695,47.063],[6.707,47.074],[6.703,47.082],[6.739,47.091],[6.747,47.099],[6.741,47.11],[6.806,47.131],[6.854,47.161],[6.842,47.172],[6.874,47.185],[6.88,47.2],[6.955,47.243],[6.93,47.258],[6.935,47.27],[6.924,47.275],[6.928,47.281],[6.956,47.292],[7.003,47.289],[7.01,47.297],[7.015,47.317],[6.971,47.318],[6.967,47.325],[7.046,47.326],[7.062,47.344],[7.046,47.363],[7.014,47.372],[6.976,47.361],[6.879,47.356],[6.884,47.373],[6.91,47.385],[6.913,47.405],[6.938,47.406],[6.942,47.434],[6.996,47.45],[7.006,47.458],[7.002,47.469],[7.011,47.484],[7.037,47.498],[7.075,47.488],[7.13,47.503],[7.162,47.49],[7.166,47.49],[7.189,47.523],[6.894,47.653],[6.839,47.612],[6.79,47.598],[6.716,47.671],[6.761,47.7],[6.741,47.754],[6.823,47.814],[6.893,47.836],[6.894,47.838],[6.781,47.951],[6.252,47.957],[6.099,48.027],[6.057,47.957],[5.96,47.985],[5.96,47.909],[5.973,47.907],[5.984,47.895],[5.96,47.885],[5.96,47.804],[5.82,47.735],[5.918,47.595],[5.793,47.512],[5.779,47.359],[5.737,47.234],[5.667,47.108],[5.794,46.997],[5.757,46.887],[5.646,46.85],[5.626,46.649],[5.74,46.598],[5.725,46.48],[5.646,46.457],[5.416,46.524],[5.405,46.509],[5.423,46.501],[5.4,46.467],[5.38,46.474],[5.268,46.318]],[[6.589,47.675],[6.628,47.687],[6.664,47.665],[6.686,47.661],[6.692,47.633],[6.68,47.626],[6.686,47.613],[6.721,47.607],[6.748,47.584],[6.732,47.56],[6.755,47.541],[6.787,47.533],[6.802,47.547],[6.835,47.544],[6.891,47.555],[6.91,47.546],[6.918,47.531],[6.912,47.525],[6.954,47.512],[6.953,47.48],[6.937,47.483],[6.931,47.499],[6.915,47.498],[6.908,47.489],[6.912,47.476],[6.884,47.467],[6.843,47.472],[6.838,47.482],[6.799,47.485],[6.779,47.482],[6.774,47.473],[6.728,47.481],[6.714,47.471],[6.693,47.462],[6.669,47.471],[6.678,47.486],[6.676,47.507],[6.686,47.515],[6.654,47.54],[6.669,47.556],[6.654,47.57],[6.664,47.578],[6.654,47.587],[6.669,47.596],[6.655,47.617],[6.626,47.626],[6.61,47.662],[6.589,47.675]],[[6.615,47.473],[6.618,47.484],[6.639,47.491],[6.66,47.478],[6.647,47.466],[6.63,47.463],[6.615,47.473]],[[6.787,47.419],[6.794,47.454],[6.83,47.453],[6.833,47.439],[6.812,47.417],[6.793,47.41],[6.787,47.419]]],[[[7.17,47.443],[7.2,47.435],[7.231,47.439],[7.249,47.421],[7.282,47.435],[7.333,47.441],[7.376,47.433],[7.376,47.414],[7.438,47.413],[7.449,47.415],[7.456,47.428],[7.438,47.446],[7.421,47.446],[7.43,47.459],[7.443,47.461],[7.456,47.449],[7.53,47.462],[7.43,47.462],[7.335,47.447],[7.186,47.48],[7.17,47.443]]],[[[8.083,44.089],[8.098,44.074],[8.117,44.072],[8.142,44.092],[8.141,44.093],[8.151,44.102],[8.139,44.104],[8.135,44.092],[8.119,44.09],[8.106,44.096],[8.083,44.089]]],[[[8.138,44.152],[8.153,44.139],[8.143,44.126],[8.148,44.113],[8.168,44.112],[8.186,44.126],[8.194,44.131],[8.192,44.134],[8.172,44.141],[8.179,44.141],[8.165,44.155],[8.152,44.16],[8.138,44.152]]]]}},{"type":"Feature","properties":{"NAME":"Croatia","ABBREVN":"Croatia","INFO_UR":null,"SUBJECTO":"Croatia","BORDERPRECISION":1,"PARTOF":"Croatia"},"geometry":{"type":"Polygon","coordinates":[[[14.354,45.323],[14.525,45.266],[14.815,45.078],[14.946,44.927],[14.907,44.723],[14.989,44.54],[15.286,44.329],[15.548,44.229],[15.149,44.24],[15.412,43.935],[15.913,43.652],[16.059,43.433],[16.367,43.513],[16.549,43.461],[16.64,43.39],[16.712,43.771],[16.701,43.847],[16.865,44.245],[16.808,44.935],[15.912,45.631],[15.47,45.734],[15.424,45.43],[14.88,45.484],[14.798,45.865],[14.527,45.783],[14.354,45.323]]]}},{"type":"Feature","properties":{"NAME":"Bulgar Khanate","ABBREVN":"Bulgar Khan.","INFO_UR":null,"SUBJECTO":"Bulgar Khanate","BORDERPRECISION":1,"PARTOF":"Bulgar Khanate"},"geometry":{"type":"MultiPolygon","coordinates":[[[[16.64,43.39],[16.982,43.325],[17.117,43.441],[17.446,43.604],[17.573,43.819],[17.512,43.949],[17.303,44.159],[17.177,44.383],[17.166,44.508],[17.391,44.536],[17.869,44.786],[17.931,44.861],[17.827,45.139],[17.338,45.139],[16.808,44.935],[16.865,44.245],[16.701,43.847],[16.712,43.771],[16.64,43.39]]],[[[17.502,42.949],[17.596,42.889],[17.694,42.842],[17.541,42.929],[17.502,42.949]]],[[[18.521,42.358],[18.529,42.353],[18.588,42.332],[18.546,42.354],[18.521,42.358]]],[[[18.6,42.328],[18.663,42.305],[18.653,42.324],[18.6,42.328]]],[[[18.857,44.874],[18.902,44.833],[19.297,44.879],[19.339,44.906],[18.857,44.874]]],[[[19.339,40.589],[19.494,40.403],[19.484,40.296],[19.38,40.324],[19.369,40.26],[19.804,40.017],[20.029,39.814],[20.091,39.603],[21.582,39.689],[22.695,39.834],[22.555,39.987],[22.526,40.064],[22.467,40.118],[22.49,40.231],[22.602,40.397],[22.492,40.498],[23.267,42.049],[23.731,42.175],[27.495,42.401],[27.502,42.516],[27.654,42.684],[27.836,42.736],[27.87,42.8],[27.887,43.064],[28.035,43.392],[28.187,43.45],[28.328,43.438],[28.446,43.476],[28.481,43.592],[28.53,43.843],[28.573,44.198],[28.686,44.488],[28.918,44.766],[29.09,44.876],[29.458,44.915],[29.579,45.058],[29.361,45.208],[29.064,45.165],[28.402,45.359],[28.368,45.331],[28.019,45.315],[27.824,44.838],[28.085,44.577],[27.954,44.25],[26.452,44.25],[25.473,43.728],[24.624,43.989],[24.232,43.793],[23.513,44.055],[22.926,43.793],[22.926,44.185],[22.469,44.381],[22.664,44.642],[22.338,44.773],[22.077,44.446],[21.358,44.773],[20.705,44.642],[20.314,44.901],[19.785,44.936],[19.667,44.928],[19.756,44.909],[19.682,44.794],[19.944,44.632],[20.145,44.7],[20.278,44.673],[20.309,44.722],[20.639,44.505],[20.741,44.389],[21.105,44.182],[21.237,44.032],[21.39,43.747],[21.456,43.477],[21.434,43.293],[21.27,43.269],[21.028,43.253],[21.072,43.117],[21.259,43.069],[21.511,42.812],[21.335,42.828],[21.237,42.423],[20.863,42.172],[20.105,41.984],[19.374,41.843],[19.458,41.798],[19.607,41.762],[19.619,41.559],[19.499,41.524],[19.417,41.345],[19.53,41.218],[19.445,40.965],[19.527,40.866],[19.339,40.589]]]]}},{"type":"Feature","properties":{"NAME":"Other Rus Principalities","ABBREVN":"Other Rus Principalities","INFO_UR":null,"SUBJECTO":"Other Rus Principalities","BORDERPRECISION":1,"PARTOF":"Other Rus Principalities"},"geometry":{"type":"MultiPolygon","coordinates":[[[[38.37,58.264],[39.226,56.959],[39.307,55.777],[38.9,54.88],[37.84,53.984],[37.758,53.169],[37.065,53.169],[36.658,51.946],[36.209,51.783],[32.133,50.641],[31.654,50.341],[31.622,50.361],[31.586,51.298],[28.584,51.076],[27.419,50.854],[26.501,52.736],[24.45,52.958],[24.268,52.97],[24.169,54.28],[27.691,54.88],[28.424,55.655],[28.547,56.715],[28.588,56.776],[37.137,58.722],[38.37,58.264]]]]}},{"type":"Feature","properties":{"NAME":"Poland","ABBREVN":"Poland","INFO_UR":null,"SUBJECTO":"Poland","BORDERPRECISION":1,"PARTOF":"Poland"},"geometry":{"type":"Polygon","coordinates":[[[14.134,52.409],[14.729,51.131],[14.683,50.922],[15.255,50.979],[15.417,50.779],[15.923,50.779],[16.086,50.645],[16.339,50.645],[16.417,50.512],[17.084,50.379],[17.162,50.246],[17.659,50.113],[18.32,49.914],[18.316,49.847],[18.639,49.579],[18.927,49.622],[19.108,49.592],[19.138,49.713],[19.381,49.803],[19.562,49.713],[19.562,49.531],[19.713,49.531],[19.895,49.471],[20.016,49.803],[20.349,49.743],[20.53,49.803],[20.681,49.652],[20.893,49.743],[20.803,49.834],[20.893,49.834],[20.984,49.743],[21.135,49.834],[21.287,49.773],[21.317,49.864],[21.768,49.744],[21.771,49.592],[22.881,49.225],[22.509,50.637],[23.077,51.886],[23.406,52.369],[23.48,53.024],[24.266,52.97],[24.169,54.28],[21.464,53.819],[21.105,53.819],[20.81,53.638],[20.709,53.758],[20.428,53.778],[20.386,53.511],[20.078,53.511],[20.078,53.665],[19.565,53.46],[19.206,53.254],[18.949,53.254],[18.59,53.1],[16.053,52.716],[15.844,52.71],[14.134,52.409]],[[17.422,50.213],[17.425,50.241],[17.434,50.253],[17.453,50.256],[17.459,50.269],[17.491,50.274],[17.562,50.27],[17.587,50.278],[17.61,50.266],[17.627,50.27],[17.695,50.304],[17.687,50.309],[17.691,50.327],[17.719,50.32],[17.731,50.303],[17.751,50.298],[17.726,50.273],[17.726,50.262],[17.745,50.243],[17.762,50.241],[17.759,50.208],[17.738,50.202],[17.72,50.208],[17.703,50.185],[17.62,50.171],[17.606,50.189],[17.542,50.189],[17.517,50.212],[17.485,50.207],[17.463,50.215],[17.429,50.205],[17.422,50.213]],[[17.948,50.07],[17.959,50.093],[17.951,50.108],[17.974,50.127],[18.015,50.13],[18.065,50.113],[18.087,50.103],[18.103,50.072],[18.123,50.065],[18.095,50.06],[18.081,50.092],[18.077,50.068],[18.076,50.083],[18.05,50.081],[18.005,50.05],[17.991,50.051],[17.987,50.064],[17.948,50.07]]]}},{"type":"Feature","properties":{"NAME":"Celtic kingdoms","ABBREVN":"Celtic kingdoms","INFO_UR":null,"SUBJECTO":"Celtic kingdoms","BORDERPRECISION":1,"PARTOF":"Celtic kingdoms"},"geometry":{"type":"MultiPolygon","coordinates":[[[[-10.497,52.102],[-9.964,52.092],[-10.294,51.978],[-10.217,51.758],[-9.835,51.803],[-9.795,51.605],[-9.819,51.435],[-9.243,51.473],[-8.848,51.6],[-8.565,51.615],[-8.159,51.84],[-7.862,51.968],[-7.751,52.033],[-7.372,52.092],[-6.973,52.11],[-6.978,52.113],[-6.958,52.145],[-6.919,52.178],[-6.937,52.192],[-6.956,52.231],[-6.986,52.251],[-6.985,52.275],[-7.007,52.277],[-7.039,52.257],[-7.085,52.253],[-7.169,52.28],[-7.197,52.252],[-7.219,52.245],[-7.239,52.262],[-7.277,52.276],[-7.285,52.298],[-7.307,52.321],[-7.363,52.34],[-7.388,52.357],[-7.397,52.367],[-7.384,52.419],[-7.426,52.455],[-7.464,52.471],[-7.421,52.51],[-7.427,52.519],[-7.451,52.507],[-7.462,52.52],[-7.452,52.575],[-7.48,52.601],[-7.475,52.612],[-7.514,52.648],[-7.548,52.701],[-7.647,52.735],[-7.698,52.827],[-7.734,52.853],[-7.721,52.873],[-7.725,52.884],[-7.662,52.93],[-7.7,52.937],[-7.732,52.956],[-7.708,52.98],[-7.707,53.009],[-7.685,53.031],[-7.676,53.035],[-7.768,53.063],[-7.782,53.076],[-7.79,53.099],[-7.844,53.089],[-7.903,53.098],[-7.981,53.135],[-8.056,53.154],[-8.081,53.172],[-8.043,53.195],[-7.994,53.193],[-7.975,53.21],[-7.974,53.234],[-8.026,53.253],[-8.057,53.275],[-8.026,53.3],[-8.024,53.321],[-7.993,53.325],[-7.984,53.338],[-7.942,53.343],[-7.939,53.356],[-7.911,53.373],[-7.925,53.398],[-7.943,53.406],[-7.936,53.418],[-7.964,53.442],[-7.955,53.482],[-7.981,53.552],[-8.037,53.607],[-8.034,53.644],[-7.986,53.681],[-7.987,53.701],[-7.95,53.713],[-7.946,53.74],[-7.929,53.733],[-7.918,53.738],[-7.916,53.749],[-7.889,53.761],[-7.876,53.778],[-7.884,53.786],[-7.881,53.794],[-7.862,53.808],[-7.86,53.831],[-7.823,53.834],[-7.817,53.851],[-7.803,53.855],[-7.785,53.839],[-7.771,53.843],[-7.776,53.868],[-7.715,53.888],[-7.645,53.94],[-7.625,53.942],[-7.592,53.927],[-7.579,53.906],[-7.552,53.892],[-7.557,53.878],[-7.581,53.867],[-7.586,53.855],[-7.567,53.852],[-7.507,53.863],[-7.468,53.848],[-7.468,53.808],[-7.453,53.795],[-7.421,53.792],[-7.394,53.78],[-7.343,53.799],[-7.338,53.791],[-7.316,53.788],[-7.283,53.77],[-7.26,53.743],[-7.227,53.732],[-7.224,53.71],[-7.142,53.678],[-7.132,53.676],[-7.118,53.687],[-7.085,53.649],[-7.069,53.644],[-7.03,53.668],[-6.991,53.675],[-6.971,53.657],[-6.938,53.65],[-6.855,53.559],[-6.833,53.552],[-6.741,53.562],[-6.732,53.577],[-6.65,53.604],[-6.649,53.617],[-6.684,53.644],[-6.68,53.654],[-6.656,53.669],[-6.631,53.668],[-6.561,53.707],[-6.539,53.731],[-6.515,53.759],[-6.488,53.854],[-6.445,53.904],[-6.423,53.913],[-6.406,53.914],[-6.343,53.94],[-6.072,53.974],[-5.912,54.027],[-5.731,54.175],[-5.662,54.322],[-5.8,54.523],[-5.764,54.657],[-5.785,54.737],[-6.018,55.093],[-6.117,55.16],[-6.279,55.14],[-6.454,55.187],[-6.645,55.206],[-6.997,55.172],[-7.225,55.104],[-7.428,55.064],[-7.498,55.05],[-7.657,55.117],[-7.756,55.253],[-8.118,55.177],[-8.345,55.095],[-8.476,54.88],[-8.504,54.75],[-8.76,54.701],[-8.829,54.634],[-8.211,54.634],[-8.301,54.489],[-8.687,54.364],[-8.59,54.203],[-9.086,54.258],[-9.323,54.275],[-9.474,54.241],[-9.892,54.326],[-10.16,54.133],[-10.179,53.912],[-9.913,53.97],[-9.696,53.873],[-9.872,53.768],[-9.81,53.632],[-10.151,53.576],[-10.021,53.512],[-10.16,53.374],[-9.885,53.297],[-9.803,53.345],[-9.617,53.346],[-9.441,53.266],[-9.297,53.28],[-9.158,53.221],[-9.002,53.3],[-8.924,53.161],[-8.997,53.12],[-9.309,53.115],[-9.526,52.905],[-9.442,52.833],[-9.616,52.637],[-9.134,52.681],[-9.193,52.554],[-9.504,52.541],[-9.736,52.48],[-9.784,52.341],[-9.802,52.241],[-9.891,52.194],[-10.469,52.207],[-10.497,52.102]]],[[[-6.092,52.747],[-6.071,52.767],[-6.059,52.822],[-6.063,52.82],[-6.087,52.79],[-6.092,52.747]]],[[[-5.249,51.86],[-5.179,51.787],[-4.999,51.702],[-4.159,51.677],[-3.499,51.46],[-3.173,51.467],[-2.75,51.644],[-2.914,53.267],[-3.071,53.254],[-3.013,53.243],[-2.951,53.212],[-2.922,53.189],[-2.921,53.178],[-2.944,53.165],[-2.99,53.158],[-2.964,53.133],[-2.996,53.131],[-3.014,53.109],[-3.029,53.104],[-3.028,53.093],[-3.032,53.098],[-3.113,53.073],[-3.137,53.074],[-3.152,53.093],[-3.146,53.104],[-3.177,53.116],[-3.186,53.142],[-3.183,53.154],[-3.208,53.16],[-3.257,53.155],[-3.277,53.151],[-3.312,53.115],[-3.302,53.09],[-3.323,53.079],[-3.325,53.06],[-3.341,53.051],[-3.433,53.028],[-3.429,53.042],[-3.437,53.051],[-3.485,53.042],[-3.485,53.028],[-3.476,53.027],[-3.481,53.019],[-3.448,53.003],[-3.459,52.985],[-3.484,52.968],[-3.588,52.965],[-3.603,52.99],[-3.612,52.992],[-3.608,53.01],[-3.686,52.985],[-3.739,52.978],[-3.774,52.956],[-3.811,52.945],[-3.813,52.885],[-3.806,52.871],[-3.782,52.863],[-3.786,52.853],[-3.776,52.842],[-3.766,52.844],[-3.761,52.822],[-3.73,52.801],[-3.738,52.795],[-3.701,52.787],[-3.686,52.792],[-3.667,52.788],[-3.648,52.799],[-3.639,52.788],[-3.609,52.794],[-3.595,52.774],[-3.592,52.763],[-3.591,52.766],[-3.598,52.784],[-3.606,52.79],[-3.598,52.814],[-3.587,52.828],[-3.568,52.823],[-3.567,52.83],[-3.503,52.839],[-3.483,52.865],[-3.436,52.861],[-3.389,52.876],[-3.396,52.859],[-3.311,52.831],[-3.282,52.81],[-3.283,52.803],[-3.272,52.799],[-3.284,52.789],[-3.241,52.786],[-3.187,52.805],[-3.161,52.804],[-3.232,52.457],[-3.254,52.464],[-3.287,52.458],[-3.344,52.435],[-3.367,52.444],[-3.393,52.441],[-3.403,52.436],[-3.395,52.433],[-3.415,52.427],[-3.424,52.413],[-3.463,52.395],[-3.491,52.392],[-3.514,52.41],[-3.535,52.405],[-3.572,52.374],[-3.593,52.373],[-3.587,52.358],[-3.636,52.37],[-3.663,52.355],[-3.681,52.368],[-3.695,52.367],[-3.713,52.402],[-3.712,52.413],[-3.771,52.442],[-3.765,52.472],[-3.745,52.475],[-3.74,52.495],[-3.73,52.499],[-3.733,52.506],[-3.75,52.506],[-3.771,52.489],[-3.826,52.484],[-3.844,52.517],[-3.836,52.527],[-3.841,52.552],[-3.861,52.561],[-3.926,52.564],[-3.93,52.554],[-3.965,52.558],[-3.996,52.549],[-3.998,52.539],[-4.024,52.546],[-4.112,52.528],[-4.124,52.373],[-4.295,52.2],[-4.619,52.094],[-5.061,52.006],[-5.249,51.86]]],[[[-4.388,52.83],[-4.381,52.817],[-4.231,52.827],[-4.21,52.851],[-4.227,52.865],[-4.388,52.83]]]]}},{"type":"Feature","properties":{"NAME":"Scotland","ABBREVN":"Scotland","INFO_UR":null,"SUBJECTO":"Scotland","BORDERPRECISION":1,"PARTOF":"Scotland"},"geometry":{"type":"Polygon","coordinates":[[[-4.915,56.935],[-4.622,56.348],[-4.295,55.312],[-4.289,55.315],[-4.246,55.31],[-4.225,55.32],[-4.195,55.318],[-4.156,55.285],[-4.124,55.293],[-4.097,55.349],[-4.084,55.353],[-4.048,55.34],[-4.044,55.331],[-4.069,55.272],[-4.064,55.263],[-4.02,55.236],[-3.998,55.198],[-3.971,55.173],[-3.886,55.118],[-3.851,55.107],[-3.673,55.097],[-3.636,55.084],[-3.598,55.054],[-3.61,55.043],[-3.572,55.009],[-3.566,54.969],[-3.542,54.943],[-3.526,54.929],[-3.467,54.91],[-3.468,54.908],[-3.309,54.885],[-3.153,54.838],[-3.43,54.643],[-3.569,54.415],[-3.479,54.275],[-3.261,54.141],[-2.886,54.169],[-1.897,54.336],[-2.065,55.3],[-1.942,55.556],[-2.245,55.811],[-2.54,55.885],[-2.742,55.957],[-2.928,55.946],[-3.161,55.846],[-3.356,55.843],[-3.577,55.885],[-3.713,55.885],[-3.895,55.985],[-3.294,55.974],[-3.17,56.062],[-2.895,56.086],[-2.773,56.171],[-2.721,56.178],[-2.949,56.253],[-3.152,56.337],[-2.981,56.354],[-2.667,56.471],[-2.515,56.667],[-2.413,56.717],[-2.159,57.014],[-2.203,57.065],[-2.108,57.21],[-1.945,57.402],[-2.15,57.572],[-2.854,57.543],[-3.093,57.577],[-3.401,57.576],[-3.796,57.542],[-4.148,57.555],[-4.249,57.636],[-4.15,57.835],[-4.831,57.774],[-4.915,56.935]]]}},{"type":"Feature","properties":{"NAME":null,"ABBREVN":null,"INFO_UR":null,"SUBJECTO":null,"BORDERPRECISION":1,"PARTOF":null},"geometry":{"type":"MultiPolygon","coordinates":[[[[-5.985,56.588],[-5.954,56.563],[-5.682,56.492],[-5.645,56.516],[-5.547,56.652],[-5.458,56.632],[-5.271,56.544],[-5.3,56.429],[-5.497,56.177],[-5.633,55.94],[-5.576,55.77],[-5.503,55.802],[-5.441,55.855],[-5.406,55.868],[-5.366,55.869],[-5.382,55.901],[-5.393,55.975],[-5.338,56.017],[-5.251,55.998],[-5.223,55.999],[-5.182,55.984],[-5.137,55.995],[-5.126,56.004],[-5.077,56.008],[-5.025,55.993],[-4.995,55.992],[-4.848,56.097],[-4.711,56.131],[-4.623,55.908],[-4.758,55.82],[-4.895,55.772],[-4.908,55.664],[-4.771,55.488],[-4.638,55.428],[-4.91,55.11],[-5.005,55.012],[-4.955,55.025],[-4.936,55.059],[-4.923,55.067],[-4.903,55.067],[-4.866,55.042],[-4.835,55.04],[-4.721,55.041],[-4.651,55.054],[-4.631,55.064],[-4.638,55.079],[-4.664,55.098],[-4.664,55.12],[-4.64,55.133],[-4.588,55.147],[-4.568,55.16],[-4.469,55.154],[-4.452,55.171],[-4.44,55.142],[-4.428,55.142],[-4.409,55.154],[-4.41,55.181],[-4.379,55.206],[-4.348,55.267],[-4.304,55.307],[-4.295,55.312],[-4.622,56.348],[-4.915,56.935],[-4.831,57.774],[-4.15,57.835],[-3.943,57.958],[-3.166,58.275],[-3.028,58.406],[-3.165,58.522],[-3.441,58.529],[-3.831,58.507],[-4.139,58.445],[-4.51,58.403],[-4.926,58.567],[-5.113,58.395],[-4.907,58.169],[-5.346,58.093],[-5.056,57.751],[-5.23,57.71],[-5.568,57.777],[-5.763,57.62],[-5.461,57.388],[-5.562,57.299],[-5.665,57.273],[-5.646,57.272],[-5.632,57.26],[-5.663,57.232],[-5.651,57.22],[-5.652,57.206],[-5.698,57.186],[-5.625,56.999],[-5.666,56.938],[-5.909,56.733],[-5.985,56.588]]],[[[-4.848,54.78],[-4.823,54.726],[-4.815,54.721],[-4.601,54.688],[-4.636,54.705],[-4.665,54.738],[-4.754,54.777],[-4.839,54.785],[-4.848,54.78]]]]}},{"type":"Feature","properties":{"NAME":null,"ABBREVN":null,"INFO_UR":null,"SUBJECTO":null,"BORDERPRECISION":1,"PARTOF":null},"geometry":{"type":"Polygon","coordinates":[[[10.142,54.337],[10.205,53.698],[10.571,53.046],[11.753,52.842],[11.55,52.639],[11.652,52.4],[11.67,52.396],[11.674,52.387],[11.661,52.379],[11.672,52.353],[11.673,52.353],[11.698,52.371],[11.696,52.401],[11.722,52.409],[11.772,52.4],[11.766,52.379],[11.835,52.389],[11.841,52.402],[11.864,52.412],[11.935,52.395],[11.96,52.399],[11.991,52.429],[12.002,52.461],[11.987,52.473],[11.982,52.498],[11.96,52.519],[11.98,52.537],[11.987,52.572],[12.016,52.625],[12.01,52.661],[12.015,52.682],[12.042,52.734],[12.023,52.812],[12.072,52.817],[12.078,52.8],[12.106,52.795],[12.109,52.783],[12.141,52.783],[12.166,52.804],[12.213,52.795],[12.224,52.787],[12.224,52.776],[12.206,52.761],[12.22,52.749],[12.219,52.736],[12.201,52.728],[12.207,52.725],[12.199,52.717],[12.218,52.707],[12.222,52.688],[12.231,52.686],[12.227,52.682],[12.241,52.665],[12.271,52.669],[12.283,52.662],[12.297,52.672],[12.334,52.655],[12.319,52.636],[12.315,52.612],[12.322,52.607],[12.315,52.599],[12.329,52.591],[12.322,52.58],[12.33,52.569],[12.313,52.562],[12.312,52.555],[12.324,52.549],[12.304,52.545],[12.308,52.531],[12.335,52.528],[12.353,52.51],[12.386,52.516],[12.412,52.501],[12.415,52.509],[12.441,52.503],[12.454,52.492],[12.432,52.458],[12.405,52.456],[12.362,52.438],[12.366,52.429],[12.388,52.432],[12.394,52.391],[12.406,52.401],[12.445,52.386],[12.458,52.399],[12.477,52.395],[12.452,52.364],[12.438,52.364],[12.421,52.348],[12.451,52.337],[13.588,52.313],[15.844,52.71],[16.053,52.716],[18.59,53.1],[18.949,53.254],[19.206,53.254],[19.565,53.46],[20.078,53.665],[20.078,53.511],[20.386,53.511],[20.428,53.778],[20.709,53.758],[20.81,53.638],[21.105,53.819],[21.464,53.819],[27.691,54.88],[28.424,55.655],[28.547,56.715],[28.605,56.802],[26.52,59.421],[26.343,59.447],[25.721,59.46],[25.49,59.42],[25.449,59.494],[25.248,59.362],[24.751,59.448],[24.714,59.352],[24.571,59.374],[24.538,59.323],[24.342,59.369],[24.282,59.284],[24.03,59.235],[24.032,59.176],[23.416,59.119],[23.457,59.005],[23.338,58.972],[23.432,58.858],[23.361,58.767],[23.512,58.581],[23.69,58.665],[23.671,58.241],[23.908,58.224],[24.058,58.112],[24.331,58.308],[24.497,58.213],[24.414,58.106],[24.416,57.948],[24.236,57.728],[24.323,57.337],[24.346,57.16],[24.266,57.03],[24.158,56.975],[23.768,56.866],[23.414,56.892],[23.215,56.981],[23.175,57.048],[23.071,57.261],[22.881,57.334],[22.585,57.509],[22.564,57.616],[22.433,57.616],[22.285,57.565],[21.81,57.475],[21.677,57.464],[21.46,57.25],[21.34,57.177],[21.324,56.854],[21.022,56.684],[20.965,56.609],[20.916,56.097],[20.996,56.024],[21.018,55.634],[21.216,55.344],[21.201,55.261],[21.143,55.256],[21.224,55.111],[21.113,55.089],[21.192,54.96],[21.137,54.845],[20.985,54.812],[19.943,54.85],[19.863,54.752],[19.833,54.531],[19.882,54.525],[19.938,54.608],[20.006,54.547],[20.194,54.575],[20.327,54.564],[20.189,54.522],[19.733,54.31],[19.457,54.217],[19.328,54.161],[19.23,54.167],[19.232,54.222],[19.318,54.272],[19.758,54.459],[19.734,54.461],[19.255,54.277],[18.965,54.228],[18.673,54.255],[18.513,54.316],[18.454,54.525],[18.338,54.603],[18.363,54.669],[18.76,54.536],[18.279,54.724],[17.658,54.685],[16.976,54.549],[16.473,54.415],[16.115,54.2],[15.898,54.128],[15.312,54.071],[15.08,54.003],[14.886,53.98],[14.467,53.91],[14.483,53.819],[14.557,53.76],[14.565,53.694],[14.495,53.625],[14.537,53.538],[14.433,53.594],[14.19,53.625],[14.177,53.683],[14.01,53.673],[13.85,53.729],[13.78,53.775],[13.738,54.03],[13.668,54.084],[13.431,54.03],[13.064,54.194],[13.026,54.265],[12.943,54.347],[12.765,54.27],[12.653,54.321],[12.312,54.202],[12.041,54.097],[11.565,54.035],[11.408,53.859],[11.202,53.857],[11.151,53.938],[10.859,53.877],[10.779,53.926],[10.751,53.92],[10.734,53.909],[10.704,53.911],[10.663,53.898],[10.632,53.917],[10.571,53.906],[10.573,53.922],[10.543,53.926],[10.551,53.938],[10.535,53.955],[10.556,53.965],[10.576,53.945],[10.58,53.927],[10.601,53.924],[10.639,53.936],[10.641,53.944],[10.629,53.944],[10.629,53.969],[10.641,53.971],[10.636,53.966],[10.647,53.96],[10.667,53.964],[10.67,53.971],[10.65,53.982],[10.644,54.002],[10.623,54.009],[10.634,54.027],[10.666,54.008],[10.702,54.006],[10.704,54.013],[10.69,54.019],[10.694,54.026],[10.758,54.04],[10.755,54.054],[10.84,54.038],[10.841,54.019],[11.016,54.097],[11.073,54.22],[11.039,54.313],[10.649,54.259],[10.446,54.292],[10.34,54.362],[10.213,54.372],[10.142,54.337]],[[10.421,54.082],[10.427,54.09],[10.422,54.116],[10.441,54.125],[10.437,54.118],[10.479,54.104],[10.481,54.116],[10.495,54.123],[10.539,54.123],[10.541,54.134],[10.516,54.14],[10.483,54.174],[10.495,54.184],[10.528,54.188],[10.54,54.207],[10.538,54.219],[10.549,54.22],[10.54,54.228],[10.573,54.236],[10.61,54.231],[10.607,54.224],[10.62,54.227],[10.671,54.207],[10.674,54.189],[10.653,54.184],[10.651,54.173],[10.666,54.163],[10.664,54.153],[10.689,54.15],[10.697,54.121],[10.709,54.117],[10.724,54.127],[10.754,54.121],[10.756,54.107],[10.737,54.095],[10.707,54.092],[10.692,54.101],[10.677,54.09],[10.659,54.098],[10.628,54.094],[10.595,54.102],[10.598,54.07],[10.506,54.073],[10.484,54.059],[10.459,54.061],[10.421,54.082]]]}},{"type":"Feature","properties":{"NAME":"Sweden","ABBREVN":"Sweden","INFO_UR":null,"SUBJECTO":"Sweden","BORDERPRECISION":1,"PARTOF":"Sweden"},"geometry":{"type":"MultiPolygon","coordinates":[[[[11.736,57.698],[11.766,57.673],[11.881,57.509],[11.877,57.325],[12.318,57.68],[12.524,57.391],[12.731,57.432],[12.896,56.978],[13.226,57.102],[13.432,56.524],[14.175,56.813],[14.485,56.68],[15.427,56.766],[16.063,56.396],[16.376,56.822],[16.395,57.074],[16.494,57.279],[16.659,57.443],[16.55,57.545],[16.607,57.666],[16.477,57.702],[16.46,57.895],[16.598,57.866],[16.725,57.889],[16.774,58.038],[16.744,58.312],[16.513,58.428],[16.443,58.634],[17.081,58.65],[17.083,58.748],[17.245,58.717],[17.357,58.743],[17.582,58.893],[17.623,59.1],[17.739,59.11],[17.745,58.986],[17.726,58.914],[17.766,58.872],[17.94,58.908],[18.016,59.038],[18.372,59.157],[18.273,59.287],[18.598,59.297],[18.611,59.333],[18.515,59.401],[18.441,59.401],[18.43,59.333],[18.328,59.37],[18.111,59.323],[17.978,59.328],[17.862,59.24],[17.584,59.271],[17.575,59.214],[17.358,59.245],[17.266,59.339],[17,59.359],[16.776,59.479],[16.408,59.447],[16.523,59.583],[16.724,59.531],[16.786,59.577],[17.071,59.546],[17.368,59.468],[17.73,59.416],[17.795,59.364],[18.03,59.359],[18.639,59.567],[18.868,59.712],[19.044,59.712],[19.037,59.863],[18.893,59.926],[18.804,60.108],[18.417,60.182],[18.224,60.323],[17.931,60.59],[17.706,60.554],[17.605,60.638],[17.188,60.674],[17.318,60.753],[17.146,60.953],[17.15,61.198],[17.065,61.538],[17.163,61.63],[17.387,61.658],[17.497,62.088],[17.387,62.201],[17.29,62.441],[17.718,62.357],[17.936,62.548],[17.868,62.789],[16.193,62.756],[14.344,62.948],[13.155,62.024],[12.792,61.33],[12.597,61.029],[12.174,60.956],[12.431,60.626],[12.548,60.434],[12.436,60.278],[12.423,60.039],[12.488,58.563],[11.736,57.698]]],[[[18.11,57.496],[18.142,57.409],[18.158,57.316],[18.148,57.235],[18.173,57.142],[18.254,57.079],[18.257,57.032],[18.158,56.942],[18.14,56.915],[18.169,56.91],[18.216,56.913],[18.302,56.937],[18.347,56.999],[18.336,57.017],[18.341,57.074],[18.397,57.134],[18.712,57.242],[18.788,57.448],[18.769,57.467],[18.76,57.508],[18.809,57.704],[18.849,57.721],[18.929,57.74],[19.033,57.827],[19.005,57.909],[18.725,57.923],[18.682,57.914],[18.467,57.812],[18.382,57.719],[18.295,57.646],[18.179,57.588],[18.119,57.531],[18.11,57.496]]],[[[21.034,62.477],[21.2,62.435],[21.338,62.344],[21.346,62.167],[21.211,61.871],[21.405,61.702],[21.561,61.485],[21.521,61.38],[21.498,61.183],[21.427,61.015],[21.443,60.694],[21.56,60.512],[21.747,60.408],[21.931,60.381],[22.221,60.259],[22.421,60.293],[22.392,60.121],[22.625,60.201],[23.005,60.209],[22.882,60.056],[22.982,59.932],[23.201,59.818],[23.665,59.836],[23.961,59.932],[23.979,59.881],[24.281,59.938],[24.421,59.87],[24.516,59.989],[24.969,60.087],[24.993,60.03],[25.146,60.11],[25.45,60.138],[25.581,60.262],[25.846,60.115],[25.89,60.236],[26.323,60.27],[26.443,60.333],[26.552,60.571],[26.526,60.396],[26.613,60.348],[26.922,60.316],[26.946,60.376],[27.178,60.442],[27.406,60.345],[27.474,60.426],[27.966,60.504],[24.609,61.315],[22.957,61.389],[22.149,63.137],[22.075,63.103],[21.666,63.187],[21.495,63.123],[21.546,62.974],[21.481,62.889],[21.195,62.761],[21.062,62.612],[21.034,62.477]]]]}},{"type":"Feature","properties":{"NAME":null,"ABBREVN":null,"INFO_UR":null,"SUBJECTO":null,"BORDERPRECISION":1,"PARTOF":null},"geometry":{"type":"MultiPolygon","coordinates":[[[[13.777,53.949],[13.828,53.83],[14.029,53.865],[14.068,53.843],[14.205,53.813],[14.174,53.907],[14.07,53.918],[13.778,54.044],[13.777,53.949]]],[[[14.227,53.91],[14.248,53.816],[14.334,53.83],[14.459,53.819],[14.473,53.877],[14.425,53.915],[14.227,53.91]]]]}},{"type":"Feature","properties":{"NAME":"Denmark","ABBREVN":"Denmark","INFO_UR":null,"SUBJECTO":"Denmark","BORDERPRECISION":1,"PARTOF":"Denmark"},"geometry":{"type":"MultiPolygon","coordinates":[[[[8.035,55.476],[8.214,55.399],[8.319,55.481],[8.481,55.349],[8.56,55.356],[8.645,55.069],[8.616,54.887],[8.596,54.761],[8.742,54.608],[8.951,54.419],[8.852,54.332],[8.554,54.275],[8.581,54.194],[8.884,54.229],[8.962,54.276],[9.056,54.349],[9.136,54.298],[9.165,54.32],[9.216,54.29],[9.26,54.305],[9.296,54.247],[9.441,54.247],[9.449,54.189],[9.674,54.189],[9.739,54.276],[9.827,54.276],[9.885,54.254],[10.142,54.337],[10.065,54.434],[9.865,54.411],[9.978,54.49],[9.987,54.592],[9.864,54.726],[9.61,54.88],[9.421,54.976],[9.518,55.129],[9.517,55.223],[9.544,55.351],[9.63,55.459],[9.761,55.502],[9.69,55.605],[9.976,55.62],[10.007,55.73],[10.147,55.765],[10.23,55.951],[10.175,56.076],[10.293,56.137],[10.442,56.151],[10.496,56.034],[10.751,56.097],[10.889,56.369],[10.826,56.443],[10.314,56.469],[10.23,56.605],[10.216,56.85],[9.835,56.89],[9.37,56.882],[9.322,56.719],[9.312,56.481],[9.136,56.46],[9.003,56.657],[8.869,56.616],[8.675,56.358],[8.452,56.412],[8.309,56.479],[8.183,56.431],[8.124,56.207],[8.117,56.092],[8.317,55.849],[8.32,55.768],[8.125,55.636],[8.035,55.476]]],[[[8.183,56.798],[8.471,56.597],[8.507,56.647],[8.666,56.7],[8.778,56.798],[8.847,56.986],[8.971,57],[9.079,57.037],[9.141,57.009],[9.334,57.023],[9.503,56.975],[10.257,57.006],[10.333,57.171],[10.463,57.242],[10.451,57.458],[10.401,57.506],[10.558,57.745],[10.479,57.759],[10.39,57.661],[10.29,57.672],[9.849,57.582],[9.449,57.228],[9.302,57.166],[8.661,57.104],[8.534,57.141],[8.359,57.023],[8.183,56.798]]],[[[11.102,55.634],[11.23,55.337],[11.285,55.189],[11.585,55.162],[11.767,55.176],[11.97,54.954],[12.077,54.995],[12.301,55.17],[12.43,55.245],[12.158,55.379],[12.409,55.548],[12.469,55.711],[12.444,55.968],[12.238,55.988],[12.088,55.967],[12.053,55.703],[11.962,55.581],[11.728,55.662],[11.568,55.885],[11.296,55.675],[11.102,55.634]]],[[[11.877,57.325],[12.005,57.325],[12.289,56.88],[12.526,56.78],[12.657,56.611],[12.786,56.617],[12.872,56.512],[12.805,56.401],[12.615,56.436],[12.652,56.296],[12.414,56.243],[12.699,55.905],[12.986,55.667],[12.859,55.533],[12.888,55.452],[12.802,55.417],[12.802,55.353],[13.302,55.301],[13.823,55.422],[14.117,55.347],[14.286,55.515],[14.126,55.667],[14.259,55.899],[14.492,56.018],[14.605,55.981],[14.653,56.121],[15.221,56.08],[15.497,56.167],[15.696,56.061],[15.771,56.033],[16.063,56.396],[15.427,56.766],[14.485,56.68],[14.175,56.813],[13.432,56.524],[13.226,57.102],[12.896,56.978],[12.731,57.432],[12.524,57.391],[12.318,57.68],[11.877,57.325]]]]}},{"type":"Feature","properties":{"NAME":"Holy Roman Empire","ABBREVN":"Holy Roman Empire","INFO_UR":null,"SUBJECTO":"Holy Roman Empire","BORDERPRECISION":1,"PARTOF":"Holy Roman Empire"},"geometry":{"type":"MultiPolygon","coordinates":[[[[3.52,51.579],[3.743,51.46],[3.775,51.388],[3.681,51.321],[3.552,51.155],[4.103,51.112],[4.034,50.779],[3.7,50.712],[3.603,50.589],[3.791,50.113],[3.813,50.113],[3.816,50.05],[3.817,50.046],[3.984,50.046],[3.987,49.981],[3.989,49.98],[4.155,49.98],[4.141,49.927],[4.255,49.887],[4.36,49.869],[4.429,49.869],[4.583,49.837],[4.846,49.84],[4.857,49.808],[4.843,49.786],[5.361,49.697],[5.551,49.525],[5.558,49.529],[5.594,49.521],[5.611,49.506],[5.622,49.534],[5.661,49.553],[5.704,49.539],[5.749,49.54],[5.758,49.561],[5.743,49.578],[5.754,49.593],[5.786,49.593],[5.825,49.573],[5.85,49.575],[5.872,49.549],[5.834,49.525],[5.864,49.501],[5.941,49.501],[5.974,49.489],[5.969,49.486],[5.974,49.467],[5.988,49.461],[5.982,49.451],[6.001,49.457],[6.042,49.448],[6.037,49.424],[6.013,49.418],[6.01,49.403],[6.022,49.394],[6.012,49.369],[5.983,49.377],[5.956,49.362],[5.962,49.347],[5.987,49.34],[6.032,49.345],[6.047,49.337],[6.034,49.329],[6.035,49.317],[6.047,49.316],[6.046,49.31],[6.1,49.312],[6.096,49.287],[6.108,49.258],[6.097,49.245],[6.117,49.236],[6.136,49.24],[6.139,49.222],[6.131,49.213],[6.119,49.22],[6.068,49.214],[6.07,49.199],[6.122,49.198],[6.122,49.184],[6.144,49.182],[6.144,49.165],[6.12,49.162],[6.131,49.152],[6.125,49.148],[6.086,49.148],[6.064,49.16],[6.068,49.179],[6.037,49.174],[6.012,49.155],[5.989,49.155],[5.997,49.149],[5.984,49.142],[5.991,49.136],[5.968,49.109],[6.006,49.114],[6.01,49.105],[5.99,49.092],[5.935,49.088],[5.944,49.072],[5.979,49.07],[5.981,49.078],[6.006,49.077],[6.005,49.084],[6.02,49.075],[6.03,49.053],[6.06,49.05],[6.074,49.057],[6.088,49.04],[6.087,49.027],[6.064,48.999],[6.065,48.981],[6.081,48.963],[6.081,48.945],[6.121,48.944],[6.124,48.95],[6.132,48.935],[6.161,48.929],[6.166,48.913],[6.125,48.905],[6.144,48.889],[6.122,48.881],[6.085,48.892],[6.062,48.884],[6.065,48.874],[6.082,48.875],[6.029,48.848],[6.027,48.811],[6.008,48.805],[6.017,48.799],[6.017,48.774],[5.998,48.771],[5.98,48.781],[5.951,48.753],[5.913,48.77],[5.904,48.768],[5.911,48.758],[5.88,48.752],[5.865,48.775],[5.887,48.781],[5.886,48.788],[5.865,48.801],[5.834,48.778],[5.838,48.775],[5.85,48.776],[5.849,48.768],[6.015,48.653],[5.946,48.347],[6.238,48.291],[6.252,47.957],[6.781,47.951],[6.894,47.838],[6.969,47.935],[6.961,48.022],[7.024,48.041],[7.078,48.102],[7.092,48.149],[7.122,48.175],[7.121,48.241],[7.199,48.308],[7.171,48.357],[7.11,48.382],[7.134,48.46],[7.171,48.467],[7.185,48.517],[7.228,48.548],[7.241,48.614],[7.185,48.656],[7.18,48.72],[7.228,48.746],[7.193,48.777],[7.215,48.812],[7.35,48.863],[7.358,48.893],[7.334,48.901],[7.327,48.918],[7.339,48.942],[7.497,49.019],[7.533,49.019],[7.59,49.043],[7.592,49.066],[7.695,49.134],[7.728,49.128],[7.777,49.104],[7.821,49.095],[7.877,49.064],[7.876,49.043],[7.902,49.011],[7.971,48.998],[8.032,48.963],[8.194,48.964],[8.203,48.941],[8.133,48.829],[8.182,48.804],[8.267,48.792],[8.356,48.664],[8.407,48.653],[8.447,48.676],[8.48,48.67],[8.519,48.686],[8.535,48.751],[8.674,48.76],[8.803,48.72],[8.847,48.764],[8.915,48.791],[8.951,48.773],[8.995,48.805],[9.119,48.819],[9.132,48.878],[9.363,48.882],[9.369,48.899],[9.439,48.892],[9.476,48.918],[9.597,48.92],[9.638,48.96],[9.759,48.977],[9.849,49.004],[9.966,49.009],[10.022,49.043],[10.102,49.027],[10.16,49.051],[10.169,49.077],[10.157,49.075],[10.161,49.066],[10.151,49.065],[10.142,49.076],[10.111,49.074],[10.095,49.092],[10.097,49.102],[10.05,49.077],[10.014,49.078],[10.019,49.096],[10,49.095],[9.946,49.123],[9.946,49.139],[9.973,49.158],[9.96,49.158],[9.957,49.169],[9.984,49.174],[9.989,49.188],[10.01,49.178],[10.021,49.183],[10.011,49.193],[10.031,49.206],[10.02,49.212],[10.019,49.229],[9.996,49.245],[9.975,49.233],[9.957,49.24],[9.904,49.234],[9.876,49.24],[9.875,49.256],[9.99,49.261],[9.975,49.272],[9.955,49.273],[9.953,49.284],[9.938,49.287],[9.922,49.325],[9.948,49.325],[9.978,49.31],[10.036,49.32],[10.06,49.311],[10.06,49.294],[10.04,49.296],[10.046,49.271],[10.037,49.259],[10.059,49.247],[10.085,49.257],[10.114,49.241],[10.169,49.229],[10.164,49.239],[10.234,49.257],[10.3,49.259],[10.295,49.264],[10.319,49.279],[10.318,49.292],[10.338,49.299],[10.317,49.311],[10.305,49.304],[10.298,49.311],[10.307,49.324],[10.271,49.338],[10.279,49.346],[10.266,49.352],[10.253,49.384],[10.265,49.389],[10.257,49.403],[10.269,49.404],[10.276,49.419],[10.289,49.419],[10.307,49.433],[10.288,49.451],[10.245,49.461],[10.221,49.476],[10.171,49.484],[10.173,49.468],[10.095,49.462],[10.089,49.449],[10.122,49.446],[10.143,49.429],[10.116,49.422],[10.098,49.438],[10.084,49.434],[10.064,49.447],[10.055,49.434],[10.021,49.443],[10.009,49.425],[9.986,49.431],[10.04,49.411],[10.038,49.402],[10.014,49.403],[9.998,49.392],[9.969,49.397],[9.924,49.373],[9.888,49.387],[9.882,49.375],[9.871,49.373],[9.859,49.377],[9.864,49.393],[9.891,49.405],[9.895,49.416],[9.96,49.428],[9.962,49.436],[9.941,49.444],[9.934,49.437],[9.901,49.438],[9.911,49.467],[9.931,49.471],[9.949,49.465],[9.96,49.472],[9.954,49.481],[9.917,49.491],[9.924,49.509],[9.917,49.518],[9.924,49.525],[9.922,49.551],[9.927,49.551],[9.925,49.561],[9.898,49.564],[9.914,49.583],[9.875,49.578],[9.858,49.546],[9.812,49.556],[9.802,49.564],[9.818,49.578],[9.774,49.589],[9.731,49.564],[9.752,49.547],[9.726,49.537],[9.638,49.549],[9.57,49.545],[9.558,49.565],[9.565,49.576],[9.592,49.575],[9.604,49.596],[9.658,49.621],[9.617,49.69],[9.641,49.699],[9.643,49.726],[9.661,49.752],[9.671,49.744],[9.71,49.746],[9.725,49.762],[9.697,49.775],[9.661,49.76],[9.626,49.789],[9.614,49.79],[9.623,49.797],[9.618,49.805],[9.582,49.811],[9.577,49.821],[9.644,49.823],[9.653,49.83],[9.63,49.85],[9.578,49.869],[9.535,49.862],[9.508,49.884],[9.496,49.88],[9.509,49.864],[9.497,49.861],[9.447,49.903],[9.502,49.953],[9.599,49.951],[9.581,49.996],[9.622,50.022],[9.651,50.029],[9.643,50.056],[9.683,50.055],[9.689,50.061],[9.686,50.077],[9.679,50.078],[9.658,50.066],[9.603,50.069],[9.594,50.079],[9.595,50.119],[9.641,50.124],[9.688,50.114],[9.695,50.127],[9.729,50.105],[9.717,50.099],[9.731,50.093],[9.752,50.103],[9.756,50.092],[9.835,50.093],[9.856,50.086],[9.852,50.076],[9.868,50.045],[9.91,50.043],[9.901,50.056],[9.941,50.088],[9.931,50.093],[9.945,50.127],[9.975,50.13],[9.984,50.141],[9.97,50.16],[9.956,50.165],[9.956,50.192],[9.968,50.201],[9.912,50.208],[9.92,50.214],[9.912,50.232],[9.927,50.239],[9.898,50.264],[9.916,50.276],[9.9,50.3],[9.901,50.311],[9.932,50.324],[9.929,50.33],[9.912,50.336],[9.883,50.331],[9.853,50.357],[9.876,50.369],[9.884,50.399],[9.958,50.424],[9.993,50.452],[9.996,50.461],[9.957,50.485],[9.946,50.501],[9.949,50.518],[9.977,50.533],[10.014,50.507],[10.015,50.538],[9.982,50.603],[9.997,50.619],[10.026,50.618],[10.047,50.601],[10.045,50.576],[10.061,50.557],[10.039,50.528],[10.045,50.517],[10.074,50.528],[10.073,50.538],[10.1,50.555],[10.109,50.564],[10.129,50.564],[10.176,50.544],[10.194,50.555],[10.231,50.532],[10.23,50.511],[10.2,50.5],[10.205,50.469],[10.175,50.469],[10.161,50.478],[10.155,50.502],[10.144,50.503],[10.111,50.499],[10.124,50.491],[10.118,50.481],[10.084,50.485],[10.083,50.474],[10.099,50.467],[10.097,50.461],[10.111,50.451],[10.149,50.442],[10.177,50.445],[10.232,50.42],[10.236,50.431],[10.248,50.432],[10.245,50.442],[10.251,50.44],[10.269,50.477],[10.303,50.486],[10.301,50.494],[10.331,50.494],[10.342,50.483],[10.336,50.466],[10.368,50.439],[10.382,50.439],[10.372,50.432],[10.404,50.425],[10.384,50.406],[10.395,50.395],[10.426,50.394],[10.449,50.403],[10.459,50.382],[10.47,50.374],[10.489,50.375],[10.496,50.367],[10.492,50.355],[10.514,50.359],[10.515,50.35],[10.533,50.365],[10.543,50.364],[10.555,50.357],[10.551,50.344],[10.562,50.338],[10.601,50.334],[10.593,50.317],[10.605,50.294],[10.592,50.27],[10.604,50.272],[10.599,50.263],[10.611,50.25],[10.599,50.246],[10.612,50.224],[10.663,50.228],[10.658,50.224],[10.687,50.222],[10.724,50.205],[10.732,50.213],[10.727,50.232],[10.733,50.251],[10.769,50.241],[10.782,50.252],[10.801,50.252],[10.827,50.238],[10.837,50.221],[10.771,50.204],[10.787,50.177],[10.821,50.181],[10.827,50.194],[10.858,50.205],[10.873,50.198],[10.877,50.176],[10.914,50.168],[10.922,50.154],[10.903,50.15],[10.899,50.139],[10.84,50.115],[10.824,50.096],[10.828,50.077],[10.876,50.062],[10.883,50.038],[10.754,50.03],[10.723,50.044],[10.708,50.035],[10.753,49.978],[10.769,49.972],[10.759,49.96],[10.705,49.954],[10.677,49.94],[10.607,49.948],[10.603,49.941],[10.618,49.932],[10.595,49.922],[10.565,49.92],[10.571,49.915],[10.528,49.897],[10.53,49.883],[10.49,49.868],[10.462,49.875],[10.437,49.847],[10.443,49.838],[10.407,49.78],[10.357,49.792],[10.37,49.816],[10.356,49.824],[10.32,49.819],[10.308,49.806],[10.284,49.798],[10.317,49.733],[10.359,49.718],[10.374,49.704],[10.35,49.701],[10.35,49.69],[10.304,49.694],[10.252,49.668],[10.226,49.665],[10.228,49.651],[10.184,49.652],[10.162,49.622],[10.174,49.598],[10.202,49.604],[10.201,49.593],[10.223,49.584],[10.072,49.588],[10.174,49.582],[10.165,49.569],[10.169,49.554],[10.181,49.545],[10.231,49.558],[10.263,49.554],[10.292,49.566],[10.325,49.564],[10.314,49.548],[10.321,49.534],[10.359,49.534],[10.4,49.488],[10.372,49.483],[10.387,49.465],[10.412,49.474],[10.432,49.504],[10.415,49.504],[10.384,49.525],[10.384,49.542],[10.397,49.542],[10.395,49.552],[10.491,49.596],[10.537,49.596],[10.524,49.62],[10.486,49.632],[10.561,49.677],[10.605,49.677],[10.64,49.687],[10.665,49.682],[10.702,49.694],[10.793,49.66],[10.846,49.663],[10.866,49.636],[10.813,49.622],[10.828,49.604],[10.852,49.604],[10.835,49.592],[10.866,49.547],[10.835,49.534],[10.869,49.52],[10.903,49.534],[10.926,49.523],[10.937,49.545],[10.898,49.555],[10.917,49.574],[10.953,49.567],[10.971,49.583],[10.989,49.616],[10.971,49.623],[10.976,49.661],[11.034,49.673],[11.061,49.663],[11.034,49.645],[11.012,49.602],[11.069,49.608],[11.128,49.587],[11.122,49.581],[11.011,49.583],[11.025,49.569],[11.022,49.556],[11.165,49.547],[11.312,49.354],[11.356,49.322],[11.327,49.3],[11.307,49.298],[11.291,49.312],[11.262,49.312],[11.255,49.323],[11.231,49.323],[11.239,49.309],[11.231,49.306],[11.211,49.317],[11.177,49.283],[11.228,49.248],[11.203,49.226],[11.215,49.211],[11.067,49.154],[11.05,49.175],[11.017,49.173],[11.01,49.159],[10.985,49.159],[10.972,49.149],[10.966,49.157],[10.985,49.187],[10.933,49.198],[10.917,49.191],[10.879,49.213],[10.844,49.201],[10.842,49.183],[10.86,49.179],[10.872,49.16],[10.901,49.163],[10.906,49.151],[10.927,49.152],[10.968,49.093],[10.996,49.093],[11.042,49.062],[11.073,49.099],[11.099,49.079],[11.207,49.084],[11.189,49.108],[11.222,49.15],[11.288,49.097],[11.288,49.079],[11.304,49.068],[11.252,49.049],[11.216,49.056],[11.223,49.039],[11.206,49.034],[11.191,49.051],[11.17,49.049],[11.168,49.031],[10.986,49.022],[11.017,49.052],[11.013,49.059],[10.987,49.063],[10.967,49.076],[10.937,49.075],[10.93,49.056],[10.958,49.04],[10.939,49.03],[10.911,49.03],[10.905,49.025],[10.916,49.012],[10.88,48.998],[10.906,48.971],[10.909,48.945],[10.889,48.934],[10.806,48.94],[10.796,48.916],[10.745,48.919],[10.709,48.896],[10.671,48.907],[10.62,48.962],[10.615,48.925],[10.664,48.882],[10.664,48.821],[10.744,48.777],[10.829,48.755],[10.867,48.734],[10.938,48.726],[10.996,48.732],[10.96,48.679],[10.911,48.516],[10.904,48.456],[10.974,48.428],[10.984,48.381],[11.025,48.375],[11.093,48.325],[11.017,48.025],[11.085,47.889],[10.968,47.815],[10.926,47.756],[10.916,47.662],[10.896,47.614],[10.915,47.614],[10.927,47.567],[10.854,47.5],[10.842,47.451],[10.758,47.413],[10.753,47.363],[10.709,47.353],[10.643,47.311],[10.583,47.301],[10.466,47.199],[10.429,47.225],[10.268,47.207],[10.248,47.173],[10.21,47.179],[10.121,47.137],[10.101,46.984],[10.152,46.853],[10.232,46.873],[10.24,46.93],[10.307,46.926],[10.349,46.99],[10.392,47],[10.428,46.974],[10.424,46.959],[10.485,46.943],[10.486,46.911],[10.452,46.809],[10.423,46.777],[10.417,46.708],[10.384,46.688],[10.405,46.634],[10.488,46.622],[10.491,46.563],[10.453,46.531],[10.333,46.547],[10.24,46.632],[10.107,46.605],[10.009,46.492],[9.94,46.48],[9.86,46.426],[9.756,46.407],[9.682,46.342],[9.553,46.328],[9.454,46.269],[9.248,46.253],[9.108,46.147],[9.009,46.148],[8.928,46.13],[8.946,46.18],[8.931,46.288],[8.863,46.385],[8.893,46.423],[8.836,46.614],[8.746,46.632],[8.633,46.605],[8.467,46.537],[8.493,46.117],[7.514,45.383],[7.677,44.731],[7.898,44.672],[7.918,44.706],[8.008,44.733],[8.028,44.799],[7.935,44.87],[7.932,44.923],[7.983,45.024],[8.058,45.072],[8.03,45.131],[7.951,45.196],[8.07,45.2],[8.094,45.249],[8.128,45.257],[8.527,45.244],[8.555,45.157],[8.58,45.153],[8.592,45.131],[8.614,45.127],[8.608,45.108],[8.646,45.075],[8.637,45.067],[8.647,45.055],[8.638,45.049],[8.641,45.044],[8.563,44.933],[8.562,44.846],[8.577,44.723],[8.603,44.643],[8.618,44.651],[8.663,44.656],[8.675,44.64],[8.672,44.621],[8.685,44.611],[8.673,44.597],[8.697,44.58],[8.725,44.579],[8.739,44.55],[8.749,44.55],[8.752,44.526],[8.765,44.53],[8.771,44.489],[8.786,44.488],[8.8,44.502],[8.798,44.525],[8.828,44.546],[8.822,44.548],[8.826,44.559],[8.818,44.571],[8.804,44.58],[8.807,44.597],[8.794,44.618],[8.82,44.64],[8.789,44.664],[8.781,44.683],[8.763,44.691],[8.771,44.716],[8.788,44.714],[8.793,44.723],[8.76,44.746],[8.722,44.793],[8.731,44.805],[8.744,44.807],[8.759,44.8],[8.766,44.785],[8.798,44.783],[8.83,44.804],[8.847,44.798],[8.847,44.761],[8.825,44.731],[8.827,44.716],[8.846,44.695],[8.872,44.705],[8.898,44.698],[8.944,44.708],[8.948,44.701],[8.988,44.715],[9.004,44.709],[9.019,44.716],[9.021,44.729],[9.004,44.743],[9.008,44.75],[9.029,44.75],[9.078,44.722],[9.128,44.728],[9.166,44.693],[9.2,44.686],[9.243,44.687],[9.232,44.702],[9.236,44.715],[9.26,44.68],[9.366,44.69],[9.404,44.642],[9.396,44.61],[9.417,44.596],[9.421,44.574],[9.409,44.56],[9.48,44.563],[9.505,44.529],[9.496,44.483],[9.469,44.481],[9.471,44.469],[9.458,44.442],[9.439,44.429],[9.443,44.417],[9.464,44.425],[9.479,44.409],[9.495,44.424],[9.541,44.426],[9.558,44.439],[9.585,44.429],[9.606,44.435],[9.638,44.415],[9.655,44.412],[9.675,44.364],[9.699,44.366],[9.719,44.355],[9.729,44.328],[9.756,44.321],[9.781,44.294],[9.748,44.254],[9.759,44.234],[9.754,44.22],[9.765,44.212],[9.763,44.206],[9.802,44.206],[9.821,44.225],[9.825,44.198],[9.852,44.197],[9.866,44.183],[9.891,44.208],[9.909,44.208],[9.915,44.199],[9.933,44.196],[9.892,44.167],[9.974,44.167],[9.981,44.143],[9.975,44.138],[9.995,44.119],[9.994,44.105],[9.984,44.099],[9.993,44.093],[10.005,44.111],[10.028,44.119],[10.058,44.108],[10.071,44.093],[10.032,44.064],[10.005,44.023],[10.137,43.905],[10.205,43.817],[10.184,43.871],[10.167,43.893],[10.222,43.916],[10.279,43.962],[10.276,43.957],[10.356,43.975],[10.35,43.985],[10.364,43.994],[10.391,44.001],[10.418,43.991],[10.467,44.002],[10.473,44.011],[10.461,44.022],[10.467,44.028],[10.447,44.035],[10.428,44.024],[10.409,44.052],[10.436,44.074],[10.447,44.07],[10.462,44.046],[10.483,44.037],[10.497,44.04],[10.511,44.062],[10.53,44.074],[10.545,44.107],[10.573,44.12],[10.604,44.114],[10.625,44.121],[10.646,44.106],[10.665,44.11],[10.707,44.093],[10.723,44.082],[10.721,44.042],[10.736,44.038],[10.745,44.01],[10.727,43.984],[10.707,43.984],[10.689,43.995],[10.675,43.985],[10.71,43.955],[10.705,43.943],[10.662,43.927],[10.658,43.916],[10.673,43.87],[10.648,43.862],[10.651,43.854],[10.636,43.831],[10.671,43.815],[10.645,43.795],[10.623,43.757],[10.655,43.802],[10.688,43.805],[10.728,43.763],[10.776,43.737],[10.793,43.719],[10.866,43.73],[10.907,43.68],[10.911,43.651],[10.889,43.628],[10.829,43.623],[10.82,43.613],[10.836,43.584],[10.835,43.531],[10.844,43.499],[10.86,43.472],[10.885,43.46],[10.952,43.452],[10.995,43.404],[11.007,43.369],[10.998,43.347],[10.96,43.333],[10.953,43.318],[10.962,43.298],[10.994,43.269],[10.989,43.24],[10.981,43.235],[10.935,43.24],[10.929,43.232],[10.934,43.203],[10.912,43.174],[10.912,43.163],[10.842,43.153],[10.801,43.16],[10.777,43.141],[10.737,43.146],[10.717,43.108],[10.724,43.076],[10.779,43.067],[10.788,43.056],[10.791,43.015],[10.78,43.004],[10.748,43.017],[10.738,43.011],[10.735,42.978],[10.696,42.923],[10.724,42.88],[10.728,42.89],[10.847,42.968],[10.871,42.968],[10.999,42.857],[10.997,42.832],[10.892,42.726],[11.105,42.549],[11.201,42.506],[11.207,42.507],[11.227,42.499],[11.235,42.492],[11.497,42.376],[11.96,42.007],[12.02,42.099],[12.003,42.248],[12.07,42.298],[12.053,42.53],[12.169,42.63],[12.153,42.696],[12.186,42.912],[12.169,42.912],[12.153,43.062],[12.219,43.228],[12.302,43.278],[12.302,43.344],[12.697,43.935],[12.345,44.301],[12.281,44.55],[12.274,44.673],[12.476,44.787],[12.523,44.883],[12.409,44.989],[12.322,45.042],[12.313,45.178],[12.176,45.214],[11.971,45.436],[12.145,45.763],[12.645,45.915],[13.081,45.98],[13.368,45.694],[13.438,45.638],[13.565,45.727],[13.673,45.715],[13.8,45.566],[13.995,45.458],[13.952,45.393],[13.799,45.306],[13.908,44.979],[14.175,45.01],[14.239,45.062],[14.354,45.323],[14.527,45.783],[14.798,45.865],[14.88,45.484],[15.424,45.43],[15.47,45.734],[16.122,45.582],[16.209,45.734],[16.079,45.886],[16.209,46.147],[16.448,46.104],[16.535,46.365],[16.296,46.408],[16.514,46.626],[16.448,46.778],[16.448,46.93],[16.557,47.06],[16.557,47.191],[16.644,47.3],[16.557,47.495],[16.482,48.196],[17.141,48.776],[17.03,48.747],[17.017,48.73],[16.998,48.723],[17.005,48.715],[16.995,48.704],[17.003,48.699],[16.993,48.698],[16.998,48.69],[16.983,48.69],[16.974,48.671],[16.972,48.691],[16.94,48.686],[16.92,48.713],[16.889,48.717],[16.18,48.72],[16.109,48.749],[16.08,48.75],[15.997,48.778],[15.953,48.803],[15.954,48.811],[15.799,48.874],[15.778,48.873],[15.755,48.853],[15.708,48.861],[15.688,48.856],[15.655,48.882],[15.63,48.886],[15.612,48.898],[15.58,48.896],[15.513,48.914],[15.502,48.935],[14.941,48.985],[14.765,48.654],[14.182,48.588],[13.937,48.787],[13.796,48.815],[13.815,48.797],[13.804,48.781],[13.84,48.772],[13.821,48.755],[13.82,48.733],[13.799,48.712],[13.812,48.702],[13.837,48.7],[13.833,48.692],[13.813,48.692],[13.819,48.672],[13.814,48.65],[13.826,48.63],[13.824,48.618],[13.802,48.595],[13.802,48.574],[13.768,48.554],[13.755,48.564],[13.744,48.542],[13.749,48.532],[13.727,48.513],[13.715,48.512],[13.72,48.506],[13.7,48.479],[13.704,48.476],[13.696,48.472],[13.677,48.484],[13.68,48.491],[13.654,48.504],[13.637,48.528],[13.643,48.539],[13.639,48.544],[13.657,48.544],[13.654,48.549],[13.597,48.57],[13.573,48.561],[13.516,48.591],[13.505,48.587],[13.504,48.572],[13.475,48.562],[13.475,48.556],[13.45,48.564],[13.436,48.553],[13.457,48.511],[13.447,48.494],[13.435,48.497],[13.41,48.476],[13.387,48.473],[13.383,48.487],[13.362,48.488],[13.362,48.531],[13.39,48.542],[13.401,48.567],[13.438,48.566],[13.45,48.576],[13.408,48.578],[13.385,48.595],[13.267,48.608],[13.266,48.644],[13.242,48.655],[13.234,48.671],[13.238,48.686],[13.271,48.694],[13.308,48.68],[13.342,48.676],[13.348,48.689],[13.367,48.688],[13.372,48.67],[13.381,48.67],[13.39,48.682],[13.437,48.677],[13.451,48.688],[13.455,48.718],[13.425,48.756],[13.449,48.79],[13.44,48.81],[13.449,48.818],[13.447,48.831],[13.461,48.832],[13.47,48.843],[13.449,48.848],[13.453,48.856],[13.507,48.863],[13.522,48.879],[13.523,48.898],[13.507,48.923],[13.515,48.937],[13.506,48.96],[13.511,48.968],[13.443,49.051],[13.276,49.051],[13.113,49.25],[12.946,49.25],[13.033,49.449],[13.368,49.515],[13.371,49.648],[13.454,49.648],[13.374,49.847],[13.208,49.914],[13.211,50.046],[13.718,50.246],[13.64,50.512],[13.304,50.512],[13.392,50.712],[14.154,50.845],[14.328,51.046],[14.497,51.046],[14.578,50.912],[14.682,50.922],[14.729,51.131],[14.134,52.409],[13.588,52.313],[12.451,52.337],[12.469,52.33],[12.464,52.318],[12.373,52.303],[12.339,52.314],[12.342,52.339],[12.304,52.34],[12.244,52.266],[12.206,52.279],[12.134,52.265],[12.136,52.253],[12.147,52.249],[12.146,52.229],[12.158,52.219],[12.218,52.22],[12.257,52.233],[12.334,52.222],[12.347,52.211],[12.398,52.195],[12.435,52.196],[12.443,52.189],[12.434,52.165],[12.422,52.153],[12.365,52.144],[12.358,52.137],[12.295,52.155],[12.257,52.134],[12.268,52.125],[12.273,52.102],[12.212,52.103],[12.205,52.089],[12.178,52.077],[12.134,52.069],[12.081,52.076],[12.061,52.059],[12.039,52.063],[12.031,52.048],[12.052,52.045],[12.017,52.039],[11.994,52.018],[11.994,52.007],[11.964,51.999],[11.951,52.005],[11.911,52.002],[11.901,51.982],[11.93,51.97],[11.929,51.965],[11.899,51.97],[11.916,51.957],[11.91,51.958],[11.884,51.979],[11.891,52.001],[11.885,52.015],[11.899,52.017],[11.886,52.024],[11.929,52.026],[11.94,52.043],[11.917,52.044],[11.904,52.061],[11.886,52.061],[11.89,52.068],[11.904,52.068],[11.911,52.103],[11.928,52.102],[11.931,52.114],[11.915,52.154],[11.931,52.167],[11.927,52.198],[11.993,52.199],[11.993,52.215],[11.951,52.217],[11.945,52.234],[11.971,52.247],[11.947,52.27],[11.916,52.28],[11.888,52.269],[11.869,52.258],[11.87,52.249],[11.847,52.229],[11.825,52.229],[11.812,52.216],[11.843,52.206],[11.858,52.182],[11.893,52.172],[11.896,52.156],[11.907,52.155],[11.911,52.13],[11.902,52.117],[11.886,52.124],[11.803,52.111],[11.8,52.102],[11.832,52.107],[11.834,52.098],[11.751,52.094],[11.766,52.077],[11.749,52.073],[11.755,52.064],[11.749,52.056],[11.732,52.051],[11.741,52.047],[11.71,52.052],[11.696,52.07],[11.692,52.067],[11.713,52.045],[11.708,52.042],[11.732,52.028],[11.752,52.023],[11.789,52.032],[11.822,52.006],[11.801,51.989],[11.747,52.01],[11.737,51.995],[11.767,51.992],[11.766,51.977],[11.696,51.967],[11.68,51.956],[11.694,51.95],[11.691,51.931],[11.712,51.929],[11.714,51.944],[11.722,51.946],[11.734,51.937],[11.792,51.943],[11.814,51.935],[11.829,51.919],[11.836,51.924],[11.854,51.913],[11.883,51.916],[11.867,51.924],[11.867,51.934],[11.883,51.93],[11.9,51.935],[11.9,51.946],[11.929,51.949],[11.967,51.922],[11.974,51.909],[12.016,51.887],[12.026,51.863],[12.056,51.859],[12.114,51.872],[12.144,51.866],[12.135,51.84],[12.137,51.815],[12.105,51.809],[12.107,51.826],[12.052,51.832],[12.027,51.818],[12.004,51.823],[11.982,51.807],[11.977,51.8],[11.987,51.795],[11.983,51.791],[11.953,51.792],[11.959,51.8],[11.944,51.791],[11.928,51.792],[11.927,51.81],[11.951,51.807],[11.964,51.845],[11.955,51.857],[11.959,51.87],[11.933,51.881],[11.91,51.872],[11.907,51.864],[11.923,51.858],[11.882,51.838],[11.866,51.811],[11.849,51.819],[11.862,51.835],[11.829,51.859],[11.828,51.872],[11.783,51.881],[11.773,51.879],[11.765,51.863],[11.695,51.871],[11.674,51.868],[11.693,51.859],[11.687,51.855],[11.67,51.855],[11.633,51.862],[11.605,51.851],[11.565,51.853],[11.531,51.874],[11.541,51.882],[11.511,51.927],[11.465,51.939],[11.423,51.929],[11.365,51.882],[11.34,51.9],[11.373,51.935],[11.352,51.961],[11.3,51.972],[11.292,51.958],[11.294,51.989],[11.285,51.998],[11.264,51.998],[11.27,52.014],[11.317,52.006],[11.321,52.026],[11.273,52.066],[11.24,52.062],[11.188,52.105],[11.13,52.061],[10.987,52.052],[10.965,52.056],[10.97,52.087],[10.941,52.096],[11.034,52.13],[11.043,52.139],[11.06,52.172],[11.039,52.166],[11.012,52.188],[11.026,52.21],[11.077,52.224],[11.085,52.237],[11.066,52.275],[11.094,52.289],[11.132,52.287],[11.167,52.257],[11.177,52.238],[11.207,52.23],[11.234,52.204],[11.219,52.185],[11.236,52.183],[11.303,52.201],[11.284,52.229],[11.261,52.229],[11.258,52.245],[11.186,52.273],[11.171,52.294],[11.193,52.296],[11.194,52.311],[11.215,52.309],[11.309,52.329],[11.304,52.339],[11.313,52.353],[11.334,52.352],[11.352,52.338],[11.403,52.36],[11.397,52.372],[11.404,52.375],[11.44,52.372],[11.442,52.357],[11.466,52.374],[11.619,52.379],[11.622,52.397],[11.637,52.404],[11.652,52.4],[11.55,52.639],[11.753,52.842],[10.571,53.046],[10.205,53.698],[10.142,54.337],[9.885,54.254],[9.827,54.276],[9.739,54.276],[9.674,54.189],[9.449,54.189],[9.441,54.247],[9.296,54.247],[9.26,54.305],[9.216,54.29],[9.165,54.32],[9.136,54.298],[9.056,54.349],[8.962,54.276],[8.884,54.229],[8.853,54.168],[8.779,54.132],[8.833,54.066],[8.946,54.015],[8.819,53.969],[8.857,53.867],[8.959,53.838],[8.959,53.849],[9.107,53.879],[9.249,53.875],[9.322,53.85],[9.367,53.809],[9.378,53.795],[9.35,53.759],[9.385,53.727],[9.469,53.694],[9.52,53.654],[9.551,53.616],[9.65,53.568],[9.667,53.55],[9.724,53.539],[9.75,53.526],[9.792,53.489],[9.734,53.484],[9.693,53.462],[9.669,53.427],[9.682,53.411],[9.649,53.406],[9.642,53.393],[9.622,53.389],[9.617,53.367],[9.56,53.356],[9.584,53.358],[9.562,53.337],[9.588,53.309],[9.609,53.242],[9.624,53.227],[9.729,53.214],[9.751,53.199],[9.831,53.175],[9.842,53.16],[9.891,53.141],[9.926,53.099],[9.901,53.057],[9.869,53.023],[9.786,53.022],[9.75,53.004],[9.692,52.992],[9.683,52.981],[9.621,52.953],[9.561,52.959],[9.478,52.933],[9.416,52.899],[9.413,52.879],[9.376,52.853],[9.391,52.843],[9.373,52.825],[9.366,52.821],[9.335,52.834],[9.325,52.822],[9.293,52.818],[9.193,52.816],[9.206,52.844],[9.219,52.844],[9.221,52.851],[9.182,52.856],[9.181,52.864],[9.203,52.863],[9.212,52.875],[9.175,52.887],[9.166,52.913],[9.181,52.918],[9.162,52.92],[9.117,52.899],[9.079,52.903],[9.061,52.923],[9.014,52.926],[9,52.922],[8.982,52.889],[8.966,52.897],[8.956,52.891],[8.937,52.909],[8.93,52.927],[8.972,52.955],[8.964,52.979],[8.973,52.991],[8.944,52.998],[8.94,53.008],[8.891,53.015],[8.865,53.035],[8.872,53.058],[8.845,53.059],[8.833,53.068],[8.858,53.07],[8.858,53.081],[8.836,53.097],[8.84,53.103],[8.872,53.086],[8.888,53.067],[8.884,53.063],[8.917,53.06],[8.917,53.048],[8.963,53.048],[8.963,53.088],[8.987,53.096],[8.988,53.105],[8.997,53.109],[8.959,53.143],[8.95,53.155],[8.955,53.157],[8.917,53.147],[8.922,53.142],[8.911,53.133],[8.903,53.138],[8.862,53.133],[8.851,53.143],[8.824,53.13],[8.808,53.151],[8.796,53.143],[8.77,53.149],[8.764,53.128],[8.697,53.119],[8.644,53.128],[8.629,53.141],[8.626,53.148],[8.683,53.14],[8.703,53.154],[8.691,53.164],[8.631,53.16],[8.626,53.149],[8.618,53.168],[8.534,53.187],[8.485,53.227],[8.481,53.247],[8.493,53.297],[8.49,53.328],[8.501,53.351],[8.493,53.419],[8.528,53.423],[8.531,53.436],[8.566,53.475],[8.556,53.487],[8.571,53.494],[8.573,53.512],[8.567,53.539],[8.552,53.553],[8.473,53.595],[8.467,53.633],[8.472,53.684],[8.429,53.612],[8.502,53.449],[8.306,53.525],[8.189,53.531],[8.261,53.439],[8.242,53.352],[8.175,53.322],[8.029,53.373],[8.099,53.444],[7.969,53.638],[7.332,53.604],[7.166,53.592],[7.037,53.51],[6.981,53.317],[7.19,53.23],[7.16,53.164],[7.043,53.164],[7.009,53.245],[6.861,53.266],[6.751,53.39],[6.261,53.322],[5.966,53.335],[5.39,53.139],[5.332,53.011],[5.343,52.996],[5.358,52.938],[5.326,52.79],[5.653,52.75],[5.547,52.679],[5.556,52.587],[5.611,52.532],[5.817,52.521],[5.757,52.334],[5.574,52.283],[5.473,52.177],[4.95,52.278],[5.036,52.334],[5.006,52.557],[5.108,52.532],[5.235,52.623],[5.173,52.743],[5.008,52.856],[4.719,52.802],[4.641,52.756],[4.387,52.23],[4.264,52.071],[3.878,51.792],[3.52,51.579]],[[5.834,51.274],[5.844,51.278],[5.858,51.311],[5.906,51.294],[5.906,51.3],[5.925,51.309],[6.009,51.278],[6.007,51.255],[5.999,51.249],[6.006,51.231],[5.968,51.22],[5.977,51.202],[5.934,51.188],[5.917,51.174],[5.923,51.172],[5.872,51.168],[5.858,51.181],[5.876,51.182],[5.893,51.217],[5.893,51.24],[5.859,51.24],[5.841,51.25],[5.834,51.274]],[[6.117,52.851],[6.207,52.891],[6.25,52.924],[6.292,52.93],[6.338,52.908],[6.413,52.945],[6.434,52.976],[6.364,53.026],[6.358,53.066],[6.305,53.082],[6.312,53.092],[6.362,53.096],[6.381,53.15],[6.416,53.18],[6.481,53.209],[6.532,53.212],[6.549,53.251],[6.595,53.256],[6.622,53.228],[6.759,53.149],[6.77,53.101],[7.035,52.922],[7.059,52.864],[7.087,52.85],[7.093,52.838],[7.072,52.81],[7.056,52.643],[7.042,52.633],[7.012,52.639],[7.074,52.62],[7.142,52.588],[7.146,52.535],[7.146,52.507],[7.158,52.48],[7.181,52.456],[7.203,52.444],[7.212,52.447],[7.258,52.341],[7.317,52.28],[7.299,52.264],[7.156,52.266],[7.113,52.255],[7.105,52.245],[7.066,52.241],[7.042,52.256],[7.026,52.283],[7.071,52.351],[7.072,52.374],[7.057,52.399],[7.036,52.403],[7.009,52.433],[6.992,52.467],[6.981,52.467],[6.962,52.444],[6.942,52.435],[6.853,52.45],[6.854,52.46],[6.753,52.464],[6.698,52.486],[6.705,52.521],[6.685,52.553],[6.711,52.549],[6.728,52.563],[6.767,52.564],[6.719,52.589],[6.725,52.619],[6.71,52.628],[6.742,52.645],[6.702,52.628],[6.708,52.649],[6.601,52.672],[6.517,52.647],[6.522,52.618],[6.382,52.614],[6.333,52.661],[6.152,52.688],[6.134,52.734],[6.213,52.772],[6.215,52.798],[6.181,52.804],[6.117,52.851]],[[6.508,51.36],[6.515,51.37],[6.537,51.367],[6.575,51.348],[6.594,51.322],[6.549,51.309],[6.53,51.325],[6.531,51.338],[6.513,51.351],[6.508,51.36]],[[6.508,51.444],[6.525,51.453],[6.535,51.47],[6.558,51.478],[6.561,51.496],[6.574,51.505],[6.568,51.517],[6.613,51.521],[6.63,51.541],[6.625,51.55],[6.574,51.55],[6.572,51.569],[6.558,51.579],[6.598,51.591],[6.601,51.572],[6.625,51.56],[6.674,51.563],[6.666,51.527],[6.675,51.509],[6.723,51.512],[6.716,51.497],[6.694,51.492],[6.68,51.479],[6.719,51.466],[6.723,51.454],[6.71,51.442],[6.739,51.415],[6.744,51.395],[6.713,51.375],[6.674,51.369],[6.645,51.383],[6.615,51.376],[6.614,51.398],[6.578,51.4],[6.569,51.416],[6.539,51.408],[6.534,51.437],[6.509,51.437],[6.508,51.444]],[[6.897,51.389],[6.925,51.406],[6.926,51.429],[6.946,51.44],[6.958,51.432],[6.986,51.433],[7.016,51.419],[7.046,51.419],[7.063,51.439],[7.08,51.443],[7.096,51.41],[7.119,51.392],[7.117,51.381],[7.036,51.347],[6.991,51.359],[6.967,51.347],[6.952,51.349],[6.897,51.389]],[[7.524,49.333],[7.56,49.357],[7.582,49.345],[7.584,49.335],[7.564,49.311],[7.575,49.291],[7.568,49.276],[7.556,49.273],[7.528,49.299],[7.524,49.333]],[[7.701,49.498],[7.716,49.504],[7.755,49.491],[7.754,49.476],[7.738,49.473],[7.701,49.498]],[[7.761,49.545],[7.811,49.587],[7.848,49.594],[7.867,49.619],[7.863,49.628],[7.885,49.622],[7.886,49.609],[7.9,49.603],[7.941,49.604],[7.944,49.606],[7.977,49.608],[7.97,49.595],[7.938,49.588],[7.944,49.567],[7.874,49.562],[7.863,49.545],[7.77,49.534],[7.761,49.545]],[[7.831,49.373],[7.833,49.387],[7.88,49.41],[7.891,49.402],[7.921,49.42],[7.93,49.421],[7.939,49.409],[7.919,49.388],[7.905,49.394],[7.885,49.388],[7.876,49.376],[7.848,49.367],[7.831,49.373]],[[7.839,49.683],[7.843,49.706],[7.862,49.706],[7.865,49.716],[7.877,49.71],[7.892,49.718],[7.903,49.715],[7.891,49.702],[7.9,49.693],[7.907,49.696],[7.908,49.686],[7.878,49.662],[7.857,49.662],[7.839,49.683]],[[7.845,49.134],[7.865,49.144],[7.863,49.156],[7.875,49.153],[7.901,49.175],[7.91,49.164],[7.899,49.149],[7.921,49.129],[7.906,49.118],[7.86,49.117],[7.854,49.132],[7.845,49.134]],[[7.888,49.191],[7.918,49.21],[7.951,49.186],[7.938,49.177],[7.915,49.178],[7.906,49.189],[7.888,49.191]],[[7.926,50.576],[7.971,50.601],[7.991,50.594],[7.993,50.575],[8.026,50.573],[8.04,50.553],[7.996,50.525],[7.967,50.536],[7.969,50.552],[7.956,50.563],[7.933,50.565],[7.926,50.576]],[[7.927,49.878],[7.96,49.87],[7.93,49.865],[7.927,49.878]],[[7.943,49.453],[7.957,49.463],[7.95,49.484],[7.957,49.489],[8.002,49.499],[8.011,49.509],[8.042,49.519],[8.08,49.533],[8.042,49.523],[8.08,49.545],[8.101,49.554],[8.094,49.563],[8.124,49.568],[8.128,49.574],[8.115,49.585],[8.087,49.576],[8.078,49.59],[8.088,49.611],[8.121,49.621],[8.129,49.612],[8.188,49.619],[8.184,49.635],[8.194,49.636],[8.191,49.652],[8.207,49.653],[8.232,49.618],[8.205,49.612],[8.215,49.602],[8.234,49.604],[8.21,49.594],[8.21,49.583],[8.186,49.581],[8.19,49.555],[8.205,49.556],[8.216,49.525],[8.168,49.526],[8.174,49.517],[8.189,49.518],[8.192,49.504],[8.184,49.501],[8.195,49.495],[8.258,49.495],[8.251,49.482],[8.219,49.468],[8.221,49.463],[8.161,49.455],[8.159,49.463],[8.134,49.467],[8.115,49.461],[8.132,49.453],[8.087,49.438],[8.06,49.402],[8.024,49.397],[8.044,49.389],[8.049,49.375],[8.024,49.366],[7.988,49.391],[8.019,49.392],[8.025,49.423],[8.011,49.418],[7.995,49.423],[8.021,49.433],[7.995,49.433],[8.028,49.446],[8.017,49.458],[8.007,49.448],[7.996,49.449],[7.995,49.442],[7.982,49.443],[7.978,49.451],[7.959,49.442],[7.943,49.453]],[[7.948,49.619],[7.979,49.619],[7.969,49.613],[7.976,49.608],[7.949,49.608],[7.948,49.619]],[[8.029,49.831],[8.04,49.84],[8.058,49.836],[8.063,49.817],[8.05,49.801],[8.03,49.809],[8.029,49.831]],[[8.033,49.685],[8.054,49.699],[8.116,49.687],[8.078,49.678],[8.033,49.685]],[[8.051,49.252],[8.083,49.256],[8.109,49.247],[8.076,49.244],[8.051,49.252]],[[8.15,50.413],[8.164,50.421],[8.176,50.418],[8.178,50.409],[8.162,50.407],[8.15,50.413]],[[8.154,49.773],[8.217,49.777],[8.233,49.763],[8.193,49.749],[8.166,49.751],[8.171,49.758],[8.155,49.76],[8.154,49.773]],[[8.197,49.722],[8.216,49.73],[8.291,49.744],[8.338,49.737],[8.338,49.724],[8.27,49.724],[8.203,49.713],[8.197,49.722]],[[8.212,49.587],[8.233,49.588],[8.281,49.587],[8.275,49.539],[8.24,49.537],[8.233,49.548],[8.22,49.546],[8.213,49.556],[8.222,49.56],[8.212,49.587]],[[8.215,49.819],[8.224,49.822],[8.271,49.805],[8.33,49.83],[8.332,49.811],[8.385,49.817],[8.4,49.803],[8.355,49.783],[8.259,49.788],[8.215,49.819]],[[8.226,49.787],[8.244,49.793],[8.258,49.788],[8.248,49.778],[8.226,49.787]],[[8.235,49.829],[8.238,49.841],[8.279,49.842],[8.279,49.833],[8.261,49.823],[8.235,49.829]],[[8.275,49.609],[8.278,49.616],[8.374,49.616],[8.39,49.628],[8.418,49.628],[8.443,49.613],[8.487,49.614],[8.516,49.623],[8.532,49.619],[8.573,49.634],[8.562,49.604],[8.591,49.6],[8.59,49.592],[8.554,49.586],[8.513,49.587],[8.495,49.573],[8.464,49.59],[8.423,49.584],[8.414,49.559],[8.423,49.541],[8.394,49.55],[8.376,49.54],[8.372,49.547],[8.353,49.552],[8.359,49.558],[8.317,49.55],[8.311,49.555],[8.325,49.561],[8.317,49.568],[8.325,49.582],[8.344,49.596],[8.338,49.601],[8.29,49.591],[8.283,49.608],[8.275,49.609]],[[8.276,49.423],[8.28,49.434],[8.308,49.43],[8.291,49.394],[8.283,49.393],[8.276,49.423]],[[9.245,49.61],[9.249,49.624],[9.265,49.632],[9.261,49.646],[9.294,49.655],[9.351,49.634],[9.331,49.61],[9.31,49.618],[9.293,49.615],[9.298,49.59],[9.345,49.548],[9.309,49.533],[9.275,49.568],[9.264,49.578],[9.269,49.584],[9.248,49.595],[9.255,49.602],[9.245,49.61]],[[9.38,49.607],[9.403,49.64],[9.42,49.639],[9.436,49.664],[9.444,49.665],[9.486,49.658],[9.484,49.647],[9.509,49.651],[9.524,49.621],[9.538,49.623],[9.548,49.61],[9.565,49.611],[9.567,49.604],[9.539,49.582],[9.534,49.567],[9.511,49.566],[9.491,49.579],[9.463,49.563],[9.439,49.561],[9.441,49.573],[9.422,49.59],[9.404,49.587],[9.38,49.607]],[[9.495,50.875],[9.547,50.895],[9.561,50.913],[9.597,50.93],[9.616,50.922],[9.692,50.926],[9.712,50.91],[9.753,50.909],[9.755,50.896],[9.748,50.899],[9.73,50.886],[9.813,50.857],[9.934,50.864],[9.982,50.85],[10.044,50.876],[10.061,50.876],[10.05,50.857],[10.054,50.851],[10.041,50.841],[10.057,50.821],[10.079,50.81],[10.078,50.79],[10.086,50.784],[10.075,50.783],[10.069,50.761],[10.06,50.76],[10.097,50.74],[10.076,50.72],[10.079,50.707],[10.043,50.734],[10.048,50.748],[10.04,50.758],[9.988,50.766],[9.969,50.783],[9.944,50.771],[9.955,50.786],[9.944,50.794],[9.957,50.81],[9.952,50.821],[9.899,50.817],[9.892,50.811],[9.896,50.79],[9.881,50.796],[9.812,50.794],[9.799,50.806],[9.807,50.814],[9.791,50.82],[9.74,50.807],[9.729,50.82],[9.7,50.813],[9.695,50.8],[9.629,50.78],[9.602,50.759],[9.56,50.763],[9.553,50.784],[9.501,50.81],[9.511,50.828],[9.507,50.834],[9.518,50.839],[9.495,50.875]],[[9.527,50.19],[9.544,50.201],[9.564,50.196],[9.576,50.232],[9.582,50.222],[9.604,50.222],[9.667,50.24],[9.682,50.231],[9.685,50.209],[9.7,50.203],[9.683,50.176],[9.616,50.18],[9.529,50.168],[9.527,50.19]],[[9.687,49.317],[9.701,49.327],[9.719,49.324],[9.705,49.335],[9.711,49.34],[9.738,49.338],[9.73,49.352],[9.761,49.343],[9.752,49.362],[9.78,49.383],[9.811,49.379],[9.836,49.386],[9.84,49.379],[9.83,49.373],[9.842,49.373],[9.849,49.349],[9.839,49.344],[9.864,49.326],[9.841,49.314],[9.798,49.333],[9.756,49.318],[9.687,49.317]],[[9.752,49.204],[9.754,49.211],[9.787,49.206],[9.789,49.19],[9.781,49.188],[9.762,49.193],[9.752,49.204]],[[10.074,50.879],[10.094,50.893],[10.111,50.893],[10.137,50.907],[10.143,50.894],[10.17,50.902],[10.179,50.883],[10.198,50.88],[10.211,50.894],[10.22,50.888],[10.19,50.873],[10.185,50.866],[10.21,50.863],[10.189,50.853],[10.143,50.857],[10.114,50.869],[10.1,50.866],[10.092,50.874],[10.076,50.872],[10.074,50.879]],[[10.347,49.67],[10.381,49.684],[10.404,49.666],[10.441,49.662],[10.457,49.648],[10.458,49.633],[10.397,49.607],[10.383,49.614],[10.376,49.643],[10.347,49.67]],[[10.368,51.543],[10.368,51.557],[10.378,51.562],[10.374,51.588],[10.426,51.592],[10.487,51.573],[10.486,51.557],[10.473,51.551],[10.48,51.548],[10.493,51.554],[10.512,51.548],[10.504,51.562],[10.532,51.568],[10.534,51.597],[10.517,51.61],[10.527,51.623],[10.541,51.615],[10.583,51.615],[10.567,51.61],[10.581,51.586],[10.567,51.58],[10.571,51.565],[10.591,51.57],[10.586,51.583],[10.627,51.571],[10.646,51.559],[10.66,51.561],[10.663,51.58],[10.638,51.584],[10.632,51.604],[10.647,51.609],[10.638,51.619],[10.681,51.63],[10.676,51.638],[10.702,51.641],[10.668,51.67],[10.666,51.695],[10.706,51.694],[10.707,51.682],[10.738,51.671],[10.765,51.669],[10.78,51.68],[10.783,51.661],[10.762,51.657],[10.763,51.649],[10.812,51.639],[10.818,51.625],[10.862,51.632],[10.893,51.606],[10.864,51.579],[10.868,51.562],[10.858,51.552],[10.866,51.538],[10.897,51.536],[10.902,51.524],[10.897,51.522],[10.908,51.509],[10.922,51.509],[10.927,51.497],[10.94,51.501],[10.959,51.492],[10.983,51.479],[10.994,51.462],[10.97,51.458],[10.851,51.485],[10.822,51.498],[10.826,51.514],[10.801,51.523],[10.776,51.518],[10.779,51.512],[10.755,51.505],[10.754,51.489],[10.786,51.477],[10.77,51.45],[10.778,51.441],[10.769,51.437],[10.774,51.426],[10.796,51.427],[10.805,51.416],[10.779,51.407],[10.767,51.391],[10.717,51.4],[10.694,51.396],[10.682,51.384],[10.717,51.365],[10.701,51.332],[10.664,51.357],[10.633,51.362],[10.645,51.369],[10.623,51.374],[10.627,51.382],[10.606,51.375],[10.607,51.366],[10.585,51.367],[10.579,51.379],[10.591,51.385],[10.574,51.388],[10.565,51.386],[10.577,51.374],[10.572,51.367],[10.56,51.385],[10.547,51.371],[10.529,51.366],[10.504,51.384],[10.505,51.399],[10.488,51.427],[10.473,51.435],[10.466,51.456],[10.427,51.462],[10.434,51.477],[10.467,51.486],[10.464,51.497],[10.477,51.503],[10.48,51.518],[10.468,51.544],[10.368,51.543]],[[10.563,49.76],[10.567,49.774],[10.609,49.774],[10.594,49.788],[10.605,49.807],[10.651,49.797],[10.65,49.738],[10.563,49.76]],[[10.771,50.859],[10.804,50.887],[10.819,50.89],[10.821,50.921],[10.86,50.916],[10.862,50.88],[10.874,50.878],[10.862,50.851],[10.845,50.839],[10.787,50.843],[10.771,50.859]],[[10.781,50.986],[10.836,51.007],[10.889,50.995],[10.915,51.004],[10.911,51.021],[10.87,51.028],[10.869,51.058],[10.831,51.073],[10.838,51.095],[10.88,51.098],[10.884,51.084],[10.91,51.089],[10.95,51.101],[10.948,51.116],[10.957,51.119],[10.951,51.125],[10.97,51.124],[10.981,51.097],[10.964,51.086],[10.988,51.036],[11.025,51.031],[11.028,51.059],[11.02,51.06],[11.023,51.066],[11.041,51.065],[11.044,51.08],[11.081,51.074],[11.085,51.065],[11.128,51.082],[11.126,51.06],[11.147,51.066],[11.159,51.057],[11.177,51.07],[11.206,51.036],[11.195,51.021],[11.214,51.006],[11.237,51.007],[11.226,50.997],[11.241,50.985],[11.266,50.985],[11.267,50.971],[11.221,50.95],[11.232,50.946],[11.221,50.931],[11.253,50.889],[11.246,50.875],[11.208,50.882],[11.206,50.865],[11.181,50.879],[11.172,50.875],[11.188,50.872],[11.178,50.867],[11.152,50.877],[11.127,50.902],[11.113,50.893],[11.036,50.88],[11.024,50.859],[11.005,50.864],[10.995,50.874],[11.007,50.895],[11.055,50.896],[11.055,50.91],[10.98,50.904],[10.97,50.922],[11.023,50.929],[11.026,50.938],[11.002,50.939],[11,50.948],[10.953,50.938],[10.939,50.947],[10.912,50.941],[10.916,50.93],[10.905,50.923],[10.876,50.927],[10.868,50.942],[10.897,50.945],[10.894,50.961],[10.855,50.963],[10.852,50.952],[10.827,50.951],[10.832,50.99],[10.814,50.98],[10.781,50.986]],[[10.879,43.765],[11.104,43.818],[11.16,43.905],[11.104,43.935],[11.128,44.019],[11.327,43.98],[11.412,43.991],[11.573,43.89],[11.434,43.757],[11.559,43.622],[11.615,43.527],[11.409,43.438],[11.194,43.417],[11.056,43.578],[10.932,43.653],[10.879,43.765]],[[10.935,52.465],[10.943,52.492],[10.975,52.501],[11.035,52.498],[11.051,52.508],[11.092,52.451],[11.146,52.419],[11.148,52.385],[11.065,52.377],[11.022,52.393],[10.961,52.436],[10.935,52.465]],[[10.936,48.857],[10.955,48.881],[10.942,48.906],[10.996,48.929],[11.035,48.91],[11.037,48.9],[10.998,48.87],[10.979,48.872],[10.977,48.857],[10.936,48.857]],[[11.061,51.15],[11.086,51.151],[11.085,51.169],[11.115,51.174],[11.115,51.185],[11.128,51.18],[11.122,51.172],[11.157,51.163],[11.174,51.128],[11.175,51.106],[11.138,51.092],[11.093,51.112],[11.102,51.118],[11.097,51.128],[11.064,51.129],[11.061,51.15]],[[11.191,43.284],[11.253,43.347],[11.289,43.359],[11.33,43.359],[11.483,43.254],[11.539,43.185],[11.537,43.134],[11.492,43.115],[11.418,43.124],[11.204,43.263],[11.191,43.284]],[[11.226,51.071],[11.266,51.073],[11.272,51.061],[11.257,51.055],[11.263,51.052],[11.273,51.052],[11.28,51.062],[11.312,51.054],[11.296,51.032],[11.274,51.026],[11.229,51.049],[11.226,51.071]],[[11.255,51.103],[11.256,51.131],[11.287,51.127],[11.294,51.126],[11.282,51.102],[11.255,51.103]],[[11.289,50.867],[11.32,50.873],[11.353,50.895],[11.357,50.911],[11.338,50.924],[11.381,50.925],[11.395,50.902],[11.418,50.898],[11.399,50.89],[11.379,50.865],[11.409,50.857],[11.405,50.833],[11.364,50.832],[11.358,50.815],[11.335,50.819],[11.307,50.804],[11.289,50.867]],[[11.553,48.895],[11.569,48.917],[11.562,48.922],[11.572,48.927],[11.69,48.93],[11.711,48.937],[11.736,48.926],[11.762,48.937],[11.843,48.927],[11.864,48.942],[11.887,48.931],[11.922,48.935],[11.937,48.922],[11.94,48.908],[11.952,48.904],[11.971,48.908],[11.971,48.918],[11.994,48.93],[12.001,48.91],[12.01,48.906],[12.081,48.9],[12.111,48.906],[12.145,48.889],[12.138,48.876],[12.03,48.885],[12.006,48.875],[11.969,48.886],[11.941,48.882],[11.925,48.889],[11.926,48.911],[11.896,48.907],[11.855,48.915],[11.833,48.899],[11.841,48.878],[11.868,48.877],[11.926,48.825],[11.965,48.829],[11.992,48.814],[12.018,48.81],[12.019,48.79],[12.031,48.787],[12.036,48.797],[12.055,48.781],[12.053,48.774],[12.065,48.772],[12.065,48.764],[12.008,48.758],[11.987,48.733],[11.952,48.747],[11.938,48.734],[11.959,48.724],[11.948,48.709],[11.925,48.71],[11.914,48.717],[11.915,48.725],[11.897,48.722],[11.874,48.748],[11.849,48.738],[11.848,48.724],[11.816,48.674],[11.798,48.679],[11.805,48.687],[11.795,48.693],[11.765,48.681],[11.767,48.711],[11.792,48.716],[11.819,48.736],[11.808,48.769],[11.782,48.767],[11.771,48.775],[11.779,48.785],[11.754,48.786],[11.744,48.778],[11.674,48.803],[11.652,48.804],[11.647,48.815],[11.632,48.811],[11.586,48.825],[11.571,48.848],[11.575,48.857],[11.564,48.891],[11.553,48.895]],[[11.604,51.666],[11.613,51.677],[11.611,51.691],[11.634,51.694],[11.626,51.706],[11.615,51.703],[11.624,51.732],[11.693,51.725],[11.689,51.721],[11.708,51.715],[11.714,51.726],[11.725,51.726],[11.723,51.732],[11.694,51.743],[11.73,51.745],[11.743,51.739],[11.775,51.753],[11.78,51.732],[11.798,51.724],[11.802,51.7],[11.813,51.687],[11.863,51.678],[11.924,51.646],[11.928,51.665],[11.949,51.667],[11.946,51.645],[11.933,51.64],[11.945,51.631],[11.915,51.626],[11.968,51.627],[11.952,51.62],[11.953,51.601],[11.983,51.601],[11.992,51.585],[11.98,51.575],[12.02,51.58],[12.023,51.592],[12.046,51.584],[12.165,51.576],[12.169,51.55],[12.078,51.534],[12.082,51.522],[12.119,51.528],[12.128,51.517],[12.086,51.508],[12.071,51.512],[12.074,51.503],[12.054,51.494],[12.09,51.491],[12.088,51.485],[12.039,51.488],[12.038,51.477],[12.057,51.46],[12.074,51.46],[12.077,51.454],[12.151,51.459],[12.17,51.423],[12.165,51.407],[12.117,51.418],[12.09,51.423],[12.085,51.391],[12.065,51.387],[12.046,51.395],[12.056,51.421],[12.05,51.422],[12.019,51.402],[11.955,51.407],[11.953,51.416],[11.942,51.415],[11.944,51.424],[11.956,51.42],[11.953,51.433],[11.926,51.446],[11.929,51.457],[11.937,51.452],[11.953,51.468],[11.948,51.478],[11.955,51.48],[11.943,51.481],[11.853,51.46],[11.836,51.424],[11.82,51.455],[11.801,51.466],[11.823,51.475],[11.829,51.467],[11.846,51.47],[11.864,51.487],[11.863,51.493],[11.833,51.498],[11.832,51.511],[11.842,51.513],[11.839,51.528],[11.819,51.533],[11.82,51.556],[11.832,51.57],[11.799,51.573],[11.791,51.584],[11.759,51.583],[11.752,51.633],[11.721,51.63],[11.693,51.649],[11.604,51.666]],[[11.867,51.741],[11.879,51.739],[11.877,51.75],[11.884,51.751],[11.909,51.74],[11.91,51.733],[11.907,51.727],[11.87,51.734],[11.867,51.741]],[[12.416,43.934],[12.429,43.938],[12.427,43.95],[12.435,43.948],[12.447,43.966],[12.462,43.969],[12.465,43.958],[12.458,43.945],[12.484,43.932],[12.454,43.917],[12.428,43.917],[12.416,43.934]],[[12.58,49.165],[12.597,49.168],[12.603,49.204],[12.631,49.207],[12.611,49.214],[12.601,49.224],[12.6,49.244],[12.589,49.245],[12.615,49.288],[12.611,49.312],[12.623,49.316],[12.624,49.337],[12.652,49.347],[12.665,49.322],[12.689,49.317],[12.713,49.292],[12.726,49.315],[12.779,49.326],[12.805,49.307],[12.807,49.295],[12.832,49.296],[12.848,49.275],[12.817,49.263],[12.798,49.266],[12.792,49.258],[12.817,49.211],[12.795,49.209],[12.78,49.194],[12.747,49.2],[12.741,49.167],[12.722,49.164],[12.71,49.125],[12.713,49.107],[12.65,49.1],[12.639,49.083],[12.621,49.094],[12.602,49.093],[12.596,49.115],[12.583,49.121],[12.58,49.165]],[[12.78,47.604],[12.78,47.634],[12.822,47.657],[12.832,47.643],[12.851,47.646],[12.837,47.666],[12.853,47.679],[12.885,47.682],[12.898,47.692],[12.952,47.706],[12.979,47.691],[12.989,47.694],[13.008,47.722],[13.018,47.723],[13.074,47.692],[13.098,47.642],[13.096,47.63],[13.063,47.6],[13.07,47.586],[13.043,47.583],[13.041,47.576],[13.058,47.561],[13.032,47.537],[13.045,47.526],[13.047,47.492],[13.03,47.487],[13.009,47.465],[12.995,47.471],[12.995,47.478],[12.975,47.484],[12.969,47.474],[12.921,47.493],[12.884,47.521],[12.851,47.532],[12.847,47.546],[12.82,47.545],[12.798,47.554],[12.781,47.574],[12.793,47.593],[12.78,47.604]],[[12.876,52.02],[12.904,52.036],[12.976,52.025],[12.962,52.043],[12.909,52.064],[12.939,52.107],[12.993,52.096],[12.982,52.129],[12.952,52.143],[12.984,52.147],[13.098,52.218],[13.107,52.245],[13.135,52.262],[13.17,52.268],[13.218,52.235],[13.206,52.225],[13.192,52.191],[13.194,52.155],[13.222,52.12],[13.251,52.112],[13.268,52.087],[13.327,52.077],[13.323,52.054],[13.336,52.058],[13.361,52.042],[13.356,51.998],[13.343,51.99],[13.315,51.989],[13.32,51.973],[13.346,51.971],[13.35,51.959],[13.376,51.957],[13.373,51.973],[13.45,51.972],[13.454,51.927],[13.482,51.933],[13.492,51.928],[13.495,51.914],[13.521,51.906],[13.516,51.879],[13.542,51.879],[13.539,51.866],[13.505,51.866],[13.513,51.831],[13.459,51.848],[13.408,51.816],[13.363,51.83],[13.31,51.831],[13.301,51.84],[13.314,51.845],[13.318,51.863],[13.332,51.878],[13.333,51.905],[13.373,51.915],[13.378,51.93],[13.355,51.936],[13.353,51.947],[13.323,51.937],[13.295,51.945],[13.255,51.94],[13.254,51.927],[13.271,51.915],[13.266,51.895],[13.233,51.895],[13.23,51.878],[13.165,51.884],[13.159,51.861],[13.151,51.86],[13.15,51.872],[13.132,51.882],[13.085,51.874],[13.088,51.895],[13.08,51.906],[13.032,51.901],[13.039,51.918],[13.058,51.915],[13.066,51.935],[13.053,51.941],[13.002,51.944],[12.994,51.948],[12.992,51.961],[12.968,51.962],[12.97,51.975],[12.957,51.978],[12.931,51.972],[12.929,51.961],[12.904,51.962],[12.904,51.982],[12.932,51.988],[12.932,51.993],[12.885,52.005],[12.876,52.02]],[[13.288,48.338],[13.357,48.369],[13.376,48.357],[13.32,48.319],[13.288,48.338]],[[13.543,51.88],[13.553,51.891],[13.552,51.903],[13.578,51.897],[13.575,51.889],[13.543,51.88]]],[[[5.624,49.182],[5.65,49.124],[5.669,49.137],[5.704,49.141],[5.707,49.158],[5.658,49.17],[5.68,49.179],[5.68,49.189],[5.652,49.192],[5.627,49.181],[5.624,49.182]]],[[[5.657,49.108],[5.679,49.059],[5.74,49.076],[5.74,49.086],[5.725,49.094],[5.7,49.091],[5.662,49.108],[5.657,49.108]]],[[[5.707,49.421],[5.732,49.398],[5.802,49.398],[5.833,49.412],[5.855,49.44],[5.838,49.45],[5.818,49.443],[5.799,49.448],[5.77,49.434],[5.739,49.438],[5.707,49.421]]],[[[5.869,49.375],[5.89,49.354],[5.889,49.344],[5.919,49.373],[5.897,49.383],[5.869,49.375]]],[[[7.43,47.462],[7.53,47.462],[7.536,47.514],[7.523,47.519],[7.53,47.53],[7.518,47.53],[7.43,47.462]]],[[[7.544,47.559],[7.555,47.564],[7.565,47.557],[7.556,47.544],[7.581,47.544],[7.594,47.519],[7.614,47.521],[7.605,47.47],[7.627,47.463],[7.627,47.462],[8.279,47.462],[8.275,47.464],[8.255,47.59],[8.183,47.657],[7.965,47.591],[7.929,47.613],[7.854,47.62],[7.803,47.598],[7.693,47.578],[7.618,47.619],[7.572,47.612],[7.544,47.559]]],[[[8.299,44.503],[8.332,44.29],[8.338,44.299],[8.339,44.32],[8.355,44.332],[8.344,44.351],[8.377,44.408],[8.444,44.439],[8.464,44.469],[8.461,44.493],[8.448,44.499],[8.45,44.502],[8.447,44.499],[8.417,44.513],[8.399,44.501],[8.394,44.479],[8.358,44.465],[8.35,44.485],[8.324,44.488],[8.303,44.503],[8.299,44.503]]],[[[8.421,47.299],[8.428,47.186],[8.443,47.203],[8.429,47.283],[8.421,47.299]]],[[[8.588,44.526],[8.612,44.548],[8.6,44.553],[8.601,44.546],[8.588,44.526]]],[[[8.599,44.566],[8.6,44.558],[8.619,44.577],[8.623,44.597],[8.617,44.6],[8.621,44.589],[8.607,44.583],[8.599,44.566]]],[[[8.687,53.777],[8.691,53.766],[8.709,53.77],[8.713,53.736],[8.769,53.691],[8.765,53.682],[8.827,53.68],[8.859,53.652],[8.893,53.645],[8.904,53.651],[8.938,53.634],[8.948,53.638],[8.955,53.659],[8.936,53.665],[8.963,53.697],[8.961,53.766],[8.848,53.75],[8.687,53.777]]],[[[9.647,49.92],[9.666,49.9],[9.658,49.895],[9.66,49.887],[9.672,49.888],[9.709,49.858],[9.744,49.86],[9.739,49.888],[9.701,49.889],[9.687,49.9],[9.735,49.914],[9.72,49.93],[9.666,49.929],[9.647,49.92]]],[[[9.676,49.693],[9.736,49.688],[9.751,49.697],[9.753,49.71],[9.792,49.731],[9.755,49.75],[9.724,49.744],[9.701,49.717],[9.677,49.716],[9.676,49.693]]],[[[9.676,49.806],[9.702,49.778],[9.73,49.789],[9.718,49.819],[9.682,49.815],[9.676,49.806]]],[[[9.764,50.074],[9.766,50.061],[9.793,50.054],[9.799,50.076],[9.78,50.081],[9.764,50.074]]],[[[9.838,49.918],[9.89,49.926],[9.89,49.965],[9.857,49.969],[9.856,49.938],[9.838,49.918]]],[[[9.899,50.841],[9.937,50.837],[9.944,50.845],[9.905,50.86],[9.899,50.841]]],[[[9.9,49.671],[9.932,49.667],[9.916,49.647],[9.928,49.623],[9.953,49.623],[9.963,49.658],[9.951,49.675],[9.963,49.686],[10.031,49.676],[10.024,49.697],[9.949,49.709],[9.93,49.685],[9.906,49.685],[9.9,49.671]]],[[[10.042,49.719],[10.06,49.715],[10.061,49.703],[10.098,49.716],[10.113,49.734],[10.105,49.742],[10.042,49.728],[10.042,49.719]]],[[[10.097,49.655],[10.148,49.649],[10.179,49.687],[10.123,49.696],[10.128,49.69],[10.114,49.687],[10.097,49.655]]],[[[10.121,50.556],[10.139,50.543],[10.151,50.552],[10.121,50.564],[10.121,50.556]]],[[[10.129,49.901],[10.141,49.869],[10.187,49.873],[10.172,49.904],[10.129,49.901]]],[[[10.149,49.112],[10.155,49.108],[10.17,49.113],[10.153,49.12],[10.149,49.112]]],[[[10.167,50.028],[10.212,50.009],[10.235,50.014],[10.249,50.019],[10.239,50.023],[10.241,50.039],[10.276,50.058],[10.26,50.059],[10.267,50.067],[10.257,50.086],[10.295,50.112],[10.269,50.132],[10.31,50.129],[10.323,50.14],[10.281,50.147],[10.275,50.139],[10.262,50.14],[10.237,50.122],[10.222,50.091],[10.229,50.085],[10.225,50.066],[10.205,50.073],[10.195,50.068],[10.182,50.053],[10.19,50.043],[10.167,50.028]]],[[[10.192,49.126],[10.219,49.119],[10.232,49.148],[10.218,49.158],[10.217,49.149],[10.206,49.147],[10.192,49.126]]],[[[10.269,49.897],[10.274,49.885],[10.313,49.884],[10.292,49.92],[10.279,49.916],[10.283,49.902],[10.269,49.897]]],[[[10.272,49.853],[10.275,49.834],[10.29,49.832],[10.313,49.845],[10.299,49.858],[10.272,49.853]]],[[[10.357,49.243],[10.368,49.22],[10.403,49.23],[10.427,49.223],[10.466,49.206],[10.5,49.211],[10.486,49.202],[10.491,49.192],[10.578,49.177],[10.564,49.201],[10.581,49.249],[10.537,49.262],[10.516,49.258],[10.477,49.267],[10.479,49.277],[10.463,49.276],[10.456,49.284],[10.44,49.278],[10.439,49.258],[10.39,49.261],[10.372,49.244],[10.357,49.243]]],[[[10.431,49.424],[10.479,49.407],[10.478,49.397],[10.585,49.392],[10.587,49.412],[10.543,49.415],[10.536,49.409],[10.524,49.416],[10.545,49.426],[10.542,49.437],[10.559,49.451],[10.47,49.451],[10.431,49.424]]],[[[10.437,50.17],[10.471,50.178],[10.47,50.187],[10.45,50.196],[10.437,50.17]]],[[[10.452,43.768],[10.501,43.753],[10.511,43.757],[10.507,43.756],[10.452,43.768]]],[[[10.513,49.964],[10.52,49.957],[10.516,49.948],[10.536,49.944],[10.563,49.953],[10.579,49.974],[10.599,49.976],[10.618,49.991],[10.64,49.987],[10.656,49.974],[10.69,49.974],[10.689,50.001],[10.659,50.041],[10.685,50.048],[10.686,50.069],[10.663,50.074],[10.653,50.07],[10.655,50.056],[10.647,50.058],[10.62,50.078],[10.632,50.083],[10.595,50.097],[10.58,50.087],[10.551,50.095],[10.52,50.088],[10.538,50.069],[10.574,50.062],[10.574,50.051],[10.613,50.051],[10.622,50.039],[10.598,50.025],[10.539,50.024],[10.517,49.992],[10.525,49.979],[10.513,49.964]]],[[[10.578,50.16],[10.586,50.146],[10.596,50.148],[10.595,50.161],[10.578,50.16]]],[[[10.58,49.156],[10.585,49.127],[10.622,49.122],[10.631,49.103],[10.647,49.117],[10.672,49.113],[10.69,49.135],[10.66,49.197],[10.61,49.179],[10.647,49.164],[10.58,49.156]]],[[[10.621,49.235],[10.679,49.231],[10.718,49.247],[10.735,49.245],[10.774,49.259],[10.78,49.28],[10.766,49.288],[10.742,49.283],[10.735,49.301],[10.69,49.31],[10.652,49.299],[10.653,49.286],[10.671,49.287],[10.655,49.252],[10.628,49.246],[10.621,49.235]]],[[[10.667,49.053],[10.668,49.045],[10.684,49.043],[10.695,49.028],[10.744,49.028],[10.734,49.051],[10.742,49.058],[10.699,49.071],[10.676,49.065],[10.68,49.056],[10.667,49.053]]],[[[10.682,49.465],[10.71,49.465],[10.729,49.455],[10.747,49.456],[10.734,49.488],[10.713,49.494],[10.703,49.473],[10.683,49.472],[10.682,49.465]]],[[[10.787,49.212],[10.806,49.209],[10.811,49.218],[10.791,49.222],[10.787,49.212]]],[[[10.854,49.135],[10.858,49.13],[10.873,49.134],[10.912,49.127],[10.921,49.134],[10.882,49.153],[10.854,49.135]]],[[[10.881,49.074],[10.884,49.06],[10.915,49.064],[10.89,49.087],[10.881,49.074]]],[[[10.902,49.459],[10.929,49.445],[10.975,49.455],[11.005,49.414],[11.059,49.414],[11.046,49.429],[11.03,49.43],[11.012,49.459],[11.018,49.481],[11.012,49.494],[10.989,49.497],[10.985,49.52],[10.973,49.523],[10.951,49.505],[10.956,49.478],[10.902,49.459]]],[[[10.933,49.353],[10.947,49.35],[10.936,49.333],[10.962,49.326],[10.999,49.336],[10.968,49.347],[10.972,49.36],[10.996,49.371],[10.993,49.395],[10.975,49.396],[10.973,49.379],[10.954,49.384],[10.937,49.377],[10.933,49.353]]],[[[10.936,49.208],[10.972,49.208],[11.03,49.232],[10.994,49.265],[10.948,49.249],[10.947,49.227],[10.937,49.223],[10.936,49.208]]],[[[11.075,49.064],[11.093,49.038],[11.131,49.053],[11.109,49.074],[11.075,49.064]]],[[[11.108,51.035],[11.124,51.021],[11.147,51.017],[11.144,51.009],[11.151,51.004],[11.188,51.022],[11.155,51.037],[11.108,51.035]]],[[[11.12,50.918],[11.134,50.905],[11.147,50.908],[11.176,50.896],[11.19,50.903],[11.191,50.91],[11.153,50.919],[11.12,50.918]]],[[[11.17,50.94],[11.188,50.938],[11.188,50.948],[11.172,50.956],[11.17,50.94]]],[[[11.623,52.361],[11.67,52.351],[11.673,52.353],[11.672,52.353],[11.661,52.379],[11.646,52.369],[11.626,52.375],[11.623,52.361]]],[[[11.895,52.327],[11.905,52.318],[11.967,52.332],[11.942,52.341],[11.935,52.348],[11.917,52.348],[11.895,52.327]]],[[[12.062,52.212],[12.1,52.207],[12.121,52.226],[12.094,52.233],[12.07,52.23],[12.062,52.212]]],[[[12.073,52.17],[12.097,52.167],[12.113,52.147],[12.109,52.124],[12.149,52.146],[12.142,52.159],[12.166,52.151],[12.183,52.168],[12.127,52.188],[12.073,52.17]]],[[[13.437,48.637],[13.491,48.574],[13.483,48.6],[13.502,48.609],[13.532,48.606],[13.536,48.63],[13.437,48.637]]],[[[13.699,41.859],[13.918,41.865],[13.863,41.905],[13.704,41.881],[13.699,41.859]]]]}},{"type":"Feature","properties":{"NAME":null,"ABBREVN":null,"INFO_UR":null,"SUBJECTO":null,"BORDERPRECISION":1,"PARTOF":null},"geometry":{"type":"MultiPolygon","coordinates":[[[[22.87,38.837],[23.014,38.961],[23.242,39.044],[23.79,38.719],[24.132,38.653],[24.208,38.552],[24.292,38.195],[24.588,38.153],[24.527,37.967],[24.314,37.985],[24.025,38.386],[23.661,38.404],[23.6,38.457],[23.638,38.523],[23.463,38.624],[23.121,38.867],[22.87,38.837]]]]}},{"type":"Feature","properties":{"NAME":null,"ABBREVN":null,"INFO_UR":null,"SUBJECTO":null,"BORDERPRECISION":1,"PARTOF":null},"geometry":{"type":"MultiPolygon","coordinates":[[[[25.736,36.387],[25.789,36.405],[25.873,36.356],[25.766,36.338],[25.713,36.35],[25.736,36.387]]],[[[25.333,36.46],[25.371,36.497],[25.493,36.423],[25.493,36.331],[25.386,36.319],[25.318,36.399],[25.333,36.46]]],[[[25.751,36.814],[25.858,36.838],[25.949,36.911],[26.025,36.96],[26.086,36.899],[25.835,36.783],[25.751,36.783],[25.751,36.814]]],[[[24.299,36.753],[24.428,36.795],[24.588,36.869],[24.679,36.759],[24.466,36.649],[24.299,36.753]]],[[[24.824,36.637],[24.824,36.661],[24.877,36.68],[24.976,36.637],[24.945,36.57],[24.824,36.637]]],[[[25.044,36.661],[25.166,36.741],[25.196,36.674],[25.059,36.619],[25.044,36.661]]],[[[25.242,36.753],[25.295,36.808],[25.432,36.698],[25.386,36.637],[25.265,36.704],[25.242,36.753]]],[[[24.428,37.208],[24.535,37.117],[24.444,37.099],[24.428,37.208]]],[[[24.299,37.661],[24.398,37.667],[24.383,37.571],[24.261,37.541],[24.299,37.661]]],[[[24.398,37.468],[24.489,37.396],[24.36,37.305],[24.36,37.396],[24.398,37.468]]],[[[24.862,37.529],[24.945,37.51],[25.044,37.378],[24.846,37.366],[24.862,37.529]]],[[[24.656,37.901],[24.763,38.003],[25.272,37.565],[25.47,37.438],[25.318,37.402],[24.923,37.691],[24.656,37.901]]],[[[24.649,37.014],[24.717,37.051],[24.786,36.948],[24.679,36.905],[24.649,37.014]]],[[[25.151,37.172],[25.31,37.196],[25.31,37.002],[25.113,36.941],[24.938,36.96],[25.151,37.172]]],[[[25.379,37.117],[25.538,37.22],[25.607,37.124],[25.599,37.026],[25.546,36.96],[25.455,36.923],[25.363,37.008],[25.341,37.087],[25.379,37.117]]]]}},{"type":"Feature","properties":{"NAME":"Sweden","ABBREVN":"Sweden","INFO_UR":null,"SUBJECTO":"Sweden","BORDERPRECISION":1,"PARTOF":"Sweden"},"geometry":{"type":"Polygon","coordinates":[[[19.034,57.901],[19.078,57.858],[19.126,57.84],[19.142,57.908],[19.163,57.927],[19.257,57.949],[19.287,57.937],[19.334,57.956],[19.332,57.965],[19.296,57.977],[19.105,57.975],[19.089,57.97],[19.036,57.919],[19.034,57.901]]]}},{"type":"Feature","properties":{"NAME":"Navarre","ABBREVN":"Navarre","INFO_UR":null,"SUBJECTO":"Navarre","BORDERPRECISION":1,"PARTOF":"Navarre"},"geometry":{"type":"Polygon","coordinates":[[[-3.356,43.395],[-3.196,42.398],[-2.717,42.425],[-2.583,41.359],[-1.004,41.919],[-0.603,42.416],[-0.524,42.758],[-0.587,42.765],[-0.612,42.731],[-0.84,42.909],[-0.907,42.881],[-1.397,43.032],[-1.448,42.984],[-1.515,42.998],[-1.558,43.045],[-1.466,43.155],[-1.491,43.21],[-1.702,43.196],[-1.915,43.305],[-2.066,43.333],[-2.367,43.326],[-2.768,43.538],[-3.007,43.55],[-3.196,43.447],[-3.356,43.395]]]}},{"type":"Feature","properties":{"NAME":"Castile","ABBREVN":"Castilla","INFO_UR":null,"SUBJECTO":"Castilla","BORDERPRECISION":1,"PARTOF":"Castilla"},"geometry":{"type":"Polygon","coordinates":[[[-5.086,43.495],[-4.444,40.894],[-3.532,41.022],[-2.583,41.359],[-2.717,42.425],[-3.196,42.398],[-3.356,43.395],[-3.417,43.376],[-3.848,43.439],[-4.802,43.469],[-5.086,43.495]]]}},{"type":"Feature","properties":{"NAME":"Paleo-Siberian hunter-gatherers","ABBREVN":"Paleo-Siberian hunter-gatherers","INFO_UR":null,"SUBJECTO":"Paleo-Siberian hunter-gatherers","BORDERPRECISION":1,"PARTOF":"Paleo-Siberian hunter-gatherers"},"geometry":{"type":"MultiPolygon","coordinates":[[[[60,56.23],[59.094,56.432],[60,56.56],[60,56.23]]]]}},{"type":"Feature","properties":{"NAME":"Sámi","ABBREVN":"Sámi","INFO_UR":null,"SUBJECTO":"Sámi","BORDERPRECISION":1,"PARTOF":"Sámi"},"geometry":{"type":"MultiPolygon","coordinates":[[[[17.731,64.559],[17.33,64.826],[18.534,66.432],[18.4,67.235],[18.959,68.294],[19.821,69.37],[20.158,69.748],[20.286,69.786],[20.358,69.71],[20.278,69.582],[20.197,69.318],[20.553,69.522],[20.734,69.779],[21.103,69.818],[21.412,70.015],[21.609,69.963],[21.908,69.804],[22.163,70.093],[22.306,70.216],[22.746,70.171],[23.204,69.943],[23.292,70.011],[23.508,70.279],[23.827,70.479],[23.955,70.502],[24.208,70.472],[24.36,70.61],[24.571,70.741],[24.849,70.827],[25.389,70.905],[25.832,70.898],[25.231,70.558],[25.122,70.435],[25.074,70.144],[25.263,70.107],[25.574,70.367],[26.263,70.791],[26.607,70.915],[26.619,70.799],[26.617,70.392],[26.934,70.469],[27.131,70.577],[27.516,70.97],[27.948,71.017],[28.211,71.018],[28.308,70.949],[28.136,70.833],[27.985,70.717],[28.019,70.609],[27.875,70.425],[28.29,70.372],[28.389,70.572],[28.795,70.865],[28.984,70.857],[29.741,70.605],[30.041,70.544],[30.462,70.537],[30.754,70.43],[30.799,70.308],[30.252,70.131],[29.735,70.115],[28.73,70.136],[29.08,69.961],[29.556,69.833],[29.729,69.698],[30.056,69.721],[30.361,69.767],[30.735,69.752],[31.054,69.64],[31.331,69.663],[31.782,69.777],[32.072,69.883],[32.076,69.815],[32.191,69.642],[32.352,69.514],[32.596,69.424],[33.01,69.387],[33.281,69.342],[33.316,69.071],[33.628,69.215],[33.818,69.192],[34.305,69.171],[34.699,69.164],[34.934,69.149],[35.437,69.15],[36.018,69.024],[37.246,68.793],[37.689,68.63],[38.406,68.243],[38.668,68.146],[39.918,67.94],[40.826,67.66],[40.973,67.534],[40.951,67.335],[41.017,67.202],[41.209,67.069],[41.255,66.937],[41.147,66.782],[40.836,66.561],[40.345,66.319],[39.978,66.201],[39.19,66.039],[38.782,66.001],[38.048,66.007],[37.422,66.094],[36.505,66.172],[35.772,66.259],[35.168,66.412],[34.153,66.63],[33.437,66.702],[33.158,66.914],[32.991,66.988],[32.644,67.046],[32.219,66.994],[32.425,66.891],[32.754,66.649],[32.971,66.583],[33.47,66.313],[33.844,66.182],[34.258,66.11],[34.544,66.001],[34.726,65.797],[34.726,65.615],[34.601,65.484],[34.293,65.396],[30.604,64.938],[27.232,63.354],[23.131,63.783],[23.58,64.082],[24.094,64.377],[24.47,64.636],[24.932,64.816],[25.325,64.802],[25.352,64.939],[25.293,65.004],[25.133,65.076],[25.252,65.417],[25.104,65.54],[24.591,65.583],[24.215,65.786],[23.844,65.798],[23.406,65.725],[23.204,65.681],[22.798,65.855],[22.646,65.935],[22.49,65.883],[22.202,65.715],[21.957,65.446],[21.819,65.38],[21.522,65.372],[21.277,65.212],[21.424,65.104],[21.489,65.017],[21.329,64.894],[20.921,64.714],[21.064,64.592],[21.237,64.521],[21.386,64.385],[21.049,64.219],[20.873,64.033],[17.261,64.206],[17.731,64.559]]]]}},{"type":"Feature","properties":{"NAME":null,"ABBREVN":null,"INFO_UR":null,"SUBJECTO":null,"BORDERPRECISION":1,"PARTOF":null},"geometry":{"type":"MultiPolygon","coordinates":[[[[55.567,72],[55.721,71.642],[56.151,71.271],[56.379,71.132],[56.727,70.994],[57.251,70.818],[57.238,70.691],[56.059,70.731],[55.679,70.707],[55.266,70.561],[54.998,70.522],[54.694,70.744],[54.522,70.759],[54.032,70.719],[53.729,70.765],[53.715,70.927],[54.321,71.09],[54.353,71.198],[54.308,71.206],[53.234,71.514],[52.55,71.59],[52.402,71.52],[52.121,71.465],[51.815,71.48],[51.534,71.658],[51.482,71.845],[51.585,71.985],[51.613,72],[55.567,72]]]]}},{"type":"Feature","properties":{"NAME":null,"ABBREVN":null,"INFO_UR":null,"SUBJECTO":null,"BORDERPRECISION":1,"PARTOF":null},"geometry":{"type":"MultiPolygon","coordinates":[[[[-2.918,58.732],[-2.948,58.731],[-2.971,58.742],[-3.037,58.818],[-3.004,58.833],[-2.916,58.839],[-2.886,58.832],[-2.878,58.824],[-2.918,58.732]]]]}},{"type":"Feature","properties":{"NAME":null,"ABBREVN":null,"INFO_UR":null,"SUBJECTO":null,"BORDERPRECISION":1,"PARTOF":null},"geometry":{"type":"MultiPolygon","coordinates":[[[[-3.231,58.776],[-3.301,58.778],[-3.431,58.871],[-3.418,58.904],[-3.398,58.917],[-3.336,58.927],[-3.228,58.885],[-3.136,58.804],[-3.142,58.785],[-3.231,58.776]]]]}},{"type":"Feature","properties":{"NAME":null,"ABBREVN":null,"INFO_UR":null,"SUBJECTO":null,"BORDERPRECISION":1,"PARTOF":null},"geometry":{"type":"MultiPolygon","coordinates":[[[[-2.793,58.951],[-2.756,58.918],[-2.824,58.879],[-2.97,58.939],[-3.057,58.936],[-3.195,58.911],[-3.346,58.966],[-3.368,59.01],[-3.351,59.106],[-3.317,59.129],[-3.219,59.149],[-3.077,59.122],[-2.998,59.07],[-2.996,59.056],[-2.947,58.998],[-2.852,58.976],[-2.793,58.951]]]]}},{"type":"Feature","properties":{"NAME":null,"ABBREVN":null,"INFO_UR":null,"SUBJECTO":null,"BORDERPRECISION":1,"PARTOF":null},"geometry":{"type":"MultiPolygon","coordinates":[[[[-2.681,59.196],[-2.686,59.184],[-2.694,59.197],[-2.684,59.221],[-2.593,59.291],[-2.556,59.303],[-2.407,59.314],[-2.39,59.283],[-2.496,59.245],[-2.621,59.236],[-2.681,59.196]]]]}},{"type":"Feature","properties":{"NAME":null,"ABBREVN":null,"INFO_UR":null,"SUBJECTO":null,"BORDERPRECISION":1,"PARTOF":null},"geometry":{"type":"MultiPolygon","coordinates":[[[[-2.89,59.295],[-2.85,59.268],[-2.853,59.249],[-2.877,59.229],[-2.877,59.259],[-2.937,59.284],[-2.972,59.287],[-2.977,59.273],[-2.999,59.261],[-3.076,59.331],[-2.89,59.295]]]]}},{"type":"Feature","properties":{"NAME":null,"ABBREVN":null,"INFO_UR":null,"SUBJECTO":null,"BORDERPRECISION":1,"PARTOF":null},"geometry":{"type":"MultiPolygon","coordinates":[[[[-1.296,60.491],[-1.287,60.471],[-1.037,60.444],[-1.101,60.276],[-1.164,60.258],[-1.187,60.27],[-1.201,60.263],[-1.186,60.231],[-1.126,60.152],[-1.147,60.132],[-1.171,60.137],[-1.212,60.103],[-1.221,60.022],[-1.26,59.862],[-1.269,59.851],[-1.307,59.857],[-1.372,59.892],[-1.378,59.902],[-1.332,59.997],[-1.306,60.013],[-1.263,60.107],[-1.262,60.131],[-1.291,60.241],[-1.41,60.255],[-1.364,60.23],[-1.353,60.209],[-1.358,60.192],[-1.449,60.151],[-1.52,60.181],[-1.527,60.187],[-1.52,60.201],[-1.665,60.231],[-1.693,60.28],[-1.691,60.288],[-1.655,60.303],[-1.427,60.321],[-1.346,60.34],[-1.32,60.356],[-1.446,60.461],[-1.554,60.476],[-1.61,60.474],[-1.593,60.508],[-1.547,60.536],[-1.416,60.605],[-1.302,60.637],[-1.287,60.613],[-1.296,60.491]]]]}},{"type":"Feature","properties":{"NAME":null,"ABBREVN":null,"INFO_UR":null,"SUBJECTO":null,"BORDERPRECISION":1,"PARTOF":null},"geometry":{"type":"MultiPolygon","coordinates":[[[[-1.029,60.496],[-1.127,60.486],[-1.14,60.489],[-1.17,60.527],[-1.184,60.603],[-1.179,60.633],[-1.11,60.726],[-1.099,60.73],[-0.991,60.72],[-0.982,60.656],[-1.029,60.496]]]]}},{"type":"Feature","properties":{"NAME":null,"ABBREVN":null,"INFO_UR":null,"SUBJECTO":null,"BORDERPRECISION":1,"PARTOF":null},"geometry":{"type":"MultiPolygon","coordinates":[[[[-0.82,60.689],[-0.835,60.673],[-0.936,60.674],[-0.966,60.688],[-0.939,60.794],[-0.878,60.844],[-0.806,60.841],[-0.768,60.829],[-0.758,60.818],[-0.764,60.793],[-0.82,60.689]]]]}},{"type":"Feature","properties":{"NAME":null,"ABBREVN":null,"INFO_UR":null,"SUBJECTO":null,"BORDERPRECISION":1,"PARTOF":null},"geometry":{"type":"MultiPolygon","coordinates":[[[[-6.655,61.389],[-6.719,61.407],[-6.846,61.468],[-6.958,61.599],[-6.963,61.619],[-6.945,61.637],[-6.889,61.645],[-6.724,61.573],[-6.709,61.558],[-6.642,61.401],[-6.655,61.389]]],[[[-6.604,61.822],[-6.63,61.761],[-6.652,61.743],[-6.705,61.777],[-6.841,61.817],[-6.866,61.837],[-6.909,61.901],[-6.905,61.908],[-6.864,61.907],[-6.783,61.897],[-6.661,61.859],[-6.604,61.822]]],[[[-7.05,62.068],[-7.063,62.049],[-7.202,62.019],[-7.192,62.04],[-7.227,62.064],[-7.251,62.043],[-7.346,62.052],[-7.378,62.065],[-7.431,62.116],[-7.435,62.14],[-7.223,62.159],[-7.163,62.129],[-7.045,62.094],[-7.04,62.088],[-7.05,62.068]]],[[[-6.707,61.937],[-6.725,61.934],[-6.773,61.95],[-6.869,61.997],[-6.961,62.047],[-7.035,62.112],[-7.13,62.126],[-7.232,62.172],[-7.234,62.193],[-7.211,62.285],[-7.196,62.305],[-7.135,62.304],[-7.066,62.282],[-7.045,62.243],[-6.991,62.193],[-6.841,62.124],[-6.725,62.035],[-6.696,61.979],[-6.707,61.937]]],[[[-6.62,62.23],[-6.686,62.245],[-6.712,62.294],[-6.721,62.331],[-6.626,62.253],[-6.62,62.23]]],[[[-6.657,62.092],[-6.657,62.056],[-6.922,62.167],[-7.025,62.238],[-7.062,62.296],[-7.06,62.314],[-6.95,62.338],[-6.807,62.29],[-6.601,62.197],[-6.588,62.134],[-6.657,62.092]]],[[[-6.419,62.184],[-6.518,62.169],[-6.572,62.212],[-6.588,62.24],[-6.551,62.251],[-6.549,62.301],[-6.574,62.35],[-6.542,62.357],[-6.522,62.318],[-6.493,62.291],[-6.392,62.258],[-6.389,62.251],[-6.407,62.192],[-6.419,62.184]]],[[[-6.586,62.256],[-6.62,62.267],[-6.664,62.322],[-6.661,62.372],[-6.632,62.371],[-6.566,62.296],[-6.566,62.265],[-6.586,62.256]]],[[[-6.406,62.284],[-6.48,62.298],[-6.547,62.384],[-6.519,62.397],[-6.489,62.381],[-6.392,62.297],[-6.406,62.284]]]]}},{"type":"Feature","properties":{"NAME":"Principality of Galicia-Volhynia","ABBREVN":"Principality of Galicia-Volhynia","INFO_UR":null,"SUBJECTO":"Principality of Galicia-Volhynia","BORDERPRECISION":1,"PARTOF":"Principality of Galicia-Volhynia"},"geometry":{"type":"MultiPolygon","coordinates":[[[[30.833,46.577],[30.52,46.251],[30.069,45.861],[29.63,45.75],[29.5,45.523],[29.536,45.452],[29.683,45.375],[29.711,45.258],[29.579,45.058],[24.132,48.811],[22.948,48.97],[22.509,50.637],[23.077,51.886],[23.406,52.369],[23.48,53.024],[24.45,52.958],[26.501,52.736],[27.419,50.854],[27.489,49.726],[28.231,48.407],[28.611,48.403],[30.833,46.577]]]]}},{"type":"Feature","properties":{"NAME":"Principality of Kyiv","ABBREVN":"Principality of Kyiv","INFO_UR":null,"SUBJECTO":"Principality of Kyiv","BORDERPRECISION":1,"PARTOF":"Principality of Kyiv"},"geometry":{"type":"MultiPolygon","coordinates":[[[[31.586,51.298],[31.622,50.361],[32.822,49.611],[32.505,48.36],[28.231,48.407],[27.489,49.726],[27.419,50.854],[28.584,51.076],[31.586,51.298]]]]}},{"type":"Feature","properties":{"NAME":null,"ABBREVN":null,"INFO_UR":null,"SUBJECTO":null,"BORDERPRECISION":1,"PARTOF":null},"geometry":{"type":"MultiPolygon","coordinates":[[[[29.63,45.75],[30.069,45.861],[29.73,45.77],[29.63,45.75]]]]}},{"type":"Feature","properties":{"NAME":null,"ABBREVN":null,"INFO_UR":null,"SUBJECTO":null,"BORDERPRECISION":1,"PARTOF":null},"geometry":{"type":"Polygon","coordinates":[[[28.402,45.359],[28.368,45.331],[28.019,45.315],[27.824,44.838],[28.085,44.577],[27.954,44.25],[26.452,44.25],[25.473,43.728],[24.624,43.989],[24.232,43.793],[23.513,44.055],[22.926,43.793],[22.926,44.185],[22.469,44.381],[22.664,44.642],[23.056,45.034],[26.517,45.818],[27.366,46.34],[27.449,46.525],[29.361,45.208],[29.064,45.165],[28.402,45.359]]]}},{"type":"Feature","properties":{"NAME":"Principality of Novgorod","ABBREVN":"Principality of Novgorod","INFO_UR":null,"SUBJECTO":"Principality of Novgorod","BORDERPRECISION":1,"PARTOF":"Principality of Novgorod"},"geometry":{"type":"MultiPolygon","coordinates":[[[[41.548,62.565],[41.045,62.56],[40.17,59.409],[38.257,60.904],[36.016,60.611],[36.622,58.604],[28.588,56.776],[28.605,56.802],[26.52,59.421],[26.862,59.372],[26.999,59.318],[27.265,59.338],[27.702,59.298],[27.894,59.346],[28.016,59.454],[27.973,59.517],[27.897,59.534],[27.942,59.648],[28.094,59.665],[28.163,59.591],[28.266,59.562],[28.351,59.602],[28.309,59.664],[28.444,59.734],[28.663,59.644],[28.796,59.672],[28.936,59.825],[29.076,59.908],[29.414,59.86],[29.765,59.736],[29.963,59.737],[30.127,59.806],[29.953,59.986],[29.687,60.131],[29.511,60.145],[28.969,60.109],[28.692,60.15],[28.569,60.198],[28.435,60.337],[28.537,60.509],[31.145,61.518],[34.462,65.062],[34.773,64.682],[34.815,64.46],[34.885,64.367],[35.082,64.288],[35.623,64.254],[36.015,64.197],[36.24,63.919],[36.421,63.876],[36.988,63.841],[37.411,63.749],[37.591,63.807],[37.945,63.85],[38.054,63.986],[38.054,64.129],[37.88,64.308],[37.668,64.343],[37.463,64.3],[37.262,64.314],[36.997,64.407],[36.569,64.765],[36.884,65.068],[37.102,65.068],[37.604,64.853],[38.253,64.703],[39.193,64.511],[39.622,64.476],[39.694,64.489],[41.548,62.565]]]]}},{"type":"Feature","properties":{"NAME":"Finno-Ugric taiga hunter-gatherers","ABBREVN":"Finno-Ugric taiga hunter-gatherers","INFO_UR":null,"SUBJECTO":"Finno-Ugric taiga hunter-gatherers","BORDERPRECISION":1,"PARTOF":"Finno-Ugric taiga hunter-gatherers"},"geometry":{"type":"MultiPolygon","coordinates":[[[[48.096,58.392],[46.729,62.611],[41.548,62.565],[39.694,64.489],[39.997,64.541],[40.322,64.463],[40.44,64.564],[40.462,64.75],[40.366,64.858],[39.979,65.153],[39.823,65.436],[39.951,65.581],[40.681,65.794],[41.354,65.955],[41.623,66.065],[42.133,66.388],[42.211,66.41],[43.241,66.251],[43.876,66.011],[44.029,66.011],[44.053,66.041],[44.122,66.267],[44.384,66.612],[44.362,66.906],[44.219,67.09],[43.838,67.163],[43.704,67.266],[44.216,67.718],[44.261,67.83],[44.169,68.097],[43.822,68.327],[43.853,68.469],[44.012,68.492],[44.668,68.389],[45.58,68.443],[45.863,68.383],[46.162,68.108],[46.439,67.908],[46.634,67.701],[45.463,67.639],[45.093,67.542],[44.871,67.312],[44.957,67.231],[45.386,67.099],[45.715,66.85],[46.077,66.762],[46.402,66.719],[46.973,66.778],[47.571,66.816],[47.706,66.89],[47.953,67.377],[48.081,67.562],[48.635,67.652],[49.186,67.839],[49.63,67.936],[50.496,68.153],[51.139,68.266],[51.831,68.409],[52.245,68.545],[52.337,68.336],[52.463,68.299],[52.72,68.351],[52.939,68.471],[53.006,68.681],[53.179,68.756],[53.502,68.816],[53.889,68.787],[53.808,68.607],[53.782,68.338],[53.396,68.3],[53.316,68.233],[53.317,68.136],[53.626,68.048],[54.38,68.161],[54.576,68.161],[54.648,68.072],[54.752,68.05],[54.877,68.11],[54.996,68.207],[55.126,68.401],[55.335,68.483],[55.723,68.536],[56.195,68.567],[56.54,68.553],[57.024,68.449],[57.364,68.457],[57.526,68.495],[57.959,68.705],[58.409,68.833],[58.77,68.856],[59.199,68.774],[59.346,68.7],[59.062,68.497],[59.12,68.393],[59.218,68.349],[59.502,68.289],[59.762,68.297],[59.892,68.402],[59.925,68.581],[60,68.6],[60,56.56],[59.094,56.432],[53.924,57.601],[53.976,57.709],[47.518,57.709],[48.096,58.392]]]]}},{"type":"Feature","properties":{"NAME":"Principality of Vladimir-Suzdal","ABBREVN":"Principality of Vladimir-Suzdal","INFO_UR":null,"SUBJECTO":"Principality of Vladimir-Suzdal","BORDERPRECISION":1,"PARTOF":"Principality of Vladimir-Suzdal"},"geometry":{"type":"MultiPolygon","coordinates":[[[[39.209,55.561],[39.307,55.777],[39.226,56.959],[38.37,58.264],[37.137,58.722],[36.622,58.604],[36.016,60.611],[38.257,60.904],[40.17,59.409],[41.045,62.56],[46.729,62.611],[48.096,58.392],[47.518,57.709],[46.106,57.709],[44.989,57.974],[42.017,56.775],[42.32,55.002],[39.209,55.561]]]]}},{"type":"Feature","properties":{"NAME":"Cuman Khanates","ABBREVN":"Cuman Khanates","INFO_UR":null,"SUBJECTO":"Cuman Khanates","BORDERPRECISION":1,"PARTOF":"Cuman Khanates"},"geometry":{"type":"MultiPolygon","coordinates":[[[[39.209,55.561],[42.32,55.002],[42.547,53.677],[44.826,52.12],[50.865,51.547],[54.344,53.402],[55.709,57.198],[60,56.23],[60,46.115],[59.863,46.075],[59.805,46.071],[59.787,46.089],[59.811,46.126],[59.815,46.181],[59.801,46.255],[59.779,46.301],[59.749,46.322],[59.699,46.331],[59.577,46.333],[59.549,46.345],[59.531,46.343],[59.523,46.327],[59.572,46.259],[59.678,46.137],[59.706,46.022],[59.628,45.838],[59.625,45.795],[59.598,45.773],[59.548,45.773],[59.499,45.752],[59.45,45.711],[59.424,45.705],[59.42,45.734],[59.404,45.75],[59.374,45.753],[59.357,45.735],[59.351,45.696],[59.319,45.694],[59.259,45.73],[59.233,45.775],[59.241,45.829],[59.271,45.882],[59.324,45.934],[59.335,45.974],[59.303,46.002],[59.259,46.001],[59.202,45.972],[59.141,45.957],[59.076,45.956],[58.982,45.975],[58.957,45.968],[58.95,45.942],[58.926,45.932],[58.885,45.938],[58.834,45.926],[58.772,45.895],[58.721,45.848],[58.681,45.784],[58.655,45.716],[58.628,45.6],[58.611,45.585],[58.589,45.537],[58.56,45.457],[58.514,45.386],[58.449,45.322],[58.404,45.253],[58.378,45.178],[58.272,44.982],[58.238,44.903],[58.232,44.851],[58.251,44.786],[58.295,44.708],[58.297,44.638],[58.257,44.577],[58.243,44.524],[58.254,44.481],[58.278,44.449],[58.316,44.426],[58.369,44.429],[58.465,44.461],[58.514,44.491],[58.578,44.547],[59.181,44.431],[57.63,42.069],[57.613,42.105],[57.627,42.15],[57.55,42.261],[57.392,42.335],[57.273,42.303],[57.183,42.185],[57.094,41.968],[57.053,41.773],[57.062,41.725],[57.174,41.735],[57.255,41.646],[55.472,40.246],[53.559,39.843],[53.593,39.893],[53.688,39.979],[53.506,39.998],[53.363,39.96],[53.19,39.96],[53.047,39.998],[52.989,39.931],[52.912,40.046],[52.845,40.18],[52.845,40.334],[52.826,40.468],[52.903,40.563],[52.951,40.707],[52.97,40.822],[53.056,41.052],[53.181,40.841],[53.257,40.765],[53.439,40.803],[53.612,40.745],[53.66,40.813],[53.65,40.88],[53.698,40.88],[53.765,40.87],[53.794,40.726],[53.842,40.64],[53.976,40.65],[54.11,40.678],[54.225,40.726],[54.416,40.659],[54.455,40.717],[54.387,40.803],[54.368,40.899],[54.455,40.918],[54.502,40.851],[54.608,40.813],[54.818,40.88],[54.828,40.985],[54.751,41.138],[54.598,41.244],[54.359,41.387],[54.167,41.483],[54.138,41.627],[54.119,41.78],[54.024,41.857],[54.024,42.048],[53.985,42.106],[53.736,42.134],[53.458,42.096],[53.267,42.086],[53.066,42.029],[52.98,41.904],[52.941,41.77],[52.999,41.684],[52.932,41.378],[52.96,41.272],[52.97,41.138],[52.855,41.387],[52.692,41.531],[52.711,41.607],[52.683,41.694],[52.559,41.758],[52.601,41.938],[52.574,42.019],[52.52,42.073],[52.583,42.189],[52.673,42.279],[52.736,42.423],[52.754,42.558],[52.835,42.648],[52.763,42.756],[52.583,42.828],[52.376,42.801],[52.295,42.873],[52.07,42.828],[51.98,42.909],[51.881,43.053],[51.738,43.179],[51.423,43.17],[51.423,43.259],[51.459,43.385],[51.369,43.556],[51.261,43.61],[51.171,43.718],[50.991,44.078],[50.955,44.204],[50.703,44.258],[50.389,44.294],[50.326,44.365],[50.335,44.563],[50.407,44.617],[50.542,44.644],[50.874,44.626],[51.333,44.482],[51.414,44.518],[51.576,44.554],[51.486,44.626],[51.189,44.77],[51.099,44.878],[51.216,45.04],[51.342,45.058],[51.378,45.175],[51.459,45.31],[51.513,45.373],[51.63,45.355],[51.773,45.391],[51.845,45.436],[51.998,45.382],[52.61,45.4],[53.059,45.337],[53.284,45.328],[53.059,45.453],[52.844,45.507],[52.835,45.642],[52.924,45.732],[53.05,45.831],[53.149,45.957],[53.203,46.191],[53.257,46.317],[53.185,46.425],[53.122,46.497],[53.167,46.586],[53.284,46.676],[53.23,46.73],[53.185,46.865],[53.023,46.919],[52.556,46.982],[52.466,46.91],[52.376,46.874],[52.142,46.838],[51.935,46.892],[51.791,47.009],[51.369,47.09],[51.117,47.063],[50.82,46.919],[50.632,46.91],[50.272,46.685],[49.948,46.56],[49.723,46.533],[49.535,46.542],[49.313,46.353],[49.238,46.263],[49.058,46.137],[48.887,46.083],[48.833,46.083],[48.833,45.921],[48.77,45.885],[48.635,45.975],[48.303,45.768],[48.015,45.714],[47.871,45.678],[47.754,45.714],[47.673,45.75],[47.628,45.732],[47.601,45.66],[47.655,45.543],[47.556,45.453],[47.394,45.175],[47.251,44.986],[47.17,44.86],[47.026,44.788],[46.873,44.68],[46.81,44.536],[46.846,44.446],[46.999,44.356],[47.143,44.339],[47.224,44.204],[47.332,44.186],[47.565,43.844],[47.538,43.673],[47.493,43.583],[47.52,43.511],[47.565,43.601],[47.61,43.754],[47.664,43.853],[47.736,43.862],[47.673,43.664],[47.574,43.502],[47.601,43.322],[47.655,43.277],[47.583,43.188],[47.565,43.008],[47.736,42.9],[47.79,42.855],[47.844,42.621],[47.97,42.594],[48.132,42.405],[48.222,42.279],[46.738,41.712],[46.822,41.206],[46.907,40.616],[46.738,40.026],[46.148,39.689],[45.432,41.459],[45.558,41.838],[45.26,42.439],[43.546,42.835],[41.123,43.019],[40.969,43.077],[40.557,43.147],[40.252,43.268],[38.924,44.212],[38.556,44.385],[38.277,44.423],[38.109,44.494],[37.88,44.719],[37.774,44.745],[37.622,44.673],[37.474,44.692],[37.318,44.924],[36.96,45.227],[37.228,45.312],[37.461,45.312],[37.661,45.345],[37.706,45.578],[37.868,45.793],[37.99,46.007],[38.227,46.02],[38.459,46.079],[38.265,46.319],[37.97,46.441],[37.757,46.603],[37.867,46.655],[38.032,46.669],[38.401,46.721],[38.723,46.878],[39.282,47.074],[39.194,47.243],[39.16,47.269],[38.8,47.229],[37.859,47.104],[37.422,47.077],[37.193,46.894],[36.865,46.809],[36.354,46.776],[35.851,46.664],[35.624,46.521],[35.416,46.495],[35.212,46.637],[35.046,46.358],[34.907,46.273],[34.692,46.253],[34.496,46.279],[34.064,46.265],[33.839,46.193],[34.127,46.064],[35.008,45.612],[35.032,45.534],[34.99,45.45],[35.063,45.34],[35.317,45.321],[35.546,45.38],[35.85,45.445],[36.323,45.44],[36.521,45.388],[36.415,45.272],[36.367,45.161],[36.265,45.097],[36.005,45.044],[35.865,45.031],[35.6,45.102],[35.387,45.082],[35.067,44.862],[34.614,44.841],[34.372,44.757],[34.135,44.537],[34.014,44.492],[33.66,44.524],[33.395,44.6],[33.559,44.936],[33.517,45.124],[33.398,45.253],[33.013,45.381],[32.926,45.388],[32.643,45.381],[32.575,45.361],[32.503,45.445],[32.902,45.673],[33.192,45.79],[33.539,45.875],[33.639,45.927],[33.528,46.134],[33.333,46.166],[32.516,46.126],[32.202,46.17],[32.114,46.216],[31.926,46.41],[32.189,46.592],[31.951,46.865],[31.781,46.702],[31.538,46.701],[31.087,46.636],[30.833,46.577],[28.642,48.377],[28.676,48.402],[32.505,48.36],[32.822,49.611],[31.654,50.341],[32.133,50.641],[36.209,51.783],[36.658,51.946],[37.065,53.169],[37.758,53.169],[37.84,53.984],[38.9,54.88],[39.209,55.561]]]]}},{"type":"Feature","properties":{"NAME":"Volga Bulgars","ABBREVN":"Volga Bulgars","INFO_UR":null,"SUBJECTO":"Volga Bulgars","BORDERPRECISION":1,"PARTOF":"Bulgars"},"geometry":{"type":"MultiPolygon","coordinates":[[[[42.017,56.775],[44.989,57.974],[46.106,57.709],[53.976,57.709],[53.924,57.601],[55.709,57.198],[54.344,53.402],[50.865,51.547],[44.826,52.12],[42.547,53.677],[42.017,56.775]]]]}},{"type":"Feature","properties":{"NAME":"Finno-Ugric taiga hunter-gatherers","ABBREVN":"Finno-Ugric taiga hunter-gatherers","INFO_UR":null,"SUBJECTO":"Finno-Ugric taiga hunter-gatherers","BORDERPRECISION":1,"PARTOF":"Finno-Ugric taiga hunter-gatherers"},"geometry":{"type":"MultiPolygon","coordinates":[[[[19.67,63.389],[19.465,63.481],[19.318,63.445],[19.076,63.202],[18.785,63.138],[18.487,62.981],[18.389,62.853],[18.303,62.789],[17.967,62.775],[17.868,62.789],[16.193,62.756],[14.344,62.948],[14.536,63.098],[17.009,67.248],[19.58,69.181],[19.821,69.37],[18.959,68.294],[18.4,67.235],[18.534,66.432],[17.33,64.826],[17.731,64.559],[17.261,64.206],[20.873,64.033],[20.701,63.818],[19.67,63.389]]]]}},{"type":"Feature","properties":{"NAME":"Finno-Ugric taiga hunter-gatherers","ABBREVN":"Finno-Ugric taiga hunter-gatherers","INFO_UR":null,"SUBJECTO":"Finno-Ugric taiga hunter-gatherers","BORDERPRECISION":1,"PARTOF":"Finno-Ugric taiga hunter-gatherers"},"geometry":{"type":"MultiPolygon","coordinates":[[[[27.966,60.504],[24.609,61.315],[22.957,61.389],[22.149,63.137],[22.292,63.203],[22.429,63.395],[22.476,63.602],[22.569,63.723],[22.704,63.581],[22.826,63.581],[23.131,63.783],[27.232,63.354],[30.604,64.938],[34.293,65.396],[34.332,65.346],[34.426,65.107],[34.462,65.062],[31.145,61.518],[28.537,60.509],[28.551,60.533],[28.522,60.623],[27.966,60.504]]]]}},{"type":"Feature","properties":{"NAME":"Papal States","ABBREVN":"Papal States","INFO_UR":null,"SUBJECTO":"Papal States","BORDERPRECISION":1,"PARTOF":"Papal States"},"geometry":{"type":"Polygon","coordinates":[[[11.963,42.005],[12.395,41.73],[12.642,41.531],[12.977,41.371],[13.271,41.314],[13.498,41.302],[13.761,41.207],[13.813,41.318],[13.979,41.335],[14.029,41.401],[13.963,41.468],[13.963,41.518],[13.929,41.634],[13.88,41.634],[13.88,41.667],[13.929,41.75],[13.863,41.783],[13.863,41.75],[13.684,41.791],[13.666,41.71],[13.626,41.654],[13.576,41.744],[13.432,41.824],[13.326,41.919],[13.142,42.012],[13.079,42.118],[13.104,42.148],[13.049,42.175],[12.965,42.135],[12.884,42.144],[12.883,42.298],[12.743,42.389],[12.606,42.423],[12.512,42.382],[12.455,42.398],[12.437,42.462],[12.502,42.539],[12.575,42.56],[12.608,42.719],[12.552,42.762],[12.596,42.828],[12.57,42.891],[12.467,42.898],[12.426,42.947],[12.424,43.087],[12.487,43.159],[12.559,43.188],[12.577,43.234],[12.643,43.287],[12.842,43.395],[12.949,43.428],[13.035,43.39],[13.119,43.433],[13.144,43.423],[13.2,43.345],[13.343,43.332],[13.417,43.352],[13.449,43.302],[13.497,43.286],[13.744,43.292],[13.751,43.293],[13.732,43.374],[13.651,43.474],[13.542,43.435],[13.336,43.466],[13.305,43.546],[13.348,43.599],[13.327,43.612],[13.258,43.583],[13.239,43.593],[13.239,43.604],[13.244,43.615],[13.262,43.62],[13.297,43.616],[13.336,43.652],[12.697,43.935],[12.302,43.344],[12.302,43.278],[12.219,43.228],[12.153,43.062],[12.169,42.912],[12.186,42.912],[12.153,42.696],[12.169,42.63],[12.053,42.53],[12.07,42.298],[12.003,42.248],[12.02,42.099],[11.963,42.005]]]}},{"type":"Feature","properties":{"NAME":"Almohad Caliphate","ABBREVN":"Almohad","INFO_UR":null,"SUBJECTO":"Almohad Caliphate","BORDERPRECISION":1,"PARTOF":"Almohad Caliphate"},"geometry":{"type":"MultiPolygon","coordinates":[[[[-9.017,37.07],[-8.991,36.99],[-8.667,37.121],[-8.541,37.089],[-8.28,37.089],[-8.034,37.009],[-7.836,37.032],[-7.603,37.163],[-7.492,37.208],[-7.228,37.226],[-6.948,37.149],[-6.632,37.022],[-6.422,36.792],[-6.5,36.719],[-6.444,36.623],[-6.289,36.572],[-6.305,36.454],[-6.204,36.282],[-5.85,36.072],[-5.661,36.008],[-5.485,36.065],[-5.488,36.174],[-5.457,36.167],[-5.424,36.072],[-5.387,36.11],[-5.374,36.237],[-5.217,36.41],[-4.757,36.486],[-4.447,36.722],[-2.97,36.741],[-2.915,36.69],[-2.761,36.69],[-2.624,36.811],[-2.355,36.824],[-2.239,36.728],[-1.94,36.952],[-1.817,37.292],[-1.626,37.439],[-1.365,37.548],[-0.918,37.57],[-0.803,37.615],[-0.872,37.76],[-0.665,38.177],[-0.564,38.215],[-0.435,38.43],[0.173,38.738],[0.126,38.821],[-0.166,38.954],[-0.236,39.062],[-0.395,39.434],[-0.161,39.886],[0.238,40.24],[0.505,40.593],[0.788,40.657],[0.827,40.727],[0.71,40.785],[0.734,40.875],[0.879,41.022],[1.311,41.157],[1.442,41.18],[1.034,41.878],[0.341,42],[-1.004,41.919],[-3.532,41.022],[-5.57,40.737],[-6.946,40.609],[-6.93,39.677],[-7.459,39.643],[-6.93,38.945],[-7.304,38.429],[-8.833,38.184],[-8.933,37.962],[-8.851,37.91],[-8.842,37.525],[-9.017,37.07]]],[[[-6.878,34],[0.991,34],[1.237,35.886],[1.58,36.514],[1.058,36.462],[0.781,36.385],[0.474,36.225],[0.199,36.033],[0.015,35.804],[-0.092,35.74],[-0.283,35.758],[-0.429,35.86],[-0.917,35.668],[-1.147,35.629],[-1.329,35.489],[-1.495,35.234],[-1.738,35.119],[-2.035,35.055],[-2.356,35.054],[-2.715,35.098],[-2.83,35.142],[-3.009,35.39],[-3.206,35.269],[-3.441,35.166],[-4.028,35.133],[-4.295,35.152],[-4.593,35.151],[-5.11,35.379],[-5.172,35.424],[-5.479,35.805],[-5.565,35.862],[-5.808,35.785],[-5.929,35.728],[-6.302,34.861],[-6.511,34.454],[-6.753,34.123],[-6.878,34]]],[[[1.212,38.898],[1.223,38.874],[1.246,38.86],[1.277,38.88],[1.346,38.871],[1.362,38.861],[1.372,38.831],[1.406,38.846],[1.615,39.028],[1.605,39.092],[1.546,39.118],[1.52,39.118],[1.363,39.073],[1.294,39.031],[1.228,38.948],[1.212,38.898]]],[[[1.383,38.721],[1.39,38.643],[1.457,38.687],[1.494,38.676],[1.524,38.655],[1.569,38.654],[1.588,38.667],[1.573,38.691],[1.445,38.741],[1.399,38.738],[1.383,38.721]]],[[[2.364,39.556],[2.389,39.525],[2.543,39.52],[2.656,39.564],[2.694,39.552],[2.754,39.508],[2.753,39.497],[2.728,39.473],[2.746,39.406],[2.786,39.365],[2.986,39.319],[3.064,39.264],[3.242,39.364],[3.306,39.502],[3.32,39.521],[3.378,39.553],[3.464,39.661],[3.48,39.722],[3.44,39.75],[3.383,39.773],[3.344,39.776],[3.324,39.759],[3.261,39.734],[3.181,39.76],[3.135,39.792],[3.089,39.886],[3.097,39.911],[3.071,39.922],[2.988,39.911],[2.778,39.845],[2.684,39.794],[2.386,39.613],[2.364,39.556]]],[[[3.797,40.017],[3.827,39.922],[3.885,39.92],[3.938,39.932],[3.985,39.93],[4.08,39.899],[4.116,39.868],[4.238,39.816],[4.276,39.806],[4.3,39.814],[4.314,39.832],[4.316,39.879],[4.273,39.961],[4.174,40.05],[3.836,40.056],[3.797,40.017]]]]}},{"type":"Feature","properties":{"NAME":"León","ABBREVN":"León","INFO_UR":null,"SUBJECTO":"León","BORDERPRECISION":1,"PARTOF":"León"},"geometry":{"type":"Polygon","coordinates":[[[-9.271,43.049],[-9.247,42.901],[-9.173,42.856],[-8.942,42.824],[-8.644,42.42],[-8.799,42.195],[-8.86,42.015],[-8.84,41.968],[-7.855,41.894],[-7.084,41.943],[-6.556,41.878],[-6.468,41.714],[-6.137,41.582],[-6.952,40.953],[-6.946,40.609],[-5.57,40.737],[-4.444,40.894],[-5.086,43.495],[-5.225,43.507],[-5.537,43.577],[-5.82,43.706],[-5.98,43.705],[-6.468,43.563],[-6.808,43.523],[-7.151,43.555],[-7.636,43.721],[-7.98,43.74],[-8.22,43.617],[-8.251,43.43],[-8.31,43.353],[-8.849,43.326],[-9.014,43.281],[-9.197,43.158],[-9.271,43.049]]]}},{"type":"Feature","properties":{"NAME":"Portugal","ABBREVN":"Portugal","INFO_UR":null,"SUBJECTO":"Portugal","BORDERPRECISION":1,"PARTOF":"Portugal"},"geometry":{"type":"Polygon","coordinates":[[[-9.549,38.775],[-9.522,38.69],[-9.362,38.671],[-9.176,38.732],[-9.041,38.92],[-8.961,38.818],[-8.942,38.742],[-9.069,38.643],[-9.285,38.619],[-9.237,38.417],[-8.854,38.5],[-8.789,38.436],[-8.847,38.385],[-8.823,38.206],[-8.833,38.184],[-7.304,38.429],[-6.93,38.945],[-7.459,39.643],[-6.93,39.677],[-6.952,40.953],[-6.137,41.582],[-6.468,41.714],[-6.556,41.878],[-7.084,41.943],[-7.855,41.894],[-8.84,41.968],[-8.806,41.889],[-8.921,41.767],[-8.855,41.597],[-8.852,41.408],[-8.694,40.992],[-8.97,40.19],[-8.916,40.138],[-9.118,39.644],[-9.299,39.418],[-9.415,39.367],[-9.398,39.23],[-9.46,38.953],[-9.549,38.775]]]}},{"type":"Feature","properties":{"NAME":"Angevin Empire","ABBREVN":"Angevins","INFO_UR":null,"SUBJECTO":"Angevin Empire","BORDERPRECISION":1,"PARTOF":"Angevin Empire"},"geometry":{"type":"MultiPolygon","coordinates":[[[[-5.778,50.134],[-5.429,50.068],[-5.282,49.964],[-4.967,50.212],[-4.541,50.358],[-4.303,50.324],[-4.243,50.391],[-4.004,50.314],[-3.882,50.2],[-3.715,50.219],[-3.563,50.361],[-3.521,50.617],[-3.111,50.657],[-2.961,50.722],[-2.551,50.57],[-2.432,50.646],[-2.024,50.57],[-2.085,50.703],[-1.373,50.766],[-1.103,50.817],[-0.839,50.722],[-0.336,50.817],[0.192,50.731],[0.673,50.931],[0.888,50.893],[0.886,50.982],[1.335,51.121],[1.365,51.353],[1.189,51.405],[1.03,51.359],[0.804,51.378],[0.254,51.454],[0.686,51.56],[1.031,51.813],[1.512,52.026],[1.657,52.212],[1.692,52.311],[1.586,52.65],[1.376,52.809],[1.013,52.888],[0.742,52.901],[0.505,52.848],[0.327,52.707],[0.006,52.787],[0.251,53.04],[0.268,53.127],[0.175,53.293],[0.081,53.386],[-0.204,53.523],[-0.319,53.579],[-0.235,53.799],[-0.296,54.033],[-0.605,54.3],[-0.871,54.547],[-1.192,54.595],[-1.389,54.68],[-1.556,54.922],[-1.696,55.273],[-1.666,55.38],[-1.719,55.454],[-1.942,55.556],[-2.065,55.3],[-1.897,54.336],[-2.886,54.169],[-2.865,54.028],[-2.98,53.821],[-3.057,53.514],[-2.914,53.267],[-2.75,51.644],[-2.895,51.394],[-3.033,51.33],[-3.066,51.178],[-3.483,51.181],[-3.825,51.235],[-4.281,51.187],[-4.277,51.064],[-4.443,50.969],[-4.552,50.997],[-4.605,50.779],[-4.815,50.604],[-5.017,50.561],[-5.238,50.346],[-5.778,50.134]]],[[[-2.324,47.2],[-2.264,47.183],[-2.26,47.181],[-2.252,47.187],[-2.212,47.194],[-2.227,47.219],[-2.245,47.209],[-2.278,47.203],[-2.283,47.202],[-2.288,47.202],[-2.299,47.2],[-2.324,47.2]]],[[[-1.915,43.305],[-1.702,43.196],[-1.491,43.21],[-1.466,43.155],[-1.558,43.045],[-1.515,42.998],[-1.448,42.984],[-1.397,43.032],[-0.907,42.881],[-0.84,42.909],[-0.612,42.731],[-0.587,42.765],[-0.469,42.751],[-0.41,42.786],[-0.216,42.717],[-0.166,42.649],[0.18,42.663],[0.196,42.608],[0.348,42.635],[0.499,42.631],[0.315,43.096],[0.385,43.282],[0.355,43.288],[0.235,43.285],[0.222,43.388],[0.201,43.421],[0.02,43.555],[-0.069,43.481],[-0.051,43.398],[-0.09,43.306],[-0.054,43.238],[-0.086,43.193],[-0.14,43.194],[-0.222,43.116],[-0.186,43.055],[-0.278,43.001],[-0.268,42.944],[-0.314,42.849],[-0.327,42.834],[-0.346,42.838],[-0.384,42.801],[-0.413,42.808],[-0.441,42.795],[-0.505,42.827],[-0.525,42.812],[-0.528,42.793],[-0.543,42.793],[-0.553,42.778],[-0.568,42.781],[-0.565,42.8],[-0.577,42.808],[-0.596,42.805],[-0.604,42.833],[-0.657,42.86],[-0.676,42.881],[-0.695,42.879],[-0.733,42.899],[-0.736,42.914],[-0.724,42.922],[-0.732,42.928],[-0.732,42.947],[-0.752,42.968],[-0.792,42.963],[-0.811,42.951],[-0.862,42.951],[-0.908,42.964],[-0.925,42.954],[-0.945,42.954],[-0.996,42.975],[-1.018,42.996],[-1.084,43.002],[-1.084,43.021],[-1.058,43.035],[-1.041,43.073],[-1.032,43.073],[-1.033,43.087],[-1.042,43.113],[-1.099,43.143],[-1.112,43.176],[-1.106,43.186],[-1.138,43.231],[-1.106,43.245],[-1.082,43.268],[-1.121,43.301],[-1.171,43.322],[-1.172,43.348],[-1.156,43.36],[-1.192,43.396],[-1.194,43.417],[-1.217,43.437],[-1.26,43.434],[-1.286,43.401],[-1.265,43.375],[-1.26,43.346],[-1.261,43.332],[-1.29,43.292],[-1.353,43.303],[-1.428,43.267],[-1.491,43.281],[-1.506,43.294],[-1.535,43.295],[-1.565,43.288],[-1.558,43.281],[-1.573,43.253],[-1.608,43.252],[-1.625,43.271],[-1.625,43.306],[-1.668,43.315],[-1.696,43.312],[-1.731,43.296],[-1.737,43.33],[-1.753,43.334],[-1.756,43.343],[-1.776,43.344],[-1.78,43.349],[-1.915,43.305]]],[[[-1.55,43.568],[-1.499,43.645],[-1.479,43.744],[-1.377,44.093],[-1.278,44.074],[-1.376,44.098],[-1.349,44.215],[-1.302,44.491],[-1.31,44.526],[-1.304,44.549],[-1.308,44.56],[-1.314,44.559],[-1.55,43.568]]],[[[-1.332,44.614],[-1.309,44.64],[-1.312,44.649],[-1.259,44.962],[-1.212,45.299],[-1.211,45.369],[-1.276,45.129],[-1.332,44.614]]],[[[-1.214,46.249],[-1.212,46.247],[-1.085,46.3],[-1.214,46.249]]],[[[-1.194,45.638],[-1.133,45.581],[-1.13,45.585],[-1.099,45.604],[-1.178,45.639],[-1.194,45.638]]],[[[-1.057,47.983],[-0.947,47.995],[-1.038,47.99],[-1.057,47.983]]],[[[0.905,48.714],[0.911,48.676],[0.938,48.649],[0.978,48.713],[0.905,48.714]]],[[[1.006,44.618],[1.027,44.577],[1.288,44.61],[1.378,44.647],[1.449,44.843],[2.101,44.777],[2.142,44.716],[2.565,44.768],[2.574,44.804],[2.475,44.856],[2.455,44.843],[2.355,44.823],[2.328,44.788],[2.189,44.769],[2.166,44.794],[2.155,44.833],[2.112,44.863],[2.105,44.905],[2.12,44.928],[2.052,44.981],[1.991,44.977],[1.935,45.001],[1.836,44.969],[1.727,44.986],[1.702,45.028],[1.574,45.042],[1.452,45.042],[1.434,45.001],[1.456,44.965],[1.41,44.918],[1.438,44.885],[1.411,44.866],[1.402,44.842],[1.379,44.823],[1.311,44.806],[1.253,44.749],[1.175,44.74],[1.16,44.701],[1.13,44.67],[1.006,44.618]]],[[[1.156,49.292],[1.173,49.264],[1.165,49.172],[1.196,49.13],[1.233,49.117],[1.261,49.161],[1.225,49.3],[1.156,49.292]]]]}},{"type":"Feature","properties":{"NAME":"Comté de Toulouse","ABBREVN":"Toulouse","INFO_UR":null,"SUBJECTO":"France","BORDERPRECISION":1,"PARTOF":"Kingdom of France"},"geometry":{"type":"MultiPolygon","coordinates":[[[[0.315,43.096],[0.499,42.631],[0.592,42.628],[0.584,42.772],[0.744,42.772],[1.307,42.635],[1.32,42.605],[1.456,42.619],[1.486,42.626],[0.995,42.821],[0.984,43.017],[0.813,43.212],[0.966,43.342],[0.793,43.411],[0.706,43.29],[0.647,43.28],[0.535,43.34],[0.46,43.321],[0.443,43.29],[0.415,43.275],[0.385,43.282],[0.315,43.096]]],[[[0.829,43.593],[0.948,43.668],[0.947,43.688],[0.838,43.612],[0.829,43.593]]],[[[0.84,44.115],[0.885,44.076],[0.926,44.067],[0.921,44.151],[0.884,44.127],[0.84,44.115]]],[[[0.902,44.443],[0.921,44.322],[0.957,44.323],[1.069,44.385],[1.067,44.419],[0.996,44.404],[0.954,44.449],[0.902,44.443]]],[[[1.026,44.494],[1.064,44.485],[1.062,44.516],[1.288,44.61],[1.027,44.577],[1.045,44.541],[1.026,44.494]]],[[[1.654,42.626],[1.727,42.605],[1.726,42.626],[1.654,42.626]]],[[[1.728,42.501],[1.811,42.526],[1.809,42.561],[1.759,42.561],[1.731,42.546],[1.728,42.501]]],[[[1.869,42.544],[2.103,42.615],[2.272,42.69],[2.481,42.686],[2.49,42.719],[2.701,42.73],[2.825,42.85],[2.949,42.883],[3.039,42.869],[3.068,42.945],[3.318,43.196],[3.479,43.312],[3.807,43.467],[4.078,43.487],[4.417,43.346],[4.647,43.321],[4.751,43.353],[4.91,43.366],[5.052,43.328],[5.434,43.104],[5.647,43.033],[5.829,43.021],[6.523,43.151],[6.923,43.448],[7.298,43.667],[7.397,43.764],[7.355,43.902],[6.923,43.815],[6.886,43.902],[6.96,43.914],[6.923,43.976],[6.997,44.05],[6.972,44.062],[6.935,44.136],[6.886,44.149],[6.836,44.112],[6.787,44.198],[6.787,44.297],[6.87,44.349],[6.864,44.362],[6.814,44.37],[6.794,44.503],[6.78,44.538],[6.785,44.544],[6.783,44.548],[6.925,44.715],[7.003,44.72],[6.943,44.869],[6.665,44.955],[6.507,45.116],[6.28,45.199],[6.243,45.297],[6.268,45.322],[6.219,45.347],[6.145,45.322],[6.083,45.372],[6.033,45.334],[6.058,45.223],[5.947,45.26],[5.935,45.322],[5.841,45.385],[5.346,45.096],[5.346,44.061],[4.692,43.956],[4.726,43.929],[4.412,43.668],[4.415,43.603],[4.339,43.472],[4.178,43.472],[4.173,43.603],[3.851,43.603],[3.617,43.407],[3.14,43.277],[2.988,43.082],[2.991,43.017],[2.592,42.951],[2.518,42.821],[2.043,42.691],[1.869,42.544]]],[[[2.142,44.716],[2.276,44.516],[2.516,44.581],[2.565,44.768],[2.142,44.716]]],[[[2.81,44.771],[2.918,44.647],[2.97,44.661],[2.962,44.679],[2.889,44.748],[2.894,44.764],[2.81,44.771]]],[[[3.051,44.739],[3.06,44.69],[3.055,44.684],[3.158,44.712],[3.169,44.743],[3.058,44.751],[3.051,44.739]]]]}},{"type":"Feature","properties":{"NAME":"Kingdom of France","ABBREVN":"Kingdom of France","INFO_UR":null,"SUBJECTO":"France","BORDERPRECISION":1,"PARTOF":"Kingdom of France"},"geometry":{"type":"MultiPolygon","coordinates":[[[[0.889,46.621],[0.937,46.595],[1.024,46.583],[1.031,46.541],[1.13,46.527],[1.193,46.551],[1.29,46.535],[1.41,46.557],[1.48,46.515],[1.524,46.467],[1.717,46.452],[1.758,46.476],[1.984,46.45],[2.144,46.301],[2.232,46.269],[2.302,46.311],[2.354,46.305],[2.402,46.318],[2.49,46.294],[2.538,46.241],[2.508,46.229],[2.564,46.142],[2.652,46.122],[2.689,46.174],[2.754,46.182],[2.786,46.194],[2.706,46.251],[2.712,46.31],[2.686,46.343],[2.67,46.505],[2.601,46.567],[2.578,46.662],[2.659,46.733],[2.696,46.759],[2.797,46.76],[2.831,46.729],[2.961,46.773],[2.804,47.006],[2.794,47.203],[2.712,47.203],[1.892,47.137],[1.356,47.137],[1.39,47.111],[1.358,47.059],[1.284,47.086],[1.23,47.078],[1.074,47.101],[1.073,47.067],[1.115,47.047],[1.173,46.969],[1.23,46.951],[1.346,46.943],[1.428,46.884],[1.408,46.83],[1.373,46.812],[1.333,46.742],[1.166,46.709],[1.084,46.723],[1.001,46.691],[0.897,46.691],[0.889,46.621]]],[[[0.938,48.649],[0.943,48.645],[0.954,48.587],[1.023,48.523],[1.026,48.522],[1.065,48.522],[1.061,48.588],[1.31,48.588],[1.306,48.654],[1.389,48.654],[1.772,49.184],[1.797,49.489],[1.78,49.436],[1.743,49.434],[1.642,49.47],[1.548,49.467],[1.475,49.484],[1.417,49.445],[1.399,49.413],[1.229,49.301],[1.225,49.3],[1.261,49.161],[1.233,49.117],[1.273,49.103],[1.301,49.046],[1.405,49.001],[1.395,48.961],[1.416,48.945],[1.442,48.904],[1.42,48.85],[1.365,48.84],[1.362,48.787],[1.256,48.741],[1.216,48.75],[1.156,48.731],[1.097,48.73],[1.037,48.712],[0.978,48.713],[0.938,48.649]]],[[[0.968,47.642],[1.017,47.596],[1.046,47.589],[1.069,47.536],[1.039,47.492],[1.095,47.416],[1.098,47.34],[1.117,47.299],[1.212,47.284],[1.282,47.257],[1.294,47.249],[1.203,47.703],[1.174,47.684],[1.137,47.662],[1.082,47.686],[1.026,47.688],[1.004,47.664],[0.968,47.642]]],[[[0.971,47.953],[1.052,47.966],[0.997,48.008],[0.977,47.998],[0.971,47.953]]],[[[1.074,47.915],[1.162,47.868],[1.2,47.823],[1.237,47.826],[1.096,47.933],[1.074,47.915]]],[[[1.245,47.769],[1.276,47.796],[1.247,47.818],[1.245,47.769]]],[[[1.358,50.066],[1.447,50.042],[1.557,49.969],[1.615,49.96],[1.602,49.97],[1.549,49.98],[1.493,50.027],[1.439,50.052],[1.37,50.065],[1.363,50.07],[1.358,50.066]]],[[[1.733,49.654],[1.734,49.612],[1.774,49.559],[1.797,49.501],[1.82,49.781],[1.791,49.817],[1.785,49.818],[1.769,49.832],[1.733,49.839],[1.734,49.821],[1.794,49.749],[1.744,49.728],[1.733,49.654]]],[[[2.476,44.856],[2.574,44.804],[2.584,44.843],[2.747,44.843],[2.81,44.771],[2.894,44.764],[2.916,44.831],[2.868,44.872],[2.786,44.862],[2.774,44.951],[2.731,44.967],[2.721,45.034],[2.658,45.06],[2.6,44.985],[2.511,44.926],[2.497,44.87],[2.476,44.856]]],[[[3.024,48.547],[3.057,48.522],[3.066,48.521],[3.068,48.529],[3.024,48.547]]],[[[3.058,44.751],[3.169,44.743],[3.231,44.908],[3.422,44.908],[3.416,44.932],[3.369,44.966],[3.28,44.919],[3.241,44.919],[3.183,44.878],[3.122,44.909],[3.081,44.856],[3.099,44.821],[3.058,44.751]]],[[[3.175,51.347],[3.254,51.179],[3.552,51.155],[3.681,51.321],[3.472,51.314],[3.214,51.354],[3.175,51.347]]],[[[3.519,44.84],[3.561,44.777],[3.966,44.777],[4.058,44.516],[4.47,44.32],[4.477,44.124],[4.692,43.956],[5.346,44.061],[5.346,45.096],[5.841,45.385],[5.823,45.396],[5.607,45.847],[5.357,45.876],[5.357,46.053],[5.533,46.009],[5.533,46.097],[5.268,46.318],[5.38,46.474],[5.379,46.475],[5.365,46.461],[5.328,46.461],[5.317,46.449],[5.264,46.449],[5.223,46.465],[5.2,46.5],[5.111,46.497],[4.937,46.509],[4.904,46.573],[4.84,46.579],[4.76,46.54],[4.713,46.577],[4.654,46.583],[4.595,46.534],[4.558,46.576],[4.503,46.554],[4.474,46.474],[4.386,46.448],[4.378,46.42],[4.445,46.402],[4.458,46.346],[4.414,46.333],[4.36,46.271],[4.384,46.218],[4.331,46.218],[4.734,45.955],[4.895,46.021],[4.968,46.283],[5.295,46.283],[5.073,45.628],[4.828,45.628],[4.505,45.562],[4.68,45.235],[4.357,45.17],[4.268,45.366],[3.942,45.366],[3.971,45.472],[3.926,45.393],[3.809,45.417],[3.737,45.32],[3.675,45.269],[3.736,45.217],[3.733,45.182],[3.703,45.113],[3.768,45.095],[3.777,45.005],[3.728,44.881],[3.648,44.879],[3.606,44.851],[3.519,44.84]]],[[[3.542,50.512],[3.642,50.179],[3.726,50.179],[3.729,50.113],[3.791,50.113],[3.603,50.589],[3.542,50.512]]],[[[3.681,45.959],[3.735,45.88],[3.72,45.834],[3.743,45.812],[3.73,45.752],[3.757,45.702],[3.83,45.631],[3.919,45.602],[3.938,45.518],[3.979,45.502],[4.013,45.628],[3.931,45.628],[3.918,45.955],[4.078,46.021],[4.017,46.233],[4.014,46.232],[3.984,46.182],[3.957,46.184],[3.962,46.235],[3.925,46.259],[3.926,46.293],[3.86,46.305],[3.791,46.252],[3.78,46.132],[3.811,46.107],[3.804,46.033],[3.752,46.011],[3.681,45.959]]],[[[3.755,47.79],[3.755,47.786],[3.852,47.775],[3.883,47.787],[3.88,47.851],[3.845,47.844],[3.755,47.79]]],[[[3.932,49.633],[3.944,49.629],[3.978,49.606],[4,49.543],[4.032,49.534],[4.057,49.561],[4.095,49.697],[4.057,49.7],[3.932,49.633]]],[[[4.068,47.904],[4.095,47.873],[4.121,47.878],[4.112,47.931],[4.076,47.907],[4.068,47.904]]],[[[4.12,47.937],[4.204,47.964],[4.158,47.962],[4.12,47.937]]],[[[4.125,49.869],[4.36,49.869],[4.255,49.887],[4.141,49.927],[4.125,49.869]]],[[[4.463,47.891],[4.474,47.877],[4.578,47.875],[4.551,47.915],[4.608,47.93],[4.613,47.994],[4.682,47.999],[4.719,48.022],[4.719,48.029],[4.609,48.043],[4.537,47.969],[4.537,47.914],[4.463,47.891]]],[[[4.687,49.677],[4.698,49.634],[4.736,49.599],[4.846,49.567],[4.874,49.567],[4.901,49.617],[4.995,49.606],[5.066,49.567],[5,49.46],[5.044,49.413],[5.126,49.413],[5.121,49.309],[5.158,49.266],[4.938,49.237],[4.785,49.233],[4.785,49.151],[4.9,49.1],[5.065,49.061],[5.092,49.014],[5.083,48.955],[5.145,48.944],[5.225,48.981],[5.223,49.022],[5.24,49.04],[5.217,49.081],[5.254,49.083],[5.282,49.056],[5.313,49.059],[5.301,49.08],[5.321,49.106],[5.348,49.115],[5.369,49.114],[5.376,49.102],[5.4,49.094],[5.392,49.081],[5.416,49.064],[5.404,49.051],[5.376,49.05],[5.35,49.068],[5.311,49.028],[5.359,48.997],[5.354,48.986],[5.335,48.983],[5.334,48.97],[5.392,48.936],[5.422,48.938],[5.443,48.927],[5.466,48.931],[5.449,48.963],[5.464,48.986],[5.431,49.007],[5.423,49.021],[5.438,49.031],[5.512,49.028],[5.531,49.038],[5.571,49.037],[5.587,49.026],[5.604,49.027],[5.608,49.036],[5.652,49.041],[5.67,49.057],[5.679,49.059],[5.657,49.108],[5.605,49.104],[5.58,49.111],[5.58,49.131],[5.646,49.122],[5.65,49.124],[5.624,49.182],[5.598,49.193],[5.598,49.216],[5.635,49.239],[5.644,49.262],[5.622,49.284],[5.619,49.302],[5.648,49.312],[5.655,49.333],[5.637,49.348],[5.641,49.368],[5.555,49.397],[5.568,49.42],[5.505,49.406],[5.476,49.442],[5.511,49.454],[5.516,49.462],[5.494,49.473],[5.464,49.471],[5.469,49.481],[5.46,49.485],[5.428,49.488],[5.445,49.501],[5.467,49.492],[5.486,49.508],[5.525,49.511],[5.551,49.525],[5.361,49.697],[4.843,49.786],[4.808,49.73],[4.687,49.677]],[[5.4,49.226],[5.406,49.238],[5.475,49.235],[5.497,49.243],[5.516,49.235],[5.486,49.223],[5.416,49.216],[5.4,49.226]],[[5.436,49.078],[5.45,49.104],[5.469,49.111],[5.473,49.126],[5.453,49.147],[5.464,49.162],[5.556,49.188],[5.562,49.179],[5.545,49.167],[5.554,49.14],[5.501,49.126],[5.503,49.114],[5.523,49.108],[5.519,49.092],[5.495,49.082],[5.464,49.055],[5.444,49.056],[5.436,49.078]]],[[[4.889,48.837],[4.919,48.831],[4.934,48.846],[4.939,48.867],[4.889,48.837]]],[[[4.911,48.776],[4.938,48.768],[4.988,48.602],[4.993,48.601],[4.989,48.616],[5.012,48.638],[5.004,48.658],[5.019,48.68],[5.007,48.703],[5.025,48.723],[5.014,48.746],[4.994,48.746],[4.978,48.775],[4.914,48.793],[4.911,48.776]]],[[[4.973,48.04],[4.979,48.02],[5.004,47.991],[5.027,47.913],[5.061,47.878],[5.059,47.84],[5.072,47.81],[5.113,47.777],[5.142,47.704],[5.187,47.69],[5.225,47.718],[5.388,47.759],[5.457,47.795],[5.494,47.796],[5.512,47.778],[5.671,47.786],[5.665,47.733],[5.612,47.692],[5.538,47.679],[5.422,47.676],[5.386,47.655],[5.374,47.614],[5.409,47.602],[5.454,47.631],[5.479,47.614],[5.477,47.569],[5.455,47.538],[5.391,47.511],[5.392,47.478],[5.5,47.404],[5.49,47.369],[5.497,47.337],[5.487,47.326],[5.48,47.332],[5.475,47.321],[5.498,47.311],[5.505,47.29],[5.482,47.244],[5.481,47.223],[5.449,47.201],[5.467,47.168],[5.438,47.154],[5.441,47.146],[5.422,47.136],[5.381,47.079],[5.364,47.081],[5.32,47.061],[5.298,47.039],[5.301,47.006],[5.285,47.002],[5.257,46.976],[5.27,46.959],[5.264,46.93],[5.309,46.93],[5.319,46.907],[5.352,46.889],[5.403,46.892],[5.378,46.927],[5.354,46.927],[5.367,46.94],[5.367,46.952],[5.379,46.959],[5.363,46.983],[5.394,46.995],[5.443,46.996],[5.457,46.98],[5.438,46.98],[5.426,46.959],[5.428,46.948],[5.462,46.945],[5.468,46.93],[5.489,46.92],[5.478,46.917],[5.455,46.929],[5.441,46.914],[5.45,46.904],[5.444,46.898],[5.415,46.895],[5.409,46.872],[5.445,46.846],[5.451,46.838],[5.447,46.831],[5.43,46.822],[5.34,46.826],[5.331,46.818],[5.329,46.81],[5.341,46.808],[5.348,46.791],[5.367,46.788],[5.376,46.778],[5.382,46.764],[5.375,46.748],[5.393,46.724],[5.394,46.706],[5.421,46.656],[5.416,46.65],[5.434,46.642],[5.431,46.622],[5.405,46.604],[5.406,46.579],[5.363,46.579],[5.368,46.57],[5.359,46.563],[5.368,46.552],[5.361,46.53],[5.405,46.509],[5.416,46.524],[5.646,46.457],[5.725,46.48],[5.74,46.598],[5.626,46.649],[5.646,46.85],[5.757,46.887],[5.794,46.997],[5.667,47.108],[5.737,47.234],[5.779,47.359],[5.793,47.512],[5.918,47.595],[5.82,47.735],[5.96,47.804],[5.96,47.885],[5.952,47.882],[5.942,47.869],[5.895,47.873],[5.871,47.87],[5.862,47.861],[5.815,47.879],[5.815,47.904],[5.877,47.903],[5.887,47.949],[5.867,47.955],[5.856,47.981],[5.844,47.98],[5.841,47.958],[5.805,47.954],[5.788,47.96],[5.788,47.981],[5.827,48.037],[5.749,48.037],[5.729,48.058],[5.693,48.058],[5.647,48.071],[5.642,48.062],[5.613,48.059],[5.61,48.073],[5.56,48.103],[5.546,48.12],[5.477,48.021],[5.339,48.006],[4.973,48.04]],[[5.424,47.09],[5.458,47.096],[5.47,47.09],[5.455,47.074],[5.424,47.09]],[[5.58,47.959],[5.589,47.97],[5.602,47.966],[5.599,47.941],[5.583,47.939],[5.58,47.959]],[[5.597,47.988],[5.602,47.999],[5.624,48.001],[5.689,47.994],[5.694,47.987],[5.685,47.98],[5.63,47.991],[5.597,47.988]]],[[[5.075,48.585],[5.087,48.583],[5.146,48.582],[5.123,48.601],[5.099,48.61],[5.091,48.609],[5.085,48.591],[5.075,48.585]]],[[[5.29,48.471],[5.317,48.427],[5.35,48.452],[5.397,48.45],[5.443,48.482],[5.439,48.534],[5.402,48.548],[5.408,48.56],[5.455,48.588],[5.476,48.612],[5.428,48.636],[5.401,48.623],[5.396,48.623],[5.372,48.58],[5.334,48.518],[5.29,48.471]]],[[[5.429,47.356],[5.441,47.348],[5.472,47.369],[5.444,47.371],[5.429,47.356]]],[[[5.433,48.222],[5.492,48.193],[5.501,48.199],[5.492,48.219],[5.538,48.244],[5.548,48.276],[5.523,48.293],[5.517,48.32],[5.532,48.34],[5.533,48.365],[5.572,48.385],[5.599,48.388],[5.634,48.373],[5.614,48.33],[5.694,48.329],[5.685,48.29],[5.647,48.256],[5.648,48.234],[5.664,48.224],[5.676,48.228],[5.678,48.241],[5.705,48.235],[5.717,48.202],[5.756,48.183],[5.773,48.197],[5.768,48.21],[5.742,48.216],[5.746,48.229],[5.724,48.258],[5.741,48.265],[5.801,48.255],[5.82,48.265],[5.843,48.262],[5.833,48.252],[5.842,48.241],[5.896,48.238],[5.906,48.222],[5.901,48.208],[5.885,48.205],[5.873,48.217],[5.853,48.2],[5.875,48.188],[5.896,48.189],[5.905,48.181],[5.901,48.164],[5.863,48.153],[5.854,48.126],[5.882,48.117],[5.89,48.123],[5.922,48.12],[5.934,48.094],[5.974,48.096],[5.98,48.071],[5.939,48.073],[5.94,48.057],[5.93,48.053],[5.944,48.023],[5.915,48.016],[5.909,48.006],[5.921,47.973],[5.917,47.944],[5.901,47.927],[5.93,47.912],[5.96,47.909],[5.96,47.985],[6.057,47.957],[6.099,48.027],[6.252,47.957],[6.238,48.291],[5.946,48.347],[6.015,48.653],[5.849,48.768],[5.847,48.757],[5.83,48.765],[5.803,48.757],[5.806,48.748],[5.792,48.748],[5.782,48.74],[5.785,48.734],[5.754,48.727],[5.725,48.733],[5.674,48.721],[5.668,48.711],[5.628,48.693],[5.583,48.687],[5.576,48.67],[5.552,48.649],[5.567,48.605],[5.553,48.579],[5.569,48.576],[5.573,48.562],[5.57,48.602],[5.598,48.623],[5.647,48.587],[5.696,48.511],[5.669,48.456],[5.587,48.412],[5.493,48.394],[5.521,48.336],[5.433,48.222]],[[5.745,48.66],[5.755,48.697],[5.786,48.714],[5.808,48.712],[5.811,48.699],[5.817,48.678],[5.811,48.653],[5.846,48.646],[5.759,48.62],[5.76,48.632],[5.745,48.66]],[[5.817,48.698],[5.837,48.71],[5.857,48.7],[5.872,48.706],[5.863,48.699],[5.867,48.692],[5.855,48.688],[5.817,48.698]]],[[[5.817,48.797],[5.828,48.787],[5.82,48.774],[5.838,48.775],[5.834,48.778],[5.865,48.801],[5.85,48.811],[5.834,48.801],[5.83,48.813],[5.819,48.807],[5.817,48.797]]]]}},{"type":"Feature","properties":{"NAME":"Aragón","ABBREVN":"Aragón","INFO_UR":null,"SUBJECTO":"Aragón","BORDERPRECISION":1,"PARTOF":"Aragón"},"geometry":{"type":"Polygon","coordinates":[[[-1.004,41.919],[0.341,42],[1.034,41.878],[1.442,41.18],[2.081,41.298],[2.201,41.446],[2.628,41.62],[3.129,41.857],[3.157,42.076],[3.086,42.121],[3.087,42.369],[3.002,42.771],[3.039,42.869],[2.949,42.883],[2.825,42.85],[2.701,42.73],[2.49,42.719],[2.481,42.686],[2.272,42.69],[2.103,42.615],[1.869,42.544],[1.812,42.496],[1.811,42.526],[1.728,42.501],[1.731,42.546],[1.759,42.561],[1.729,42.561],[1.727,42.605],[1.654,42.626],[1.486,42.626],[1.456,42.619],[1.32,42.605],[1.307,42.635],[0.744,42.772],[0.584,42.772],[0.592,42.628],[0.348,42.635],[0.196,42.608],[0.18,42.663],[-0.166,42.649],[-0.216,42.717],[-0.41,42.786],[-0.469,42.751],[-0.524,42.758],[-0.603,42.416],[-1.004,41.919]]]}},{"type":"Feature","properties":{"NAME":"Kara Khitai Khaganate","ABBREVN":"Kara Khitai Khaganate","INFO_UR":null,"SUBJECTO":"Kara Khitai Khaganate","BORDERPRECISION":1,"PARTOF":"Kara Khitai Khaganate"},"geometry":{"type":"Polygon","coordinates":[[[53.209,39.405],[53.248,39.299],[53.334,39.385],[53.583,39.318],[53.66,39.318],[53.679,39.251],[53.775,39.136],[53.918,39.05],[54.033,38.993],[54.071,38.897],[53.985,38.657],[53.937,38.571],[53.937,38.159],[53.88,38.025],[53.928,37.824],[54.015,37.348],[54.009,37.349],[54.067,36.942],[54.868,36.806],[54.929,39.159],[55.487,39.345],[60,39.619],[59.998,44.352],[59.975,44.336],[59.92,44.329],[59.89,44.316],[59.886,44.297],[59.898,44.281],[59.928,44.269],[59.936,44.253],[59.921,44.235],[59.811,44.182],[59.718,44.163],[59.541,44.148],[59.53,44.169],[59.54,44.198],[59.567,44.243],[59.648,44.32],[59.649,44.34],[59.181,44.431],[57.632,42.066],[57.682,42.01],[57.7,41.913],[57.845,41.838],[57.865,41.773],[57.818,41.7],[57.685,41.636],[57.527,41.594],[57.43,41.579],[57.346,41.573],[57.255,41.646],[55.472,40.246],[53.559,39.843],[53.516,39.778],[53.554,39.654],[53.669,39.644],[53.813,39.548],[53.794,39.491],[53.545,39.539],[53.372,39.52],[53.315,39.567],[53.248,39.452],[53.209,39.405]]]}}],"metadata":{"source":"historical-basemaps (aourednik)","sourceUrl":"https://github.com/aourednik/historical-basemaps","license":"GPL-3.0","commit":"62d8f1a03a71f2d3ff17f2d166f7553f256bce68","borderPrecision":"概略（出典が全境界を概略と宣言）"}}