{"type":"FeatureCollection","features":[{"type":"Feature","properties":{"NAME":"Cyprus","ABBREVN":"Cyprus","SUBJECTO":"Cyprus","BORDERPRECISION":1,"PARTOF":"Cyprus"},"geometry":{"type":"Polygon","coordinates":[[[32.144,35.043],[32.199,34.861],[32.271,34.814],[32.271,34.72],[32.357,34.68],[32.603,34.615],[32.784,34.625],[32.817,34.539],[32.915,34.541],[32.915,34.636],[32.959,34.659],[33.131,34.68],[33.484,34.796],[33.539,34.944],[33.686,34.935],[33.733,34.909],[33.792,34.957],[33.925,34.953],[33.773,35.129],[33.78,35.208],[34.048,35.408],[34.245,35.512],[34.458,35.645],[34.217,35.574],[33.907,35.437],[33.539,35.332],[33.374,35.306],[33.077,35.319],[32.795,35.361],[32.819,35.282],[32.78,35.153],[32.745,35.114],[32.597,35.156],[32.483,35.153],[32.301,35.016],[32.234,35.014],[32.18,35.058],[32.144,35.043]]]}},{"type":"Feature","properties":{"NAME":"Portugal","ABBREVN":"Portugal","SUBJECTO":"Portugal","BORDERPRECISION":1,"PARTOF":"Portugal"},"geometry":{"type":"Polygon","coordinates":[[[-9.549,38.775],[-9.522,38.69],[-9.362,38.671],[-9.176,38.732],[-9.041,38.92],[-8.961,38.818],[-8.942,38.742],[-9.069,38.643],[-9.285,38.619],[-9.237,38.417],[-8.854,38.5],[-8.789,38.436],[-8.847,38.385],[-8.823,38.206],[-8.933,37.962],[-8.851,37.91],[-8.842,37.525],[-9.017,37.07],[-8.991,36.99],[-8.667,37.121],[-8.541,37.089],[-8.28,37.089],[-8.034,37.009],[-7.836,37.032],[-7.603,37.163],[-7.492,37.208],[-7.351,37.644],[-7.243,37.811],[-6.845,38.1],[-7.028,38.24],[-7.394,38.295],[-7.317,38.5],[-7.089,38.795],[-6.933,38.961],[-7.211,39.298],[-7.431,39.521],[-7.301,39.579],[-7.084,39.599],[-6.878,39.702],[-6.859,39.792],[-6.884,40.214],[-6.825,40.657],[-6.857,40.862],[-6.834,41.061],[-6.797,41.093],[-6.241,41.32],[-6.112,41.417],[-6.139,41.526],[-6.518,41.749],[-6.586,41.858],[-6.709,41.96],[-6.86,41.985],[-7.098,41.868],[-7.919,41.889],[-8.157,42.087],[-8.405,42.002],[-8.806,41.889],[-8.921,41.767],[-8.855,41.597],[-8.852,41.408],[-8.694,40.992],[-8.97,40.19],[-8.916,40.138],[-9.118,39.644],[-9.299,39.418],[-9.415,39.367],[-9.398,39.23],[-9.46,38.953],[-9.549,38.775]]]}},{"type":"Feature","properties":{"NAME":"Sardinia","ABBREVN":"Sardinia","SUBJECTO":"Sardinia","BORDERPRECISION":1,"PARTOF":"Sardinia"},"geometry":{"type":"Polygon","coordinates":[[[8.159,40.785],[8.202,40.663],[8.428,40.465],[8.488,40.209],[8.508,39.946],[8.465,39.64],[8.374,39.308],[8.417,39.212],[8.582,39.066],[8.696,38.996],[8.82,38.977],[8.931,39.054],[8.999,39.175],[9.063,39.22],[9.296,39.233],[9.479,39.144],[9.648,39.457],[9.698,39.693],[9.631,40.096],[9.696,40.314],[9.788,40.442],[9.794,40.564],[9.591,40.903],[9.306,41.184],[8.918,40.94],[8.766,40.863],[8.241,40.855],[8.159,40.785]]]}},{"type":"Feature","properties":{"NAME":"Teutonic Knights","ABBREVN":"TeutonicLand","SUBJECTO":"Teutonic Knights","BORDERPRECISION":1,"PARTOF":"Teutonic Knights"},"geometry":{"type":"MultiPolygon","coordinates":[[[[18.333,53.47],[18.449,53.462],[18.517,53.192],[18.689,53.192],[18.928,52.923],[19.362,52.99],[19.725,53.26],[20.396,53.057],[20.67,53.26],[20.928,53.26],[21.289,53.462],[22.421,53.597],[22.548,54.003],[22.462,54.003],[22.482,54.206],[22.662,54.274],[22.697,54.613],[22.705,54.681],[22.813,54.885],[22.573,55.089],[22.311,55.089],[22.07,55.294],[21.64,55.362],[21.235,55.703],[21.248,55.84],[21.003,55.905],[21.018,55.634],[21.216,55.344],[21.201,55.261],[21.143,55.256],[21.224,55.111],[21.113,55.089],[21.192,54.96],[21.137,54.845],[20.985,54.812],[19.943,54.85],[19.863,54.752],[19.833,54.531],[19.882,54.525],[19.938,54.608],[20.006,54.547],[20.194,54.575],[20.327,54.564],[20.189,54.522],[19.733,54.31],[19.457,54.217],[19.328,54.161],[19.23,54.167],[19.232,54.222],[19.318,54.272],[19.758,54.459],[19.734,54.461],[19.255,54.277],[18.965,54.228],[18.685,54.254],[18.333,53.47]]],[[[20.916,56.097],[20.952,56.064],[21.566,56.388],[21.83,56.388],[21.837,56.456],[22.19,56.456],[24.106,56.251],[24.829,56.388],[25.067,56.182],[25.762,56.114],[25.831,55.977],[26.583,55.703],[26.866,55.84],[27.47,55.771],[27.972,56.182],[28.148,56.182],[28.124,56.594],[28.042,56.64],[28.017,56.567],[27.823,56.725],[27.606,56.707],[27.511,57.611],[27.565,58.093],[27.473,58.217],[27.425,58.303],[27.324,58.402],[27.237,58.452],[27.157,58.648],[26.966,58.806],[26.974,58.884],[27.107,58.954],[27.298,58.995],[27.524,59.007],[27.666,58.983],[27.702,59.298],[27.265,59.338],[26.999,59.318],[26.862,59.372],[26.343,59.447],[25.721,59.46],[25.49,59.42],[25.449,59.494],[25.248,59.362],[24.751,59.448],[24.714,59.352],[24.571,59.374],[24.538,59.323],[24.342,59.369],[24.282,59.284],[24.03,59.235],[24.032,59.176],[23.416,59.119],[23.457,59.005],[23.338,58.972],[23.432,58.858],[23.361,58.767],[23.512,58.581],[23.69,58.665],[23.671,58.241],[23.908,58.224],[24.058,58.112],[24.331,58.308],[24.497,58.213],[24.414,58.106],[24.416,57.948],[24.236,57.728],[24.323,57.337],[24.346,57.16],[24.266,57.03],[24.158,56.975],[23.768,56.866],[23.414,56.892],[23.215,56.981],[23.175,57.048],[23.071,57.261],[22.881,57.334],[22.585,57.509],[22.564,57.616],[22.433,57.616],[22.285,57.565],[21.81,57.475],[21.677,57.464],[21.46,57.25],[21.34,57.177],[21.324,56.854],[21.022,56.684],[20.965,56.609],[20.916,56.097]]],[[[27.561,58.257],[27.577,58.199],[27.59,58.312],[27.561,58.257]]]]}},{"type":"Feature","properties":{"NAME":"Navarre","ABBREVN":"Navarre","SUBJECTO":"Navarre","BORDERPRECISION":1,"PARTOF":"Navarre"},"geometry":{"type":"Polygon","coordinates":[[[-2.675,42.423],[-2.199,42.244],[-2.08,42.066],[-2.318,42.066],[-2.259,41.828],[-1.605,41.769],[-1.664,42.125],[-0.907,42.881],[-1.397,43.032],[-1.448,42.984],[-1.515,42.998],[-1.558,43.045],[-1.466,43.155],[-1.491,43.21],[-1.702,43.196],[-1.915,43.305],[-2.066,43.333],[-2.143,43.331],[-2.14,43.136],[-2.556,43.076],[-2.675,42.423]]]}},{"type":"Feature","properties":{"NAME":"Morocco","ABBREVN":"Morocco","SUBJECTO":"Morocco","BORDERPRECISION":1,"PARTOF":"Morocco"},"geometry":{"type":"Polygon","coordinates":[[[-6.878,34],[-1.669,34],[-1.664,34.205],[-1.738,34.605],[-1.823,34.7],[-2.077,34.826],[-2.193,35.054],[-2.356,35.054],[-2.715,35.098],[-2.83,35.142],[-3.009,35.39],[-3.206,35.269],[-3.441,35.166],[-4.028,35.133],[-4.295,35.152],[-4.593,35.151],[-5.11,35.379],[-5.172,35.424],[-5.479,35.805],[-5.565,35.862],[-5.808,35.785],[-5.929,35.728],[-6.302,34.861],[-6.511,34.454],[-6.753,34.123],[-6.878,34]]]}},{"type":"Feature","properties":{"NAME":null,"ABBREVN":null,"SUBJECTO":null,"BORDERPRECISION":1,"PARTOF":null},"geometry":{"type":"Polygon","coordinates":[[[37.559,34],[40.42,34],[40.029,34.391],[38.372,35.141],[38.036,34.597],[37.559,34]]]}},{"type":"Feature","properties":{"NAME":null,"ABBREVN":null,"SUBJECTO":null,"BORDERPRECISION":1,"PARTOF":null},"geometry":{"type":"Polygon","coordinates":[[[51.482,71.845],[51.534,71.658],[51.815,71.48],[52.121,71.465],[52.402,71.52],[52.55,71.59],[53.234,71.514],[54.308,71.206],[54.353,71.198],[54.321,71.09],[53.715,70.927],[53.729,70.765],[54.032,70.719],[54.522,70.759],[54.694,70.744],[54.998,70.522],[55.266,70.561],[55.679,70.707],[56.059,70.731],[57.238,70.691],[57.251,70.818],[56.727,70.994],[56.379,71.132],[56.151,71.271],[55.721,71.642],[55.567,72],[51.613,72],[51.585,71.985],[51.482,71.845]]]}},{"type":"Feature","properties":{"NAME":"Novgorod","ABBREVN":"Novgorod","SUBJECTO":"Novgorod","BORDERPRECISION":1,"PARTOF":"Novgorod"},"geometry":{"type":"MultiPolygon","coordinates":[[[[27.264,63.37],[27.338,63.346],[27.363,63.316],[27.345,63.264],[27.735,62.952],[27.77,62.946],[27.774,62.996],[27.736,63.059],[27.767,63.1],[27.81,63.092],[27.848,63.071],[27.851,63.032],[27.888,63.019],[28.006,63.04],[28.106,63.009],[28.352,63.04],[28.35,63.026],[28.308,63.003],[28.192,62.964],[28.154,62.933],[28.187,62.857],[28.144,62.825],[28.149,62.804],[28.211,62.73],[28.268,62.689],[28.264,62.663],[28.653,62.527],[28.799,62.456],[28.898,62.39],[28.81,62.382],[28.659,62.42],[28.529,62.474],[28.496,62.501],[28.565,62.499],[28.555,62.523],[28.424,62.575],[28.367,62.587],[28.274,62.565],[28.249,62.542],[28.597,62.264],[28.63,62.294],[28.67,62.306],[28.699,62.328],[28.668,62.368],[28.666,62.387],[28.693,62.383],[28.765,62.348],[28.87,62.235],[28.837,62.185],[28.786,62.177],[28.826,62.134],[28.976,62.142],[29.198,62.177],[29.33,62.166],[29.345,62.186],[29.353,62.219],[29.319,62.242],[29.298,62.275],[29.298,62.313],[29.265,62.394],[29.297,62.426],[29.3,62.476],[29.261,62.551],[29.279,62.599],[29.335,62.6],[29.364,62.53],[29.422,62.523],[29.509,62.467],[29.626,62.419],[29.65,62.427],[29.612,62.462],[29.589,62.5],[29.593,62.527],[29.633,62.597],[29.697,62.609],[29.776,62.577],[29.825,62.518],[29.926,62.434],[29.835,62.389],[29.802,62.362],[29.793,62.335],[29.768,62.313],[29.641,62.31],[29.599,62.27],[29.648,62.223],[29.727,62.199],[29.791,62.2],[29.96,62.164],[29.982,62.133],[29.911,62.115],[29.708,62.151],[29.688,62.138],[29.607,62.145],[29.518,62.123],[29.492,62.089],[29.47,62.08],[29.492,62.046],[29.552,62.003],[29.615,61.983],[29.638,62.005],[29.685,62.004],[29.757,61.949],[29.777,61.889],[29.733,61.874],[29.727,61.848],[29.531,61.778],[29.477,61.742],[29.426,61.734],[29.29,61.649],[29.266,61.615],[29.115,61.6],[29.098,61.578],[28.954,61.622],[29.687,60.131],[29.953,59.986],[30.127,59.806],[29.963,59.737],[29.765,59.736],[29.414,59.86],[29.076,59.908],[28.936,59.825],[28.796,59.672],[28.663,59.644],[28.444,59.734],[28.309,59.664],[28.351,59.602],[28.266,59.562],[28.163,59.591],[28.094,59.665],[27.942,59.648],[27.897,59.534],[27.973,59.517],[28.013,59.458],[27.894,59.346],[27.702,59.298],[27.666,58.983],[27.683,58.98],[27.748,58.912],[27.814,58.571],[27.821,58.485],[27.798,58.447],[27.748,58.43],[27.59,58.312],[27.577,58.199],[27.592,58.175],[27.714,58.164],[27.865,58.173],[27.973,58.133],[28.097,58.044],[28.149,57.975],[28.169,57.915],[28.102,57.86],[27.992,57.868],[27.911,57.896],[27.875,57.92],[27.882,57.937],[27.803,57.99],[27.678,58.019],[27.624,58.014],[27.565,58.093],[27.511,57.611],[27.606,56.707],[27.823,56.725],[28.017,56.567],[28.042,56.64],[27.88,56.731],[27.891,56.8],[28.378,57.075],[29.584,56.869],[29.979,56.594],[29.955,56.456],[30.108,56.319],[30.373,56.319],[30.838,56.456],[30.882,56.55],[30.738,56.982],[31.281,57.278],[32.207,57.278],[32.452,57.489],[32.526,57.899],[33.505,57.965],[34.289,57.834],[36.117,56.724],[37.75,56.985],[37.782,57.029],[37.791,57.036],[38.127,57.45],[37.952,57.492],[37.524,57.637],[37.095,57.823],[36.612,58.11],[36.673,58.216],[36.522,58.609],[36.417,58.856],[35.836,60.045],[35.598,60.26],[35.523,60.496],[35.687,60.657],[36.074,60.73],[36.643,60.862],[37.097,61.164],[37.881,61.034],[37.968,60.994],[38.175,61.013],[38.921,60.998],[39.531,60.904],[40.381,60.693],[40.798,60.437],[41.109,60.344],[41.211,60.446],[41.211,61.164],[45.717,62.209],[46.044,62.079],[45.965,57.735],[54.922,58.113],[54.729,58.879],[53.097,61.491],[51.268,63.254],[48.003,64.952],[44.053,66.041],[44.029,66.011],[43.876,66.011],[43.241,66.251],[42.211,66.41],[42.133,66.388],[41.623,66.065],[41.354,65.955],[40.681,65.794],[39.951,65.581],[39.823,65.436],[39.979,65.153],[40.366,64.858],[40.462,64.75],[40.44,64.564],[40.322,64.463],[39.997,64.541],[39.622,64.476],[39.193,64.511],[38.253,64.703],[37.604,64.853],[37.102,65.068],[36.884,65.068],[36.569,64.765],[36.997,64.407],[37.262,64.314],[37.463,64.3],[37.668,64.343],[37.88,64.308],[38.054,64.129],[38.054,63.986],[37.945,63.85],[37.591,63.807],[37.411,63.749],[36.988,63.841],[36.421,63.876],[36.24,63.919],[36.015,64.197],[35.623,64.254],[35.082,64.288],[34.885,64.367],[34.815,64.46],[34.773,64.682],[34.426,65.107],[34.332,65.346],[34.293,65.396],[30.604,64.938],[27.264,63.37]],[[29.825,61.216],[29.86,61.239],[29.865,61.251],[29.855,61.271],[29.891,61.295],[29.949,61.289],[30.029,61.254],[30.079,61.243],[30.094,61.259],[30.09,61.299],[30.13,61.313],[30.174,61.314],[30.193,61.327],[30.196,61.348],[30.179,61.373],[30.201,61.389],[30.217,61.431],[30.252,61.459],[30.252,61.473],[30.235,61.493],[30.239,61.515],[30.285,61.517],[30.466,61.487],[30.481,61.49],[30.486,61.515],[30.513,61.525],[30.606,61.541],[30.617,61.56],[30.593,61.579],[30.594,61.606],[30.758,61.733],[30.852,61.775],[30.888,61.765],[30.906,61.742],[31.026,61.714],[31.057,61.689],[31.071,61.645],[31.098,61.62],[31.161,61.619],[31.172,61.63],[31.238,61.643],[31.258,61.641],[31.308,61.605],[31.334,61.627],[31.365,61.627],[31.486,61.551],[31.576,61.437],[31.604,61.423],[31.62,61.427],[31.62,61.461],[31.637,61.463],[31.698,61.415],[31.762,61.384],[31.871,61.347],[31.899,61.324],[32.36,61.181],[32.527,61.118],[32.563,61.079],[32.581,61.045],[32.581,61.014],[32.593,60.998],[32.633,60.987],[32.641,60.969],[32.765,60.886],[32.808,60.826],[32.812,60.756],[32.844,60.712],[32.903,60.694],[32.937,60.67],[32.944,60.643],[32.841,60.497],[32.816,60.482],[32.782,60.488],[32.722,60.521],[32.642,60.537],[32.6,60.533],[32.596,60.511],[32.618,60.476],[32.664,60.427],[32.677,60.392],[32.656,60.372],[32.595,60.355],[32.59,60.33],[32.614,60.286],[32.612,60.245],[32.584,60.209],[32.5,60.177],[32.362,60.148],[32.26,60.154],[32.196,60.195],[32.057,60.227],[31.843,60.248],[31.699,60.236],[31.599,60.17],[31.591,60.156],[31.606,60.134],[31.548,60.072],[31.541,60.035],[31.565,59.998],[31.567,59.967],[31.547,59.94],[31.51,59.92],[31.455,59.907],[31.401,59.911],[31.349,59.933],[31.274,59.938],[31.176,59.926],[31.106,59.928],[31.043,59.951],[31.145,60.006],[31.143,60.032],[31.106,60.056],[31.095,60.084],[31.115,60.135],[31.109,60.146],[31.019,60.193],[30.957,60.264],[30.849,60.443],[30.832,60.458],[30.817,60.459],[30.803,60.447],[30.776,60.448],[30.774,60.492],[30.759,60.525],[30.724,60.562],[30.663,60.593],[30.534,60.63],[30.504,60.704],[30.504,60.732],[30.525,60.739],[30.533,60.766],[30.528,60.812],[30.502,60.843],[30.456,60.86],[30.441,60.874],[30.436,60.903],[30.409,60.928],[30.293,61.005],[30.125,61.087],[29.857,61.188],[29.825,61.216]],[[33.941,62.482],[33.944,62.5],[33.959,62.51],[33.979,62.516],[34.027,62.512],[34.137,62.414],[34.328,62.264],[34.329,62.246],[34.321,62.227],[34.343,62.199],[34.417,62.158],[34.514,62.12],[34.591,62.096],[34.636,62.095],[34.653,62.109],[34.632,62.182],[34.658,62.245],[34.615,62.304],[34.609,62.339],[34.633,62.348],[34.682,62.339],[34.696,62.365],[34.66,62.406],[34.547,62.498],[34.52,62.542],[34.532,62.546],[34.557,62.54],[34.641,62.489],[34.841,62.31],[34.852,62.294],[34.871,62.219],[34.892,62.187],[35.029,62.078],[35.075,62.054],[35.115,62.054],[35.165,62.081],[35.168,62.097],[35.052,62.212],[35.046,62.229],[35.341,62.149],[35.387,62.158],[35.455,62.181],[35.554,62.236],[35.567,62.287],[35.54,62.354],[35.433,62.469],[35.352,62.523],[35.271,62.545],[35.147,62.559],[34.967,62.639],[34.943,62.643],[34.839,62.591],[34.776,62.622],[34.739,62.621],[34.621,62.712],[34.536,62.818],[34.48,62.874],[34.489,62.904],[34.533,62.916],[34.605,62.873],[34.703,62.844],[34.91,62.815],[35.083,62.741],[35.326,62.666],[35.464,62.604],[35.488,62.606],[35.504,62.625],[35.585,62.576],[35.74,62.52],[35.803,62.461],[35.822,62.412],[35.823,62.352],[35.8,62.281],[35.73,62.139],[35.674,62.079],[35.689,62.04],[35.818,61.951],[35.871,61.855],[35.985,61.756],[36.061,61.654],[36.109,61.611],[36.247,61.493],[36.406,61.411],[36.428,61.373],[36.425,61.349],[36.374,61.271],[36.371,61.257],[36.395,61.206],[36.387,61.184],[36.364,61.16],[36.279,61.114],[36.099,61.063],[35.88,60.948],[35.884,60.931],[35.904,60.917],[35.91,60.902],[35.88,60.878],[35.829,60.867],[35.719,60.905],[35.551,60.938],[35.499,60.97],[35.45,61.023],[35.4,61.04],[35.184,61.005],[35.133,61.007],[35.093,61.045],[35.022,61.064],[34.942,61.07],[34.869,61.027],[34.846,61.027],[34.802,61.074],[34.797,61.123],[34.804,61.15],[34.838,61.194],[34.887,61.206],[34.974,61.212],[35.075,61.207],[35.157,61.194],[35.231,61.165],[35.078,61.151],[35.053,61.141],[35.062,61.126],[35.08,61.108],[35.142,61.077],[35.192,61.069],[35.345,61.073],[35.441,61.063],[35.527,61.023],[35.583,61.034],[35.632,61.108],[35.629,61.15],[35.611,61.197],[35.578,61.246],[35.537,61.292],[35.457,61.356],[35.304,61.43],[35.154,61.485],[34.772,61.601],[34.63,61.654],[34.531,61.704],[34.388,61.796],[34.345,61.831],[34.315,61.869],[34.445,61.819],[34.494,61.808],[34.562,61.824],[34.583,61.846],[34.594,61.874],[34.586,61.938],[34.566,61.969],[34.537,61.999],[34.477,62.039],[34.255,62.169],[34.265,62.238],[34.257,62.262],[34.165,62.339],[34.098,62.379],[33.978,62.408],[33.947,62.453],[33.941,62.482]]],[[[27.842,62.911],[27.886,62.834],[28.072,62.746],[28.109,62.755],[28.099,62.852],[28.062,62.976],[27.903,62.973],[27.849,62.951],[27.842,62.911]]],[[[28.728,62.082],[28.78,61.976],[28.828,61.963],[28.944,61.873],[28.99,61.802],[29.137,61.775],[29.255,61.807],[29.309,61.87],[29.327,61.944],[29.342,61.971],[29.403,61.975],[29.445,61.948],[29.474,61.951],[29.477,61.967],[29.442,62.038],[29.363,62.105],[29.322,62.13],[29.102,62.118],[29.019,62.125],[28.809,62.082],[28.728,62.082]]],[[[35.16,61.859],[35.202,61.839],[35.274,61.87],[35.326,61.935],[35.347,61.998],[35.339,62.033],[35.308,62.077],[35.252,62.08],[35.196,61.988],[35.16,61.859]]]]}},{"type":"Feature","properties":{"NAME":"Siberians","ABBREVN":"Siberians","SUBJECTO":"Siberians","BORDERPRECISION":1,"PARTOF":"Siberians"},"geometry":{"type":"Polygon","coordinates":[[[43.704,67.266],[43.838,67.163],[44.219,67.09],[44.362,66.906],[44.384,66.612],[44.122,66.267],[44.053,66.041],[48.003,64.952],[51.268,63.254],[53.097,61.491],[54.729,58.879],[54.922,58.113],[55.465,58.136],[58.293,58.425],[60,59.103],[60,68.6],[59.925,68.581],[59.892,68.402],[59.762,68.297],[59.502,68.289],[59.218,68.349],[59.12,68.393],[59.062,68.497],[59.346,68.7],[59.199,68.774],[58.77,68.856],[58.409,68.833],[57.959,68.705],[57.526,68.495],[57.364,68.457],[57.024,68.449],[56.54,68.553],[56.195,68.567],[55.723,68.536],[55.335,68.483],[55.126,68.401],[54.996,68.207],[54.877,68.11],[54.752,68.05],[54.648,68.072],[54.576,68.161],[54.38,68.161],[53.626,68.048],[53.317,68.136],[53.316,68.233],[53.396,68.3],[53.782,68.338],[53.808,68.607],[53.889,68.787],[53.502,68.816],[53.179,68.756],[53.006,68.681],[52.939,68.471],[52.72,68.351],[52.463,68.299],[52.337,68.336],[52.245,68.545],[51.831,68.409],[51.139,68.266],[50.496,68.153],[49.63,67.936],[49.186,67.839],[48.635,67.652],[48.081,67.562],[47.953,67.377],[47.706,66.89],[47.571,66.816],[46.973,66.778],[46.402,66.719],[46.077,66.762],[45.715,66.85],[45.386,67.099],[44.957,67.231],[44.871,67.312],[45.093,67.542],[45.463,67.639],[46.634,67.701],[46.439,67.908],[46.162,68.108],[45.863,68.383],[45.58,68.443],[44.668,68.389],[44.012,68.492],[43.853,68.469],[43.822,68.327],[44.169,68.097],[44.261,67.83],[44.216,67.718],[43.704,67.266]]]}},{"type":"Feature","properties":{"NAME":"Bosnia","ABBREVN":"Bosnia","SUBJECTO":"Bosnia","BORDERPRECISION":1,"PARTOF":"Bosnia"},"geometry":{"type":"Polygon","coordinates":[[[16.64,43.39],[16.992,43.323],[17.075,43.223],[17.596,42.889],[18.001,42.694],[18.249,42.527],[18.529,42.353],[18.91,42.218],[19.136,42],[19.143,41.932],[19.338,41.862],[19.458,41.798],[19.607,41.762],[20.705,42.814],[21.489,42.879],[21.685,43.728],[20.994,44.7],[20.705,44.642],[20.314,44.901],[19.785,44.936],[18.939,44.393],[17.754,44.393],[17.458,44.146],[16.865,44.245],[16.701,43.847],[16.712,43.771],[16.64,43.39]]]}},{"type":"Feature","properties":{"NAME":"Venice","ABBREVN":"Venice","SUBJECTO":"Venice","BORDERPRECISION":1,"PARTOF":"Venice"},"geometry":{"type":"MultiPolygon","coordinates":[[[[11.971,45.436],[12.176,45.214],[12.18,45.27],[12.251,45.29],[12.28,45.402],[12.483,45.462],[12.448,45.394],[12.899,45.558],[13.105,45.582],[13.156,45.727],[13.368,45.694],[13.081,45.98],[12.645,45.915],[12.145,45.763],[11.971,45.436]]],[[[13.527,45.454],[13.644,45.179],[13.672,45.05],[13.895,44.759],[13.991,44.783],[14.06,44.895],[14.189,44.943],[14.175,45.01],[13.908,44.979],[13.799,45.306],[13.952,45.393],[13.995,45.458],[13.8,45.566],[13.749,45.494],[13.527,45.454]]]]}},{"type":"Feature","properties":{"NAME":"Corsica","ABBREVN":"Corsica","SUBJECTO":"Corsica","BORDERPRECISION":1,"PARTOF":"Corsica"},"geometry":{"type":"MultiPolygon","coordinates":[[[[8.538,41.948],[8.552,41.911],[8.557,41.918],[8.542,41.949],[8.538,41.948]]],[[[8.573,42.445],[8.598,42.455],[8.597,42.472],[8.573,42.445]]],[[[9.024,41.421],[9.039,41.369],[9.057,41.366],[9.043,41.383],[9.032,41.418],[9.024,41.421]]],[[[9.276,42.803],[9.279,42.753],[9.287,42.75],[9.287,42.786],[9.276,42.803]]],[[[9.285,42.926],[9.297,42.941],[9.295,42.957],[9.285,42.926]]]]}},{"type":"Feature","properties":{"NAME":"Papal States","ABBREVN":"Papal States","SUBJECTO":"Papal States","BORDERPRECISION":1,"PARTOF":"Papal States"},"geometry":{"type":"Polygon","coordinates":[[[11.96,42.007],[12.395,41.73],[12.642,41.531],[12.977,41.371],[13.271,41.314],[13.299,41.313],[13.314,41.326],[13.306,41.333],[13.29,41.327],[13.274,41.347],[13.262,41.366],[13.259,41.397],[13.324,41.407],[13.366,41.397],[13.387,41.404],[13.424,41.397],[13.438,41.424],[13.428,41.454],[13.445,41.467],[13.441,41.481],[13.486,41.506],[13.526,41.481],[13.547,41.511],[13.544,41.525],[13.53,41.533],[13.54,41.544],[13.539,41.556],[13.507,41.575],[13.52,41.588],[13.543,41.59],[13.553,41.599],[13.539,41.619],[13.542,41.629],[13.562,41.641],[13.554,41.654],[13.526,41.67],[13.512,41.698],[13.503,41.728],[13.52,41.776],[13.507,41.8],[13.471,41.806],[13.453,41.823],[13.409,41.837],[13.381,41.817],[13.367,41.834],[13.367,41.863],[13.36,41.871],[13.384,41.904],[13.364,41.925],[13.345,41.923],[13.309,41.952],[13.285,41.953],[13.231,41.983],[13.2,41.987],[13.141,42.016],[13.101,42.027],[13.102,42.009],[13.066,42.013],[13.033,42.047],[13.019,42.076],[13.034,42.108],[13.032,42.123],[13.044,42.117],[13.088,42.147],[13.088,42.178],[13.073,42.183],[13.054,42.21],[13.068,42.252],[13.059,42.253],[13.062,42.266],[12.999,42.294],[12.991,42.326],[12.961,42.354],[12.929,42.357],[12.915,42.381],[12.897,42.39],[12.906,42.397],[12.907,42.439],[12.865,42.457],[12.872,42.464],[12.866,42.482],[12.907,42.49],[12.927,42.508],[12.927,42.52],[12.912,42.532],[12.915,42.545],[12.9,42.552],[12.881,42.609],[12.896,42.616],[12.932,42.605],[12.938,42.616],[12.954,42.62],[13.006,42.616],[13.027,42.64],[13.038,42.629],[13.065,42.625],[13.11,42.643],[13.121,42.659],[13.131,42.66],[13.147,42.647],[13.175,42.667],[13.175,42.691],[13.191,42.711],[13.189,42.734],[13.255,42.722],[13.266,42.74],[13.287,42.74],[13.354,42.695],[13.39,42.687],[13.424,42.705],[13.438,42.7],[13.447,42.731],[13.489,42.734],[13.505,42.748],[13.504,42.775],[13.528,42.795],[13.534,42.815],[13.57,42.801],[13.623,42.816],[13.636,42.804],[13.664,42.807],[13.698,42.822],[13.707,42.849],[13.722,42.853],[13.726,42.834],[13.752,42.814],[13.775,42.848],[13.772,42.859],[13.878,42.895],[13.904,42.895],[13.792,43.123],[13.732,43.374],[13.651,43.474],[13.542,43.435],[13.336,43.466],[13.305,43.546],[13.348,43.599],[13.327,43.612],[13.258,43.583],[13.239,43.593],[13.239,43.604],[13.244,43.615],[13.262,43.62],[13.297,43.616],[13.336,43.652],[12.729,43.921],[12.728,43.92],[12.732,43.901],[12.723,43.881],[12.734,43.871],[12.726,43.863],[12.682,43.851],[12.681,43.828],[12.624,43.825],[12.302,43.344],[12.302,43.278],[12.219,43.228],[12.153,43.062],[12.169,42.912],[12.186,42.912],[12.153,42.696],[12.169,42.63],[12.053,42.53],[12.07,42.298],[12.003,42.248],[12.02,42.099],[11.96,42.007]]]}},{"type":"Feature","properties":{"NAME":"Sicily","ABBREVN":"Sicily","SUBJECTO":"Sicily","BORDERPRECISION":1,"PARTOF":"Sicily"},"geometry":{"type":"Polygon","coordinates":[[[14.709,41.143],[14.726,41.13],[14.711,41.115],[14.714,41.105],[14.76,41.1],[14.774,41.091],[14.799,41.091],[14.811,41.102],[14.831,41.093],[14.834,41.103],[14.866,41.12],[14.87,41.134],[14.855,41.149],[14.843,41.15],[14.854,41.163],[14.848,41.164],[14.832,41.188],[14.816,41.187],[14.816,41.193],[14.796,41.2],[14.791,41.215],[14.749,41.222],[14.742,41.205],[14.75,41.198],[14.738,41.19],[14.724,41.194],[14.721,41.169],[14.713,41.163],[14.717,41.149],[14.709,41.143]]]}},{"type":"Feature","properties":{"NAME":"Kingdom of Hungary","ABBREVN":"Hungary","SUBJECTO":"Hungary","BORDERPRECISION":1,"PARTOF":"Hungary"},"geometry":{"type":"Polygon","coordinates":[[[14.361,45.321],[14.525,45.266],[14.815,45.078],[14.946,44.927],[14.907,44.723],[14.989,44.54],[15.286,44.329],[15.548,44.229],[15.149,44.24],[15.412,43.935],[15.913,43.652],[16.059,43.433],[16.367,43.513],[16.549,43.461],[16.64,43.39],[16.712,43.771],[16.701,43.847],[16.865,44.245],[17.458,44.146],[17.754,44.393],[18.939,44.393],[19.785,44.936],[20.314,44.901],[20.705,44.642],[21.358,44.773],[22.077,44.446],[22.338,44.773],[22.664,44.642],[23.056,45.034],[26.517,45.818],[27.366,46.34],[27.628,46.928],[27.428,47.384],[28.873,48.082],[28.013,48.258],[27.538,48.456],[27.394,48.654],[26.473,48.588],[25.981,48.654],[25.509,48.919],[25.253,48.853],[25.559,48.588],[25.54,48.39],[25.012,48.06],[24.988,47.796],[24.905,47.796],[24.586,47.928],[24.687,48.126],[24.367,48.258],[24.379,48.39],[24.053,48.456],[23.666,48.787],[22.929,48.919],[22.778,49.118],[22.523,49.051],[21.798,49.383],[20.212,49.383],[19.866,49.184],[19.473,49.582],[19.13,49.449],[18.884,49.515],[18.501,49.43],[18.475,49.408],[18.404,49.396],[18.414,49.367],[18.377,49.33],[18.353,49.325],[18.25,49.181],[18.223,48.99],[18.114,48.99],[18.114,48.854],[17.87,48.8],[17.684,48.859],[17.633,48.855],[17.594,48.828],[17.524,48.812],[17.45,48.846],[17.4,48.815],[17.359,48.815],[17.322,48.845],[17.316,48.846],[17.19,48.447],[17.218,48.066],[17.462,48.066],[17.408,47.822],[16.796,47.843],[16.622,47.735],[16.557,47.495],[16.644,47.3],[16.557,47.191],[16.557,47.06],[16.448,46.93],[16.448,46.778],[16.514,46.626],[16.296,46.408],[16.535,46.365],[16.448,46.104],[16.209,46.147],[16.079,45.886],[16.209,45.734],[16.122,45.582],[15.47,45.734],[15.424,45.43],[15.249,45.447],[15.218,45.425],[15.152,45.428],[15.096,45.463],[14.909,45.481],[14.908,45.477],[14.823,45.46],[14.796,45.503],[14.72,45.534],[14.692,45.527],[14.691,45.58],[14.602,45.624],[14.608,45.665],[14.569,45.671],[14.54,45.619],[14.501,45.608],[14.499,45.549],[14.474,45.533],[14.458,45.479],[14.406,45.44],[14.425,45.411],[14.417,45.401],[14.437,45.388],[14.361,45.321]]]}},{"type":"Feature","properties":{"NAME":"France","ABBREVN":"France","SUBJECTO":"France","BORDERPRECISION":1,"PARTOF":"France"},"geometry":{"type":"MultiPolygon","coordinates":[[[[-2.576,47.324],[-2.494,47.247],[-2.264,47.183],[-2.109,47.124],[-2.005,47.043],[-2.13,46.851],[-1.942,46.706],[-1.711,46.449],[-1.403,46.404],[-1.256,46.307],[-0.719,46.033],[0.131,46.033],[0.363,46.303],[1.29,46.303],[1.638,46.033],[1.638,45.801],[-0.41,42.786],[-0.216,42.717],[-0.166,42.649],[0.18,42.663],[0.196,42.608],[0.348,42.635],[0.592,42.628],[0.584,42.772],[0.744,42.772],[1.307,42.635],[1.32,42.605],[1.456,42.619],[1.47,42.622],[1.468,42.631],[1.48,42.651],[1.516,42.646],[1.549,42.656],[1.567,42.646],[1.577,42.648],[1.667,42.622],[1.683,42.625],[1.715,42.615],[1.736,42.618],[1.73,42.604],[1.755,42.597],[1.792,42.579],[1.784,42.575],[1.787,42.574],[1.774,42.569],[1.738,42.55],[1.729,42.516],[1.728,42.501],[2.103,42.615],[2.272,42.69],[2.481,42.686],[2.49,42.719],[2.701,42.73],[2.825,42.85],[2.949,42.883],[3.039,42.869],[3.068,42.945],[3.318,43.196],[3.479,43.312],[3.807,43.467],[4.078,43.487],[4.417,43.346],[4.647,43.321],[4.751,43.353],[4.91,43.366],[5.052,43.328],[5.434,43.104],[5.647,43.033],[5.829,43.021],[6.523,43.151],[6.923,43.448],[7.202,43.611],[7.123,43.624],[7.122,43.773],[7.068,43.788],[7.042,43.818],[6.928,43.792],[6.887,43.798],[6.801,43.777],[6.736,43.793],[6.691,43.818],[6.729,43.866],[6.818,43.881],[6.772,43.922],[6.879,43.999],[6.872,44.036],[6.901,44.07],[6.877,44.093],[6.704,44.063],[6.667,44.112],[6.688,44.166],[6.611,44.219],[6.522,44.214],[6.5,44.233],[6.514,44.358],[6.478,44.397],[6.459,44.445],[6.606,44.488],[6.612,44.523],[6.678,44.545],[6.741,44.531],[6.78,44.538],[6.785,44.544],[6.783,44.548],[6.925,44.715],[7.003,44.72],[6.943,44.869],[6.665,44.955],[6.517,45.106],[6.511,45.109],[6.479,45.095],[6.487,45.056],[6.452,45.052],[6.436,45.063],[6.396,45.061],[6.365,45.07],[6.375,45.084],[6.363,45.103],[6.336,45.121],[6.296,45.108],[6.259,45.128],[6.267,45.139],[6.25,45.149],[6.221,45.143],[6.189,45.167],[6.157,45.15],[6.147,45.158],[6.163,45.191],[6.134,45.23],[6.131,45.286],[6.157,45.31],[6.185,45.318],[6.192,45.338],[6.145,45.322],[6.083,45.372],[6.033,45.334],[6.058,45.223],[5.947,45.26],[5.935,45.322],[5.823,45.396],[5.808,45.428],[5.793,45.438],[5.74,45.439],[5.733,45.473],[5.623,45.613],[5.603,45.621],[5.556,45.679],[5.545,45.713],[5.52,45.739],[5.51,45.769],[5.422,45.808],[5.417,45.825],[5.425,45.85],[5.411,45.862],[5.371,45.874],[5.357,45.876],[5.357,45.879],[5.35,45.881],[5.303,45.842],[5.291,45.808],[5.236,45.772],[5.19,45.768],[5.167,45.787],[5.192,45.834],[5.232,45.878],[5.283,45.905],[5.271,45.943],[5.217,45.955],[5.21,45.981],[5.301,46.05],[5.267,46.085],[5.214,46.181],[5.164,46.185],[5.175,46.096],[5.109,46.098],[5.066,46.135],[4.927,46.154],[4.931,46.197],[4.816,46.25],[4.822,46.292],[4.853,46.318],[4.879,46.364],[4.878,46.399],[4.901,46.426],[4.918,46.489],[4.937,46.509],[5.111,46.497],[5.2,46.5],[5.223,46.465],[5.264,46.449],[5.317,46.449],[5.318,46.431],[5.302,46.423],[5.296,46.408],[5.301,46.401],[5.295,46.384],[5.307,46.376],[5.308,46.373],[5.416,46.524],[5.646,46.457],[5.725,46.48],[5.74,46.598],[5.626,46.649],[5.646,46.85],[5.757,46.887],[5.794,46.997],[5.667,47.108],[5.737,47.234],[5.779,47.359],[5.793,47.512],[5.918,47.595],[5.82,47.735],[5.96,47.804],[5.96,47.883],[5.933,47.869],[5.862,47.861],[5.815,47.879],[5.815,47.904],[5.877,47.903],[5.887,47.949],[5.867,47.955],[5.856,47.981],[5.841,47.958],[5.788,47.96],[5.827,48.037],[5.749,48.037],[5.729,48.058],[5.613,48.059],[5.545,48.122],[5.497,48.123],[5.457,48.168],[5.464,48.188],[5.501,48.199],[5.492,48.219],[5.538,48.244],[5.548,48.276],[5.523,48.293],[5.517,48.32],[5.533,48.365],[5.599,48.388],[5.634,48.373],[5.614,48.33],[5.694,48.329],[5.685,48.29],[5.647,48.256],[5.648,48.234],[5.705,48.235],[5.717,48.202],[5.756,48.183],[5.773,48.197],[5.742,48.216],[5.724,48.258],[5.741,48.265],[5.843,48.262],[5.842,48.241],[5.896,48.238],[5.901,48.208],[5.873,48.217],[5.853,48.2],[5.896,48.189],[5.901,48.164],[5.863,48.153],[5.854,48.126],[5.922,48.12],[5.934,48.094],[5.974,48.096],[5.98,48.071],[5.939,48.073],[5.93,48.053],[5.944,48.023],[5.907,48.004],[5.921,47.973],[5.901,47.927],[5.96,47.904],[5.96,47.985],[6.057,47.957],[6.099,48.027],[6.252,47.957],[6.238,48.291],[5.946,48.347],[6.015,48.653],[5.847,48.769],[5.841,48.757],[5.83,48.765],[5.785,48.734],[5.725,48.733],[5.583,48.687],[5.552,48.649],[5.567,48.605],[5.553,48.579],[5.612,48.546],[5.629,48.564],[5.65,48.554],[5.639,48.542],[5.668,48.515],[5.648,48.474],[5.602,48.459],[5.57,48.472],[5.588,48.483],[5.577,48.492],[5.509,48.488],[5.484,48.46],[5.517,48.444],[5.519,48.425],[5.473,48.44],[5.412,48.399],[5.383,48.429],[5.443,48.482],[5.439,48.534],[5.402,48.548],[5.476,48.612],[5.428,48.636],[5.329,48.622],[5.31,48.605],[5.353,48.574],[5.355,48.553],[5.317,48.51],[5.182,48.534],[5.195,48.565],[5.159,48.571],[5.123,48.601],[5.091,48.609],[5.028,48.558],[4.993,48.6],[5.019,48.68],[5.007,48.703],[5.025,48.723],[4.978,48.775],[4.904,48.796],[4.939,48.869],[4.924,48.912],[4.965,48.934],[5.109,48.95],[5.124,48.964],[5.089,48.994],[5.094,49.007],[5.153,49.022],[5.15,49.036],[5.137,49.053],[5.075,49.037],[5.043,49.048],[5.042,49.071],[4.985,49.154],[4.867,49.162],[4.822,49.23],[4.866,49.26],[4.922,49.271],[4.956,49.252],[5.051,49.283],[5.145,49.231],[5.18,49.239],[5.182,49.267],[5.282,49.288],[5.322,49.244],[5.304,49.22],[5.236,49.203],[5.239,49.184],[5.311,49.162],[5.308,49.144],[5.268,49.16],[5.229,49.143],[5.212,49.108],[5.166,49.101],[5.197,49.079],[5.254,49.083],[5.282,49.056],[5.313,49.059],[5.301,49.08],[5.321,49.106],[5.369,49.114],[5.416,49.064],[5.376,49.05],[5.35,49.068],[5.311,49.028],[5.359,48.997],[5.334,48.97],[5.392,48.936],[5.466,48.931],[5.449,48.963],[5.464,48.986],[5.423,49.021],[5.438,49.031],[5.571,49.037],[5.587,49.026],[5.68,49.056],[5.657,49.108],[5.58,49.111],[5.58,49.131],[5.646,49.122],[5.65,49.123],[5.624,49.182],[5.598,49.193],[5.598,49.216],[5.635,49.239],[5.644,49.262],[5.619,49.302],[5.648,49.312],[5.655,49.333],[5.637,49.348],[5.641,49.368],[5.555,49.397],[5.568,49.42],[5.5,49.409],[5.501,49.408],[5.477,49.387],[5.447,49.404],[5.416,49.4],[5.429,49.416],[5.387,49.399],[5.297,49.43],[5.381,49.391],[5.331,49.362],[5.38,49.355],[5.43,49.369],[5.495,49.335],[5.514,49.297],[5.474,49.285],[5.425,49.298],[5.406,49.276],[5.319,49.323],[5.31,49.358],[5.276,49.366],[5.202,49.335],[5.181,49.373],[5.084,49.404],[5.112,49.419],[5.107,49.462],[5.093,49.46],[5.058,49.504],[5.1,49.538],[5.209,49.575],[5.234,49.568],[5.164,49.593],[5.144,49.617],[5.097,49.621],[5.087,49.644],[5.11,49.681],[5.097,49.697],[5.072,49.696],[5.078,49.717],[5.112,49.733],[5.128,49.713],[5.159,49.717],[5.172,49.693],[5.243,49.686],[5.283,49.689],[5.293,49.709],[5.275,49.712],[5.276,49.709],[5.263,49.706],[5.261,49.714],[4.836,49.787],[4.853,49.753],[4.783,49.773],[4.782,49.796],[4.255,49.887],[3.82,50.039],[3.483,49.92],[2.907,49.943],[2.677,50.151],[2.401,50.197],[2.148,50.059],[1.987,50.082],[1.987,50.22],[1.826,50.243],[1.796,50.921],[1.589,50.822],[1.528,50.578],[1.552,50.229],[1.416,50.11],[1.275,50.004],[0.529,49.826],[0.189,49.681],[0.115,49.602],[0.09,49.511],[0.331,49.455],[0.033,49.334],[-0.239,49.285],[-0.465,49.351],[-1.023,49.398],[-1.177,49.333],[-1.289,49.521],[-1.251,49.7],[-1.524,49.653],[-1.941,49.709],[-1.892,49.526],[-1.639,49.22],[-1.58,49.229],[-1.563,49.036],[-1.588,48.881],[-1.576,48.768],[-1.457,48.684],[-1.591,48.638],[-1.858,48.608],[-1.871,48.712],[-2.076,48.656],[-1.999,48.677],[-1.752,48.178],[-2.01,47.746],[-2.576,47.324]],[[5.4,49.226],[5.406,49.238],[5.516,49.235],[5.416,49.216],[5.4,49.226]],[[5.436,49.078],[5.473,49.126],[5.453,49.147],[5.464,49.162],[5.562,49.179],[5.545,49.167],[5.554,49.14],[5.501,49.126],[5.523,49.108],[5.519,49.092],[5.444,49.056],[5.436,49.078]],[[5.58,47.944],[5.589,47.97],[5.602,47.966],[5.592,47.939],[5.58,47.944]],[[5.597,47.988],[5.624,48.001],[5.694,47.987],[5.597,47.988]],[[5.745,48.66],[5.755,48.697],[5.786,48.714],[5.808,48.712],[5.811,48.699],[5.811,48.653],[5.846,48.646],[5.759,48.62],[5.745,48.66]],[[5.817,48.698],[5.872,48.706],[5.855,48.688],[5.817,48.698]]],[[[5.343,49.485],[5.387,49.451],[5.41,49.449],[5.343,49.485]]],[[[5.479,49.468],[5.505,49.457],[5.516,49.462],[5.479,49.468]]],[[[5.82,48.774],[5.838,48.775],[5.834,48.778],[5.862,48.799],[5.83,48.813],[5.82,48.774]]]]}},{"type":"Feature","properties":{"NAME":"Granada","ABBREVN":"Granada","SUBJECTO":"Granada","BORDERPRECISION":1,"PARTOF":"Granada"},"geometry":{"type":"Polygon","coordinates":[[[-6.632,37.022],[-6.422,36.792],[-6.5,36.719],[-6.444,36.623],[-6.289,36.572],[-6.305,36.454],[-6.204,36.282],[-5.85,36.072],[-5.661,36.008],[-5.485,36.065],[-5.488,36.174],[-5.457,36.167],[-5.424,36.072],[-5.387,36.11],[-5.374,36.237],[-5.217,36.41],[-4.757,36.486],[-4.447,36.722],[-2.97,36.741],[-2.915,36.69],[-2.761,36.69],[-2.624,36.811],[-3.964,37.456],[-5.201,37.533],[-6.632,37.022]]]}},{"type":"Feature","properties":{"NAME":"Castile","ABBREVN":"Castile","SUBJECTO":"Castile","BORDERPRECISION":1,"PARTOF":"Castile"},"geometry":{"type":"Polygon","coordinates":[[[-9.271,43.049],[-9.247,42.901],[-9.173,42.856],[-8.942,42.824],[-8.644,42.42],[-8.799,42.195],[-8.86,42.015],[-8.806,41.889],[-8.405,42.002],[-8.157,42.087],[-7.919,41.889],[-7.098,41.868],[-6.86,41.985],[-6.709,41.96],[-6.586,41.858],[-6.518,41.749],[-6.139,41.526],[-6.112,41.417],[-6.241,41.32],[-6.797,41.093],[-6.834,41.061],[-6.857,40.862],[-6.825,40.657],[-6.884,40.214],[-6.859,39.792],[-6.878,39.702],[-7.084,39.599],[-7.301,39.579],[-7.431,39.521],[-7.211,39.298],[-6.933,38.961],[-7.089,38.795],[-7.317,38.5],[-7.394,38.295],[-7.028,38.24],[-6.845,38.1],[-7.243,37.811],[-7.351,37.644],[-7.492,37.208],[-7.228,37.226],[-6.948,37.149],[-6.632,37.022],[-5.201,37.533],[-3.964,37.456],[-2.624,36.811],[-2.355,36.824],[-2.239,36.728],[-1.94,36.952],[-2.149,37.233],[-1.921,37.651],[-2.035,37.842],[-1.883,37.956],[-1.655,37.918],[-1.655,38.184],[-1.807,38.26],[-1.807,38.526],[-2.035,38.602],[-2.035,39.249],[-1.807,39.173],[-1.807,39.477],[-1.997,39.591],[-1.997,39.743],[-1.807,39.858],[-1.997,39.972],[-1.997,40.086],[-2.301,40.238],[-2.301,40.39],[-1.921,40.618],[-2.035,41.227],[-2.301,41.265],[-2.301,41.493],[-2.149,41.493],[-2.13,41.817],[-2.259,41.828],[-2.318,42.066],[-2.08,42.066],[-2.199,42.244],[-2.675,42.423],[-2.556,43.076],[-2.14,43.136],[-2.143,43.331],[-2.367,43.326],[-2.768,43.538],[-3.007,43.55],[-3.196,43.447],[-3.417,43.376],[-3.848,43.439],[-4.802,43.469],[-5.225,43.507],[-5.537,43.577],[-5.82,43.706],[-5.98,43.705],[-6.468,43.563],[-6.808,43.523],[-7.151,43.555],[-7.636,43.721],[-7.98,43.74],[-8.22,43.617],[-8.251,43.43],[-8.31,43.353],[-8.849,43.326],[-9.014,43.281],[-9.197,43.158],[-9.271,43.049]]]}},{"type":"Feature","properties":{"NAME":"Mamluke Sultanate","ABBREVN":"Mamluke","SUBJECTO":"Mamluke Sultanate","BORDERPRECISION":1,"PARTOF":"Mamluke Sultanate"},"geometry":{"type":"Polygon","coordinates":[[[35.526,34],[37.559,34],[38.036,34.597],[38.372,35.141],[35.814,36.298],[35.709,36.212],[35.665,36.134],[35.719,36.092],[35.856,35.835],[35.74,35.69],[35.691,35.685],[35.733,35.585],[35.68,35.528],[35.664,35.459],[35.607,35.418],[35.796,35.271],[35.841,35.043],[35.809,35.014],[35.751,34.747],[35.852,34.493],[35.873,34.422],[35.821,34.344],[35.716,34.312],[35.532,34.119],[35.526,34]]]}},{"type":"Feature","properties":{"NAME":"Hafsid Caliphate","ABBREVN":"Hafsid Cal.","SUBJECTO":"Hafsid Caliphate","BORDERPRECISION":1,"PARTOF":"Hafsid Caliphate"},"geometry":{"type":"Polygon","coordinates":[[[-2.193,35.054],[-2.077,34.826],[-1.823,34.7],[-1.738,34.605],[-1.664,34.205],[-1.669,34],[10.071,34],[10.019,34.081],[10.116,34.234],[10.574,34.648],[10.839,34.801],[11.083,35.145],[11.125,35.241],[10.989,35.622],[10.831,35.679],[10.603,35.889],[10.511,36.086],[10.509,36.214],[10.633,36.424],[10.92,36.654],[11.039,36.909],[11.024,37.068],[10.843,36.991],[10.581,36.793],[10.393,36.717],[10.272,36.755],[10.159,36.996],[10.133,37.105],[10.021,37.2],[9.732,37.282],[9.416,37.275],[9.15,37.173],[8.866,36.968],[8.637,36.885],[7.913,36.775],[7.792,36.832],[7.719,36.953],[7.545,37.042],[7.307,37.061],[7.063,36.882],[6.923,36.818],[6.771,36.862],[6.323,37.091],[6.047,36.842],[5.73,36.752],[5.383,36.675],[5.144,36.668],[4.777,36.743],[4.632,36.794],[4.395,36.838],[4.164,36.831],[3.741,36.837],[3.587,36.792],[3.324,36.651],[3.07,36.619],[2.81,36.714],[2.524,36.573],[2.294,36.541],[1.58,36.514],[1.058,36.462],[0.781,36.385],[0.474,36.225],[0.199,36.033],[0.015,35.804],[-0.092,35.74],[-0.283,35.758],[-0.429,35.86],[-0.917,35.668],[-1.147,35.629],[-1.329,35.489],[-1.495,35.234],[-1.738,35.119],[-2.035,35.055],[-2.193,35.054]]]}},{"type":"Feature","properties":{"NAME":"Trebizond","ABBREVN":"Trebizond","SUBJECTO":"Trebizond","BORDERPRECISION":1,"PARTOF":"Trebizond"},"geometry":{"type":"Polygon","coordinates":[[[37.253,41.028],[37.766,40.29],[38.811,40.151],[40.204,40.36],[40.762,40.569],[41.484,41.437],[41.293,41.286],[40.61,41.028],[40.361,40.963],[40.007,40.956],[39.663,41],[39.37,41.064],[39.139,41.044],[38.651,40.922],[38.314,40.921],[37.822,41.01],[37.253,41.028]]]}},{"type":"Feature","properties":{"NAME":"Georgia","ABBREVN":"Georgia","SUBJECTO":"Georgia","BORDERPRECISION":1,"PARTOF":"Georgia"},"geometry":{"type":"Polygon","coordinates":[[[41.123,43.019],[41.41,42.788],[41.503,42.608],[41.652,42.121],[41.68,41.793],[41.666,41.729],[41.521,41.466],[41.484,41.437],[44.454,42.032],[45.26,42.439],[43.546,42.835],[41.123,43.019]]]}},{"type":"Feature","properties":{"NAME":"Principality of Wallachia","ABBREVN":"Principality of Wallachia","SUBJECTO":"Principality of Wallachia","BORDERPRECISION":1,"PARTOF":"Principality of Wallachia"},"geometry":{"type":"Polygon","coordinates":[[[22.469,44.381],[22.926,44.185],[22.926,43.793],[23.513,44.055],[24.232,43.793],[24.624,43.989],[25.473,43.728],[26.452,44.25],[27.954,44.25],[28.085,44.577],[27.824,44.838],[28.004,45.281],[26.987,46.106],[26.517,45.818],[23.056,45.034],[22.664,44.642],[22.469,44.381]]]}},{"type":"Feature","properties":{"NAME":"Scotland","ABBREVN":"Scotland","SUBJECTO":"Scotland","BORDERPRECISION":1,"PARTOF":"Scotland"},"geometry":{"type":"MultiPolygon","coordinates":[[[[-6.044,56.475],[-5.822,56.4],[-5.645,56.516],[-5.547,56.652],[-5.458,56.632],[-5.271,56.544],[-5.3,56.429],[-5.497,56.177],[-5.633,55.94],[-5.57,55.751],[-5.334,55.88],[-5.135,55.893],[-4.848,56.097],[-4.711,56.131],[-4.623,55.908],[-4.758,55.82],[-4.895,55.772],[-4.908,55.664],[-4.771,55.488],[-4.638,55.428],[-4.91,55.11],[-5.067,54.948],[-5.111,54.794],[-4.903,54.734],[-4.6,54.688],[-4.5,54.775],[-4.461,54.862],[-4.122,54.762],[-3.908,54.79],[-3.577,54.924],[-3.309,54.885],[-3.153,54.838],[-2.245,55.811],[-2.54,55.885],[-2.742,55.957],[-2.928,55.946],[-3.161,55.846],[-3.356,55.843],[-3.577,55.885],[-3.713,55.885],[-3.895,55.985],[-3.294,55.974],[-3.17,56.062],[-2.895,56.086],[-2.773,56.171],[-2.721,56.178],[-2.949,56.253],[-3.152,56.337],[-2.981,56.354],[-2.667,56.471],[-2.515,56.667],[-2.413,56.717],[-2.159,57.014],[-2.203,57.065],[-2.108,57.21],[-1.945,57.402],[-2.15,57.572],[-2.854,57.543],[-3.093,57.577],[-3.401,57.576],[-3.796,57.542],[-4.148,57.555],[-4.249,57.636],[-4.15,57.835],[-3.943,57.958],[-3.166,58.275],[-3.028,58.406],[-3.165,58.522],[-3.441,58.529],[-3.831,58.507],[-4.139,58.445],[-4.51,58.403],[-4.926,58.567],[-5.113,58.395],[-4.907,58.169],[-5.346,58.093],[-5.056,57.751],[-5.23,57.71],[-5.568,57.777],[-5.763,57.62],[-5.461,57.388],[-5.562,57.299],[-5.726,57.258],[-5.625,56.999],[-5.666,56.938],[-5.909,56.733],[-6.044,56.475]]],[[[-5.756,55.477],[-5.698,55.331],[-5.62,55.33],[-5.482,55.443],[-5.518,55.668],[-5.689,55.628],[-5.756,55.477]]]]}},{"type":"Feature","properties":{"NAME":"English territory","ABBREVN":"English territory","SUBJECTO":"England","BORDERPRECISION":1,"PARTOF":"England"},"geometry":{"type":"MultiPolygon","coordinates":[[[[-10.497,52.102],[-9.964,52.092],[-10.294,51.978],[-10.217,51.758],[-9.835,51.803],[-9.795,51.605],[-9.819,51.435],[-9.243,51.473],[-8.848,51.6],[-8.565,51.615],[-8.159,51.84],[-7.862,51.968],[-7.751,52.033],[-7.372,52.092],[-6.973,52.11],[-6.978,52.113],[-6.958,52.145],[-6.919,52.178],[-6.937,52.192],[-6.956,52.231],[-6.986,52.251],[-6.985,52.275],[-7.007,52.277],[-7.039,52.257],[-7.085,52.253],[-7.169,52.28],[-7.197,52.252],[-7.219,52.245],[-7.239,52.262],[-7.277,52.276],[-7.285,52.298],[-7.307,52.321],[-7.363,52.34],[-7.388,52.357],[-7.397,52.367],[-7.384,52.419],[-7.426,52.455],[-7.464,52.471],[-7.421,52.51],[-7.427,52.519],[-7.451,52.507],[-7.462,52.52],[-7.452,52.575],[-7.48,52.601],[-7.475,52.612],[-7.514,52.648],[-7.548,52.701],[-7.647,52.735],[-7.698,52.827],[-7.734,52.853],[-7.721,52.873],[-7.725,52.884],[-7.662,52.93],[-7.7,52.937],[-7.732,52.956],[-7.708,52.98],[-7.707,53.009],[-7.685,53.031],[-7.659,53.041],[-7.65,53.055],[-7.609,53.075],[-7.589,53.104],[-7.643,53.149],[-7.623,53.171],[-7.583,53.17],[-7.542,53.181],[-7.506,53.3],[-7.423,53.334],[-7.403,53.33],[-7.368,53.341],[-7.346,53.362],[-7.28,53.392],[-7.28,53.4],[-7.218,53.405],[-7.209,53.422],[-7.195,53.424],[-7.142,53.404],[-7.143,53.397],[-7.086,53.38],[-7.071,53.397],[-7.032,53.411],[-7.006,53.438],[-6.962,53.453],[-6.923,53.44],[-6.913,53.424],[-6.88,53.414],[-6.79,53.417],[-6.78,53.426],[-6.743,53.427],[-6.659,53.398],[-6.6,53.398],[-6.553,53.381],[-6.5,53.375],[-6.487,53.363],[-6.458,53.357],[-6.423,53.369],[-6.405,53.36],[-6.364,53.36],[-6.333,53.345],[-6.251,53.348],[-6.148,53.338],[-6.172,53.439],[-6.335,53.786],[-6.443,53.899],[-6.343,53.94],[-6.072,53.974],[-5.912,54.027],[-5.731,54.175],[-5.662,54.322],[-5.8,54.523],[-5.764,54.657],[-5.785,54.737],[-6.018,55.093],[-6.117,55.16],[-6.279,55.14],[-6.454,55.187],[-6.645,55.206],[-6.997,55.172],[-7.225,55.104],[-7.498,55.05],[-7.657,55.117],[-7.756,55.253],[-8.118,55.177],[-8.345,55.095],[-8.476,54.88],[-8.504,54.75],[-8.76,54.701],[-8.829,54.634],[-8.211,54.634],[-8.301,54.489],[-8.687,54.364],[-8.59,54.203],[-9.086,54.258],[-9.323,54.275],[-9.474,54.241],[-9.892,54.326],[-10.16,54.133],[-10.179,53.912],[-9.913,53.97],[-9.696,53.873],[-9.872,53.768],[-9.81,53.632],[-10.151,53.576],[-10.021,53.512],[-10.16,53.374],[-9.885,53.297],[-9.803,53.345],[-9.617,53.346],[-9.441,53.266],[-9.297,53.28],[-9.158,53.221],[-9.002,53.3],[-8.924,53.161],[-8.997,53.12],[-9.309,53.115],[-9.526,52.905],[-9.442,52.833],[-9.616,52.637],[-9.134,52.681],[-9.193,52.554],[-9.504,52.541],[-9.736,52.48],[-9.784,52.341],[-9.802,52.241],[-9.891,52.194],[-10.469,52.207],[-10.497,52.102]]],[[[-6.092,52.747],[-6.071,52.767],[-6.059,52.822],[-6.063,52.82],[-6.087,52.79],[-6.092,52.747]]],[[[-5.778,50.134],[-5.429,50.068],[-5.282,49.964],[-4.967,50.212],[-4.541,50.358],[-4.303,50.324],[-4.243,50.391],[-4.004,50.314],[-3.882,50.2],[-3.715,50.219],[-3.563,50.361],[-3.521,50.617],[-3.111,50.657],[-2.961,50.722],[-2.551,50.57],[-2.432,50.646],[-2.024,50.57],[-2.085,50.703],[-1.373,50.766],[-1.103,50.817],[-0.839,50.722],[-0.336,50.817],[0.192,50.731],[0.673,50.931],[0.888,50.893],[0.886,50.982],[1.335,51.121],[1.365,51.353],[1.189,51.405],[1.03,51.359],[0.804,51.378],[0.254,51.454],[0.686,51.56],[1.031,51.813],[1.512,52.026],[1.657,52.212],[1.692,52.311],[1.586,52.65],[1.376,52.809],[1.013,52.888],[0.742,52.901],[0.505,52.848],[0.327,52.707],[0.006,52.787],[0.251,53.04],[0.268,53.127],[0.175,53.293],[0.081,53.386],[-0.319,53.579],[-0.235,53.799],[-0.296,54.033],[-0.605,54.3],[-0.871,54.547],[-1.192,54.595],[-1.389,54.68],[-1.556,54.922],[-1.696,55.273],[-1.666,55.38],[-1.719,55.454],[-1.942,55.556],[-2.245,55.811],[-3.153,54.838],[-3.43,54.643],[-3.569,54.415],[-3.479,54.275],[-3.261,54.141],[-2.886,54.169],[-2.865,54.028],[-2.98,53.821],[-3.057,53.514],[-2.914,53.267],[-3.33,53.233],[-3.957,53.205],[-4.318,53.091],[-4.492,52.991],[-4.621,52.831],[-4.468,52.811],[-4.148,52.832],[-4.094,52.746],[-4.124,52.373],[-4.295,52.2],[-4.619,52.094],[-5.061,52.006],[-5.249,51.86],[-5.179,51.787],[-4.999,51.702],[-4.159,51.677],[-3.499,51.46],[-3.173,51.467],[-2.75,51.644],[-2.895,51.394],[-3.033,51.33],[-3.066,51.178],[-3.483,51.181],[-3.825,51.235],[-4.281,51.187],[-4.277,51.064],[-4.443,50.969],[-4.552,50.997],[-4.605,50.779],[-4.815,50.604],[-5.017,50.561],[-5.238,50.346],[-5.778,50.134]]],[[[-1.915,43.305],[-1.702,43.196],[-1.491,43.21],[-1.466,43.155],[-1.558,43.045],[-1.515,42.998],[-1.448,42.984],[-1.397,43.032],[-0.907,42.881],[-0.84,42.909],[-0.612,42.731],[-0.587,42.765],[-0.469,42.751],[-0.41,42.786],[1.638,45.801],[1.638,46.033],[1.29,46.303],[0.363,46.303],[0.131,46.033],[-0.719,46.033],[-1.256,46.307],[-1.166,46.184],[-1.075,46.015],[-1.237,45.8],[-1.247,45.688],[-0.855,45.321],[-0.728,45.019],[-0.814,45.122],[-0.9,45.294],[-1.123,45.432],[-1.175,45.501],[-1.276,45.129],[-1.332,44.614],[-1.23,44.73],[-1.136,44.6],[-1.314,44.559],[-1.561,43.524],[-1.746,43.36],[-1.915,43.305]]]]}},{"type":"Feature","properties":{"NAME":"Holy Roman Empire","ABBREVN":"Holy Roman E","SUBJECTO":"Holy Roman Empire","BORDERPRECISION":1,"PARTOF":"Holy Roman Empire"},"geometry":{"type":"MultiPolygon","coordinates":[[[[1.796,50.921],[1.826,50.243],[1.987,50.22],[1.987,50.082],[2.148,50.059],[2.401,50.197],[2.677,50.151],[2.907,49.943],[3.483,49.92],[3.82,50.039],[4.255,49.887],[4.782,49.796],[4.782,49.807],[4.815,49.849],[4.831,49.849],[4.813,49.824],[4.836,49.788],[4.836,49.787],[5.261,49.714],[5.257,49.729],[5.226,49.733],[5.218,49.8],[5.199,49.807],[5.18,49.79],[5.164,49.83],[5.208,49.858],[5.207,49.831],[5.258,49.82],[5.298,49.869],[5.375,49.886],[5.367,49.893],[5.32,49.887],[5.316,49.914],[5.251,49.913],[5.217,49.952],[5.172,49.936],[5.158,49.957],[5.122,49.962],[5.135,49.985],[5.123,49.984],[5.1,49.968],[5.099,49.936],[5.114,49.92],[5.073,49.912],[5.047,49.89],[5.055,49.882],[5.008,49.89],[5.002,49.889],[4.997,49.888],[4.951,49.879],[4.95,49.856],[4.971,49.845],[4.933,49.822],[4.911,49.844],[4.918,49.855],[4.902,49.842],[4.857,49.846],[4.853,49.865],[4.89,49.909],[4.85,49.946],[4.8,49.957],[4.797,49.983],[4.821,50.01],[4.852,49.995],[4.916,50.026],[4.901,49.978],[4.956,49.963],[4.997,49.998],[4.991,50.016],[5.013,49.997],[4.993,50.03],[4.938,50.018],[4.962,50.04],[4.959,50.065],[5.014,50.072],[5.035,50.053],[5.065,50.093],[5.133,50.098],[5.194,50.042],[5.211,50.042],[5.196,50.106],[5.243,50.054],[5.272,50.069],[5.29,50.099],[5.245,50.13],[5.251,50.14],[5.296,50.147],[5.335,50.123],[5.344,50.154],[5.267,50.16],[5.249,50.18],[5.216,50.18],[5.197,50.211],[5.24,50.201],[5.228,50.227],[5.258,50.229],[5.257,50.24],[5.294,50.239],[5.299,50.256],[5.322,50.249],[5.35,50.266],[5.373,50.244],[5.436,50.282],[5.406,50.316],[5.366,50.32],[5.285,50.27],[5.296,50.278],[5.269,50.29],[5.284,50.304],[5.275,50.313],[5.291,50.314],[5.283,50.324],[5.332,50.308],[5.387,50.34],[5.369,50.342],[5.398,50.364],[5.392,50.382],[5.428,50.402],[5.513,50.425],[5.513,50.424],[5.536,50.448],[5.487,50.467],[5.482,50.487],[5.525,50.493],[5.53,50.503],[5.591,50.511],[5.631,50.489],[5.641,50.495],[5.629,50.466],[5.652,50.486],[5.642,50.496],[5.652,50.501],[5.662,50.495],[5.663,50.496],[5.669,50.474],[5.739,50.493],[5.704,50.497],[5.676,50.527],[5.716,50.543],[5.741,50.574],[5.766,50.573],[5.774,50.563],[5.752,50.541],[5.759,50.491],[5.754,50.492],[5.8,50.444],[5.757,50.444],[5.836,50.438],[6.059,50.522],[6.097,50.513],[6.152,50.461],[6.091,50.534],[6.139,50.553],[6.218,50.525],[6.282,50.458],[6.383,50.535],[6.459,50.527],[6.487,50.544],[6.552,50.546],[6.564,50.518],[6.546,50.492],[6.48,50.476],[6.46,50.495],[6.437,50.492],[6.424,50.475],[6.362,50.468],[6.374,50.422],[6.406,50.434],[6.421,50.42],[6.452,50.426],[6.49,50.447],[6.541,50.406],[6.572,50.408],[6.58,50.391],[6.554,50.368],[6.529,50.369],[6.485,50.338],[6.509,50.347],[6.502,50.322],[6.421,50.313],[6.389,50.372],[6.399,50.378],[6.369,50.41],[6.276,50.358],[6.265,50.325],[6.279,50.306],[6.266,50.312],[6.25,50.286],[6.212,50.278],[6.207,50.249],[6.173,50.219],[6.237,50.184],[6.255,50.196],[6.307,50.19],[6.322,50.205],[6.409,50.175],[6.417,50.162],[6.404,50.155],[6.429,50.104],[6.389,50.091],[6.397,50.069],[6.479,50.03],[6.483,50.054],[6.502,50.062],[6.529,50.042],[6.543,50.101],[6.564,50.107],[6.605,50.049],[6.55,50.042],[6.558,50.026],[6.627,50.018],[6.643,50.031],[6.614,50.076],[6.632,50.115],[6.596,50.116],[6.608,50.141],[6.618,50.127],[6.648,50.129],[6.676,50.107],[6.663,50.095],[6.695,50.086],[6.764,50.115],[6.808,50.066],[6.755,50.061],[6.758,50.031],[6.67,49.997],[6.675,49.96],[6.712,49.94],[6.802,49.952],[6.835,49.924],[6.802,49.894],[6.723,49.882],[6.69,49.857],[6.646,49.859],[6.62,49.884],[6.606,49.877],[6.604,49.899],[6.543,49.904],[6.553,49.885],[6.492,49.848],[6.498,49.835],[6.527,49.842],[6.548,49.829],[6.535,49.815],[6.557,49.803],[6.527,49.769],[6.567,49.748],[6.56,49.692],[6.51,49.688],[6.5,49.658],[6.444,49.662],[6.438,49.644],[6.495,49.646],[6.427,49.626],[6.486,49.629],[6.52,49.601],[6.481,49.594],[6.471,49.562],[6.453,49.566],[6.471,49.584],[6.465,49.604],[6.436,49.599],[6.443,49.59],[6.431,49.593],[6.435,49.599],[6.399,49.594],[6.406,49.568],[6.357,49.572],[6.422,49.549],[6.4,49.543],[6.413,49.537],[6.403,49.512],[6.439,49.51],[6.453,49.49],[6.426,49.476],[6.388,49.493],[6.368,49.482],[6.365,49.46],[6.317,49.464],[6.33,49.45],[6.315,49.422],[6.286,49.418],[6.321,49.397],[6.31,49.379],[6.323,49.362],[6.3,49.353],[6.362,49.357],[6.393,49.333],[6.262,49.305],[6.304,49.279],[6.321,49.286],[6.338,49.264],[6.267,49.254],[6.247,49.271],[6.24,49.254],[6.223,49.256],[6.229,49.266],[6.137,49.249],[6.132,49.24],[6.136,49.24],[6.139,49.222],[6.119,49.22],[6.131,49.205],[6.122,49.198],[6.144,49.165],[6.12,49.162],[6.125,49.148],[6.086,49.148],[6.064,49.16],[6.068,49.179],[5.989,49.155],[5.968,49.109],[6.01,49.105],[5.935,49.088],[5.944,49.072],[6.005,49.084],[6.03,49.053],[6.074,49.057],[6.088,49.04],[6.064,48.999],[6.077,48.956],[6.089,48.942],[6.13,48.946],[6.166,48.913],[6.126,48.898],[6.144,48.889],[6.122,48.881],[6.085,48.892],[6.065,48.874],[6.082,48.875],[6.029,48.848],[6.008,48.775],[5.98,48.781],[5.951,48.753],[5.904,48.768],[5.911,48.758],[5.88,48.752],[5.865,48.775],[5.886,48.788],[5.862,48.799],[5.834,48.778],[5.838,48.775],[5.85,48.776],[5.847,48.769],[6.015,48.653],[5.946,48.347],[6.238,48.291],[6.252,47.957],[6.099,48.027],[6.057,47.957],[5.96,47.985],[5.96,47.904],[5.984,47.895],[5.96,47.883],[5.96,47.804],[5.82,47.735],[5.918,47.595],[5.793,47.512],[5.779,47.359],[5.737,47.234],[5.667,47.108],[5.794,46.997],[5.757,46.887],[5.646,46.85],[5.626,46.649],[5.74,46.598],[5.725,46.48],[5.646,46.457],[5.416,46.524],[5.308,46.373],[5.314,46.355],[5.359,46.355],[5.392,46.345],[5.403,46.332],[5.394,46.283],[5.404,46.264],[5.425,46.249],[5.443,46.265],[5.453,46.297],[5.467,46.297],[5.474,46.314],[5.513,46.318],[5.546,46.332],[5.579,46.33],[5.587,46.318],[5.605,46.316],[5.644,46.346],[5.685,46.314],[5.715,46.309],[5.723,46.294],[5.715,46.283],[5.727,46.261],[5.759,46.268],[5.823,46.262],[5.864,46.271],[5.871,46.265],[5.895,46.286],[5.908,46.285],[5.926,46.314],[5.942,46.31],[5.984,46.363],[6.024,46.384],[6.061,46.418],[6.052,46.456],[6.106,46.475],[6.122,46.493],[6.133,46.517],[6.16,46.543],[6.111,46.576],[6.228,46.648],[6.279,46.69],[6.372,46.724],[6.37,46.73],[6.385,46.732],[6.395,46.748],[6.43,46.756],[6.452,46.774],[6.541,46.788],[6.568,46.78],[6.586,46.766],[6.6,46.737],[6.631,46.726],[6.633,46.746],[6.604,46.777],[6.616,46.79],[6.674,46.781],[6.796,46.829],[6.919,46.934],[7.033,46.856],[7.002,46.822],[6.967,46.814],[6.958,46.785],[6.969,46.766],[6.951,46.756],[6.869,46.754],[6.839,46.743],[6.819,46.72],[6.825,46.701],[6.855,46.689],[6.904,46.691],[6.95,46.711],[6.983,46.736],[7.03,46.727],[7.066,46.709],[7.193,46.725],[7.25,46.72],[7.306,46.732],[7.347,46.724],[7.374,46.709],[7.386,46.686],[7.34,46.643],[7.331,46.619],[7.289,46.629],[7.25,46.66],[7.193,46.681],[7.152,46.684],[7.121,46.674],[7.081,46.637],[7.053,46.628],[7.013,46.628],[6.956,46.588],[6.932,46.588],[6.906,46.575],[6.829,46.581],[6.777,46.554],[6.737,46.544],[6.662,46.549],[6.601,46.562],[6.571,46.555],[6.567,46.458],[6.675,46.453],[6.821,46.427],[6.864,46.393],[6.866,46.377],[6.89,46.366],[6.892,46.349],[6.919,46.34],[6.947,46.306],[6.958,46.279],[6.998,46.254],[6.981,46.245],[6.959,46.212],[6.984,46.174],[6.982,46.123],[6.948,46.101],[6.933,46.074],[6.984,46.006],[7.008,45.999],[7.024,45.978],[7.011,45.967],[7.035,45.956],[7.043,45.923],[7.063,45.911],[7.064,45.9],[7.104,45.859],[7.118,45.859],[7.157,45.879],[7.173,45.864],[7.195,45.86],[7.202,45.876],[7.22,45.889],[7.259,45.891],[7.294,45.922],[7.324,45.91],[7.344,45.915],[7.386,45.897],[7.445,45.932],[7.475,45.937],[7.474,45.949],[7.499,45.962],[7.54,45.956],[7.547,45.985],[7.567,45.987],[7.579,45.986],[7.589,45.971],[7.666,45.974],[7.681,45.957],[7.71,45.948],[7.721,45.923],[7.735,45.924],[7.751,45.94],[7.797,45.919],[7.822,45.927],[7.86,45.92],[7.868,45.905],[7.87,45.885],[7.88,45.975],[7.909,45.997],[7.989,45.996],[8.034,46.044],[8.023,46.072],[8.039,46.1],[8.11,46.113],[8.151,46.143],[8.165,46.183],[8.084,46.261],[8.091,46.268],[8.141,46.302],[8.202,46.304],[8.229,46.337],[8.263,46.346],[8.269,46.366],[8.313,46.377],[8.316,46.398],[8.292,46.409],[8.299,46.417],[8.385,46.452],[8.392,46.495],[8.442,46.494],[8.482,46.531],[8.519,46.539],[8.512,46.559],[8.54,46.586],[8.628,46.577],[8.631,46.565],[8.679,46.579],[8.834,46.562],[8.899,46.582],[8.918,46.595],[8.909,46.617],[8.957,46.631],[8.972,46.603],[9.007,46.611],[9.034,46.597],[9.017,46.532],[9.025,46.509],[9.061,46.476],[9.085,46.476],[9.104,46.412],[9.087,46.389],[9.089,46.349],[9.064,46.327],[9.076,46.315],[9.056,46.296],[9.059,46.277],[9.078,46.261],[9.088,46.213],[9.184,46.171],[9.202,46.208],[9.249,46.234],[9.25,46.256],[9.295,46.318],[9.281,46.411],[9.253,46.429],[9.252,46.449],[9.27,46.453],[9.282,46.496],[9.365,46.508],[9.391,46.473],[9.414,46.468],[9.434,46.498],[9.464,46.508],[9.45,46.48],[9.464,46.474],[9.462,46.376],[9.494,46.365],[9.539,46.308],[9.639,46.286],[9.67,46.3],[9.703,46.291],[9.737,46.351],[9.769,46.336],[9.907,46.381],[9.925,46.366],[9.946,46.378],[9.996,46.346],[9.984,46.33],[10,46.313],[10,46.283],[10.059,46.253],[10.109,46.258],[10.145,46.231],[10.172,46.267],[10.106,46.342],[10.135,46.382],[10.163,46.394],[10.161,46.415],[10.128,46.431],[10.083,46.422],[10.04,46.445],[10.052,46.461],[10.047,46.544],[10.101,46.583],[10.099,46.605],[10.24,46.635],[10.254,46.614],[10.246,46.575],[10.269,46.578],[10.311,46.547],[10.419,46.551],[10.485,46.494],[10.555,46.49],[10.617,46.444],[10.626,46.399],[10.599,46.377],[10.52,46.356],[10.518,46.343],[10.566,46.326],[10.58,46.299],[10.56,46.283],[10.582,46.244],[10.515,46.161],[10.592,46.161],[10.592,46.081],[10.535,46.032],[10.501,46.039],[10.466,46.018],[10.453,45.991],[10.454,45.977],[10.488,45.972],[10.486,45.943],[10.511,45.916],[10.492,45.882],[10.504,45.874],[10.502,45.83],[10.544,45.817],[10.526,45.805],[10.567,45.756],[10.563,45.731],[10.603,45.733],[10.65,45.759],[10.667,45.782],[10.648,45.808],[10.661,45.831],[10.773,45.843],[10.825,45.838],[10.884,45.808],[10.885,45.776],[10.843,45.718],[10.907,45.707],[10.92,45.68],[10.943,45.673],[10.975,45.696],[10.968,45.68],[11.018,45.719],[11.026,45.705],[11.056,45.718],[11.123,45.689],[11.178,45.736],[11.173,45.786],[11.204,45.784],[11.198,45.818],[11.232,45.854],[11.223,45.927],[11.351,45.892],[11.366,45.904],[11.364,45.943],[11.382,45.943],[11.377,45.984],[11.447,45.981],[11.497,46.009],[11.543,46.014],[11.577,46.007],[11.588,45.969],[11.67,45.964],[11.69,45.989],[11.666,46.036],[11.704,46.054],[11.682,46.079],[11.689,46.095],[11.887,46.118],[11.929,46.176],[11.955,46.168],[11.963,46.191],[11.914,46.227],[11.922,46.248],[11.895,46.251],[11.884,46.279],[11.841,46.27],[11.828,46.327],[11.774,46.358],[11.834,46.372],[11.843,46.425],[11.892,46.444],[11.887,46.465],[11.951,46.478],[12.007,46.439],[12.028,46.445],[12.059,46.498],[12.136,46.464],[12.197,46.509],[12.23,46.505],[12.248,46.528],[12.241,46.566],[12.191,46.59],[12.211,46.61],[12.261,46.63],[12.284,46.617],[12.339,46.633],[12.371,46.62],[12.39,46.627],[12.382,46.644],[12.473,46.678],[12.518,46.678],[12.569,46.651],[12.691,46.657],[12.735,46.636],[12.71,46.625],[12.708,46.602],[12.627,46.559],[12.62,46.534],[12.661,46.468],[12.565,46.476],[12.54,46.455],[12.528,46.464],[12.458,46.365],[12.412,46.332],[12.363,46.32],[12.324,46.276],[12.371,46.223],[12.403,46.227],[12.404,46.208],[12.444,46.207],[12.45,46.182],[12.494,46.151],[12.481,46.102],[12.439,46.084],[12.4,46.042],[12.39,46.07],[12.331,46.082],[12.192,46.004],[12.11,46.003],[12.063,45.964],[11.973,45.963],[11.937,45.891],[11.861,45.883],[11.821,45.9],[11.743,45.842],[11.75,45.812],[11.826,45.774],[11.82,45.687],[11.716,45.681],[11.675,45.641],[11.654,45.64],[11.641,45.615],[11.646,45.594],[11.673,45.593],[11.658,45.538],[11.728,45.561],[11.754,45.529],[11.729,45.516],[11.745,45.477],[11.716,45.475],[11.697,45.44],[11.617,45.389],[11.627,45.353],[11.612,45.315],[11.58,45.297],[11.617,45.267],[11.602,45.244],[11.56,45.262],[11.406,45.252],[11.426,45.143],[11.411,45.122],[11.445,45.093],[11.426,45.066],[11.386,45.053],[11.332,45.09],[11.147,45.126],[11.127,45.103],[11.102,45.113],[11.097,45.096],[11.04,45.114],[11.029,45.127],[11.047,45.153],[10.997,45.156],[10.998,45.185],[10.93,45.219],[10.936,45.233],[10.846,45.257],[10.783,45.316],[10.728,45.294],[10.71,45.341],[10.726,45.356],[10.696,45.383],[10.702,45.423],[10.687,45.424],[10.662,45.419],[10.625,45.382],[10.548,45.386],[10.512,45.412],[10.45,45.417],[10.467,45.406],[10.45,45.384],[10.469,45.36],[10.466,45.325],[10.398,45.286],[10.391,45.247],[10.355,45.231],[10.361,45.215],[10.312,45.199],[10.394,45.137],[10.479,45.145],[10.487,45.127],[10.457,45.115],[10.463,45.096],[10.417,45.091],[10.413,45.042],[10.494,45.057],[10.49,45.082],[10.54,45.055],[10.511,45.018],[10.464,45.015],[10.458,44.981],[10.597,45.004],[10.467,44.938],[10.503,44.918],[10.463,44.896],[10.473,44.855],[10.504,44.881],[10.559,44.881],[10.578,44.879],[10.576,44.841],[10.535,44.826],[10.534,44.807],[10.475,44.768],[10.432,44.759],[10.427,44.74],[10.448,44.719],[10.414,44.668],[10.402,44.564],[10.344,44.526],[10.332,44.486],[10.135,44.354],[10.099,44.346],[10.017,44.387],[9.992,44.412],[10.005,44.437],[9.964,44.466],[9.924,44.473],[9.816,44.461],[9.753,44.4],[9.76,44.39],[9.675,44.364],[9.699,44.366],[9.719,44.355],[9.729,44.328],[9.756,44.321],[9.781,44.294],[9.748,44.254],[9.759,44.234],[9.754,44.22],[9.765,44.212],[9.763,44.206],[9.802,44.206],[9.821,44.225],[9.825,44.198],[9.852,44.197],[9.866,44.183],[9.891,44.208],[9.909,44.208],[9.915,44.199],[9.933,44.196],[9.892,44.167],[9.974,44.167],[9.981,44.143],[9.975,44.138],[9.995,44.119],[9.994,44.105],[9.984,44.099],[9.993,44.093],[10.005,44.111],[10.028,44.119],[10.058,44.108],[10.071,44.093],[10.032,44.064],[10.005,44.023],[10.137,43.905],[10.205,43.817],[10.184,43.871],[10.167,43.893],[10.222,43.916],[10.279,43.962],[10.276,43.957],[10.356,43.975],[10.35,43.985],[10.364,43.994],[10.391,44.001],[10.418,43.991],[10.467,44.002],[10.473,44.011],[10.461,44.022],[10.467,44.028],[10.447,44.035],[10.428,44.024],[10.409,44.052],[10.436,44.074],[10.447,44.07],[10.462,44.046],[10.483,44.037],[10.497,44.04],[10.511,44.062],[10.53,44.074],[10.545,44.107],[10.573,44.12],[10.604,44.114],[10.625,44.121],[10.646,44.106],[10.665,44.11],[10.707,44.093],[10.723,44.082],[10.721,44.042],[10.736,44.038],[10.745,44.01],[10.727,43.984],[10.707,43.984],[10.689,43.995],[10.675,43.985],[10.71,43.955],[10.705,43.943],[10.662,43.927],[10.658,43.916],[10.673,43.87],[10.648,43.862],[10.651,43.854],[10.636,43.831],[10.671,43.815],[10.645,43.795],[10.623,43.757],[10.655,43.802],[10.688,43.805],[10.728,43.763],[10.776,43.737],[10.793,43.719],[10.866,43.73],[10.889,43.709],[10.907,43.68],[10.911,43.651],[10.889,43.628],[10.829,43.623],[10.82,43.613],[10.836,43.584],[10.835,43.531],[10.86,43.472],[10.885,43.46],[10.952,43.452],[10.995,43.404],[11.005,43.383],[11.005,43.357],[10.998,43.347],[10.96,43.333],[11.194,43.417],[11.056,43.578],[10.932,43.653],[10.879,43.765],[11.104,43.818],[11.16,43.905],[11.104,43.935],[11.128,44.019],[11.327,43.98],[11.412,43.991],[11.573,43.89],[11.434,43.757],[11.559,43.622],[11.615,43.527],[11.409,43.438],[11.799,43.203],[11.922,43.138],[11.918,43.122],[11.93,43.069],[11.937,43.063],[11.958,43.075],[11.975,43.059],[11.972,43.022],[11.932,42.927],[11.951,42.893],[11.913,42.85],[11.892,42.843],[11.895,42.835],[11.841,42.836],[11.808,42.813],[11.775,42.821],[11.75,42.806],[11.747,42.798],[11.774,42.781],[11.79,42.755],[11.807,42.743],[11.789,42.711],[11.787,42.651],[11.754,42.643],[11.735,42.616],[11.699,42.602],[11.671,42.577],[11.613,42.561],[11.606,42.568],[11.605,42.588],[11.601,42.57],[11.588,42.566],[11.586,42.536],[11.566,42.516],[11.608,42.487],[11.607,42.46],[11.605,42.457],[11.605,42.452],[11.601,42.45],[11.599,42.445],[11.594,42.444],[11.59,42.442],[11.498,42.434],[11.477,42.423],[11.458,42.393],[11.497,42.376],[11.96,42.007],[12.02,42.099],[12.003,42.248],[12.07,42.298],[12.053,42.53],[12.169,42.63],[12.153,42.696],[12.186,42.912],[12.169,42.912],[12.153,43.062],[12.219,43.228],[12.302,43.278],[12.302,43.344],[12.624,43.825],[12.622,43.825],[12.588,43.884],[12.564,43.883],[12.562,43.871],[12.541,43.865],[12.518,43.881],[12.499,43.873],[12.487,43.896],[12.494,43.92],[12.516,43.941],[12.506,43.971],[12.516,43.986],[12.508,43.991],[12.459,43.968],[12.462,43.969],[12.465,43.958],[12.458,43.945],[12.484,43.932],[12.482,43.926],[12.438,43.915],[12.435,43.905],[12.44,43.906],[12.462,43.888],[12.446,43.872],[12.401,43.873],[12.394,43.861],[12.398,43.826],[12.383,43.814],[12.367,43.812],[12.353,43.801],[12.316,43.806],[12.286,43.795],[12.29,43.787],[12.283,43.765],[12.257,43.761],[12.248,43.752],[12.228,43.76],[12.209,43.757],[12.192,43.735],[12.162,43.762],[12.138,43.753],[12.108,43.754],[12.096,43.765],[12.102,43.79],[12.119,43.802],[12.131,43.827],[12.148,43.829],[12.151,43.838],[12.138,43.848],[12.153,43.868],[12.127,43.887],[12.123,43.901],[12.114,43.884],[12.122,43.876],[12.088,43.867],[12.083,43.892],[12.068,43.889],[12.071,43.905],[12.087,43.913],[12.095,43.912],[12.093,43.898],[12.113,43.9],[12.119,43.903],[12.108,43.914],[12.111,43.92],[12.125,43.92],[12.148,43.937],[12.153,43.922],[12.169,43.924],[12.174,43.934],[12.156,43.943],[12.165,43.957],[12.15,43.961],[12.133,43.935],[12.093,43.956],[12.063,43.955],[12.043,43.935],[12.049,43.919],[12.03,43.925],[12.029,43.942],[12.011,43.939],[12.007,43.916],[11.984,43.907],[11.953,43.906],[11.93,43.937],[11.909,43.947],[11.916,43.952],[11.914,43.968],[11.928,43.972],[11.936,43.962],[11.956,43.963],[11.956,43.975],[11.93,43.989],[11.926,44.001],[11.923,44.017],[11.93,44.028],[11.924,44.039],[11.951,44.051],[11.927,44.056],[11.917,44.072],[11.924,44.093],[11.913,44.131],[11.932,44.135],[11.939,44.118],[11.946,44.122],[11.945,44.14],[11.933,44.144],[11.97,44.179],[11.963,44.207],[11.936,44.193],[11.935,44.203],[11.915,44.209],[11.974,44.255],[12.032,44.33],[12.043,44.328],[12.064,44.302],[12.108,44.288],[12.103,44.272],[12.174,44.243],[12.209,44.256],[12.201,44.23],[12.219,44.215],[12.263,44.232],[12.287,44.229],[12.348,44.192],[12.383,44.227],[12.409,44.235],[12.345,44.301],[12.281,44.55],[12.274,44.673],[12.476,44.787],[12.523,44.883],[12.409,44.989],[12.322,45.042],[12.313,45.178],[12.176,45.214],[11.971,45.436],[12.145,45.763],[12.645,45.915],[13.081,45.98],[13.368,45.694],[13.438,45.638],[13.565,45.727],[13.627,45.72],[13.673,45.715],[13.8,45.566],[13.995,45.458],[13.952,45.393],[13.799,45.306],[13.908,44.979],[14.175,45.01],[14.239,45.062],[14.348,45.309],[14.332,45.295],[14.259,45.148],[14.205,45.162],[14.206,45.219],[14.189,45.259],[14.216,45.327],[14.257,45.348],[14.241,45.383],[14.107,45.46],[14.005,45.47],[13.926,45.546],[13.871,45.538],[13.859,45.546],[13.883,45.56],[13.811,45.608],[13.845,45.631],[13.919,45.646],[13.944,45.639],[13.944,45.624],[13.917,45.614],[13.933,45.609],[14.073,45.617],[14.085,45.646],[14.026,45.645],[13.992,45.67],[13.962,45.67],[14.001,45.703],[13.956,45.722],[13.951,45.748],[13.9,45.782],[13.921,45.798],[13.873,45.83],[13.892,45.845],[13.871,45.851],[13.904,45.869],[13.905,45.899],[13.995,45.972],[14.02,45.968],[14.028,45.985],[14.061,45.969],[14.106,45.983],[14.05,46.011],[14.03,46.07],[14.005,46.085],[14.018,46.129],[14.073,46.156],[14.034,46.172],[13.992,46.163],[13.974,46.177],[13.995,46.207],[14.059,46.26],[14.111,46.261],[14.192,46.332],[14.212,46.351],[14.158,46.435],[14.283,46.444],[14.311,46.43],[14.43,46.447],[14.442,46.424],[14.401,46.37],[14.405,46.35],[14.418,46.346],[14.436,46.366],[14.639,46.364],[14.638,46.331],[14.712,46.259],[14.83,46.256],[14.886,46.238],[15.01,46.187],[15.034,46.13],[15.142,46.101],[15.212,46.045],[15.262,46.047],[15.267,46.022],[15.342,45.994],[15.467,45.988],[15.498,45.943],[15.539,45.939],[15.54,45.924],[15.697,45.858],[15.701,45.846],[15.646,45.824],[15.571,45.851],[15.519,45.821],[15.491,45.831],[15.468,45.815],[15.469,45.795],[15.397,45.79],[15.253,45.727],[15.246,45.716],[15.264,45.698],[15.283,45.71],[15.315,45.681],[15.338,45.712],[15.358,45.713],[15.352,45.672],[15.371,45.684],[15.406,45.65],[15.305,45.632],[15.306,45.613],[15.28,45.601],[15.3,45.577],[15.304,45.534],[15.327,45.517],[15.306,45.493],[15.35,45.478],[15.348,45.46],[15.274,45.466],[15.249,45.447],[15.424,45.43],[15.47,45.734],[16.122,45.582],[16.209,45.734],[16.079,45.886],[16.209,46.147],[16.448,46.104],[16.535,46.365],[16.296,46.408],[16.514,46.626],[16.448,46.778],[16.448,46.93],[16.557,47.06],[16.557,47.191],[16.644,47.3],[16.557,47.495],[16.622,47.735],[16.796,47.843],[17.408,47.822],[17.462,48.066],[17.218,48.066],[17.19,48.447],[17.316,48.846],[17.192,48.874],[17.146,48.837],[17.106,48.833],[17.088,48.787],[17.044,48.765],[17.002,48.721],[17.004,48.698],[16.983,48.69],[16.974,48.679],[16.964,48.631],[16.935,48.604],[16.945,48.588],[16.934,48.558],[16.95,48.536],[16.907,48.512],[16.911,48.494],[16.89,48.492],[16.847,48.443],[16.856,48.384],[16.834,48.379],[16.844,48.351],[16.875,48.347],[16.905,48.32],[16.89,48.304],[16.92,48.274],[16.953,48.273],[16.947,48.234],[16.976,48.182],[16.962,48.169],[17.029,48.129],[17.055,48.131],[17.063,48.114],[17.036,48.084],[17.002,48.093],[17.029,48.1],[16.976,48.106],[16.972,48.095],[17.016,48.075],[16.979,48.023],[16.968,48.041],[16.92,48.051],[16.912,48.069],[16.872,48.071],[16.829,48.038],[16.837,48.032],[16.701,48.01],[16.7,47.967],[16.659,47.961],[16.574,47.892],[16.519,47.944],[16.488,47.943],[16.437,47.928],[16.412,47.881],[16.348,47.867],[16.385,47.847],[16.377,47.827],[16.316,47.785],[16.309,47.807],[16.284,47.811],[16.272,47.791],[16.3,47.778],[16.295,47.724],[16.313,47.689],[16.349,47.68],[16.367,47.648],[16.37,47.623],[16.35,47.617],[16.311,47.546],[16.339,47.523],[16.333,47.505],[16.297,47.479],[16.302,47.467],[16.197,47.422],[16.143,47.439],[16.111,47.524],[16.057,47.486],[16.026,47.515],[15.912,47.536],[15.888,47.571],[15.847,47.572],[15.857,47.62],[15.822,47.637],[15.741,47.633],[15.725,47.646],[15.717,47.713],[15.68,47.699],[15.636,47.715],[15.607,47.752],[15.521,47.748],[15.507,47.768],[15.407,47.793],[15.402,47.814],[15.333,47.827],[15.297,47.816],[15.291,47.794],[15.21,47.79],[15.203,47.756],[15.139,47.762],[15.133,47.748],[15.082,47.743],[15.085,47.766],[15.066,47.782],[15.034,47.753],[14.953,47.733],[14.927,47.71],[14.877,47.716],[14.86,47.742],[14.749,47.736],[14.702,47.764],[14.648,47.726],[14.532,47.714],[14.517,47.682],[14.394,47.648],[14.325,47.607],[14.266,47.611],[14.236,47.627],[14.232,47.65],[14.205,47.653],[14.051,47.617],[14.056,47.668],[14.01,47.701],[13.92,47.705],[13.861,47.727],[13.777,47.715],[13.712,47.666],[13.692,47.621],[13.693,47.588],[13.736,47.577],[13.761,47.52],[13.646,47.511],[13.609,47.475],[13.586,47.475],[13.557,47.484],[13.59,47.466],[13.564,47.414],[13.6,47.337],[13.605,47.284],[13.713,47.26],[13.718,47.278],[13.761,47.267],[13.79,47.289],[13.823,47.289],[13.824,47.267],[13.864,47.253],[13.85,47.23],[13.897,47.176],[13.994,47.14],[13.94,47.137],[13.883,47.105],[13.902,47.062],[13.857,46.992],[13.809,46.951],[13.791,46.99],[13.705,46.997],[13.694,47.04],[13.458,47.079],[13.398,47.071],[13.355,47.098],[13.278,47.095],[13.248,47.086],[13.25,47.052],[13.083,47.027],[13.073,47.014],[13.02,47.041],[12.966,47.039],[12.937,47.078],[12.738,47.101],[12.731,47.131],[12.666,47.122],[12.673,47.109],[12.657,47.1],[12.592,47.126],[12.607,47.103],[12.585,47.081],[12.604,46.987],[12.575,46.93],[12.608,46.907],[12.577,46.904],[12.535,46.854],[12.507,46.851],[12.516,46.868],[12.461,46.865],[12.456,46.885],[12.388,46.869],[12.324,46.88],[12.337,46.926],[12.326,46.952],[12.343,46.962],[12.425,46.938],[12.423,46.899],[12.454,46.926],[12.426,46.948],[12.503,46.952],[12.504,46.998],[12.487,47.003],[12.487,47.029],[12.506,47.045],[12.424,47.092],[12.346,47.109],[12.251,47.071],[12.198,47.089],[12.092,47.076],[12.077,47.059],[11.979,47.05],[11.791,46.99],[11.733,47.031],[11.744,47.061],[11.728,47.078],[11.692,47.102],[11.675,47.095],[11.693,47.13],[11.639,47.13],[11.673,47.16],[11.668,47.197],[11.748,47.212],[11.746,47.269],[11.601,47.269],[11.437,47.335],[11.437,47.466],[11.395,47.466],[11.421,47.445],[11.338,47.451],[11.273,47.398],[11.223,47.399],[11.249,47.433],[11.207,47.434],[11.111,47.396],[10.983,47.396],[10.969,47.4],[10.983,47.431],[10.928,47.472],[10.938,47.48],[10.87,47.484],[10.871,47.499],[10.918,47.518],[10.98,47.508],[11.068,47.545],[11.136,47.552],[11.273,47.552],[11.273,47.598],[10.942,47.532],[10.695,47.532],[10.695,47.598],[10.612,47.598],[10.695,47.73],[10.574,47.762],[10.528,47.748],[10.536,47.718],[10.517,47.713],[10.516,47.671],[10.487,47.671],[10.499,47.688],[10.457,47.691],[10.272,47.606],[10.242,47.616],[10.174,47.692],[10.12,47.715],[10.117,47.753],[10.071,47.789],[10.135,47.813],[10.093,47.846],[10.104,47.872],[10.14,47.858],[10.19,47.871],[10.237,47.909],[10.218,47.941],[10.201,47.953],[10.221,47.981],[10.242,47.98],[10.241,48.008],[10.267,48.02],[10.254,48.037],[10.291,48.037],[10.342,48.068],[10.377,48.068],[10.387,48.045],[10.331,48.019],[10.358,47.981],[10.402,47.98],[10.37,47.962],[10.363,47.921],[10.385,47.9],[10.413,47.901],[10.419,47.881],[10.432,47.952],[10.482,47.967],[10.529,48.192],[10.529,48.258],[10.445,48.588],[10.278,48.72],[10.278,48.853],[10.028,48.985],[10.027,49.078],[10.014,49.078],[10.019,49.096],[9.946,49.123],[9.946,49.139],[9.973,49.158],[9.957,49.169],[9.989,49.188],[10.021,49.183],[10.011,49.193],[10.031,49.206],[10.019,49.229],[9.988,49.246],[9.966,49.233],[9.876,49.24],[9.875,49.256],[9.99,49.261],[9.938,49.287],[9.922,49.325],[10.06,49.311],[10.06,49.294],[10.04,49.296],[10.037,49.259],[10.059,49.247],[10.085,49.257],[10.182,49.226],[10.253,49.232],[10.302,49.256],[10.295,49.264],[10.331,49.292],[10.33,49.305],[10.298,49.311],[10.307,49.324],[10.271,49.338],[10.257,49.403],[10.27,49.405],[10.307,49.433],[10.255,49.459],[10.171,49.484],[10.173,49.468],[10.095,49.462],[10.089,49.449],[10.143,49.429],[10.116,49.422],[10.064,49.447],[10.055,49.434],[10.021,49.443],[10.009,49.425],[9.986,49.431],[10.038,49.402],[9.969,49.397],[9.924,49.373],[9.888,49.387],[9.871,49.373],[9.864,49.393],[9.895,49.416],[9.962,49.436],[9.901,49.438],[9.911,49.467],[9.96,49.472],[9.914,49.496],[9.925,49.533],[9.919,49.563],[9.899,49.566],[9.908,49.585],[9.877,49.579],[9.853,49.546],[9.812,49.556],[9.802,49.564],[9.818,49.578],[9.774,49.589],[9.731,49.564],[9.752,49.547],[9.726,49.537],[9.57,49.545],[9.565,49.576],[9.592,49.575],[9.604,49.596],[9.658,49.621],[9.617,49.69],[9.641,49.699],[9.661,49.752],[9.71,49.746],[9.725,49.762],[9.697,49.775],[9.661,49.76],[9.614,49.79],[9.618,49.805],[9.582,49.811],[9.577,49.821],[9.653,49.83],[9.63,49.85],[9.578,49.869],[9.535,49.862],[9.508,49.884],[9.497,49.861],[9.447,49.903],[9.502,49.953],[9.6,49.954],[9.585,49.999],[9.654,50.035],[9.643,50.056],[9.683,50.055],[9.679,50.078],[9.603,50.069],[9.595,50.119],[9.688,50.114],[9.695,50.127],[9.731,50.093],[9.752,50.103],[9.853,50.086],[9.855,50.102],[9.879,50.11],[9.911,50.152],[9.898,50.179],[9.888,50.187],[9.826,50.157],[9.795,50.167],[9.81,50.189],[9.805,50.223],[9.772,50.237],[9.769,50.262],[9.735,50.273],[9.728,50.295],[9.747,50.314],[9.737,50.359],[9.76,50.402],[9.748,50.42],[9.667,50.421],[9.656,50.404],[9.681,50.374],[9.671,50.372],[9.613,50.394],[9.551,50.384],[9.495,50.411],[9.473,50.444],[9.43,50.446],[9.423,50.453],[9.458,50.477],[9.437,50.475],[9.432,50.491],[9.468,50.551],[9.495,50.564],[9.48,50.578],[9.497,50.616],[9.473,50.634],[9.475,50.663],[9.584,50.609],[9.633,50.622],[9.621,50.645],[9.641,50.68],[9.612,50.707],[9.606,50.759],[9.67,50.765],[9.679,50.794],[9.696,50.804],[9.601,50.759],[9.56,50.763],[9.553,50.784],[9.501,50.81],[9.501,50.881],[9.598,50.93],[9.753,50.909],[9.759,50.899],[9.73,50.886],[9.813,50.857],[9.903,50.854],[9.899,50.841],[9.937,50.837],[9.944,50.845],[9.922,50.854],[9.991,50.852],[10.061,50.876],[10.041,50.844],[10.077,50.805],[10.082,50.784],[10.06,50.76],[10.093,50.735],[10.084,50.716],[10.097,50.74],[10.145,50.736],[10.127,50.714],[10.177,50.757],[10.222,50.737],[10.344,50.74],[10.334,50.759],[10.37,50.768],[10.378,50.78],[10.362,50.794],[10.406,50.822],[10.416,50.849],[10.468,50.851],[10.518,50.821],[10.475,50.79],[10.533,50.796],[10.559,50.784],[10.575,50.741],[10.711,50.699],[10.635,50.675],[10.67,50.635],[10.707,50.667],[10.847,50.652],[10.882,50.751],[10.902,50.758],[10.918,50.744],[10.937,50.766],[10.978,50.758],[10.962,50.681],[10.895,50.651],[10.871,50.518],[10.822,50.498],[10.819,50.462],[10.774,50.452],[10.719,50.471],[10.677,50.46],[10.598,50.402],[10.673,50.375],[10.646,50.35],[10.593,50.336],[10.601,50.334],[10.592,50.27],[10.604,50.272],[10.612,50.224],[10.66,50.231],[10.724,50.205],[10.733,50.251],[10.769,50.241],[10.801,50.252],[10.837,50.221],[10.827,50.238],[10.852,50.251],[10.931,50.233],[10.921,50.211],[10.868,50.197],[10.921,50.155],[10.993,50.177],[11.007,50.2],[10.988,50.213],[11.033,50.219],[11.174,50.187],[11.191,50.201],[11.171,50.209],[11.246,50.227],[11.189,50.271],[11.198,50.292],[11.262,50.275],[11.252,50.293],[11.265,50.338],[11.277,50.336],[11.268,50.354],[11.285,50.36],[11.27,50.394],[11.266,50.436],[11.246,50.45],[11.254,50.481],[11.321,50.489],[11.327,50.51],[11.353,50.52],[11.435,50.505],[11.42,50.494],[11.421,50.443],[11.344,50.445],[11.478,50.433],[11.479,50.401],[11.519,50.389],[11.521,50.355],[11.526,50.376],[11.567,50.396],[11.628,50.388],[11.702,50.402],[11.793,50.419],[11.825,50.389],[11.92,50.424],[11.984,50.389],[11.98,50.349],[12.099,50.33],[12.091,50.324],[12.126,50.306],[12.136,50.274],[12.091,50.252],[12.122,50.235],[12.122,50.246],[12.29,50.246],[12.376,50.379],[12.796,50.379],[13.222,50.645],[13.985,50.845],[14.07,50.845],[14.327,50.979],[14.334,51.246],[14.336,51.313],[14.252,51.313],[14.253,51.38],[14.255,51.447],[14.257,51.513],[14.263,51.714],[14.097,51.848],[13.757,51.848],[13.591,51.982],[13.561,51.982],[13.503,51.962],[13.45,51.972],[13.441,51.972],[13.451,51.967],[13.454,51.927],[13.482,51.933],[13.521,51.906],[13.516,51.879],[13.542,51.879],[13.558,51.901],[13.575,51.889],[13.505,51.866],[13.509,51.848],[13.587,51.848],[13.587,51.842],[13.678,51.843],[13.594,51.808],[13.599,51.793],[13.586,51.782],[13.586,51.781],[13.671,51.781],[13.667,51.647],[13.582,51.647],[13.451,51.673],[13.457,51.649],[13.442,51.639],[13.413,51.632],[13.404,51.669],[13.341,51.652],[13.382,51.614],[13.367,51.594],[13.434,51.589],[13.448,51.576],[13.442,51.552],[13.685,51.55],[13.653,51.543],[13.658,51.506],[13.589,51.474],[13.536,51.491],[13.494,51.482],[13.46,51.508],[13.365,51.458],[13.405,51.464],[13.407,51.451],[13.376,51.435],[13.383,51.427],[13.343,51.431],[13.305,51.437],[13.31,51.467],[13.277,51.483],[13.311,51.501],[13.274,51.525],[13.206,51.523],[13.189,51.577],[13.132,51.572],[13.078,51.596],[13.074,51.589],[13.073,51.586],[13.073,51.585],[13.082,51.585],[13.072,51.584],[13.071,51.583],[13.07,51.581],[13.081,51.582],[13.074,51.578],[13.082,51.579],[13.082,51.578],[13.09,51.576],[13.084,51.576],[13.091,51.575],[13.071,51.576],[13.08,51.576],[13.071,51.577],[13.026,51.552],[13.012,51.556],[13.01,51.579],[13.028,51.592],[12.966,51.629],[12.965,51.607],[12.938,51.62],[12.938,51.645],[12.904,51.646],[12.889,51.668],[12.843,51.648],[12.816,51.66],[12.803,51.652],[12.812,51.631],[12.785,51.624],[12.57,51.685],[12.549,51.665],[12.513,51.663],[12.542,51.582],[12.404,51.61],[12.353,51.599],[12.343,51.576],[12.242,51.56],[12.223,51.53],[12.198,51.531],[12.169,51.55],[12.177,51.587],[12.102,51.587],[12.204,51.604],[12.22,51.62],[12.198,51.665],[12.211,51.672],[12.171,51.671],[12.195,51.673],[12.153,51.709],[12.198,51.716],[12.224,51.686],[12.312,51.657],[12.386,51.687],[12.308,51.686],[12.298,51.7],[12.361,51.709],[12.341,51.791],[12.382,51.8],[12.402,51.782],[12.418,51.802],[12.44,51.794],[12.435,51.783],[12.478,51.809],[12.515,51.809],[12.525,51.825],[12.499,51.856],[12.532,51.872],[12.603,51.971],[12.603,51.981],[12.538,51.988],[12.472,52.034],[12.434,52.018],[12.358,52.047],[12.316,52.092],[12.277,52.104],[12.266,52.1],[12.212,52.103],[12.178,52.077],[12.039,52.063],[12.031,52.048],[12.052,52.045],[12.011,52.034],[12.006,52.026],[12.053,52.019],[12.059,51.997],[12.024,51.971],[11.975,51.979],[11.964,51.999],[11.994,52.007],[11.911,52.002],[11.901,51.982],[11.927,51.966],[11.897,51.973],[11.902,51.967],[11.929,51.949],[11.916,51.946],[11.935,51.945],[12.026,51.863],[12.144,51.866],[12.139,51.818],[12.104,51.806],[12.107,51.826],[12.052,51.832],[11.973,51.801],[11.988,51.791],[11.944,51.791],[11.926,51.802],[11.951,51.807],[11.964,51.845],[11.959,51.87],[11.937,51.882],[11.86,51.816],[11.828,51.872],[11.675,51.872],[11.693,51.859],[11.67,51.855],[11.563,51.855],[11.531,51.874],[11.541,51.882],[11.511,51.927],[11.465,51.939],[11.423,51.929],[11.365,51.882],[11.34,51.9],[11.373,51.935],[11.352,51.961],[11.3,51.972],[11.292,51.958],[11.294,51.989],[11.264,51.998],[11.27,52.014],[11.317,52.006],[11.321,52.026],[11.273,52.066],[11.24,52.062],[11.188,52.105],[11.13,52.061],[10.987,52.052],[10.968,52.053],[10.971,52.081],[10.944,52.1],[11.034,52.13],[11.061,52.168],[11.012,52.188],[11.026,52.21],[11.077,52.224],[11.085,52.237],[11.066,52.275],[11.094,52.289],[11.132,52.287],[11.234,52.204],[11.219,52.185],[11.236,52.183],[11.303,52.201],[11.284,52.229],[11.261,52.229],[11.258,52.245],[11.186,52.273],[11.171,52.294],[11.193,52.296],[11.194,52.311],[11.302,52.328],[11.313,52.353],[11.352,52.338],[11.394,52.353],[11.404,52.375],[11.452,52.359],[11.466,52.374],[11.619,52.379],[11.637,52.404],[11.67,52.396],[11.672,52.382],[11.626,52.375],[11.623,52.361],[11.67,52.351],[11.698,52.371],[11.696,52.401],[11.722,52.409],[11.772,52.4],[11.766,52.379],[11.835,52.389],[11.864,52.412],[11.968,52.405],[11.999,52.466],[11.964,52.524],[12.016,52.625],[12.013,52.641],[11.897,52.586],[11.127,52.519],[11.044,52.855],[11.217,53.057],[11.388,53.057],[11.39,53.192],[11.218,53.192],[11.133,53.327],[11.306,53.462],[11.564,53.395],[11.738,53.597],[11.91,53.597],[12.166,53.395],[13.196,53.327],[13.549,53.665],[13.702,53.695],[13.642,53.704],[13.547,53.696],[13.502,53.744],[13.437,53.751],[13.413,53.708],[13.268,53.663],[13.249,53.617],[13.226,53.616],[13.174,53.645],[13.121,53.63],[13.069,53.669],[13.084,53.681],[13.074,53.692],[13.111,53.694],[13.117,53.735],[13.094,53.743],[13.1,53.752],[13.066,53.761],[12.977,53.733],[12.931,53.744],[12.878,53.717],[12.818,53.724],[12.779,53.767],[12.893,53.841],[12.891,53.871],[13.032,53.896],[13.122,53.894],[13.197,53.929],[13.199,53.963],[13.274,53.975],[13.384,53.911],[13.445,53.918],[13.482,53.89],[13.633,53.864],[13.666,53.822],[13.765,53.821],[13.772,53.823],[13.738,54.03],[13.668,54.084],[13.431,54.03],[13.064,54.194],[13.026,54.265],[12.943,54.347],[12.765,54.27],[12.653,54.321],[12.312,54.202],[12.041,54.097],[11.565,54.035],[11.408,53.859],[11.202,53.857],[11.151,53.938],[10.859,53.877],[10.78,53.925],[10.663,53.898],[10.632,53.917],[10.571,53.906],[10.576,53.921],[10.543,53.926],[10.551,53.938],[10.535,53.955],[10.556,53.965],[10.58,53.927],[10.601,53.924],[10.641,53.944],[10.629,53.944],[10.629,53.969],[10.662,53.963],[10.67,53.971],[10.623,54.009],[10.634,54.027],[10.666,54.008],[10.704,54.013],[10.691,54.026],[10.758,54.04],[10.755,54.054],[10.84,54.038],[10.844,54.02],[11.016,54.097],[11.073,54.22],[11.039,54.313],[10.649,54.259],[10.446,54.292],[10.34,54.362],[10.213,54.372],[10.142,54.337],[9.885,54.254],[9.827,54.276],[9.739,54.276],[9.674,54.189],[9.449,54.189],[9.442,54.236],[9.43,54.207],[9.443,54.173],[9.305,54.126],[9.315,54.073],[9.29,54.037],[9.299,53.994],[9.209,53.931],[9.2,53.88],[9.023,53.88],[9.017,53.905],[8.973,53.897],[8.927,53.923],[8.896,53.988],[8.888,53.994],[8.819,53.969],[8.857,53.867],[8.959,53.838],[8.959,53.849],[9.107,53.879],[9.249,53.875],[9.322,53.85],[9.378,53.795],[9.35,53.759],[9.385,53.727],[9.469,53.694],[9.551,53.616],[9.667,53.55],[9.75,53.526],[9.792,53.489],[9.734,53.484],[9.693,53.462],[9.671,53.429],[9.677,53.41],[9.622,53.389],[9.617,53.367],[9.582,53.356],[9.565,53.336],[9.616,53.237],[9.831,53.175],[9.891,53.141],[9.926,53.099],[9.86,53.022],[9.786,53.022],[9.646,52.962],[9.508,52.947],[9.423,52.904],[9.373,52.825],[9.293,52.818],[9.193,52.816],[9.221,52.851],[9.181,52.864],[9.212,52.875],[9.175,52.887],[9.166,52.913],[9.189,52.921],[9.178,52.927],[9.177,52.919],[9.119,52.9],[9.021,52.926],[8.999,52.92],[8.982,52.889],[8.95,52.895],[8.931,52.923],[8.965,52.948],[8.967,52.994],[8.896,53.013],[8.87,53.031],[8.872,53.058],[8.833,53.068],[8.858,53.07],[8.84,53.103],[8.884,53.063],[8.961,53.047],[8.964,53.089],[8.997,53.109],[8.955,53.158],[8.911,53.133],[8.846,53.143],[8.824,53.13],[8.808,53.151],[8.77,53.149],[8.755,53.126],[8.697,53.119],[8.638,53.132],[8.629,53.148],[8.683,53.14],[8.699,53.16],[8.631,53.16],[8.627,53.151],[8.618,53.168],[8.525,53.191],[8.482,53.235],[8.501,53.351],[8.493,53.419],[8.528,53.423],[8.566,53.475],[8.556,53.487],[8.571,53.494],[8.567,53.539],[8.649,53.552],[8.696,53.533],[8.719,53.544],[8.866,53.541],[8.935,53.5],[8.975,53.504],[8.959,53.594],[8.942,53.613],[8.955,53.659],[8.936,53.665],[8.963,53.697],[8.961,53.766],[8.848,53.75],[8.583,53.794],[8.585,53.791],[8.703,53.769],[8.762,53.691],[8.738,53.653],[8.692,53.641],[8.646,53.66],[8.626,53.651],[8.626,53.626],[8.606,53.608],[8.569,53.602],[8.502,53.604],[8.467,53.633],[8.47,53.661],[8.472,53.685],[8.429,53.612],[8.502,53.449],[8.306,53.525],[8.189,53.531],[8.261,53.439],[8.242,53.352],[8.175,53.322],[8.029,53.373],[8.099,53.444],[7.969,53.638],[7.166,53.592],[7.037,53.51],[6.981,53.317],[7.19,53.23],[7.16,53.164],[7.043,53.164],[7.009,53.245],[6.861,53.266],[6.751,53.39],[6.261,53.322],[5.966,53.335],[5.39,53.139],[5.332,53.011],[5.343,52.996],[5.358,52.938],[5.326,52.79],[5.653,52.75],[5.547,52.679],[5.547,52.677],[5.622,52.707],[5.671,52.704],[5.691,52.678],[5.662,52.642],[5.62,52.623],[5.552,52.631],[5.556,52.587],[5.611,52.532],[5.774,52.523],[5.779,52.586],[5.86,52.64],[6.064,52.646],[6.152,52.688],[6.134,52.734],[6.213,52.772],[6.215,52.798],[6.181,52.804],[6.117,52.851],[6.25,52.924],[6.292,52.93],[6.338,52.908],[6.413,52.945],[6.434,52.976],[6.364,53.026],[6.358,53.066],[6.305,53.082],[6.362,53.096],[6.381,53.15],[6.416,53.18],[6.481,53.209],[6.532,53.212],[6.549,53.251],[6.595,53.256],[6.759,53.149],[6.77,53.101],[7.035,52.922],[7.059,52.864],[7.087,52.85],[7.056,52.643],[7.042,52.633],[6.972,52.638],[7.074,52.62],[7.142,52.588],[7.146,52.535],[7.158,52.48],[7.212,52.447],[7.259,52.339],[7.317,52.28],[7.299,52.264],[7.156,52.266],[7.066,52.241],[7.026,52.283],[7.061,52.235],[6.989,52.226],[6.95,52.181],[6.91,52.176],[6.855,52.12],[6.761,52.119],[6.745,52.081],[6.695,52.064],[6.688,52.04],[6.753,52.028],[6.832,51.974],[6.799,51.959],[6.77,51.916],[6.722,51.896],[6.685,51.917],[6.469,51.855],[6.39,51.872],[6.409,51.852],[6.4,51.829],[6.343,51.851],[6.269,51.833],[6.235,51.841],[6.162,51.914],[6.096,51.935],[6.094,51.969],[6.056,51.986],[6.034,51.971],[6.009,51.979],[5.982,51.944],[5.948,51.966],[5.906,51.962],[5.935,51.902],[5.962,51.925],[6.077,51.907],[6.142,51.873],[6.128,51.859],[6.092,51.882],[6.057,51.877],[6.006,51.834],[6.019,51.865],[5.988,51.886],[5.977,51.883],[5.985,51.852],[5.963,51.837],[5.926,51.818],[5.968,51.804],[5.991,51.766],[5.919,51.718],[5.887,51.725],[5.88,51.749],[5.907,51.742],[5.914,51.759],[5.894,51.778],[5.865,51.758],[5.7,51.755],[5.694,51.766],[5.727,51.788],[5.661,51.792],[5.636,51.824],[5.538,51.818],[5.493,51.832],[5.455,51.809],[5.407,51.821],[5.37,51.794],[5.36,51.755],[5.248,51.734],[5.184,51.742],[5.144,51.707],[4.977,51.688],[4.757,51.726],[4.643,51.709],[4.61,51.673],[4.544,51.64],[4.413,51.644],[4.362,51.663],[4.278,51.644],[4.207,51.667],[4.084,51.513],[3.644,51.513],[3.743,51.46],[3.775,51.388],[3.681,51.321],[3.472,51.314],[3.214,51.354],[2.995,51.313],[2.443,51.048],[2.03,51.007],[1.796,50.921]],[[5.401,50.387],[5.381,50.392],[5.388,50.403],[5.362,50.381],[5.359,50.402],[5.3,50.425],[5.379,50.447],[5.42,50.43],[5.414,50.425],[5.453,50.417],[5.401,50.387]],[[6.383,50.536],[6.358,50.551],[6.396,50.61],[6.465,50.584],[6.383,50.536]],[[6.822,46.427],[6.884,46.487],[6.933,46.517],[7.009,46.458],[7.004,46.421],[7.021,46.404],[7.001,46.397],[6.987,46.398],[6.981,46.406],[6.949,46.401],[6.917,46.418],[6.822,46.427]],[[13.627,45.721],[13.581,45.755],[13.585,45.8],[13.561,45.814],[13.549,45.898],[13.58,45.879],[13.629,45.884],[13.636,45.876],[13.612,45.857],[13.643,45.82],[13.725,45.813],[13.744,45.789],[13.736,45.76],[13.815,45.736],[13.844,45.761],[13.797,45.768],[13.806,45.778],[13.865,45.761],[13.812,45.702],[13.753,45.702],[13.672,45.748],[13.627,45.721]],[[5.859,52.641],[5.707,52.641],[5.736,52.677],[5.778,52.692],[5.838,52.683],[5.859,52.641]],[[3.538,50.579],[4.034,50.779],[4.206,50.712],[4.299,50.512],[4.638,50.446],[4.395,50.246],[4.406,49.98],[4.155,49.98],[4.152,50.046],[4.143,50.246],[3.969,50.379],[3.548,50.379],[3.545,50.446],[3.542,50.512],[3.538,50.579]],[[4.826,50.067],[4.842,50.076],[4.838,50.093],[4.873,50.091],[4.88,50.147],[4.924,50.18],[4.954,50.166],[4.947,50.148],[4.941,50.15],[4.921,50.117],[4.939,50.108],[4.974,50.137],[4.977,50.105],[4.952,50.103],[4.929,50.044],[4.891,50.037],[4.831,50.048],[4.826,50.067]],[[4.862,49.789],[4.863,49.803],[4.869,49.834],[4.885,49.835],[4.878,49.795],[4.862,49.789]],[[4.955,50.172],[4.955,50.173],[4.959,50.173],[4.959,50.176],[4.963,50.173],[4.957,50.19],[4.985,50.167],[4.964,50.169],[4.963,50.172],[4.958,50.171],[4.959,50.172],[4.955,50.172]],[[4.987,50.14],[5.003,50.141],[5.013,50.114],[4.987,50.14]],[[5.011,50.109],[5.024,50.112],[5.021,50.14],[5.04,50.139],[5.042,50.183],[5.067,50.134],[5.031,50.097],[5.011,50.109]],[[5.101,50.212],[5.119,50.238],[5.146,50.223],[5.134,50.205],[5.101,50.212]],[[5.116,50.189],[5.142,50.197],[5.177,50.171],[5.173,50.151],[5.116,50.189]],[[5.15,50.114],[5.18,50.11],[5.152,50.097],[5.15,50.114]],[[5.162,50.234],[5.166,50.255],[5.187,50.251],[5.162,50.234]],[[5.164,50.124],[5.181,50.146],[5.223,50.153],[5.213,50.125],[5.164,50.124]],[[5.211,50.25],[5.23,50.282],[5.218,50.284],[5.234,50.294],[5.267,50.258],[5.241,50.259],[5.221,50.237],[5.211,50.25]],[[5.311,50.47],[5.33,50.477],[5.343,50.458],[5.324,50.453],[5.333,50.451],[5.325,50.432],[5.313,50.448],[5.32,50.452],[5.318,50.452],[5.311,50.47]],[[5.35,50.634],[5.374,50.646],[5.402,50.629],[5.392,50.611],[5.35,50.634]],[[5.408,50.63],[5.444,50.617],[5.43,50.59],[5.408,50.63]],[[5.66,51.192],[5.739,51.202],[5.748,51.196],[5.691,51.169],[5.66,51.192]],[[5.77,51.211],[5.794,51.235],[5.816,51.205],[5.795,51.195],[5.77,51.211]],[[5.795,51.09],[5.833,51.097],[5.81,51.118],[5.913,51.171],[5.874,51.166],[5.859,51.182],[5.884,51.198],[5.893,51.23],[5.89,51.231],[5.858,51.181],[5.855,51.147],[5.81,51.173],[5.871,51.214],[5.835,51.241],[5.848,51.245],[5.857,51.244],[5.843,51.249],[5.834,51.274],[5.858,51.311],[5.906,51.3],[5.931,51.343],[5.931,51.385],[5.872,51.449],[5.839,51.566],[5.906,51.552],[6.003,51.57],[6.048,51.558],[6.021,51.621],[5.992,51.639],[6.028,51.657],[6.117,51.657],[6.092,51.604],[6.159,51.567],[6.24,51.603],[6.406,51.559],[6.424,51.577],[6.481,51.569],[6.479,51.532],[6.456,51.53],[6.462,51.512],[6.478,51.513],[6.485,51.488],[6.527,51.463],[6.519,51.452],[6.558,51.478],[6.568,51.517],[6.613,51.521],[6.63,51.541],[6.574,51.55],[6.558,51.579],[6.598,51.591],[6.601,51.572],[6.625,51.56],[6.674,51.563],[6.675,51.509],[6.723,51.512],[6.684,51.487],[6.723,51.454],[6.714,51.434],[6.744,51.395],[6.674,51.369],[6.645,51.383],[6.615,51.376],[6.614,51.398],[6.578,51.4],[6.569,51.416],[6.539,51.408],[6.509,51.396],[6.472,51.426],[6.392,51.422],[6.35,51.394],[6.376,51.306],[6.307,51.283],[6.285,51.283],[6.28,51.324],[6.223,51.318],[6.212,51.336],[6.14,51.352],[6.117,51.327],[6.154,51.307],[6.1,51.258],[6.107,51.229],[6.21,51.24],[6.236,51.198],[6.307,51.165],[6.302,51.151],[6.27,51.16],[6.304,51.132],[6.288,51.107],[6.265,51.123],[6.245,51.116],[6.212,51.167],[6.168,51.195],[6.108,51.169],[6.062,51.188],[5.991,51.177],[6.001,51.149],[6.068,51.143],[6.155,51.166],[6.177,51.157],[5.992,51.081],[5.958,51.036],[5.854,51.087],[5.819,51.059],[5.795,51.09]],[[5.834,51.031],[5.845,51.053],[5.866,51.052],[5.877,51.032],[5.834,51.031]],[[6.085,50.758],[6.112,50.771],[6.123,50.756],[6.111,50.73],[6.085,50.758]],[[6.139,49.231],[6.154,49.244],[6.185,49.239],[6.173,49.22],[6.139,49.231]],[[6.284,51.089],[6.329,51.108],[6.333,51.096],[6.343,51.08],[6.326,51.064],[6.294,51.065],[6.284,51.089]],[[6.31,49.412],[6.341,49.422],[6.345,49.409],[6.31,49.412]],[[6.364,51.241],[6.368,51.271],[6.404,51.284],[6.449,51.265],[6.4,51.235],[6.364,51.241]],[[6.419,49.455],[6.441,49.467],[6.474,49.446],[6.441,49.435],[6.419,49.455]],[[6.436,46.921],[6.497,46.974],[6.609,46.983],[6.69,47.009],[6.712,47.022],[6.72,47.052],[6.692,47.068],[6.703,47.082],[6.854,47.162],[6.842,47.172],[6.955,47.243],[6.93,47.258],[6.928,47.281],[7.01,47.297],[7.009,47.32],[6.967,47.325],[7.046,47.326],[7.062,47.344],[7.018,47.373],[6.882,47.361],[6.917,47.405],[6.938,47.406],[6.942,47.434],[6.996,47.45],[7.011,47.484],[7.037,47.498],[7.081,47.49],[7.128,47.504],[7.195,47.489],[7.176,47.443],[7.196,47.435],[7.231,47.439],[7.245,47.421],[7.339,47.441],[7.38,47.428],[7.376,47.414],[7.438,47.413],[7.456,47.428],[7.421,47.446],[7.437,47.46],[7.456,47.449],[7.53,47.462],[7.53,47.53],[7.5,47.54],[7.555,47.564],[7.594,47.519],[7.614,47.521],[7.605,47.47],[7.627,47.463],[7.614,47.436],[7.575,47.438],[7.572,47.417],[7.53,47.414],[7.519,47.388],[7.444,47.401],[7.437,47.379],[7.524,47.371],[7.572,47.326],[7.532,47.295],[7.416,47.253],[7.422,47.242],[7.341,47.217],[7.341,47.193],[7.386,47.148],[7.294,47.161],[7.241,47.128],[7.2,47.134],[7.152,47.114],[7.11,47.066],[7.084,47.066],[7.088,47.06],[7.033,47.033],[7.038,46.98],[7.002,46.988],[6.779,46.854],[6.738,46.871],[6.741,46.895],[6.719,46.904],[6.722,46.934],[6.654,46.914],[6.63,46.889],[6.484,46.847],[6.46,46.851],[6.465,46.89],[6.436,46.921]],[[6.497,50.279],[6.532,50.311],[6.583,50.279],[6.497,50.279]],[[6.513,51.351],[6.515,51.37],[6.575,51.348],[6.589,51.321],[6.549,51.309],[6.513,51.351]],[[6.539,50.33],[6.58,50.344],[6.593,50.331],[6.55,50.322],[6.539,50.33]],[[6.559,49.646],[6.586,49.68],[6.665,49.614],[6.625,49.607],[6.611,49.62],[6.624,49.632],[6.559,49.646]],[[6.589,47.675],[6.628,47.687],[6.69,47.655],[6.686,47.613],[6.739,47.589],[6.748,47.576],[6.732,47.56],[6.755,47.541],[6.775,47.532],[6.891,47.555],[6.912,47.525],[6.948,47.515],[6.957,47.492],[6.953,47.48],[6.915,47.498],[6.912,47.476],[6.884,47.467],[6.823,47.484],[6.714,47.471],[6.681,47.462],[6.671,47.479],[6.686,47.515],[6.654,47.54],[6.669,47.556],[6.654,47.587],[6.669,47.596],[6.589,47.675]],[[6.615,47.473],[6.647,47.491],[6.66,47.478],[6.63,47.463],[6.615,47.473]],[[6.646,50.258],[6.688,50.269],[6.67,50.253],[6.646,50.258]],[[6.653,51.355],[6.726,51.381],[6.805,51.382],[6.825,51.402],[6.816,51.442],[6.85,51.473],[6.875,51.473],[6.813,51.482],[6.922,51.497],[6.971,51.508],[7.002,51.534],[7.032,51.523],[7.316,51.596],[7.408,51.567],[7.432,51.501],[7.459,51.487],[7.538,51.507],[7.476,51.621],[7.536,51.61],[7.651,51.658],[7.895,51.705],[7.973,51.691],[7.996,51.672],[7.951,51.67],[7.914,51.616],[7.913,51.578],[7.845,51.558],[7.833,51.539],[7.849,51.498],[7.841,51.478],[7.672,51.475],[7.545,51.414],[7.523,51.385],[7.549,51.364],[7.546,51.326],[7.563,51.317],[7.629,51.34],[7.733,51.409],[7.792,51.417],[7.853,51.379],[7.827,51.352],[7.777,51.338],[7.775,51.316],[7.812,51.287],[7.791,51.268],[7.859,51.246],[7.912,51.251],[7.951,51.229],[7.93,51.206],[7.95,51.176],[7.909,51.183],[7.801,51.146],[7.837,51.125],[7.82,51.109],[7.821,51.075],[7.71,51.071],[7.732,51.039],[7.724,51.01],[7.647,51.011],[7.613,51.002],[7.727,51.002],[7.749,50.978],[7.784,50.972],[7.786,50.94],[7.736,50.916],[7.759,50.901],[7.758,50.843],[7.73,50.851],[7.7,50.826],[7.66,50.82],[7.677,50.782],[7.597,50.764],[7.582,50.738],[7.552,50.747],[7.437,50.71],[7.373,50.718],[7.357,50.698],[7.372,50.68],[7.359,50.65],[7.338,50.642],[7.213,50.623],[7.231,50.693],[7.171,50.698],[7.135,50.72],[7.157,50.745],[7.125,50.774],[7.077,50.769],[7.034,50.787],[7.025,50.818],[6.982,50.83],[7.051,50.88],[6.973,50.917],[6.994,50.937],[6.979,50.948],[6.997,50.974],[6.964,51.006],[6.915,51.018],[6.919,51.053],[6.856,51.075],[6.882,51.103],[6.848,51.135],[6.857,51.155],[6.798,51.144],[6.789,51.182],[6.735,51.183],[6.723,51.225],[6.755,51.219],[6.767,51.234],[6.702,51.272],[6.733,51.318],[6.653,51.355]],[[6.793,47.41],[6.794,47.454],[6.834,47.437],[6.793,47.41]],[[6.812,50.119],[6.866,50.123],[6.898,50.103],[6.905,50.078],[6.885,50.083],[6.844,50.038],[6.854,50.026],[6.84,50.028],[6.819,50.039],[6.812,50.119]],[[7.255,52.583],[7.465,52.618],[7.598,52.615],[7.619,52.593],[7.612,52.471],[7.683,52.458],[7.693,52.411],[7.714,52.401],[7.807,52.371],[7.892,52.381],[7.943,52.359],[7.966,52.324],[7.989,52.303],[7.933,52.298],[7.957,52.273],[7.924,52.262],[7.92,52.222],[7.9,52.208],[7.936,52.177],[8.007,52.176],[8.023,52.16],[8.003,52.16],[8.008,52.116],[7.882,52.085],[7.794,52.104],[7.75,52.095],[7.706,52.119],[7.723,52.143],[7.714,52.181],[7.646,52.218],[7.678,52.257],[7.601,52.338],[7.674,52.378],[7.671,52.396],[7.617,52.421],[7.545,52.366],[7.431,52.365],[7.355,52.455],[7.297,52.472],[7.287,52.496],[7.3,52.513],[7.269,52.533],[7.255,52.583]],[[7.519,47.674],[7.549,47.681],[7.565,47.666],[7.539,47.648],[7.519,47.674]],[[7.524,49.333],[7.56,49.357],[7.582,49.345],[7.564,49.311],[7.568,49.276],[7.556,49.273],[7.524,49.333]],[[7.551,47.744],[7.574,47.776],[7.605,47.775],[7.631,47.724],[7.58,47.735],[7.551,47.744]],[[7.701,49.498],[7.759,49.487],[7.738,49.473],[7.701,49.498]],[[7.761,49.545],[7.811,49.587],[7.848,49.594],[7.863,49.628],[7.9,49.603],[7.94,49.599],[7.94,49.598],[7.977,49.608],[7.938,49.588],[7.944,49.567],[7.874,49.562],[7.863,49.545],[7.77,49.534],[7.761,49.545]],[[7.831,49.373],[7.833,49.387],[7.93,49.421],[7.939,49.409],[7.919,49.388],[7.885,49.388],[7.848,49.367],[7.831,49.373]],[[7.839,49.683],[7.843,49.706],[7.892,49.718],[7.908,49.686],[7.857,49.662],[7.839,49.683]],[[7.845,49.134],[7.901,49.175],[7.899,49.149],[7.921,49.129],[7.906,49.118],[7.86,49.117],[7.845,49.134]],[[7.888,49.191],[7.918,49.21],[7.951,49.186],[7.915,49.178],[7.888,49.191]],[[7.927,49.878],[7.96,49.87],[7.93,49.865],[7.927,49.878]],[[7.93,50.567],[7.938,50.588],[7.979,50.596],[7.993,50.575],[8.026,50.573],[8.04,50.553],[7.996,50.525],[7.93,50.567]],[[7.943,49.453],[7.957,49.489],[8.042,49.519],[8.08,49.533],[8.042,49.523],[8.08,49.545],[8.128,49.574],[8.087,49.576],[8.088,49.611],[8.188,49.619],[8.191,49.652],[8.207,49.653],[8.232,49.618],[8.205,49.612],[8.234,49.604],[8.186,49.581],[8.216,49.525],[8.168,49.526],[8.189,49.518],[8.195,49.495],[8.258,49.495],[8.221,49.463],[8.128,49.466],[8.125,49.446],[8.087,49.438],[8.06,49.402],[8.024,49.397],[8.049,49.375],[8.024,49.366],[7.995,49.395],[8.025,49.409],[7.995,49.423],[8.021,49.433],[7.995,49.433],[8.028,49.446],[8.017,49.458],[7.995,49.442],[7.943,49.453]],[[7.948,49.619],[7.979,49.619],[7.949,49.608],[7.948,49.619]],[[8.03,49.809],[8.04,49.84],[8.058,49.836],[8.05,49.801],[8.03,49.809]],[[8.033,49.685],[8.054,49.699],[8.116,49.687],[8.078,49.678],[8.033,49.685]],[[8.051,49.252],[8.083,49.256],[8.109,49.247],[8.051,49.252]],[[8.124,51.894],[8.166,51.908],[8.198,51.95],[8.246,51.936],[8.314,51.968],[8.377,51.975],[8.403,51.958],[8.389,51.942],[8.433,51.94],[8.451,51.912],[8.443,51.891],[8.393,51.885],[8.351,51.901],[8.257,51.803],[8.2,51.828],[8.221,51.843],[8.202,51.863],[8.143,51.854],[8.124,51.894]],[[8.15,50.413],[8.172,50.421],[8.178,50.409],[8.162,50.407],[8.15,50.413]],[[8.154,49.773],[8.217,49.777],[8.233,49.763],[8.185,49.752],[8.155,49.76],[8.154,49.773]],[[8.197,49.722],[8.216,49.73],[8.338,49.737],[8.338,49.724],[8.203,49.713],[8.197,49.722]],[[8.212,49.587],[8.233,49.588],[8.281,49.587],[8.275,49.539],[8.22,49.546],[8.212,49.587]],[[8.224,49.822],[8.271,49.805],[8.33,49.83],[8.332,49.811],[8.385,49.817],[8.4,49.803],[8.355,49.783],[8.259,49.788],[8.224,49.822]],[[8.226,49.787],[8.257,49.787],[8.248,49.778],[8.226,49.787]],[[8.235,49.829],[8.238,49.841],[8.279,49.833],[8.261,49.823],[8.235,49.829]],[[8.276,49.423],[8.308,49.43],[8.283,49.393],[8.276,49.423]],[[8.278,49.616],[8.418,49.628],[8.487,49.614],[8.573,49.634],[8.562,49.604],[8.594,49.593],[8.495,49.573],[8.446,49.59],[8.424,49.581],[8.423,49.541],[8.311,49.555],[8.338,49.601],[8.29,49.591],[8.278,49.616]],[[8.301,52.457],[8.415,52.446],[8.652,52.531],[8.683,52.519],[8.698,52.487],[8.717,52.425],[8.708,52.399],[8.747,52.388],[8.935,52.405],[9.05,52.497],[9.138,52.475],[9.095,52.443],[9.125,52.412],[9.092,52.366],[9.099,52.373],[9.123,52.37],[9.162,52.411],[9.266,52.44],[9.276,52.47],[9.363,52.5],[9.423,52.466],[9.407,52.462],[9.415,52.442],[9.398,52.432],[9.366,52.431],[9.331,52.408],[9.376,52.396],[9.409,52.408],[9.451,52.379],[9.401,52.328],[9.414,52.293],[9.351,52.295],[9.348,52.276],[9.313,52.276],[9.311,52.254],[9.33,52.243],[9.312,52.221],[9.387,52.167],[9.359,52.143],[9.315,52.13],[9.267,52.16],[9.222,52.123],[9.175,52.117],[9.155,52.098],[9.134,52.099],[9.159,52.121],[9.143,52.135],[9.065,52.149],[9.012,52.14],[9.015,52.173],[8.99,52.192],[8.988,52.181],[8.932,52.186],[8.875,52.166],[8.848,52.214],[8.827,52.22],[8.798,52.209],[8.762,52.16],[8.743,52.15],[8.713,52.161],[8.684,52.141],[8.645,52.193],[8.56,52.219],[8.562,52.292],[8.508,52.333],[8.503,52.354],[8.323,52.401],[8.301,52.457]],[[8.35,51.723],[8.367,51.756],[8.363,51.811],[8.51,51.894],[8.512,51.92],[8.607,51.927],[8.642,51.884],[8.615,51.93],[8.719,51.892],[8.791,51.798],[8.932,51.809],[8.938,51.837],[8.992,51.842],[9.017,51.865],[9.012,51.877],[9.058,51.874],[9.124,51.909],[9.134,51.873],[9.209,51.853],[9.274,51.865],[9.302,51.85],[9.269,51.795],[9.323,51.855],[9.461,51.86],[9.432,51.818],[9.445,51.792],[9.375,51.744],[9.394,51.732],[9.399,51.697],[9.259,51.674],[9.263,51.671],[9.378,51.688],[9.394,51.672],[9.374,51.65],[9.445,51.644],[9.352,51.619],[9.34,51.609],[9.37,51.591],[9.318,51.55],[9.303,51.512],[9.229,51.49],[9.213,51.462],[9.177,51.464],[9.155,51.443],[9.094,51.445],[9.08,51.468],[9.092,51.494],[9.018,51.518],[8.894,51.483],[8.859,51.488],[8.849,51.469],[8.774,51.451],[8.654,51.481],[8.548,51.468],[8.52,51.491],[8.505,51.533],[8.477,51.548],[8.475,51.573],[8.587,51.617],[8.579,51.637],[8.552,51.67],[8.475,51.687],[8.424,51.668],[8.393,51.695],[8.402,51.719],[8.35,51.723]],[[9.19,51.955],[9.211,51.96],[9.263,51.976],[9.284,51.956],[9.263,51.946],[9.279,51.94],[9.269,51.931],[9.216,51.911],[9.195,51.919],[9.19,51.955]],[[9.248,49.595],[9.261,49.646],[9.294,49.655],[9.351,49.634],[9.331,49.61],[9.293,49.615],[9.338,49.542],[9.309,49.533],[9.275,49.568],[9.248,49.595]],[[9.304,50.55],[9.319,50.575],[9.365,50.581],[9.376,50.566],[9.347,50.54],[9.304,50.55]],[[9.336,50.305],[9.353,50.319],[9.397,50.315],[9.449,50.284],[9.376,50.271],[9.397,50.262],[9.382,50.239],[9.351,50.243],[9.337,50.275],[9.336,50.305]],[[9.367,50.395],[9.438,50.41],[9.464,50.398],[9.448,50.384],[9.467,50.356],[9.386,50.346],[9.367,50.395]],[[9.38,49.602],[9.436,49.664],[9.509,49.651],[9.524,49.621],[9.567,49.604],[9.534,49.567],[9.491,49.579],[9.439,49.561],[9.422,49.59],[9.404,49.587],[9.38,49.602]],[[9.452,52.118],[9.48,52.168],[9.556,52.167],[9.586,52.145],[9.566,52.142],[9.574,52.12],[9.551,52.101],[9.514,52.108],[9.452,52.118]],[[9.527,50.19],[9.564,50.196],[9.576,50.232],[9.604,50.222],[9.667,50.24],[9.7,50.203],[9.683,50.176],[9.529,50.168],[9.527,50.19]],[[9.532,50.347],[9.614,50.36],[9.647,50.345],[9.636,50.326],[9.609,50.326],[9.61,50.301],[9.564,50.304],[9.577,50.326],[9.532,50.347]],[[9.566,53.753],[9.642,53.774],[9.66,53.8],[9.677,53.851],[9.658,53.855],[9.649,53.881],[9.752,53.893],[9.763,53.873],[9.824,53.846],[9.821,53.826],[9.881,53.812],[9.876,53.778],[9.9,53.772],[9.892,53.752],[9.975,53.767],[10,53.716],[9.99,53.636],[9.967,53.615],[9.982,53.603],[9.96,53.581],[9.915,53.584],[9.913,53.542],[9.705,53.559],[9.633,53.583],[9.663,53.596],[9.643,53.663],[9.616,53.667],[9.599,53.701],[9.569,53.718],[9.582,53.724],[9.566,53.753]],[[9.687,49.317],[9.719,49.324],[9.711,49.34],[9.738,49.338],[9.738,49.353],[9.761,49.343],[9.752,49.362],[9.78,49.383],[9.84,49.379],[9.83,49.373],[9.849,49.349],[9.839,49.344],[9.864,49.326],[9.841,49.314],[9.798,49.333],[9.687,49.317]],[[9.754,49.211],[9.787,49.206],[9.789,49.19],[9.754,49.211]],[[10.074,50.879],[10.137,50.907],[10.143,50.894],[10.17,50.902],[10.179,50.883],[10.211,50.894],[10.214,50.88],[10.185,50.866],[10.21,50.863],[10.189,50.853],[10.074,50.879]],[[10.28,50.809],[10.324,50.818],[10.338,50.795],[10.312,50.78],[10.28,50.809]],[[10.364,51.556],[10.376,51.589],[10.435,51.591],[10.488,51.574],[10.473,51.551],[10.51,51.55],[10.502,51.561],[10.534,51.582],[10.517,51.606],[10.525,51.623],[10.579,51.611],[10.576,51.563],[10.592,51.583],[10.627,51.571],[10.651,51.558],[10.666,51.576],[10.639,51.589],[10.634,51.608],[10.702,51.641],[10.668,51.67],[10.671,51.698],[10.706,51.694],[10.734,51.671],[10.781,51.683],[10.783,51.661],[10.763,51.65],[10.818,51.625],[10.862,51.632],[10.893,51.606],[10.863,51.571],[10.87,51.535],[10.901,51.531],[10.908,51.509],[10.959,51.492],[10.987,51.464],[10.851,51.485],[10.801,51.523],[10.761,51.51],[10.754,51.489],[10.786,51.477],[10.769,51.437],[10.8,51.412],[10.767,51.391],[10.694,51.396],[10.682,51.384],[10.717,51.365],[10.701,51.332],[10.633,51.362],[10.627,51.382],[10.585,51.367],[10.591,51.385],[10.565,51.386],[10.572,51.367],[10.552,51.383],[10.524,51.371],[10.504,51.384],[10.466,51.456],[10.427,51.462],[10.467,51.486],[10.48,51.518],[10.468,51.544],[10.375,51.539],[10.364,51.556]],[[10.418,54.084],[10.422,54.116],[10.473,54.107],[10.495,54.123],[10.532,54.12],[10.54,54.129],[10.491,54.158],[10.487,54.178],[10.528,54.188],[10.549,54.22],[10.54,54.228],[10.573,54.236],[10.666,54.209],[10.674,54.189],[10.657,54.168],[10.693,54.146],[10.697,54.121],[10.745,54.123],[10.761,54.108],[10.677,54.09],[10.595,54.102],[10.598,54.07],[10.459,54.061],[10.418,54.084]],[[10.77,50.858],[10.819,50.889],[10.821,50.921],[10.86,50.916],[10.87,50.871],[10.85,50.841],[10.785,50.844],[10.77,50.858]],[[10.781,50.986],[10.809,51],[10.889,50.995],[10.913,51.012],[10.87,51.028],[10.869,51.058],[10.831,51.073],[10.838,51.095],[10.91,51.089],[10.95,51.101],[10.951,51.125],[10.97,51.124],[10.981,51.097],[10.968,51.079],[10.988,51.036],[11.025,51.031],[11.02,51.06],[11.044,51.08],[11.085,51.065],[11.128,51.082],[11.133,51.058],[11.177,51.07],[11.206,51.036],[11.195,51.021],[11.237,51.007],[11.226,50.997],[11.241,50.985],[11.266,50.985],[11.267,50.971],[11.221,50.95],[11.253,50.889],[11.246,50.875],[11.208,50.882],[11.211,50.871],[11.176,50.867],[11.121,50.899],[11.044,50.884],[11.015,50.861],[10.995,50.874],[11.007,50.895],[11.055,50.896],[11.055,50.91],[10.98,50.904],[10.97,50.922],[11.023,50.929],[11,50.948],[10.939,50.947],[10.896,50.923],[10.873,50.932],[10.897,50.945],[10.894,50.961],[10.827,50.951],[10.832,50.99],[10.781,50.986]],[[10.934,52.46],[10.943,52.492],[11.056,52.506],[11.092,52.451],[11.146,52.419],[11.148,52.385],[11.066,52.373],[11.022,52.393],[10.934,52.46]],[[10.95,44.92],[10.951,44.933],[10.968,44.936],[10.99,44.952],[11.059,44.949],[11.073,44.963],[11.12,44.954],[11.153,44.933],[11.246,44.951],[11.261,44.934],[11.221,44.883],[11.122,44.864],[10.977,44.86],[10.954,44.894],[10.95,44.92]],[[11.061,51.15],[11.08,51.149],[11.116,51.184],[11.16,51.159],[11.174,51.128],[11.175,51.106],[11.138,51.092],[11.093,51.112],[11.097,51.128],[11.064,51.129],[11.061,51.15]],[[11.226,51.071],[11.266,51.073],[11.263,51.052],[11.312,51.054],[11.274,51.026],[11.229,51.049],[11.226,51.071]],[[11.255,51.103],[11.256,51.131],[11.287,51.127],[11.282,51.102],[11.255,51.103]],[[11.289,50.867],[11.353,50.895],[11.344,50.927],[11.381,50.925],[11.395,50.902],[11.418,50.898],[11.379,50.865],[11.409,50.857],[11.405,50.833],[11.364,50.832],[11.355,50.815],[11.307,50.804],[11.289,50.867]],[[11.604,51.666],[11.635,51.7],[11.615,51.703],[11.624,51.732],[11.71,51.716],[11.693,51.725],[11.716,51.733],[11.721,51.729],[11.723,51.732],[11.7,51.744],[11.769,51.751],[11.798,51.724],[11.808,51.689],[11.913,51.648],[11.949,51.667],[11.934,51.634],[11.945,51.631],[11.92,51.622],[11.964,51.623],[11.953,51.601],[11.986,51.597],[11.98,51.575],[12.02,51.58],[12.019,51.592],[12.165,51.576],[12.16,51.551],[12.078,51.534],[12.128,51.517],[12.071,51.512],[12.054,51.494],[12.088,51.485],[12.039,51.488],[12.077,51.454],[12.151,51.459],[12.17,51.423],[12.165,51.407],[12.117,51.418],[12.09,51.423],[12.083,51.391],[12.064,51.388],[12.045,51.393],[12.05,51.422],[12.013,51.402],[11.963,51.41],[11.926,51.446],[11.955,51.48],[11.943,51.481],[11.853,51.46],[11.836,51.424],[11.801,51.466],[11.848,51.473],[11.863,51.493],[11.833,51.498],[11.842,51.513],[11.819,51.533],[11.825,51.574],[11.759,51.583],[11.744,51.63],[11.604,51.666]],[[11.867,51.741],[11.884,51.751],[11.909,51.74],[11.907,51.727],[11.867,51.741]],[[12.255,51.767],[12.294,51.786],[12.287,51.756],[12.307,51.755],[12.305,51.733],[12.268,51.718],[12.275,51.733],[12.255,51.767]],[[12.857,46.76],[12.873,46.811],[12.906,46.823],[12.966,46.787],[12.932,46.764],[12.899,46.777],[12.857,46.76]],[[12.991,46.711],[13.004,46.726],[13.183,46.729],[13.215,46.749],[13.286,46.753],[13.284,46.783],[13.225,46.837],[13.315,46.854],[13.344,46.876],[13.417,46.847],[13.377,46.756],[13.315,46.731],[13.26,46.736],[13.208,46.697],[13.104,46.685],[13.091,46.699],[12.991,46.711]],[[13.019,46.889],[13.037,46.893],[13.046,46.88],[13.019,46.889]],[[13.086,51.546],[13.123,51.563],[13.151,51.531],[13.117,51.519],[13.086,51.546]],[[14.23,46.991],[14.247,47.008],[14.233,47.028],[14.366,47.025],[14.388,46.98],[14.459,46.998],[14.477,47.02],[14.591,47.003],[14.55,46.973],[14.556,46.892],[14.544,46.858],[14.409,46.89],[14.25,46.848],[14.23,46.991]],[[14.778,46.747],[14.805,46.791],[14.858,46.778],[14.829,46.727],[14.778,46.747]],[[15.353,45.484],[15.38,45.491],[15.36,45.477],[15.353,45.484]]],[[[3.634,51.647],[3.739,51.647],[3.709,51.691],[3.634,51.647]]],[[[4.84,49.951],[4.877,49.963],[4.857,49.966],[4.875,49.985],[4.864,49.99],[4.84,49.951]]],[[[5.048,50.016],[5.062,49.994],[5.051,49.987],[5.071,49.977],[5.086,49.987],[5.084,50.016],[5.048,50.016]]],[[[5.124,52.579],[5.146,52.559],[5.182,52.585],[5.124,52.579]]],[[[5.271,49.727],[5.275,49.712],[5.293,49.709],[5.299,49.721],[5.271,49.727]]],[[[5.297,50.206],[5.306,50.189],[5.325,50.203],[5.297,50.206]]],[[[5.488,50.316],[5.495,50.304],[5.522,50.311],[5.488,50.316]]],[[[5.515,50.419],[5.519,50.403],[5.54,50.396],[5.515,50.419]]],[[[5.554,50.409],[5.572,50.416],[5.575,50.415],[5.578,50.417],[5.606,50.428],[5.557,50.415],[5.554,50.409]]],[[[5.624,49.182],[5.65,49.123],[5.704,49.141],[5.707,49.158],[5.658,49.17],[5.68,49.189],[5.627,49.181],[5.624,49.182]]],[[[5.657,49.108],[5.68,49.056],[5.74,49.076],[5.725,49.094],[5.662,49.108],[5.657,49.108]]],[[[5.669,50.37],[5.721,50.367],[5.723,50.374],[5.669,50.37]]],[[[5.707,49.421],[5.732,49.398],[5.802,49.398],[5.855,49.44],[5.799,49.448],[5.707,49.421]]],[[[5.749,49.542],[5.753,49.542],[5.758,49.561],[5.752,49.568],[5.749,49.542]]],[[[5.797,50.248],[5.829,50.238],[5.802,50.26],[5.797,50.248]]],[[[5.801,50.22],[5.903,50.242],[5.905,50.244],[5.81,50.224],[5.808,50.224],[5.801,50.22]]],[[[5.806,46.015],[5.809,45.989],[5.834,45.973],[5.826,45.938],[5.863,45.931],[5.889,45.864],[5.966,45.79],[5.99,45.75],[6.016,45.751],[6.042,45.733],[6.124,45.758],[6.158,45.755],[6.22,45.704],[6.298,45.719],[6.327,45.697],[6.389,45.712],[6.434,45.663],[6.455,45.595],[6.5,45.603],[6.519,45.639],[6.595,45.61],[6.634,45.63],[6.712,45.722],[6.685,45.752],[6.684,45.774],[6.647,45.807],[6.599,45.797],[6.54,45.847],[6.521,45.905],[6.528,45.94],[6.495,46],[6.366,46.088],[6.31,46.144],[6.254,46.151],[6.224,46.181],[6.172,46.182],[6.201,46.208],[6.222,46.216],[6.193,46.24],[6.174,46.243],[6.167,46.224],[6.128,46.228],[6.112,46.219],[6.118,46.216],[6.094,46.192],[6.087,46.196],[6.092,46.211],[6.065,46.193],[6.031,46.199],[6.031,46.191],[6.057,46.18],[6.054,46.175],[6.039,46.164],[5.986,46.151],[5.978,46.134],[5.914,46.128],[5.894,46.119],[5.886,46.108],[5.891,46.088],[5.885,46.085],[5.858,46.086],[5.831,46.107],[5.82,46.103],[5.825,46.095],[5.812,46.079],[5.806,46.015]]],[[[5.808,45.428],[5.823,45.396],[5.935,45.322],[5.947,45.26],[6.058,45.223],[6.033,45.334],[6.083,45.372],[6.145,45.322],[6.192,45.338],[6.201,45.361],[6.176,45.395],[6.122,45.439],[6.096,45.432],[6.094,45.445],[6.049,45.438],[6.011,45.45],[6.009,45.473],[5.968,45.492],[5.915,45.477],[5.924,45.464],[5.92,45.444],[5.905,45.432],[5.897,45.4],[5.816,45.422],[5.808,45.428]]],[[[5.868,50.28],[5.908,50.247],[5.914,50.253],[5.873,50.276],[5.882,50.281],[5.868,50.28]]],[[[5.869,49.375],[5.889,49.344],[5.919,49.373],[5.869,49.375]]],[[[5.937,51.183],[5.968,51.199],[5.968,51.208],[5.937,51.183]]],[[[5.953,50.336],[6.009,50.33],[6.038,50.368],[6.124,50.379],[6.034,50.37],[6.004,50.331],[5.953,50.336]]],[[[6.097,49.252],[6.108,49.258],[6.1,49.312],[6.097,49.252]]],[[[6.132,51.979],[6.203,51.937],[6.259,51.951],[6.214,51.982],[6.132,51.979]]],[[[6.142,46.272],[6.155,46.254],[6.177,46.25],[6.182,46.263],[6.153,46.276],[6.142,46.272]]],[[[6.219,49.312],[6.232,49.301],[6.252,49.307],[6.219,49.312]]],[[[6.246,46.256],[6.254,46.248],[6.247,46.227],[6.291,46.224],[6.31,46.244],[6.306,46.256],[6.298,46.255],[6.295,46.265],[6.266,46.249],[6.25,46.262],[6.246,46.256]]],[[[6.375,49.541],[6.395,49.524],[6.398,49.536],[6.375,49.541]]],[[[6.488,49.789],[6.51,49.775],[6.514,49.785],[6.488,49.789]]],[[[6.502,49.754],[6.504,49.743],[6.536,49.762],[6.502,49.754]]],[[[6.517,45.106],[6.665,44.955],[6.943,44.869],[7.003,44.72],[6.925,44.715],[6.783,44.548],[6.785,44.544],[6.839,44.609],[6.855,44.615],[6.858,44.63],[6.882,44.631],[6.916,44.66],[6.948,44.655],[6.963,44.678],[6.99,44.69],[7.029,44.692],[7.077,44.682],[7.065,44.714],[7.074,44.716],[7.044,44.718],[7.024,44.74],[7.019,44.777],[7.001,44.792],[7.02,44.815],[7.02,44.825],[7.01,44.826],[7.001,44.842],[7.015,44.879],[6.795,45.014],[6.747,45.008],[6.722,45.022],[6.671,45.02],[6.647,45.027],[6.639,45.055],[6.608,45.052],[6.594,45.07],[6.558,45.08],[6.55,45.098],[6.532,45.098],[6.517,45.106]]],[[[6.558,49.914],[6.612,49.909],[6.628,49.951],[6.56,49.943],[6.558,49.914]]],[[[6.584,46.678],[6.598,46.618],[6.658,46.589],[6.671,46.599],[6.687,46.63],[6.75,46.631],[6.733,46.67],[6.704,46.673],[6.684,46.689],[6.631,46.688],[6.627,46.697],[6.592,46.69],[6.584,46.678]]],[[[6.681,52.553],[6.701,52.527],[6.698,52.486],[6.705,52.521],[6.69,52.552],[6.693,52.552],[6.681,52.553]]],[[[6.698,52.486],[6.753,52.464],[6.89,52.444],[6.745,52.468],[6.698,52.486]]],[[[6.908,51.396],[6.925,51.406],[6.926,51.429],[6.945,51.439],[6.939,51.441],[6.913,51.431],[6.922,51.42],[6.908,51.396]]],[[[7.029,47.104],[7.089,47.083],[7.032,47.109],[7.029,47.104]]],[[[7.046,51.419],[7.079,51.438],[7.073,51.443],[7.046,51.419]]],[[[7.145,51.34],[7.153,51.33],[7.146,51.341],[7.156,51.369],[7.148,51.372],[7.145,51.34]]],[[[7.423,51.024],[7.449,50.997],[7.447,51.011],[7.423,51.024]]],[[[7.454,51.069],[7.471,51.054],[7.479,51.057],[7.459,51.071],[7.454,51.069]]],[[[7.468,43.825],[7.471,43.813],[7.485,43.822],[7.485,43.824],[7.468,43.825]]],[[[7.47,50.975],[7.473,50.879],[7.506,50.859],[7.566,50.861],[7.6,50.882],[7.614,50.922],[7.636,50.927],[7.61,50.95],[7.591,50.996],[7.533,50.981],[7.505,50.994],[7.47,50.975]]],[[[7.732,45.322],[7.791,45.251],[7.848,45.228],[7.852,45.202],[7.873,45.183],[7.85,45.173],[7.827,45.14],[7.885,45.114],[7.898,45.139],[7.979,45.143],[7.993,45.162],[7.951,45.196],[8.037,45.199],[7.984,45.237],[7.98,45.262],[8.05,45.317],[8.021,45.33],[8.016,45.366],[7.998,45.368],[7.966,45.357],[7.953,45.338],[7.968,45.324],[7.963,45.312],[7.92,45.314],[7.906,45.334],[7.866,45.343],[7.824,45.341],[7.806,45.361],[7.765,45.366],[7.738,45.342],[7.732,45.322]]],[[[7.862,45.791],[7.881,45.767],[7.862,45.82],[7.862,45.791]]],[[[7.927,45.735],[7.938,45.725],[7.932,45.637],[7.971,45.593],[7.977,45.562],[7.964,45.531],[8.008,45.476],[8.057,45.472],[8.07,45.454],[8.06,45.419],[8.07,45.403],[8.071,45.39],[8.124,45.375],[8.145,45.407],[8.168,45.412],[8.174,45.44],[8.21,45.45],[8.278,45.519],[8.297,45.553],[8.276,45.563],[8.258,45.604],[8.295,45.64],[8.328,45.647],[8.188,45.729],[8.182,45.751],[8.115,45.753],[8.082,45.738],[8.076,45.719],[8.06,45.74],[7.953,45.72],[7.927,45.735]]],[[[7.986,44.77],[7.99,44.74],[8.001,44.731],[8.008,44.733],[8.028,44.799],[8.022,44.804],[7.986,44.77]]],[[[8.021,45.11],[8.045,45.088],[8.05,45.088],[8.03,45.13],[8.022,45.124],[8.021,45.11]]],[[[8.119,44.09],[8.134,44.085],[8.142,44.092],[8.141,44.093],[8.151,44.102],[8.139,44.104],[8.135,44.092],[8.119,44.09]]],[[[8.127,49.556],[8.152,49.542],[8.156,49.544],[8.135,49.562],[8.127,49.556]]],[[[8.174,44.502],[8.207,44.48],[8.244,44.474],[8.261,44.519],[8.174,44.502]]],[[[8.551,45.168],[8.555,45.157],[8.576,45.154],[8.557,45.167],[8.551,45.168]]],[[[8.562,44.846],[8.577,44.723],[8.563,44.933],[8.562,44.846]]],[[[8.582,45.15],[8.592,45.131],[8.614,45.127],[8.582,45.15]]],[[[8.725,44.579],[8.739,44.55],[8.749,44.55],[8.725,44.579]]],[[[8.749,44.55],[8.752,44.526],[8.765,44.53],[8.749,44.55]]],[[[8.771,44.489],[8.786,44.488],[8.8,44.502],[8.771,44.49],[8.771,44.489]]],[[[8.779,54.132],[8.833,54.066],[8.917,54.028],[8.983,54.05],[8.932,54.124],[8.903,54.13],[8.865,54.116],[8.821,54.137],[8.814,54.149],[8.779,54.132]]],[[[8.81,44.576],[8.823,44.542],[8.828,44.546],[8.822,44.548],[8.826,44.559],[8.818,44.571],[8.81,44.576]]],[[[8.825,44.731],[8.827,44.716],[8.846,44.695],[8.825,44.731]]],[[[8.952,51.808],[8.964,51.784],[9.01,51.797],[8.952,51.808]]],[[[9.014,52.331],[9.048,52.342],[9.031,52.345],[9.014,52.331]]],[[[9.036,52.22],[9.039,52.184],[9.046,52.183],[9.043,52.222],[9.036,52.22]]],[[[9.179,52.934],[9.19,52.937],[9.184,52.985],[9.179,52.934]]],[[[9.409,44.56],[9.48,44.563],[9.415,44.567],[9.409,44.56]]],[[[9.468,44.421],[9.479,44.409],[9.495,44.424],[9.468,44.421]]],[[[9.606,44.435],[9.638,44.415],[9.655,44.412],[9.606,44.435]]],[[[9.666,49.929],[9.706,49.907],[9.687,49.9],[9.735,49.914],[9.72,49.93],[9.666,49.929]]],[[[9.676,49.693],[9.732,49.688],[9.737,49.692],[9.711,49.727],[9.755,49.75],[9.724,49.744],[9.7,49.717],[9.677,49.716],[9.676,49.693]]],[[[9.682,50.748],[9.72,50.745],[9.722,50.764],[9.7,50.77],[9.682,50.748]]],[[[9.687,49.9],[9.701,49.889],[9.739,49.888],[9.687,49.9]]],[[[9.741,50.807],[9.749,50.804],[9.744,50.778],[9.777,50.752],[9.81,50.778],[9.807,50.796],[9.823,50.796],[9.795,50.821],[9.741,50.807]]],[[[9.764,50.074],[9.766,50.061],[9.793,50.054],[9.799,50.076],[9.764,50.074]]],[[[9.838,49.918],[9.89,49.926],[9.89,49.965],[9.857,49.969],[9.838,49.918]]],[[[9.861,50.573],[9.864,50.539],[9.924,50.518],[9.929,50.543],[9.908,50.542],[9.902,50.556],[9.987,50.582],[10.015,50.528],[10.015,50.538],[9.982,50.603],[9.997,50.619],[10.026,50.618],[10.044,50.598],[10.038,50.614],[10.081,50.62],[10.101,50.64],[10.077,50.638],[10.051,50.674],[9.958,50.667],[9.955,50.589],[9.916,50.585],[9.917,50.605],[9.898,50.592],[9.918,50.569],[9.861,50.573]]],[[[9.864,50.363],[9.876,50.369],[9.884,50.399],[9.864,50.363]]],[[[9.864,50.449],[9.871,50.431],[9.917,50.415],[9.993,50.452],[9.946,50.501],[9.957,50.485],[9.864,50.449]]],[[[9.883,50.79],[9.927,50.768],[9.945,50.774],[9.956,50.815],[9.944,50.819],[9.899,50.817],[9.896,50.79],[9.883,50.79]]],[[[9.9,49.671],[9.932,49.667],[9.916,49.647],[9.928,49.623],[9.953,49.623],[9.963,49.658],[9.951,49.675],[9.963,49.686],[10.031,49.676],[10.024,49.697],[9.949,49.709],[9.93,49.685],[9.906,49.685],[9.9,49.671]]],[[[9.912,50.232],[9.917,50.204],[9.968,50.201],[9.92,50.214],[9.912,50.232]]],[[[9.946,50.501],[9.971,50.527],[9.964,50.53],[9.946,50.501]]],[[[10.024,49.491],[10.053,49.51],[10.045,49.521],[10.024,49.491]]],[[[10.042,49.719],[10.061,49.703],[10.113,49.734],[10.042,49.719]]],[[[10.061,49.647],[10.148,49.649],[10.179,49.687],[10.133,49.694],[10.097,49.655],[10.061,49.647]]],[[[10.072,49.588],[10.174,49.582],[10.165,49.569],[10.183,49.544],[10.105,49.535],[10.125,49.531],[10.292,49.566],[10.325,49.564],[10.321,49.534],[10.359,49.534],[10.4,49.488],[10.372,49.483],[10.387,49.465],[10.412,49.474],[10.432,49.504],[10.384,49.525],[10.384,49.542],[10.491,49.596],[10.537,49.596],[10.524,49.62],[10.486,49.632],[10.561,49.677],[10.606,49.682],[10.609,49.697],[10.588,49.695],[10.589,49.709],[10.511,49.71],[10.48,49.706],[10.523,49.743],[10.477,49.76],[10.481,49.776],[10.463,49.786],[10.503,49.8],[10.567,49.774],[10.609,49.774],[10.594,49.788],[10.605,49.807],[10.631,49.801],[10.65,49.821],[10.601,49.856],[10.627,49.876],[10.626,49.891],[10.6,49.89],[10.578,49.859],[10.556,49.865],[10.567,49.884],[10.53,49.883],[10.49,49.868],[10.462,49.875],[10.407,49.78],[10.388,49.785],[10.424,49.757],[10.405,49.745],[10.488,49.718],[10.402,49.676],[10.441,49.662],[10.458,49.633],[10.397,49.607],[10.383,49.614],[10.347,49.67],[10.381,49.684],[10.408,49.693],[10.35,49.69],[10.384,49.706],[10.359,49.718],[10.317,49.733],[10.374,49.704],[10.304,49.694],[10.226,49.665],[10.228,49.651],[10.184,49.652],[10.187,49.679],[10.162,49.622],[10.174,49.598],[10.202,49.604],[10.223,49.584],[10.072,49.588]]],[[[10.081,50.482],[10.087,50.476],[10.121,50.482],[10.117,50.492],[10.112,50.481],[10.081,50.482]]],[[[10.09,50.569],[10.093,50.551],[10.1,50.555],[10.129,50.555],[10.139,50.543],[10.15,50.549],[10.138,50.555],[10.194,50.555],[10.221,50.538],[10.221,50.539],[10.235,50.555],[10.26,50.548],[10.263,50.571],[10.235,50.59],[10.187,50.593],[10.182,50.617],[10.144,50.618],[10.14,50.579],[10.09,50.569]]],[[[10.129,49.901],[10.141,49.869],[10.187,49.873],[10.172,49.904],[10.129,49.901]]],[[[10.166,50.03],[10.235,50.014],[10.269,50.058],[10.257,50.086],[10.295,50.112],[10.269,50.132],[10.323,50.14],[10.262,50.14],[10.237,50.122],[10.228,50.074],[10.201,50.07],[10.166,50.03]]],[[[10.2,50.5],[10.203,50.478],[10.229,50.496],[10.252,50.484],[10.257,50.463],[10.255,50.455],[10.269,50.477],[10.325,50.492],[10.325,50.493],[10.23,50.516],[10.23,50.511],[10.2,50.5]]],[[[10.272,49.853],[10.275,49.834],[10.29,49.832],[10.313,49.845],[10.299,49.858],[10.272,49.853]]],[[[10.274,49.885],[10.313,49.884],[10.292,49.92],[10.274,49.885]]],[[[10.279,47.732],[10.288,47.707],[10.316,47.697],[10.338,47.719],[10.337,47.762],[10.279,47.732]]],[[[10.284,49.798],[10.317,49.733],[10.299,49.778],[10.366,49.79],[10.357,49.792],[10.37,49.816],[10.356,49.824],[10.284,49.798]]],[[[10.431,49.424],[10.478,49.397],[10.585,49.392],[10.587,49.408],[10.524,49.416],[10.559,49.451],[10.47,49.451],[10.431,49.424]]],[[[10.436,50.172],[10.468,50.177],[10.45,50.196],[10.436,50.172]]],[[[10.452,43.768],[10.501,43.753],[10.511,43.757],[10.507,43.756],[10.452,43.768]]],[[[10.521,50.09],[10.574,50.051],[10.622,50.039],[10.539,50.024],[10.659,50.041],[10.684,50.054],[10.683,50.07],[10.663,50.074],[10.655,50.056],[10.595,50.097],[10.521,50.09]]],[[[10.537,49.017],[10.611,48.919],[10.671,48.907],[10.613,48.97],[10.591,48.969],[10.587,48.998],[10.606,49.009],[10.583,49.032],[10.551,49.033],[10.537,49.017]]],[[[10.621,49.235],[10.735,49.245],[10.774,49.259],[10.78,49.28],[10.69,49.31],[10.652,49.299],[10.653,49.286],[10.671,49.287],[10.655,49.252],[10.621,49.235]]],[[[10.682,49.465],[10.71,49.465],[10.754,49.433],[10.729,49.455],[10.747,49.456],[10.734,49.488],[10.713,49.494],[10.682,49.465]]],[[[10.713,48.899],[10.944,48.853],[10.948,48.86],[10.933,48.861],[10.955,48.881],[10.942,48.906],[10.977,48.927],[10.988,48.924],[11.027,48.985],[10.917,49.029],[10.905,49.025],[10.916,49.012],[10.88,48.998],[10.909,48.945],[10.806,48.94],[10.796,48.916],[10.745,48.919],[10.713,48.899]]],[[[10.742,50.036],[10.754,50.03],[10.883,50.038],[10.742,50.036]]],[[[10.771,50.204],[10.827,50.214],[10.837,50.221],[10.771,50.204]]],[[[10.796,49.92],[10.802,49.885],[10.845,49.908],[10.796,49.92]]],[[[10.835,49.534],[10.855,49.525],[10.876,49.529],[10.835,49.534]]],[[[10.858,49.13],[10.921,49.134],[10.882,49.153],[10.858,49.13]]],[[[10.867,49.687],[10.874,49.673],[10.903,49.682],[10.867,49.687]]],[[[10.884,49.06],[10.893,49.061],[10.912,49.067],[10.89,49.087],[10.884,49.06]]],[[[10.906,49.197],[10.917,49.191],[10.985,49.187],[10.906,49.197]]],[[[10.913,42.709],[10.949,42.679],[10.939,42.696],[10.913,42.709]]],[[[10.933,49.353],[10.947,49.35],[10.936,49.333],[10.999,49.336],[10.968,49.347],[10.996,49.371],[10.993,49.395],[10.937,49.377],[10.933,49.353]]],[[[10.951,49.505],[10.985,49.52],[10.989,49.497],[11.012,49.494],[11.03,49.43],[11.059,49.414],[11.015,49.412],[10.975,49.455],[11.035,49.371],[11.107,49.374],[11.116,49.367],[11.1,49.334],[11.143,49.364],[11.194,49.34],[11.312,49.354],[11.356,49.322],[11.307,49.298],[11.255,49.323],[11.231,49.323],[11.231,49.306],[11.211,49.317],[11.177,49.283],[11.228,49.248],[11.203,49.226],[11.215,49.211],[11.067,49.154],[11.05,49.175],[11.068,49.117],[11.278,49.184],[11.414,49.148],[11.434,49.149],[11.446,49.14],[11.527,49.118],[11.682,48.933],[11.761,48.937],[11.943,48.985],[12.026,48.985],[12.275,48.919],[12.274,48.787],[12.357,48.787],[12.524,48.853],[12.611,49.118],[12.861,49.118],[13.03,49.25],[12.532,49.515],[12.534,49.648],[12.368,49.714],[12.371,49.98],[12.266,50.064],[12.246,50.039],[12.198,50.033],[12.192,50.001],[12.146,49.992],[12.116,50.031],[12.044,50.008],[12.076,49.995],[12.05,49.989],[11.922,49.984],[11.858,50.022],[11.796,50.009],[11.798,49.951],[11.716,49.924],[11.714,49.906],[11.73,49.899],[11.712,49.891],[11.736,49.876],[11.675,49.832],[11.686,49.805],[11.58,49.761],[11.574,49.704],[11.55,49.699],[11.567,49.676],[11.563,49.635],[11.423,49.62],[11.399,49.636],[11.406,49.648],[11.474,49.686],[11.464,49.718],[11.429,49.72],[11.435,49.732],[11.526,49.773],[11.517,49.811],[11.535,49.818],[11.48,49.844],[11.471,49.838],[11.496,49.805],[11.47,49.772],[11.477,49.758],[11.343,49.678],[11.27,49.684],[11.279,49.675],[11.262,49.661],[11.25,49.676],[11.197,49.672],[11.147,49.645],[11.2,49.647],[11.173,49.612],[11.2,49.607],[11.177,49.59],[11.092,49.596],[11.122,49.581],[10.971,49.583],[10.961,49.574],[11.012,49.575],[11.022,49.556],[10.989,49.553],[10.951,49.505]],[[11.563,49.634],[11.596,49.606],[11.564,49.574],[11.54,49.602],[11.513,49.608],[11.517,49.627],[11.563,49.634]],[[11.339,49.58],[11.379,49.606],[11.403,49.595],[11.383,49.565],[11.339,49.58]],[[11.444,49.52],[11.518,49.513],[11.472,49.502],[11.444,49.52]],[[11.699,49.657],[11.82,49.688],[11.839,49.677],[11.851,49.691],[11.904,49.666],[11.905,49.626],[11.925,49.63],[11.944,49.609],[11.919,49.602],[11.826,49.596],[11.793,49.617],[11.741,49.62],[11.699,49.657]],[[11.734,49.832],[11.765,49.848],[11.776,49.873],[11.763,49.891],[11.774,49.905],[11.804,49.896],[11.811,49.853],[11.834,49.842],[11.833,49.811],[11.738,49.809],[11.734,49.832]],[[12.152,49.021],[12.156,49.049],[12.223,49.087],[12.276,49.096],[12.319,49.125],[12.358,49.114],[12.325,49.082],[12.377,49.063],[12.459,49.072],[12.455,49.049],[12.423,49.032],[12.44,49.008],[12.418,48.978],[12.335,48.976],[12.328,48.985],[12.345,48.997],[12.32,49.014],[12.267,49.011],[12.219,49.029],[12.184,49.008],[12.152,49.021]]],[[[10.972,49.149],[11.05,49.175],[10.975,49.159],[10.972,49.149]]],[[[11.108,51.035],[11.151,51.004],[11.188,51.022],[11.155,51.037],[11.108,51.035]]],[[[11.121,50.913],[11.176,50.896],[11.191,50.91],[11.153,50.919],[11.121,50.913]]],[[[11.17,50.94],[11.188,50.948],[11.172,50.956],[11.17,50.94]]],[[[11.317,50.468],[11.344,50.445],[11.342,50.46],[11.317,50.468]]],[[[11.536,50.266],[11.575,50.257],[11.543,50.222],[11.571,50.192],[11.542,50.149],[11.578,50.153],[11.626,50.207],[11.605,50.225],[11.598,50.259],[11.536,50.266]]],[[[11.598,50.259],[11.722,50.31],[11.682,50.303],[11.598,50.259]]],[[[11.68,51.956],[11.695,51.954],[11.691,51.931],[11.792,51.943],[11.822,51.929],[11.799,51.959],[11.764,51.969],[11.765,51.976],[11.697,51.967],[11.68,51.956]]],[[[11.737,51.995],[11.765,51.977],[11.767,51.992],[11.741,51.999],[11.737,51.995]]],[[[11.741,51.999],[11.801,51.989],[11.745,52.004],[11.741,51.999]]],[[[11.8,52.102],[11.803,52.102],[11.902,52.117],[11.907,52.129],[11.8,52.102]]],[[[11.804,47.269],[11.807,47.252],[11.82,47.269],[11.804,47.269]]],[[[11.812,52.216],[11.879,52.18],[11.909,52.134],[11.911,52.14],[11.891,52.167],[11.928,52.182],[11.915,52.154],[11.931,52.167],[11.927,52.198],[11.993,52.199],[11.993,52.215],[11.951,52.217],[11.945,52.234],[11.971,52.247],[11.947,52.27],[11.916,52.28],[11.888,52.269],[11.812,52.216]]],[[[11.837,52.037],[11.881,52.021],[11.883,51.99],[11.885,52.015],[11.899,52.017],[11.886,52.024],[11.902,52.03],[11.881,52.027],[11.908,52.041],[11.895,52.053],[11.837,52.037]]],[[[11.866,47.298],[11.874,47.299],[11.889,47.276],[11.945,47.262],[11.944,47.249],[12.005,47.271],[12.022,47.317],[11.928,47.308],[11.921,47.331],[11.885,47.328],[11.866,47.298]]],[[[11.887,52.058],[11.927,52.039],[11.94,52.043],[11.887,52.058]]],[[[11.911,47.368],[11.923,47.361],[11.936,47.332],[12.053,47.327],[12.083,47.371],[12.063,47.425],[12.152,47.484],[12.205,47.462],[12.256,47.476],[12.288,47.469],[12.262,47.532],[12.015,47.532],[11.911,47.368]]],[[[12.062,52.212],[12.1,52.207],[12.121,52.226],[12.07,52.23],[12.062,52.212]]],[[[12.073,52.17],[12.113,52.147],[12.109,52.124],[12.149,52.146],[12.142,52.159],[12.166,52.151],[12.183,52.168],[12.127,52.188],[12.073,52.17]]],[[[12.134,52.265],[12.136,52.253],[12.158,52.219],[12.257,52.233],[12.334,52.222],[12.398,52.195],[12.403,52.195],[12.405,52.312],[12.368,52.307],[12.345,52.311],[12.342,52.338],[12.312,52.344],[12.244,52.266],[12.206,52.279],[12.134,52.265]]],[[[12.197,52.719],[12.238,52.667],[12.302,52.669],[12.325,52.657],[12.327,52.771],[12.311,52.78],[12.218,52.737],[12.197,52.719]]],[[[12.257,52.134],[12.277,52.104],[12.264,52.138],[12.257,52.134]]],[[[12.304,52.545],[12.315,52.527],[12.451,52.49],[12.437,52.462],[12.362,52.44],[12.366,52.429],[12.388,52.432],[12.39,52.396],[12.477,52.395],[12.426,52.354],[12.44,52.345],[12.578,52.452],[12.332,52.648],[12.314,52.614],[12.324,52.549],[12.304,52.545]]],[[[12.338,47.324],[12.375,47.312],[12.48,47.326],[12.496,47.348],[12.482,47.373],[12.502,47.389],[12.618,47.41],[12.64,47.465],[12.706,47.48],[12.634,47.547],[12.665,47.581],[12.574,47.604],[12.575,47.633],[12.598,47.664],[12.511,47.664],[12.508,47.401],[12.343,47.335],[12.339,47.344],[12.338,47.324]]],[[[12.76,47.65],[12.791,47.596],[12.792,47.598],[12.783,47.624],[12.765,47.654],[12.76,47.65]]],[[[12.764,48.079],[12.77,48.067],[12.861,47.997],[12.891,47.991],[12.936,48.036],[12.974,48.024],[13.047,48.04],[13.044,48.028],[13.111,47.981],[13.379,47.983],[13.357,47.954],[13.307,47.964],[13.278,47.949],[13.283,47.895],[13.271,47.891],[13.296,47.858],[13.29,47.824],[13.391,47.794],[13.451,47.804],[13.53,47.793],[13.534,47.781],[13.539,47.783],[13.536,47.792],[13.529,47.798],[13.53,47.807],[13.526,47.819],[13.536,47.84],[13.502,47.843],[13.476,47.872],[13.387,47.907],[13.395,47.922],[13.363,47.946],[13.381,47.986],[13.336,47.987],[13.359,48.018],[13.393,48.022],[13.381,48.033],[13.409,48.045],[13.383,48.051],[13.404,48.085],[13.454,48.106],[13.609,48.123],[13.612,48.171],[13.598,48.179],[13.609,48.188],[13.577,48.2],[13.596,48.213],[13.57,48.25],[13.616,48.264],[13.633,48.305],[13.65,48.296],[13.721,48.319],[13.71,48.325],[13.73,48.364],[13.715,48.378],[13.177,48.06],[12.929,48.06],[12.765,48.192],[12.764,48.079]]],[[[12.779,52.094],[12.84,52.085],[12.844,52.052],[12.832,52.04],[12.882,52.017],[12.904,52.036],[12.976,52.025],[12.909,52.064],[12.939,52.107],[12.993,52.096],[12.99,52.106],[12.819,52.128],[12.779,52.094]]],[[[12.921,47.493],[13.001,47.468],[12.995,47.478],[12.921,47.493]]],[[[12.921,51.962],[12.982,51.961],[12.97,51.975],[12.921,51.962]]],[[[12.925,47.752],[12.942,47.771],[12.928,47.77],[12.925,47.768],[12.925,47.752]]],[[[13.034,51.901],[13.083,51.9],[13.083,51.906],[13.034,51.901]]],[[[13.123,51.88],[13.151,51.86],[13.154,51.865],[13.132,51.882],[13.123,51.88]]],[[[13.19,48.853],[13.243,48.676],[13.271,48.694],[13.342,48.676],[13.367,48.688],[13.381,48.67],[13.453,48.694],[13.425,48.756],[13.449,48.79],[13.447,48.831],[13.47,48.843],[13.453,48.856],[13.507,48.863],[13.522,48.879],[13.507,48.923],[13.512,48.969],[13.525,48.968],[13.525,48.985],[13.358,48.985],[13.356,48.853],[13.19,48.853]]],[[[13.223,51.879],[13.23,51.878],[13.228,51.838],[13.247,51.827],[13.247,51.848],[13.308,51.848],[13.269,51.895],[13.267,51.9],[13.223,51.879]]],[[[13.248,48.659],[13.269,48.588],[13.381,48.588],[13.267,48.608],[13.266,48.644],[13.248,48.659]]],[[[13.437,48.637],[13.479,48.588],[13.487,48.588],[13.483,48.6],[13.532,48.606],[13.536,48.63],[13.437,48.637]]],[[[13.765,48.834],[13.815,48.797],[13.809,48.779],[13.84,48.772],[13.873,48.768],[14.051,48.675],[14.058,48.659],[14.019,48.635],[14.054,48.604],[14.099,48.591],[14.268,48.581],[14.333,48.552],[14.392,48.576],[14.393,48.593],[14.433,48.592],[14.444,48.608],[14.1,48.654],[13.765,48.834]]],[[[13.777,53.949],[13.824,53.838],[13.848,53.845],[13.88,53.839],[14.029,53.865],[14.068,53.843],[14.205,53.813],[14.174,53.907],[14.07,53.918],[13.778,54.044],[13.777,53.949]]],[[[13.801,48.71],[13.825,48.697],[13.834,48.7],[13.804,48.715],[13.801,48.71]]],[[[14.026,45.566],[14.052,45.569],[14.053,45.585],[14.026,45.566]]],[[[14.042,45.761],[14.083,45.751],[14.087,45.78],[14.058,45.794],[14.042,45.761]]],[[[14.095,45.619],[14.136,45.608],[14.163,45.622],[14.123,45.637],[14.095,45.619]]],[[[14.098,45.534],[14.116,45.527],[14.114,45.506],[14.131,45.507],[14.126,45.526],[14.161,45.58],[14.141,45.591],[14.098,45.534]]],[[[14.195,45.483],[14.208,45.467],[14.243,45.492],[14.195,45.483]]],[[[14.227,53.91],[14.248,53.816],[14.334,53.83],[14.459,53.819],[14.473,53.877],[14.425,53.915],[14.227,53.91]]],[[[14.357,48.276],[14.458,48.236],[14.499,48.246],[14.583,48.227],[14.626,48.189],[14.621,48.231],[14.531,48.29],[14.425,48.305],[14.357,48.276]]],[[[14.467,53.91],[14.473,53.877],[14.483,53.819],[14.557,53.76],[14.565,53.694],[14.539,53.669],[14.582,53.622],[14.601,53.557],[14.634,53.534],[14.826,53.568],[14.851,53.504],[14.902,53.438],[15.042,53.36],[15.075,53.296],[15.25,53.259],[15.257,53.26],[15.44,53.53],[15.781,53.462],[15.704,53.665],[16.052,53.732],[16.056,53.8],[15.969,53.8],[15.982,54.071],[16.152,54.044],[16.156,54.047],[16.068,54.111],[15.969,54.072],[15.768,53.954],[15.712,53.869],[15.683,53.88],[15.601,53.865],[15.508,53.913],[15.578,53.994],[15.433,54.039],[15.416,54.079],[15.417,54.081],[15.312,54.071],[15.08,54.003],[14.886,53.98],[14.467,53.91]]],[[[14.634,48.607],[14.666,48.582],[14.699,48.584],[14.721,48.602],[14.716,48.65],[14.634,48.607]]],[[[14.673,47.955],[14.714,47.905],[14.703,47.857],[14.748,47.815],[14.788,47.823],[14.774,47.858],[14.807,47.885],[14.811,47.927],[14.882,47.93],[14.888,47.961],[14.83,48.011],[14.785,48.019],[14.676,47.983],[14.673,47.955]]],[[[14.73,48.077],[14.735,48.06],[14.77,48.066],[14.762,48.082],[14.73,48.077]]],[[[14.909,45.481],[15.096,45.463],[15.092,45.465],[15.086,45.483],[14.985,45.497],[14.93,45.529],[14.913,45.516],[14.909,45.481]]],[[[14.913,48.903],[14.992,48.898],[14.976,48.971],[14.982,48.985],[14.941,48.985],[14.913,48.903]]],[[[15.152,48.985],[15.162,48.942],[15.262,48.956],[15.285,48.993],[15.297,48.99],[15.286,49.016],[15.212,49.059],[15.227,49.085],[15.264,49.078],[15.234,49.089],[15.26,49.119],[15.226,49.151],[15.235,49.176],[15.209,49.184],[15.276,49.203],[15.234,49.209],[15.196,49.184],[15.19,48.985],[15.152,48.985]]],[[[15.322,48.265],[15.337,48.239],[15.381,48.255],[15.418,48.317],[15.506,48.349],[15.531,48.378],[15.502,48.409],[15.386,48.418],[15.322,48.265]]],[[[15.331,48.982],[15.433,48.959],[15.35,48.984],[15.331,48.982]]],[[[15.407,49.32],[15.413,49.318],[15.467,49.345],[15.486,49.371],[15.407,49.32]]],[[[15.546,49.41],[15.587,49.41],[15.609,49.432],[15.64,49.428],[15.648,49.454],[15.692,49.431],[15.7,49.45],[15.779,49.45],[15.792,49.47],[15.813,49.468],[15.883,49.559],[15.878,49.588],[15.949,49.592],[15.984,49.611],[15.987,49.632],[15.947,49.638],[15.916,49.663],[15.931,49.679],[15.979,49.671],[16.021,49.707],[16.03,49.707],[15.801,49.781],[15.708,49.515],[15.546,49.41]]],[[[15.576,48.189],[15.662,48.176],[15.675,48.214],[15.592,48.23],[15.576,48.189]]],[[[15.707,48.343],[15.762,48.331],[15.785,48.375],[15.723,48.38],[15.707,48.343]]],[[[15.771,48.865],[15.84,48.873],[15.837,48.877],[15.784,48.874],[15.771,48.865]]],[[[15.847,48.864],[15.849,48.858],[15.931,48.829],[15.93,48.834],[15.851,48.858],[15.847,48.864]]],[[[16.019,48.334],[16.029,48.31],[16.07,48.305],[16.118,48.369],[16.09,48.374],[16.061,48.338],[16.019,48.334]]],[[[16.065,49.696],[16.096,49.671],[16.115,49.68],[16.065,49.696]]],[[[16.224,49.662],[16.23,49.631],[16.349,49.612],[16.406,49.572],[16.424,49.595],[16.443,49.586],[16.465,49.605],[16.532,49.608],[16.514,49.655],[16.477,49.666],[16.474,49.686],[16.367,49.717],[16.412,49.789],[16.504,49.789],[16.533,49.741],[16.574,49.743],[16.57,49.835],[16.626,49.86],[16.655,49.852],[16.653,49.896],[16.683,49.904],[16.693,49.93],[16.734,49.955],[16.711,50.013],[16.392,49.914],[16.224,49.662]]],[[[16.233,54.271],[16.265,54.235],[16.404,54.141],[16.528,54.123],[16.52,54.114],[16.545,54.083],[16.586,54.099],[16.631,54.08],[16.654,54.053],[16.648,54.033],[16.69,54.026],[16.741,53.984],[16.822,54],[16.87,53.978],[16.878,53.957],[16.778,53.927],[16.761,53.906],[16.728,53.911],[16.753,53.875],[16.773,53.868],[16.818,53.893],[16.824,53.868],[16.791,53.849],[16.789,53.81],[16.712,53.813],[16.662,53.833],[16.666,53.853],[16.62,53.862],[16.63,53.871],[16.621,53.902],[16.563,53.904],[16.427,53.969],[16.397,53.974],[16.314,53.8],[16.66,53.8],[16.821,53.597],[17.08,53.597],[17.327,53.395],[17.507,53.53],[18.333,53.47],[18.685,54.254],[18.513,54.316],[18.454,54.525],[18.338,54.603],[18.363,54.669],[18.76,54.536],[18.279,54.724],[17.658,54.685],[16.976,54.549],[16.473,54.415],[16.233,54.271]]],[[[16.462,48.809],[16.522,48.799],[16.535,48.811],[16.462,48.809]]],[[[16.475,48.181],[16.557,48.145],[16.611,48.226],[16.558,48.255],[16.502,48.246],[16.475,48.181]]],[[[16.613,48.781],[16.731,48.774],[16.834,48.787],[16.613,48.781]]],[[[16.865,48.788],[16.892,48.716],[16.919,48.713],[16.919,48.714],[16.895,48.716],[16.867,48.788],[16.865,48.788]]],[[[16.872,50.199],[16.877,50.199],[16.918,50.226],[16.951,50.222],[16.97,50.242],[17.001,50.216],[17.02,50.225],[16.913,50.313],[16.872,50.199]]],[[[17.684,48.859],[17.87,48.8],[18.114,48.854],[18.114,48.99],[18.223,48.99],[18.25,49.181],[18.353,49.325],[18.189,49.289],[18.183,49.269],[18.149,49.249],[18.153,49.221],[18.109,49.137],[18.116,49.092],[18.09,49.056],[18.027,49.023],[17.922,49.018],[17.886,48.928],[17.792,48.925],[17.703,48.86],[17.684,48.859]]],[[[17.765,49.648],[17.766,49.647],[17.836,49.607],[17.868,49.607],[17.841,49.642],[17.93,49.621],[17.891,49.648],[17.765,49.648]]],[[[18.012,49.679],[18.185,49.755],[18.195,49.782],[18.222,49.796],[18.214,49.825],[18.22,49.838],[18.061,49.717],[18.063,49.703],[18.034,49.696],[18.012,49.679]]]]}},{"type":"Feature","properties":{"NAME":"Sámi","ABBREVN":"Sámi","SUBJECTO":"Sámi","BORDERPRECISION":1,"PARTOF":"Sámi"},"geometry":{"type":"Polygon","coordinates":[[[17.261,64.206],[20.873,64.033],[21.049,64.219],[21.386,64.385],[21.237,64.521],[21.064,64.592],[20.921,64.714],[21.329,64.894],[21.489,65.017],[21.424,65.104],[21.277,65.212],[21.522,65.372],[21.819,65.38],[21.957,65.446],[22.202,65.715],[22.49,65.883],[22.646,65.935],[22.798,65.855],[23.204,65.681],[23.406,65.725],[23.844,65.798],[24.215,65.786],[24.591,65.583],[25.104,65.54],[25.252,65.417],[25.133,65.076],[25.293,65.004],[25.352,64.939],[25.325,64.802],[24.932,64.816],[24.47,64.636],[24.094,64.377],[23.58,64.082],[23.131,63.783],[27.218,63.356],[27.19,63.388],[27.175,63.438],[27.135,63.496],[27.068,63.523],[27.038,63.517],[27.02,63.501],[26.959,63.524],[26.899,63.566],[26.899,63.584],[27.113,63.546],[27.183,63.518],[27.234,63.457],[27.234,63.427],[27.211,63.417],[27.264,63.37],[30.604,64.938],[34.293,65.396],[34.601,65.484],[34.726,65.615],[34.726,65.797],[34.544,66.001],[34.258,66.11],[33.844,66.182],[33.47,66.313],[32.971,66.583],[32.754,66.649],[32.425,66.891],[32.219,66.994],[32.644,67.046],[32.991,66.988],[33.158,66.914],[33.437,66.702],[34.153,66.63],[35.168,66.412],[35.772,66.259],[36.505,66.172],[37.422,66.094],[38.048,66.007],[38.782,66.001],[39.19,66.039],[39.978,66.201],[40.345,66.319],[40.836,66.561],[41.147,66.782],[41.255,66.937],[41.209,67.069],[41.017,67.202],[40.951,67.335],[40.973,67.534],[40.826,67.66],[39.918,67.94],[38.668,68.146],[38.406,68.243],[37.689,68.63],[37.246,68.793],[36.018,69.024],[35.437,69.15],[34.934,69.149],[34.699,69.164],[34.305,69.171],[33.818,69.192],[33.628,69.215],[33.316,69.071],[33.281,69.342],[33.01,69.387],[32.596,69.424],[32.352,69.514],[32.191,69.642],[32.076,69.815],[32.072,69.883],[31.782,69.777],[31.331,69.663],[31.054,69.64],[30.735,69.752],[30.361,69.767],[30.056,69.721],[29.729,69.698],[29.556,69.833],[29.08,69.961],[28.73,70.136],[29.735,70.115],[30.252,70.131],[30.799,70.308],[30.754,70.43],[30.462,70.537],[30.041,70.544],[29.741,70.605],[28.984,70.857],[28.795,70.865],[28.389,70.572],[28.29,70.372],[27.875,70.425],[28.019,70.609],[27.985,70.717],[28.136,70.833],[28.308,70.949],[28.211,71.018],[27.948,71.017],[27.516,70.97],[27.131,70.577],[26.934,70.469],[26.617,70.392],[26.619,70.799],[26.607,70.915],[26.263,70.791],[25.574,70.367],[25.263,70.107],[25.074,70.144],[25.122,70.435],[25.231,70.558],[25.832,70.898],[25.389,70.905],[24.849,70.827],[24.571,70.741],[24.36,70.61],[24.208,70.472],[23.955,70.502],[23.827,70.479],[23.508,70.279],[23.292,70.011],[23.204,69.943],[22.746,70.171],[22.306,70.216],[22.163,70.093],[21.908,69.804],[21.609,69.963],[21.412,70.015],[21.103,69.818],[20.734,69.779],[20.553,69.522],[20.197,69.318],[20.278,69.582],[20.358,69.71],[20.286,69.786],[20.158,69.748],[19.821,69.37],[18.959,68.294],[18.4,67.235],[18.534,66.432],[17.33,64.826],[17.731,64.559],[17.261,64.206]]]}},{"type":"Feature","properties":{"NAME":null,"ABBREVN":null,"SUBJECTO":null,"BORDERPRECISION":1,"PARTOF":null},"geometry":{"type":"Polygon","coordinates":[[[19.034,57.901],[19.078,57.858],[19.126,57.84],[19.142,57.908],[19.163,57.927],[19.257,57.949],[19.287,57.937],[19.334,57.956],[19.332,57.965],[19.296,57.977],[19.105,57.975],[19.089,57.97],[19.036,57.919],[19.034,57.901]]]}},{"type":"Feature","properties":{"NAME":"Bulgar Khanate","ABBREVN":"Bulgar Khan.","SUBJECTO":"Ottoman Empire","BORDERPRECISION":1,"PARTOF":"Ottoman Empire"},"geometry":{"type":"Polygon","coordinates":[[[20.994,44.7],[21.685,43.728],[21.682,43.713],[23.871,43.205],[27.808,43.416],[28.028,43.376],[28.035,43.392],[28.187,43.45],[28.328,43.438],[28.446,43.476],[28.481,43.592],[28.53,43.843],[28.573,44.198],[28.686,44.488],[28.918,44.766],[29.09,44.876],[29.458,44.915],[29.579,45.058],[29.711,45.258],[29.064,45.165],[28.402,45.359],[28.368,45.331],[28.019,45.315],[27.824,44.838],[28.085,44.577],[27.954,44.25],[26.452,44.25],[25.473,43.728],[24.624,43.989],[24.232,43.793],[23.513,44.055],[22.926,43.793],[22.926,44.185],[22.469,44.381],[22.664,44.642],[22.338,44.773],[22.077,44.446],[21.358,44.773],[20.994,44.7]]]}},{"type":"Feature","properties":{"NAME":"Beylik of Aydin","ABBREVN":"Beylik of Aydin","SUBJECTO":"Beylik of Aydin","BORDERPRECISION":1,"PARTOF":"Beylik of Aydin"},"geometry":{"type":"Polygon","coordinates":[[[26.392,38.219],[26.393,38.104],[26.512,38.066],[26.679,38.105],[26.961,37.946],[27.14,37.889],[27.18,37.774],[27.141,37.647],[27.123,37.494],[27.16,37.36],[27.365,37.329],[27.493,37.24],[27.526,37.131],[27.269,37.042],[27.308,36.921],[27.999,36.909],[28.051,36.833],[27.942,36.756],[27.912,36.699],[28.014,36.527],[28.267,36.712],[28.47,36.738],[28.814,36.535],[29.002,36.695],[29.298,36.173],[29.472,36.091],[29.535,36.087],[29.531,36.088],[29.511,36.109],[29.457,36.116],[29.435,36.14],[29.433,36.156],[29.471,36.183],[29.487,36.186],[29.515,36.184],[29.545,36.16],[29.569,36.174],[29.607,36.176],[29.614,36.174],[29.61,36.156],[29.623,36.133],[29.637,36.136],[29.672,36.11],[29.685,36.087],[29.671,36.08],[30.166,36.188],[30.28,36.118],[30.395,36.118],[30.473,36.188],[30.54,36.647],[30.594,36.762],[30.697,36.773],[30.528,37.739],[30.591,37.782],[30.66,38.713],[26.941,38.441],[26.997,38.4],[26.742,38.278],[26.527,38.418],[26.469,38.445],[26.392,38.219]],[[27.419,37.032],[27.42,37.039],[27.431,37.039],[27.432,37.028],[27.419,37.032]]]}},{"type":"Feature","properties":{"NAME":"Anatolian beyliks","ABBREVN":"Seljuk Turks","SUBJECTO":"Anatolian beyliks","BORDERPRECISION":1,"PARTOF":"Anatolian beyliks"},"geometry":{"type":"Polygon","coordinates":[[[32.202,36.242],[32.335,36.128],[32.64,36.008],[32.904,35.977],[33.171,35.971],[33.482,36.054],[33.753,36.147],[33.834,36.071],[33.836,36.107],[33.891,36.139],[33.954,36.16],[33.952,36.252],[34.103,36.38],[34.485,36.627],[34.662,36.648],[34.87,36.577],[35.071,36.488],[35.221,36.388],[35.354,36.414],[35.389,36.454],[35.417,36.433],[35.495,36.443],[35.548,36.54],[35.506,36.559],[35.568,36.587],[35.672,36.606],[35.891,36.771],[36.789,37.001],[36.494,37.369],[39.148,38.622],[41.212,40.244],[41.484,41.437],[40.762,40.569],[40.204,40.36],[38.811,40.151],[37.766,40.29],[37.253,41.028],[36.817,41.29],[36.641,41.315],[36.383,41.238],[36.161,41.353],[35.958,41.686],[35.678,41.621],[35.411,41.627],[35.286,41.671],[35.099,41.806],[35.002,42.043],[34.663,41.876],[34.492,40.917],[33.937,40.64],[33.777,39.186],[32.202,36.242]]]}},{"type":"Feature","properties":{"NAME":"Ottoman Empire","ABBREVN":"Ottoman Empire","SUBJECTO":"Ottoman Empire","BORDERPRECISION":1,"PARTOF":"Ottoman Empire"},"geometry":{"type":"Polygon","coordinates":[[[20.725,40.957],[22.591,40.381],[22.602,40.397],[22.492,40.498],[22.701,40.577],[22.77,40.667],[22.852,40.651],[22.864,40.624],[23.165,40.763],[23.634,40.75],[23.635,40.773],[23.748,40.804],[23.886,40.733],[24.025,40.746],[24.219,40.83],[24.354,40.971],[24.505,40.984],[24.519,40.873],[24.701,40.878],[24.812,40.933],[25.019,41.017],[25.046,40.952],[25.301,40.896],[25.993,40.852],[26.021,40.669],[26.124,40.603],[26.418,40.578],[26.455,40.584],[26.556,40.498],[26.458,40.435],[26.195,40.303],[26.223,40.224],[26.214,40.161],[26.141,40.045],[26.255,40.082],[26.376,40.213],[26.514,40.282],[26.614,40.398],[26.889,40.525],[27.264,40.667],[27.313,40.79],[27.474,40.963],[27.932,40.958],[28.026,41.026],[28.173,41.058],[28.596,40.947],[28.828,40.915],[28.964,40.989],[29.081,41.201],[29.012,41.255],[28.74,41.325],[28.371,41.433],[28.104,41.593],[28.07,41.625],[28.018,41.753],[28.026,41.882],[27.918,41.978],[27.913,42.078],[27.738,42.247],[27.723,42.316],[27.608,42.417],[27.495,42.401],[27.502,42.516],[27.654,42.684],[27.836,42.736],[27.87,42.8],[27.887,43.064],[28.028,43.376],[27.808,43.416],[23.871,43.205],[21.682,43.713],[21.489,42.879],[21.556,42.859],[20.725,40.957]]]}},{"type":"Feature","properties":{"NAME":"Ottoman Empire","ABBREVN":"Ottoman Empire","SUBJECTO":"Ottoman Empire","BORDERPRECISION":1,"PARTOF":"Ottoman Empire"},"geometry":{"type":"Polygon","coordinates":[[[26.064,39.456],[26.139,39.44],[26.804,39.567],[26.958,39.548],[26.926,39.477],[26.854,39.461],[26.72,39.337],[26.602,39.256],[26.704,39.25],[26.708,39.182],[26.797,39.13],[26.871,39.056],[26.79,39.024],[26.785,38.94],[26.937,38.925],[27.004,38.885],[27.035,38.821],[26.966,38.77],[26.709,38.699],[26.696,38.641],[26.829,38.583],[26.82,38.527],[26.941,38.441],[30.66,38.713],[30.591,37.782],[30.528,37.739],[30.697,36.773],[30.905,36.794],[31.371,36.712],[31.902,36.497],[32.202,36.242],[33.777,39.186],[33.937,40.64],[34.492,40.917],[34.663,41.876],[34.304,41.894],[33.897,41.951],[33.556,41.983],[33.155,41.95],[32.688,41.846],[32.419,41.749],[31.666,41.395],[31.386,41.285],[31.404,41.164],[31.218,41.054],[30.745,41.04],[30.256,41.185],[30.138,41.132],[29.578,41.153],[29.161,41.216],[29.015,40.979],[29.29,40.807],[29.32,40.741],[29.683,40.752],[29.883,40.746],[29.713,40.694],[29.525,40.688],[28.902,40.62],[28.778,40.525],[28.873,40.472],[29.084,40.456],[29.122,40.414],[29.052,40.335],[28.756,40.376],[28.478,40.395],[27.908,40.351],[28.006,40.451],[27.954,40.488],[27.808,40.504],[27.679,40.461],[27.8,40.403],[27.83,40.345],[27.764,40.287],[27.526,40.297],[27.45,40.31],[27.329,40.356],[27.272,40.451],[27.056,40.43],[26.996,40.372],[26.765,40.377],[26.482,40.187],[26.403,40.176],[26.32,39.992],[26.186,39.997],[26.128,39.879],[26.142,39.661],[26.085,39.604],[26.064,39.456]]]}},{"type":"Feature","properties":{"NAME":"Byzantine Empire","ABBREVN":"Byzantine E.","SUBJECTO":"Byzantine Empire","BORDERPRECISION":1,"PARTOF":"Byzantine Empire"},"geometry":{"type":"MultiPolygon","coordinates":[[[[19.339,40.589],[19.494,40.403],[19.484,40.296],[19.38,40.324],[19.369,40.26],[19.804,40.017],[20.029,39.814],[20.091,39.603],[20.212,39.405],[20.678,39.08],[20.901,39.062],[21.007,39.113],[21.16,39.005],[21.105,38.922],[21.007,38.871],[20.893,38.896],[20.772,38.851],[21.172,38.348],[21.364,38.412],[21.661,38.438],[21.826,38.464],[22.334,38.427],[22.441,38.383],[22.427,38.418],[22.399,38.451],[22.398,38.468],[22.483,38.599],[22.516,38.678],[22.574,38.706],[22.917,38.746],[22.899,38.767],[22.723,38.793],[22.602,38.856],[22.49,38.877],[22.784,38.94],[22.871,39.024],[22.835,39.166],[22.766,39.203],[22.72,39.287],[22.851,39.366],[22.981,39.329],[23.045,39.271],[23.1,39.187],[23.052,39.103],[23.158,39.14],[23.236,39.203],[23.074,39.413],[22.813,39.603],[22.754,39.818],[22.695,39.834],[22.555,39.987],[22.526,40.064],[22.467,40.118],[22.49,40.231],[22.591,40.381],[20.725,40.957],[21.556,42.859],[21.489,42.879],[20.705,42.814],[19.607,41.762],[19.619,41.559],[19.499,41.524],[19.417,41.345],[19.53,41.218],[19.445,40.965],[19.527,40.866],[19.339,40.589]]],[[[21.614,37.281],[21.629,37.291],[21.644,37.319],[21.617,37.387],[21.627,37.307],[21.614,37.281]]],[[[22.035,36.979],[22.081,36.943],[22.092,36.982],[22.049,36.984],[22.035,36.979]]],[[[22.215,36.815],[22.309,36.658],[22.308,36.671],[22.273,36.735],[22.253,36.752],[22.247,36.79],[22.215,36.815]]],[[[22.628,36.744],[22.674,36.754],[22.762,36.715],[22.762,36.716],[22.741,36.763],[22.651,36.764],[22.629,36.757],[22.628,36.744]]],[[[22.748,40.482],[22.96,40.315],[23.141,40.266],[23.215,40.182],[23.276,40.05],[23.261,39.971],[23.597,39.934],[23.639,39.96],[23.592,40.002],[23.436,40.045],[23.367,40.108],[23.259,40.229],[23.293,40.245],[23.292,40.287],[23.349,40.282],[23.442,40.256],[23.596,40.192],[23.796,39.987],[23.907,39.997],[23.92,40.055],[23.869,40.161],[23.804,40.155],[23.652,40.229],[23.659,40.287],[23.627,40.345],[23.722,40.348],[23.775,40.393],[24.048,40.308],[24.055,40.261],[24.221,40.145],[24.295,40.176],[23.924,40.451],[23.785,40.477],[23.709,40.63],[23.633,40.713],[23.634,40.75],[23.165,40.763],[22.864,40.624],[22.875,40.596],[22.864,40.535],[22.748,40.482]]],[[[22.87,38.837],[23.121,38.867],[23.463,38.624],[23.638,38.523],[23.6,38.457],[23.661,38.404],[24.025,38.386],[24.314,37.985],[24.527,37.967],[24.588,38.153],[24.292,38.195],[24.208,38.552],[24.132,38.653],[23.79,38.719],[23.242,39.044],[23.014,38.961],[22.87,38.837]]],[[[22.971,37.385],[23.012,37.374],[23.01,37.394],[22.976,37.387],[22.972,37.388],[22.971,37.385]]],[[[23.467,35.318],[23.513,35.276],[23.568,35.255],[23.786,35.263],[24.013,35.21],[24.324,35.208],[24.69,35.092],[24.716,35.035],[24.693,34.94],[25.591,35.016],[25.742,35.009],[25.899,35.045],[26.16,35.024],[26.243,35.145],[26.236,35.229],[26.274,35.313],[26.169,35.247],[26.099,35.216],[26.064,35.239],[25.935,35.213],[25.789,35.137],[25.742,35.137],[25.668,35.187],[25.714,35.327],[25.673,35.349],[25.512,35.295],[25.014,35.362],[24.997,35.421],[24.769,35.428],[24.388,35.373],[24.23,35.391],[24.22,35.449],[24.178,35.47],[24.073,35.496],[24.091,35.52],[24.136,35.522],[24.153,35.564],[24.082,35.612],[24.033,35.598],[24.039,35.562],[23.957,35.528],[23.879,35.552],[23.743,35.562],[23.734,35.627],[23.697,35.698],[23.665,35.667],[23.671,35.572],[23.529,35.57],[23.467,35.318]]],[[[23.627,37.889],[23.634,37.879],[23.672,37.871],[23.668,37.88],[23.627,37.889]]],[[[23.802,37.742],[23.836,37.685],[23.851,37.685],[23.849,37.686],[23.841,37.706],[23.85,37.743],[23.834,37.763],[23.82,37.762],[23.802,37.742]]],[[[24.261,37.541],[24.383,37.571],[24.398,37.667],[24.299,37.661],[24.261,37.541]]],[[[24.299,36.753],[24.466,36.649],[24.679,36.759],[24.588,36.869],[24.428,36.795],[24.299,36.753]]],[[[24.36,37.305],[24.489,37.396],[24.398,37.468],[24.36,37.396],[24.36,37.305]]],[[[24.428,37.208],[24.444,37.099],[24.535,37.117],[24.428,37.208]]],[[[24.649,37.014],[24.679,36.905],[24.786,36.948],[24.717,37.051],[24.649,37.014]]],[[[24.656,37.901],[24.923,37.691],[25.318,37.402],[25.47,37.438],[25.272,37.565],[24.763,38.003],[24.656,37.901]]],[[[24.824,36.637],[24.945,36.57],[24.976,36.637],[24.877,36.68],[24.824,36.661],[24.824,36.637]]],[[[24.846,37.366],[25.044,37.378],[24.945,37.51],[24.862,37.529],[24.846,37.366]]],[[[24.938,36.96],[25.113,36.941],[25.31,37.002],[25.31,37.196],[25.151,37.172],[24.938,36.96]]],[[[25.044,36.661],[25.059,36.619],[25.196,36.674],[25.166,36.741],[25.044,36.661]]],[[[25.242,36.753],[25.265,36.704],[25.386,36.637],[25.432,36.698],[25.295,36.808],[25.242,36.753]]],[[[25.318,36.399],[25.386,36.319],[25.493,36.331],[25.493,36.423],[25.371,36.497],[25.333,36.46],[25.318,36.399]]],[[[25.341,37.087],[25.363,37.008],[25.455,36.923],[25.546,36.96],[25.599,37.026],[25.607,37.124],[25.538,37.22],[25.341,37.087]]],[[[25.713,36.35],[25.766,36.338],[25.873,36.356],[25.789,36.405],[25.736,36.387],[25.713,36.35]]],[[[25.751,36.783],[25.835,36.783],[26.086,36.899],[26.025,36.96],[25.949,36.911],[25.858,36.838],[25.751,36.814],[25.751,36.783]]],[[[26.768,37.173],[26.821,37.111],[26.849,37.098],[26.887,37.097],[26.889,37.109],[26.855,37.183],[26.786,37.191],[26.768,37.173]]],[[[26.882,37.069],[26.919,36.947],[26.936,36.932],[26.976,36.924],[27.05,36.949],[27.05,36.991],[26.986,37.044],[26.891,37.076],[26.882,37.069]]],[[[26.918,36.755],[26.921,36.709],[26.946,36.679],[26.967,36.672],[26.971,36.736],[26.981,36.747],[27.243,36.827],[27.329,36.843],[27.356,36.865],[27.341,36.885],[27.284,36.901],[27.168,36.887],[27.064,36.839],[26.918,36.755]]]]}},{"type":"Feature","properties":{"NAME":"Britany","ABBREVN":"Britany","SUBJECTO":"Britany","BORDERPRECISION":1,"PARTOF":"Britany"},"geometry":{"type":"Polygon","coordinates":[[[-4.78,48.355],[-4.592,48.392],[-4.474,48.383],[-4.35,48.391],[-4.389,48.298],[-4.588,48.251],[-4.351,48.205],[-4.313,48.101],[-4.7,48.064],[-4.675,48.017],[-4.51,47.998],[-4.391,47.942],[-4.364,47.829],[-3.955,47.904],[-3.858,47.792],[-3.712,47.798],[-3.434,47.717],[-3.063,47.604],[-2.842,47.492],[-2.614,47.572],[-2.466,47.494],[-2.576,47.325],[-2.01,47.746],[-1.752,48.178],[-1.999,48.677],[-2.076,48.656],[-2.2,48.599],[-2.343,48.674],[-2.636,48.552],[-2.791,48.59],[-3.091,48.872],[-3.435,48.836],[-3.558,48.81],[-3.608,48.693],[-3.821,48.721],[-3.902,48.646],[-3.999,48.731],[-4.251,48.652],[-4.488,48.612],[-4.626,48.547],[-4.762,48.552],[-4.78,48.355]]]}},{"type":"Feature","properties":{"NAME":null,"ABBREVN":null,"SUBJECTO":null,"BORDERPRECISION":1,"PARTOF":null},"geometry":{"type":"Polygon","coordinates":[[[-4.569,53.388],[-4.567,53.273],[-4.494,53.189],[-4.402,53.126],[-4.351,53.124],[-4.326,53.145],[-4.218,53.2],[-4.101,53.248],[-4.046,53.3],[-4.222,53.322],[-4.277,53.398],[-4.314,53.412],[-4.429,53.424],[-4.56,53.397],[-4.569,53.388]]]}},{"type":"Feature","properties":{"NAME":null,"ABBREVN":null,"SUBJECTO":null,"BORDERPRECISION":1,"PARTOF":null},"geometry":{"type":"Polygon","coordinates":[[[-5.401,55.609],[-5.342,55.477],[-5.293,55.451],[-5.232,55.43],[-5.172,55.429],[-5.093,55.442],[-5.074,55.459],[-5.084,55.553],[-5.155,55.673],[-5.198,55.699],[-5.252,55.716],[-5.295,55.717],[-5.378,55.672],[-5.401,55.609]]]}},{"type":"Feature","properties":{"NAME":null,"ABBREVN":null,"SUBJECTO":null,"BORDERPRECISION":1,"PARTOF":null},"geometry":{"type":"Polygon","coordinates":[[[-6.51,55.691],[-6.505,55.677],[-6.491,55.669],[-6.449,55.68],[-6.38,55.728],[-6.338,55.78],[-6.254,55.775],[-6.251,55.767],[-6.286,55.707],[-6.327,55.589],[-6.274,55.573],[-6.077,55.65],[-6.027,55.678],[-6.03,55.721],[-6.05,55.764],[-6.088,55.784],[-6.098,55.797],[-6.122,55.879],[-6.119,55.922],[-6.137,55.934],[-6.31,55.864],[-6.37,55.869],[-6.45,55.849],[-6.51,55.691]]]}},{"type":"Feature","properties":{"NAME":null,"ABBREVN":null,"SUBJECTO":null,"BORDERPRECISION":1,"PARTOF":null},"geometry":{"type":"Polygon","coordinates":[[[-6.088,55.877],[-6.071,55.808],[-6.027,55.792],[-5.972,55.788],[-5.904,55.883],[-5.746,56.064],[-5.691,56.107],[-5.684,56.122],[-5.694,56.147],[-5.711,56.15],[-5.809,56.11],[-5.968,56.024],[-6.079,55.906],[-6.088,55.877]]]}},{"type":"Feature","properties":{"NAME":null,"ABBREVN":null,"SUBJECTO":null,"BORDERPRECISION":1,"PARTOF":null},"geometry":{"type":"Polygon","coordinates":[[[-7.561,56.956],[-7.531,56.944],[-7.439,56.943],[-7.376,56.979],[-7.415,57.041],[-7.446,57.056],[-7.561,56.956]]]}},{"type":"Feature","properties":{"NAME":null,"ABBREVN":null,"SUBJECTO":null,"BORDERPRECISION":1,"PARTOF":null},"geometry":{"type":"Polygon","coordinates":[[[-7.425,57.382],[-7.419,57.187],[-7.387,57.115],[-7.363,57.1],[-7.287,57.106],[-7.23,57.095],[-7.215,57.11],[-7.259,57.152],[-7.288,57.322],[-7.285,57.336],[-7.252,57.327],[-7.223,57.337],[-7.272,57.375],[-7.336,57.396],[-7.368,57.401],[-7.425,57.382]]]}},{"type":"Feature","properties":{"NAME":null,"ABBREVN":null,"SUBJECTO":null,"BORDERPRECISION":1,"PARTOF":null},"geometry":{"type":"Polygon","coordinates":[[[-7.41,57.452],[-7.388,57.424],[-7.314,57.4],[-7.245,57.402],[-7.204,57.415],[-7.202,57.457],[-7.244,57.476],[-7.351,57.489],[-7.4,57.47],[-7.41,57.452]]]}},{"type":"Feature","properties":{"NAME":null,"ABBREVN":null,"SUBJECTO":null,"BORDERPRECISION":1,"PARTOF":null},"geometry":{"type":"Polygon","coordinates":[[[-7.543,57.591],[-7.477,57.562],[-7.412,57.568],[-7.325,57.544],[-7.321,57.505],[-7.168,57.508],[-7.147,57.515],[-7.066,57.633],[-7.197,57.687],[-7.245,57.677],[-7.271,57.659],[-7.484,57.652],[-7.543,57.591]]]}},{"type":"Feature","properties":{"NAME":null,"ABBREVN":null,"SUBJECTO":null,"BORDERPRECISION":1,"PARTOF":null},"geometry":{"type":"Polygon","coordinates":[[[-7.078,57.88],[-7.006,57.881],[-6.994,57.914],[-6.999,57.92],[-7.033,57.916],[-7.074,57.896],[-7.078,57.88]]]}},{"type":"Feature","properties":{"NAME":null,"ABBREVN":null,"SUBJECTO":null,"BORDERPRECISION":1,"PARTOF":null},"geometry":{"type":"Polygon","coordinates":[[[-6.89,58.249],[-6.873,58.206],[-6.794,58.203],[-6.794,58.218],[-6.854,58.25],[-6.882,58.254],[-6.89,58.249]]]}},{"type":"Feature","properties":{"NAME":null,"ABBREVN":null,"SUBJECTO":null,"BORDERPRECISION":1,"PARTOF":null},"geometry":{"type":"Polygon","coordinates":[[[-7.128,58.13],[-7.094,58.071],[-7.058,58.036],[-7.056,58.02],[-7.114,57.987],[-7.075,57.962],[-7.036,57.953],[-6.985,57.959],[-6.935,57.95],[-6.879,57.932],[-6.834,57.904],[-7.066,57.821],[-7.125,57.838],[-7.12,57.814],[-6.984,57.728],[-6.966,57.726],[-6.735,57.826],[-6.662,57.881],[-6.678,57.926],[-6.726,57.954],[-6.761,57.998],[-6.684,58.057],[-6.59,58.05],[-6.659,58.047],[-6.694,58.024],[-6.706,58.008],[-6.699,57.967],[-6.666,57.927],[-6.621,57.914],[-6.544,57.915],[-6.474,57.94],[-6.458,57.968],[-6.357,58.03],[-6.396,58.105],[-6.497,58.087],[-6.619,58.078],[-6.497,58.097],[-6.382,58.13],[-6.367,58.159],[-6.329,58.183],[-6.264,58.177],[-6.225,58.184],[-6.164,58.212],[-6.147,58.253],[-6.16,58.26],[-6.221,58.234],[-6.281,58.222],[-6.328,58.233],[-6.324,58.264],[-6.232,58.318],[-6.166,58.421],[-6.223,58.496],[-6.267,58.512],[-6.293,58.488],[-6.55,58.363],[-6.647,58.342],[-6.652,58.349],[-6.673,58.349],[-6.798,58.302],[-6.818,58.28],[-6.808,58.26],[-6.787,58.229],[-6.745,58.197],[-6.75,58.185],[-6.805,58.196],[-6.873,58.179],[-6.86,58.108],[-6.874,58.111],[-6.936,58.188],[-6.908,58.206],[-6.908,58.213],[-7.032,58.238],[-7.094,58.182],[-7.128,58.13]]]}},{"type":"Feature","properties":{"NAME":"Moldova","ABBREVN":"Moldova","SUBJECTO":"Moldova","BORDERPRECISION":1,"PARTOF":"Moldova"},"geometry":{"type":"Polygon","coordinates":[[[26.987,46.106],[28.004,45.281],[28.019,45.315],[28.368,45.331],[28.402,45.359],[29.064,45.165],[29.711,45.258],[29.683,45.375],[29.536,45.452],[29.5,45.523],[29.63,45.75],[29.73,45.77],[30.069,45.861],[30.38,46.13],[30.245,46.353],[29.943,46.415],[29.9,46.743],[29.528,47.072],[29.551,47.269],[29.162,47.466],[29.209,47.862],[28.984,48.06],[28.873,48.082],[27.428,47.384],[27.628,46.928],[27.366,46.34],[26.987,46.106]]]}},{"type":"Feature","properties":{"NAME":"Kalmar Union","ABBREVN":"Kalmar Union","SUBJECTO":"Kalmar Union","BORDERPRECISION":1,"PARTOF":"Kalmar Union"},"geometry":{"type":"MultiPolygon","coordinates":[[[[-25,69.319],[-24.897,69.392],[-24.584,69.34],[-24.333,69.333],[-23.444,69.568],[-22.732,69.774],[-22.158,70.056],[-22.434,70.079],[-23.009,70.093],[-23.459,70.092],[-23.587,70.084],[-23.775,70.145],[-24.195,70.243],[-24.585,70.304],[-25,70.296],[-25,69.319]]],[[[-25,71.468],[-24.913,71.437],[-24.386,71.183],[-24.227,71.059],[-24.04,70.774],[-23.754,70.59],[-23.084,70.468],[-22.616,70.484],[-22.203,70.485],[-21.714,70.386],[-21.547,70.44],[-21.471,70.532],[-21.592,71.211],[-21.726,71.405],[-21.904,71.497],[-22.03,71.435],[-22.431,71.341],[-22.649,71.745],[-22.818,71.87],[-23.247,72],[-25,72],[-25,71.468]]],[[[-24.219,65.534],[-24.147,65.439],[-23.678,65.317],[-23.374,65.354],[-23.183,65.427],[-22.814,65.471],[-22.362,65.45],[-22.146,65.385],[-21.955,65.378],[-21.794,65.298],[-21.729,65.182],[-21.809,65.037],[-21.978,64.95],[-22.45,64.906],[-22.778,64.855],[-23.136,64.847],[-23.437,64.804],[-23.611,64.746],[-23.675,64.659],[-23.508,64.559],[-22.554,64.625],[-22.392,64.662],[-22.279,64.619],[-22.086,64.44],[-21.857,64.383],[-21.488,64.376],[-21.804,64.11],[-22.311,63.952],[-22.507,63.866],[-22.373,63.773],[-21.548,63.718],[-21.079,63.711],[-20.88,63.74],[-20.404,63.698],[-19.827,63.478],[-19.553,63.415],[-18.961,63.337],[-18.642,63.324],[-18.157,63.367],[-17.944,63.425],[-17.591,63.689],[-17.244,63.733],[-16.918,63.733],[-16.534,63.784],[-15.876,63.993],[-15.634,64.057],[-15.267,64.28],[-15.077,64.209],[-14.821,64.195],[-14.598,64.267],[-14.366,64.476],[-14.348,64.67],[-14.26,64.713],[-13.893,64.721],[-13.694,64.779],[-13.557,65.009],[-13.526,65.183],[-13.59,65.43],[-13.647,65.495],[-14.4,65.567],[-14.754,65.697],[-14.641,65.945],[-14.763,66.055],[-15.071,66.061],[-15.574,66.207],[-15.86,66.419],[-16.385,66.454],[-16.376,66.132],[-16.568,66.029],[-16.922,65.978],[-17.57,66.013],[-18.022,66.078],[-17.861,65.837],[-17.884,65.757],[-18.128,65.786],[-18.369,65.895],[-18.676,66.091],[-19.044,66.017],[-19.165,66.003],[-19.275,65.929],[-19.156,65.725],[-19.239,65.667],[-19.336,65.674],[-19.556,65.768],[-19.748,65.907],[-19.973,66.111],[-20.217,66.001],[-20.141,65.651],[-20.168,65.556],[-20.389,65.475],[-20.672,65.424],[-20.831,65.366],[-21.08,65.205],[-21.495,65.568],[-21.296,65.699],[-21.242,65.882],[-21.443,66.13],[-21.779,66.254],[-22.21,66.29],[-22.676,66.391],[-22.841,66.281],[-22.56,66.113],[-22.474,65.996],[-22.609,65.923],[-22.911,65.944],[-23.341,66.134],[-23.466,66.133],[-23.608,65.98],[-23.426,65.827],[-23.267,65.725],[-23.571,65.681],[-23.973,65.687],[-24.162,65.607],[-24.219,65.534]]],[[[-9.12,70.858],[-9.076,70.809],[-9.006,70.808],[-8.955,70.822],[-8.938,70.84],[-8.62,70.959],[-8.46,70.971],[-8.394,70.959],[-8.119,71.004],[-8.008,71.03],[-7.985,71.043],[-7.927,71.151],[-7.95,71.168],[-7.997,71.181],[-8.129,71.171],[-8.344,71.137],[-8.382,71.121],[-8.511,71.013],[-8.764,70.951],[-8.934,70.923],[-9.106,70.872],[-9.12,70.858]]],[[[-7.435,62.14],[-7.431,62.116],[-7.382,62.068],[-7.346,62.052],[-7.251,62.043],[-7.227,62.064],[-7.194,62.043],[-7.192,62.031],[-7.202,62.019],[-7.063,62.049],[-7.041,62.083],[-7.041,62.091],[-7.056,62.099],[-7.163,62.129],[-7.223,62.159],[-7.435,62.14]]],[[[-7.235,62.18],[-7.232,62.172],[-7.13,62.126],[-7.035,62.112],[-6.961,62.047],[-6.869,61.997],[-6.773,61.95],[-6.718,61.933],[-6.702,61.94],[-6.696,61.975],[-6.725,62.035],[-6.841,62.124],[-6.991,62.193],[-7.042,62.24],[-7.071,62.285],[-7.135,62.304],[-7.192,62.308],[-7.211,62.285],[-7.235,62.18]]],[[[-7.062,62.296],[-7.025,62.238],[-6.948,62.182],[-6.67,62.059],[-6.657,62.056],[-6.654,62.1],[-6.588,62.134],[-6.598,62.194],[-6.807,62.29],[-6.958,62.339],[-7.06,62.314],[-7.062,62.296]]],[[[-6.963,61.619],[-6.958,61.599],[-6.846,61.468],[-6.668,61.389],[-6.642,61.397],[-6.709,61.558],[-6.724,61.573],[-6.889,61.645],[-6.945,61.637],[-6.963,61.619]]],[[[-6.909,61.901],[-6.866,61.837],[-6.841,61.817],[-6.705,61.777],[-6.652,61.743],[-6.63,61.761],[-6.604,61.822],[-6.661,61.859],[-6.783,61.897],[-6.864,61.907],[-6.905,61.908],[-6.909,61.901]]],[[[-6.721,62.331],[-6.712,62.294],[-6.686,62.245],[-6.624,62.227],[-6.626,62.253],[-6.721,62.331]]],[[[-6.668,62.334],[-6.613,62.261],[-6.586,62.256],[-6.566,62.265],[-6.566,62.296],[-6.632,62.371],[-6.661,62.372],[-6.668,62.334]]],[[[-6.588,62.24],[-6.572,62.212],[-6.518,62.169],[-6.412,62.185],[-6.389,62.255],[-6.489,62.288],[-6.522,62.318],[-6.542,62.357],[-6.574,62.35],[-6.549,62.301],[-6.551,62.251],[-6.588,62.24]]],[[[-6.547,62.384],[-6.48,62.298],[-6.415,62.284],[-6.392,62.297],[-6.489,62.381],[-6.519,62.397],[-6.547,62.384]]],[[[-3.433,58.875],[-3.296,58.776],[-3.137,58.787],[-3.135,58.801],[-3.228,58.885],[-3.336,58.927],[-3.412,58.911],[-3.433,58.875]]],[[[-3.368,59.01],[-3.346,58.966],[-3.188,58.91],[-3.057,58.936],[-2.97,58.939],[-2.824,58.879],[-2.756,58.918],[-2.793,58.951],[-2.852,58.976],[-2.947,58.998],[-2.996,59.056],[-2.995,59.067],[-3.073,59.119],[-3.202,59.149],[-3.278,59.14],[-3.317,59.129],[-3.35,59.11],[-3.368,59.01]]],[[[-3.076,59.331],[-3.003,59.264],[-2.992,59.262],[-2.977,59.273],[-2.972,59.287],[-2.959,59.288],[-2.877,59.259],[-2.877,59.229],[-2.853,59.249],[-2.85,59.268],[-2.897,59.3],[-3.076,59.331]]],[[[-3.037,58.818],[-2.98,58.75],[-2.939,58.73],[-2.918,58.732],[-2.877,58.82],[-2.894,58.837],[-2.916,58.839],[-3.004,58.833],[-3.037,58.818]]],[[[-2.694,59.197],[-2.686,59.184],[-2.681,59.196],[-2.621,59.236],[-2.496,59.245],[-2.39,59.28],[-2.397,59.303],[-2.414,59.314],[-2.556,59.303],[-2.593,59.291],[-2.684,59.221],[-2.694,59.197]]],[[[-1.693,60.28],[-1.665,60.231],[-1.52,60.201],[-1.527,60.187],[-1.52,60.181],[-1.449,60.151],[-1.358,60.192],[-1.353,60.209],[-1.364,60.23],[-1.41,60.255],[-1.291,60.241],[-1.262,60.131],[-1.263,60.107],[-1.306,60.013],[-1.33,60],[-1.378,59.906],[-1.372,59.892],[-1.307,59.857],[-1.269,59.851],[-1.221,60.022],[-1.212,60.103],[-1.171,60.137],[-1.147,60.132],[-1.126,60.152],[-1.186,60.231],[-1.201,60.263],[-1.195,60.271],[-1.166,60.262],[-1.101,60.276],[-1.038,60.44],[-1.041,60.447],[-1.287,60.471],[-1.296,60.491],[-1.287,60.613],[-1.302,60.637],[-1.416,60.605],[-1.593,60.508],[-1.612,60.477],[-1.446,60.461],[-1.32,60.356],[-1.346,60.34],[-1.427,60.321],[-1.655,60.303],[-1.691,60.288],[-1.693,60.28]]],[[[-1.184,60.603],[-1.17,60.527],[-1.143,60.492],[-1.105,60.486],[-1.029,60.496],[-0.983,60.651],[-0.991,60.72],[-1.057,60.731],[-1.11,60.726],[-1.177,60.637],[-1.184,60.603]]],[[[-0.966,60.688],[-0.936,60.674],[-0.835,60.673],[-0.82,60.689],[-0.757,60.814],[-0.768,60.829],[-0.806,60.841],[-0.883,60.842],[-0.939,60.794],[-0.966,60.688]]],[[[4.98,60.689],[5.075,60.592],[5.255,60.564],[5.456,60.592],[5.551,60.509],[5.262,60.327],[5.096,60.264],[5.279,60.125],[5.525,60.168],[5.894,60.161],[5.806,59.949],[5.632,59.884],[5.543,59.824],[5.694,59.753],[5.91,59.753],[6.185,59.824],[5.97,59.711],[5.667,59.676],[5.741,59.628],[5.646,59.586],[5.449,59.658],[5.419,59.515],[5.383,59.711],[5.087,59.509],[5.177,59.307],[5.283,59.272],[5.35,59.39],[5.344,59.266],[5.529,59.266],[5.717,59.337],[5.683,59.414],[5.68,59.509],[5.8,59.432],[5.816,59.313],[6.113,59.527],[6.076,59.42],[5.877,59.313],[6.02,59.254],[6.238,59.284],[6.033,59.201],[5.772,59.076],[5.822,59.017],[5.94,58.934],[6.051,58.981],[6.266,58.993],[6.041,58.952],[5.984,58.887],[6.094,58.798],[5.794,58.916],[5.666,58.822],[5.627,58.964],[5.475,58.976],[5.531,58.881],[5.4,58.715],[5.615,58.455],[5.874,58.432],[6.231,58.278],[6.652,58.172],[6.479,58.09],[6.644,58.042],[6.726,58.137],[6.874,58.078],[6.959,57.972],[7.908,58.066],[8.03,58.066],[8.154,58.09],[8.175,58.172],[8.922,58.538],[9.372,58.786],[9.346,58.845],[9.698,58.999],[9.938,58.94],[10.172,58.987],[10.211,59.07],[10.363,59.213],[10.43,59.26],[10.379,59.367],[10.407,59.497],[10.57,59.581],[10.634,59.45],[10.549,59.379],[10.657,59.224],[10.769,59.118],[10.829,59.106],[11.112,59.165],[11.179,59.07],[11.039,58.91],[11.14,58.851],[11.221,58.308],[11.407,58.331],[11.431,58.202],[11.614,58.247],[11.802,58.178],[11.709,58.025],[11.61,57.807],[11.766,57.673],[11.881,57.509],[11.877,57.325],[12.005,57.325],[12.289,56.88],[12.526,56.78],[12.657,56.611],[12.786,56.617],[12.872,56.512],[12.805,56.401],[12.615,56.436],[12.652,56.296],[12.414,56.243],[12.699,55.905],[12.986,55.667],[12.859,55.533],[12.888,55.452],[12.802,55.417],[12.802,55.353],[13.302,55.301],[13.823,55.422],[14.117,55.347],[14.286,55.515],[14.126,55.667],[14.259,55.899],[14.492,56.018],[14.605,55.981],[14.653,56.121],[15.221,56.08],[15.497,56.167],[15.696,56.061],[15.771,56.033],[16.031,56.353],[16.376,56.822],[16.395,57.074],[16.494,57.279],[16.659,57.443],[16.55,57.545],[16.607,57.666],[16.477,57.702],[16.46,57.895],[16.598,57.866],[16.725,57.889],[16.774,58.038],[16.744,58.312],[16.513,58.428],[16.443,58.634],[17.081,58.65],[17.083,58.748],[17.245,58.717],[17.357,58.743],[17.582,58.893],[17.623,59.1],[17.739,59.11],[17.745,58.986],[17.726,58.914],[17.766,58.872],[17.94,58.908],[18.016,59.038],[18.372,59.157],[18.273,59.287],[18.598,59.297],[18.611,59.333],[18.515,59.401],[18.441,59.401],[18.43,59.333],[18.328,59.37],[18.111,59.323],[17.978,59.328],[17.862,59.24],[17.584,59.271],[17.575,59.214],[17.358,59.245],[17.266,59.339],[17,59.359],[16.776,59.479],[16.408,59.447],[16.523,59.583],[16.724,59.531],[16.786,59.577],[17.071,59.546],[17.368,59.468],[17.73,59.416],[17.795,59.364],[18.03,59.359],[18.639,59.567],[18.868,59.712],[19.044,59.712],[19.037,59.863],[18.893,59.926],[18.804,60.108],[18.417,60.182],[18.224,60.323],[17.931,60.59],[17.706,60.554],[17.605,60.638],[17.188,60.674],[17.318,60.753],[17.146,60.953],[17.15,61.198],[17.065,61.538],[17.163,61.63],[17.387,61.658],[17.497,62.088],[17.387,62.201],[17.29,62.441],[17.718,62.357],[17.936,62.548],[17.868,62.789],[17.967,62.775],[18.303,62.789],[18.389,62.853],[18.487,62.981],[18.785,63.138],[19.076,63.202],[19.318,63.445],[19.465,63.481],[19.67,63.389],[20.701,63.818],[20.873,64.033],[17.261,64.206],[17.731,64.559],[17.33,64.826],[18.534,66.432],[18.4,67.235],[18.959,68.294],[19.821,69.37],[19.58,69.181],[19.289,69.211],[18.985,69.315],[18.553,69.247],[18.319,69.359],[18.097,69.058],[18.052,69.028],[17.928,69.005],[17.895,69.035],[17.566,68.974],[17.449,68.887],[17.407,68.772],[17.04,68.659],[16.855,68.558],[17.126,68.416],[17.033,68.338],[16.719,68.311],[16.522,68.341],[16.649,68.046],[16.412,67.874],[16.233,67.911],[16.071,68.045],[15.92,68.049],[15.854,67.925],[15.572,67.821],[15.762,67.676],[15.746,67.597],[15.58,67.583],[15.385,67.464],[15.227,67.509],[14.976,67.523],[14.699,67.374],[14.569,67.329],[14.616,67.245],[14.778,67.217],[14.639,67.123],[14.373,67.093],[14.055,66.975],[13.859,66.959],[13.747,66.922],[13.992,66.687],[13.592,66.657],[13.383,66.679],[13.242,66.569],[13.169,66.458],[13.255,66.393],[13.403,66.349],[13.581,66.188],[13.152,66.136],[13.109,66.034],[13.087,65.88],[12.709,65.909],[12.479,65.617],[12.284,65.435],[12.496,65.384],[12.526,65.109],[12.222,65.101],[12.112,65.13],[11.896,64.913],[11.69,64.776],[11.47,64.675],[11.407,64.617],[11.508,64.517],[11.364,64.416],[11.214,64.416],[10.997,64.494],[10.891,64.473],[10.74,64.386],[10.066,64.056],[9.87,63.876],[9.832,63.684],[9.441,63.498],[9.216,63.284],[9.154,63.319],[8.957,63.404],[8.606,63.325],[8.472,63.176],[8.258,63.054],[8.231,62.841],[7.989,62.94],[7.606,62.904],[7.088,62.91],[6.982,62.846],[7.102,62.705],[7.547,62.599],[7.289,62.486],[6.989,62.542],[6.613,62.583],[6.533,62.336],[6.308,62.286],[6.053,62.335],[5.824,62.179],[5.565,62.15],[5.47,62.094],[5.426,62.009],[5.528,61.933],[5.719,61.88],[5.834,61.819],[5.797,61.77],[5.592,61.79],[5.149,61.741],[5.101,61.699],[5.141,61.39],[5.018,61.305],[5.12,61.137],[5.387,61.026],[5.109,60.906],[4.98,60.689]]],[[[8.035,55.476],[8.214,55.399],[8.319,55.481],[8.481,55.349],[8.56,55.356],[8.645,55.069],[8.596,54.761],[8.742,54.608],[8.951,54.419],[8.852,54.332],[8.554,54.275],[8.581,54.194],[8.833,54.223],[8.84,54.265],[8.872,54.264],[8.97,54.317],[8.995,54.339],[8.982,54.352],[8.998,54.374],[9.09,54.37],[9.16,54.318],[9.172,54.334],[9.198,54.32],[9.228,54.327],[9.22,54.346],[9.258,54.344],[9.272,54.318],[9.26,54.305],[9.304,54.272],[9.394,54.289],[9.437,54.247],[9.441,54.247],[9.442,54.242],[9.444,54.24],[9.442,54.236],[9.449,54.189],[9.674,54.189],[9.739,54.276],[9.827,54.276],[9.885,54.254],[10.142,54.337],[10.065,54.434],[9.865,54.411],[9.978,54.49],[9.987,54.592],[9.864,54.726],[9.61,54.88],[9.421,54.976],[9.518,55.129],[9.517,55.223],[9.544,55.351],[9.63,55.459],[9.704,55.483],[9.768,55.467],[9.811,55.437],[9.887,55.342],[9.897,55.28],[10.006,55.193],[10.099,55.188],[10.119,55.179],[10.154,55.127],[10.135,55.117],[10.153,55.084],[10.498,55.029],[10.529,55.029],[10.616,55.061],[10.74,55.067],[10.783,55.122],[10.812,55.186],[10.834,55.29],[10.791,55.363],[10.744,55.497],[10.627,55.617],[10.611,55.617],[10.603,55.607],[10.617,55.564],[10.606,55.486],[10.469,55.437],[10.426,55.439],[10.416,55.453],[10.452,55.482],[10.485,55.532],[10.406,55.586],[10.31,55.617],[10.213,55.599],[10.149,55.574],[10,55.541],[9.905,55.506],[9.856,55.512],[9.838,55.522],[9.835,55.54],[9.824,55.547],[9.738,55.534],[9.69,55.605],[9.976,55.62],[10.007,55.73],[10.147,55.765],[10.23,55.951],[10.175,56.076],[10.293,56.137],[10.442,56.151],[10.496,56.034],[10.751,56.097],[10.889,56.369],[10.826,56.443],[10.314,56.469],[10.23,56.605],[10.216,56.85],[9.835,56.89],[9.37,56.882],[9.322,56.719],[9.312,56.481],[9.136,56.46],[9.003,56.657],[8.869,56.616],[8.675,56.358],[8.452,56.412],[8.309,56.479],[8.183,56.431],[8.124,56.207],[8.117,56.092],[8.317,55.849],[8.32,55.768],[8.125,55.636],[8.035,55.476]]],[[[8.183,56.798],[8.471,56.597],[8.507,56.647],[8.666,56.7],[8.778,56.798],[8.847,56.986],[8.971,57],[9.079,57.037],[9.141,57.009],[9.334,57.023],[9.503,56.975],[10.257,57.006],[10.333,57.171],[10.463,57.242],[10.451,57.458],[10.401,57.506],[10.558,57.745],[10.479,57.759],[10.39,57.661],[10.29,57.672],[9.849,57.582],[9.449,57.228],[9.302,57.166],[8.661,57.104],[8.534,57.141],[8.359,57.023],[8.183,56.798]]],[[[10.99,54.791],[11.032,54.756],[11.262,54.707],[11.35,54.659],[11.456,54.619],[11.588,54.664],[11.785,54.64],[11.834,54.661],[11.858,54.689],[11.862,54.743],[11.849,54.766],[11.709,54.875],[11.657,54.904],[11.644,54.906],[11.643,54.878],[11.564,54.822],[11.514,54.83],[11.393,54.868],[11.351,54.892],[11.331,54.919],[11.276,54.95],[11.24,54.957],[11.136,54.954],[11.058,54.935],[11.014,54.896],[11.025,54.814],[10.99,54.791]]],[[[11.102,55.634],[11.23,55.337],[11.285,55.189],[11.585,55.162],[11.767,55.176],[11.97,54.954],[12.077,54.995],[12.301,55.17],[12.43,55.245],[12.158,55.379],[12.409,55.548],[12.469,55.711],[12.444,55.968],[12.238,55.988],[12.088,55.967],[12.053,55.703],[11.962,55.581],[11.728,55.662],[11.568,55.885],[11.296,55.675],[11.102,55.634]]],[[[11.709,54.937],[11.752,54.859],[11.802,54.839],[11.899,54.719],[11.878,54.688],[11.872,54.651],[11.923,54.576],[11.964,54.562],[11.979,54.567],[11.96,54.648],[11.97,54.699],[12.055,54.775],[12.169,54.839],[12.104,54.89],[12.02,54.896],[11.851,54.955],[11.751,54.961],[11.709,54.937]]],[[[14.678,55.102],[14.747,55.065],[14.942,55.013],[15.043,54.995],[15.077,55.001],[15.103,55.021],[15.15,55.089],[15.149,55.129],[15.134,55.144],[15.065,55.162],[14.887,55.229],[14.825,55.257],[14.77,55.306],[14.746,55.296],[14.699,55.215],[14.678,55.102]]],[[[16.392,56.465],[16.403,56.274],[16.411,56.225],[16.43,56.209],[16.474,56.224],[16.496,56.241],[16.576,56.361],[16.571,56.394],[16.77,56.796],[16.808,56.824],[16.841,56.832],[16.927,57.038],[17.051,57.187],[17.124,57.321],[17.106,57.348],[17.057,57.359],[17.022,57.345],[16.983,57.316],[16.959,57.274],[16.963,57.229],[16.848,57.064],[16.749,56.94],[16.612,56.868],[16.543,56.776],[16.42,56.586],[16.393,56.529],[16.392,56.465]]],[[[18.11,57.513],[18.142,57.409],[18.158,57.316],[18.148,57.235],[18.173,57.142],[18.254,57.079],[18.257,57.032],[18.158,56.942],[18.14,56.915],[18.216,56.913],[18.302,56.937],[18.347,56.999],[18.336,57.017],[18.341,57.074],[18.397,57.134],[18.712,57.242],[18.788,57.448],[18.769,57.467],[18.76,57.508],[18.809,57.704],[18.849,57.721],[18.929,57.74],[19.033,57.827],[19.005,57.909],[18.725,57.923],[18.682,57.914],[18.467,57.812],[18.356,57.696],[18.276,57.634],[18.179,57.588],[18.119,57.531],[18.11,57.513]]],[[[19.511,60.175],[19.543,60.128],[19.563,60.123],[19.575,60.122],[19.604,60.153],[19.673,60.15],[19.677,60.157],[19.669,60.189],[19.627,60.244],[19.602,60.256],[19.572,60.252],[19.541,60.23],[19.511,60.175]]],[[[19.648,60.257],[19.699,60.159],[19.751,60.095],[19.772,60.081],[19.848,60.076],[19.868,60.077],[19.875,60.095],[19.918,60.093],[19.944,60.043],[19.948,60.079],[19.958,60.089],[20.044,60.086],[20.053,60.096],[20.026,60.154],[19.937,60.184],[19.914,60.212],[20.025,60.311],[20.062,60.301],[20.12,60.24],[20.123,60.226],[20.101,60.216],[20.082,60.179],[20.092,60.17],[20.172,60.164],[20.277,60.274],[20.085,60.35],[19.906,60.4],[19.857,60.404],[19.825,60.392],[19.78,60.349],[19.862,60.312],[19.883,60.342],[19.892,60.343],[19.937,60.289],[19.931,60.277],[19.817,60.188],[19.796,60.187],[19.761,60.238],[19.777,60.261],[19.783,60.293],[19.749,60.305],[19.648,60.257]]],[[[19.999,60.055],[20.137,59.992],[20.203,59.977],[20.226,60],[20.212,60.06],[20.123,60.081],[20.103,60.096],[20.008,60.067],[19.999,60.055]]],[[[20.199,60.091],[20.205,60.081],[20.263,60.054],[20.271,60.057],[20.298,60.11],[20.295,60.121],[20.269,60.141],[20.223,60.142],[20.216,60.139],[20.199,60.091]]],[[[20.341,60.241],[20.387,60.193],[20.409,60.204],[20.442,60.248],[20.436,60.258],[20.376,60.267],[20.366,60.266],[20.341,60.241]]],[[[21.034,62.477],[21.2,62.435],[21.338,62.344],[21.346,62.167],[21.211,61.871],[21.405,61.702],[21.561,61.485],[21.521,61.38],[21.498,61.183],[21.427,61.015],[21.443,60.694],[21.56,60.512],[21.747,60.408],[21.931,60.381],[22.221,60.259],[22.421,60.293],[22.392,60.121],[22.625,60.201],[23.005,60.209],[22.882,60.056],[22.982,59.932],[23.201,59.818],[23.665,59.836],[23.961,59.932],[23.979,59.881],[24.281,59.938],[24.421,59.87],[24.516,59.989],[24.969,60.087],[24.993,60.03],[25.146,60.11],[25.45,60.138],[25.581,60.262],[25.846,60.115],[25.89,60.236],[26.323,60.27],[26.443,60.333],[26.552,60.571],[26.526,60.396],[26.613,60.348],[26.922,60.316],[26.946,60.376],[27.178,60.442],[27.406,60.345],[27.474,60.426],[28.011,60.511],[28.522,60.623],[28.551,60.533],[28.435,60.337],[28.569,60.198],[28.692,60.15],[28.969,60.109],[29.511,60.145],[29.687,60.131],[28.954,61.622],[28.73,61.671],[28.629,61.642],[28.608,61.617],[28.76,61.61],[28.79,61.59],[28.722,61.581],[28.68,61.558],[28.679,61.524],[28.693,61.484],[28.582,61.473],[28.568,61.441],[28.345,61.349],[28.36,61.331],[28.477,61.332],[28.641,61.352],[28.663,61.368],[28.714,61.352],[28.82,61.297],[28.867,61.247],[28.788,61.204],[28.292,61.08],[27.988,61.08],[27.947,61.068],[27.919,61.08],[27.892,61.114],[27.882,61.157],[27.966,61.188],[28.082,61.179],[28.172,61.153],[28.197,61.163],[28.174,61.188],[28.072,61.233],[27.862,61.252],[27.678,61.232],[27.625,61.214],[27.519,61.23],[27.406,61.259],[27.432,61.27],[27.435,61.296],[27.368,61.326],[27.27,61.324],[27.265,61.379],[27.301,61.433],[27.274,61.468],[27.298,61.484],[27.296,61.557],[27.276,61.653],[27.329,61.693],[27.327,61.632],[27.359,61.531],[27.459,61.523],[27.476,61.539],[27.471,61.599],[27.488,61.618],[27.515,61.577],[27.593,61.581],[27.665,61.607],[27.678,61.636],[27.758,61.656],[27.773,61.685],[27.705,61.731],[27.623,61.764],[27.605,61.781],[27.626,61.801],[27.816,61.728],[27.866,61.696],[27.918,61.657],[27.921,61.627],[27.946,61.601],[28,61.549],[28.054,61.511],[28.104,61.522],[28.129,61.549],[28.185,61.544],[28.234,61.621],[28.248,61.716],[28.262,61.744],[28.306,61.756],[28.369,61.751],[28.442,61.768],[28.539,61.841],[28.672,61.826],[28.807,61.828],[28.84,61.846],[28.835,61.864],[28.737,61.891],[28.579,61.993],[28.427,62.052],[28.403,62.069],[28.297,62.097],[28.086,62.1],[27.926,62.133],[27.899,62.157],[27.902,62.244],[27.877,62.329],[27.8,62.429],[27.755,62.429],[27.679,62.412],[27.597,62.418],[27.547,62.412],[27.489,62.443],[27.459,62.479],[27.419,62.496],[27.367,62.482],[27.297,62.477],[27.236,62.507],[27.178,62.553],[27.159,62.577],[27.191,62.572],[27.295,62.518],[27.339,62.519],[27.352,62.544],[27.398,62.576],[27.6,62.494],[27.647,62.498],[27.67,62.513],[27.669,62.528],[27.608,62.601],[27.619,62.71],[27.666,62.76],[27.65,62.816],[27.684,62.912],[27.652,62.925],[27.588,62.9],[27.564,62.877],[27.56,62.851],[27.494,62.863],[27.415,62.902],[27.391,62.941],[27.33,63.001],[27.176,63.084],[27.207,63.122],[27.193,63.169],[27.193,63.289],[27.213,63.309],[27.246,63.308],[27.239,63.332],[27.218,63.356],[23.131,63.783],[22.826,63.581],[22.704,63.581],[22.569,63.723],[22.476,63.602],[22.429,63.395],[22.292,63.203],[22.075,63.103],[21.666,63.187],[21.495,63.123],[21.546,62.974],[21.481,62.889],[21.195,62.761],[21.062,62.612],[21.034,62.477]]],[[[27.264,63.146],[27.358,63.068],[27.44,63.023],[27.559,63.001],[27.605,63.015],[27.735,62.952],[27.345,63.264],[27.337,63.213],[27.264,63.146]]],[[[27.328,61.4],[27.368,61.369],[27.588,61.266],[27.637,61.273],[27.677,61.31],[27.659,61.355],[27.629,61.383],[27.556,61.397],[27.418,61.437],[27.36,61.422],[27.328,61.4]]],[[[27.52,61.485],[27.564,61.456],[27.662,61.435],[27.712,61.403],[27.75,61.401],[27.798,61.405],[27.914,61.442],[27.959,61.48],[27.969,61.503],[27.946,61.527],[27.859,61.519],[27.732,61.547],[27.712,61.534],[27.7,61.488],[27.666,61.483],[27.548,61.491],[27.52,61.485]]],[[[27.755,62.652],[27.801,62.627],[27.758,62.583],[27.846,62.524],[27.915,62.43],[28.04,62.409],[28.042,62.379],[27.991,62.337],[27.963,62.298],[27.97,62.259],[28.067,62.244],[28.276,62.256],[28.277,62.276],[28.324,62.287],[28.406,62.237],[28.506,62.22],[28.566,62.222],[28.597,62.264],[28.249,62.542],[28.211,62.508],[28.191,62.448],[28.169,62.434],[28.103,62.442],[28.106,62.476],[28.138,62.538],[28.057,62.69],[27.979,62.732],[27.849,62.719],[27.766,62.68],[27.755,62.652]]],[[[28.226,61.443],[28.24,61.394],[28.416,61.416],[28.495,61.444],[28.496,61.478],[28.445,61.516],[28.459,61.558],[28.493,61.602],[28.536,61.622],[28.515,61.699],[28.476,61.723],[28.388,61.712],[28.328,61.73],[28.277,61.71],[28.286,61.623],[28.308,61.582],[28.243,61.539],[28.24,61.523],[28.255,61.497],[28.226,61.443]]],[[[28.691,62.036],[28.714,61.995],[28.78,61.976],[28.728,62.082],[28.703,62.082],[28.691,62.036]]]]}},{"type":"Feature","properties":{"NAME":null,"ABBREVN":null,"SUBJECTO":null,"BORDERPRECISION":1,"PARTOF":null},"geometry":{"type":"Polygon","coordinates":[[[13.117,54.339],[13.156,54.306],[13.25,54.258],[13.319,54.249],[13.393,54.221],[13.429,54.238],[13.422,54.259],[13.413,54.265],[13.357,54.26],[13.359,54.275],[13.504,54.342],[13.689,54.348],[13.712,54.324],[13.711,54.297],[13.696,54.284],[13.711,54.272],[13.727,54.274],[13.744,54.331],[13.702,54.388],[13.676,54.401],[13.621,54.402],[13.578,54.454],[13.585,54.483],[13.675,54.526],[13.678,54.563],[13.634,54.586],[13.456,54.573],[13.407,54.589],[13.391,54.607],[13.383,54.639],[13.442,54.671],[13.438,54.68],[13.424,54.683],[13.279,54.671],[13.231,54.648],[13.225,54.634],[13.245,54.559],[13.311,54.573],[13.375,54.61],[13.384,54.578],[13.426,54.57],[13.459,54.551],[13.503,54.55],[13.517,54.513],[13.503,54.493],[13.484,54.484],[13.447,54.489],[13.378,54.558],[13.367,54.58],[13.304,54.55],[13.147,54.546],[13.167,54.513],[13.232,54.486],[13.229,54.465],[13.165,54.434],[13.208,54.428],[13.239,54.411],[13.268,54.383],[13.223,54.369],[13.134,54.372],[13.117,54.339]]]}},{"type":"Feature","properties":{"NAME":"Sicily","ABBREVN":"Sicily","SUBJECTO":"Sicily","BORDERPRECISION":1,"PARTOF":"Sicily"},"geometry":{"type":"Polygon","coordinates":[[[12.454,37.766],[12.532,37.639],[12.637,37.582],[13.012,37.525],[13.868,37.157],[14.216,37.049],[14.622,36.776],[14.942,36.739],[15.027,36.745],[15.221,37],[15.301,37.058],[15.116,37.287],[15.112,37.459],[15.181,37.682],[15.423,38.053],[15.473,38.11],[15.454,38.167],[15.387,38.206],[14.766,38.058],[14.134,37.973],[13.81,37.966],[13.628,38.03],[13.322,38.221],[13.066,38.067],[12.783,38.117],[12.664,38.072],[12.517,37.919],[12.454,37.766]]]}},{"type":"Feature","properties":{"NAME":"Blue Horde","ABBREVN":"Golden Horde","SUBJECTO":"Blue Horde","BORDERPRECISION":1,"PARTOF":"Blue Horde"},"geometry":{"type":"MultiPolygon","coordinates":[[[[30.245,46.353],[30.38,46.13],[30.405,46.152],[30.403,46.152],[30.263,46.349],[30.245,46.353]]],[[[30.695,46.433],[30.833,46.577],[31.087,46.636],[31.182,46.65],[30.877,46.677],[30.695,46.433]]],[[[30.738,56.982],[30.882,56.55],[31.128,57.075],[31.661,57.075],[32.131,57.213],[32.207,57.278],[31.281,57.278],[30.738,56.982]]],[[[30.8,54.749],[30.887,54.749],[30.939,54.545],[31.645,54.613],[31.795,54.477],[31.748,52.721],[31.994,52.654],[32.045,52.452],[32.216,52.452],[32.468,52.923],[32.871,53.26],[33.301,53.26],[33.682,53.462],[33.846,53.868],[34.045,54.003],[34.011,54.274],[34.425,54.613],[35.728,54.613],[35.931,54.342],[35.832,53.868],[35.904,53.8],[35.79,53.665],[36.048,53.665],[35.834,53.462],[35.765,53.125],[36.324,52.923],[36.427,52.586],[36.741,52.452],[37.014,52.116],[37.425,52.049],[37.483,51.915],[37.965,51.781],[37.937,51.647],[38.15,51.447],[38.095,51.179],[37.899,51.046],[37.838,50.313],[37.754,50.313],[37.544,49.648],[37.627,49.648],[37.59,49.449],[37.674,49.449],[37.709,49.184],[37.863,49.118],[37.839,48.985],[36.937,48.588],[36.688,48.588],[36.627,48.72],[36.306,48.787],[36.329,48.919],[36.079,48.919],[36.09,48.985],[36.007,48.985],[35.946,49.118],[35.78,49.118],[35.496,48.919],[35.026,47.532],[34.376,47.598],[34.109,47.466],[34.08,47.269],[33.694,46.874],[32.918,46.612],[32.172,46.546],[32.177,46.584],[31.926,46.41],[32.114,46.216],[32.202,46.17],[32.516,46.126],[33.333,46.166],[33.528,46.134],[33.639,45.927],[33.539,45.875],[33.192,45.79],[32.902,45.673],[32.503,45.445],[32.575,45.361],[32.643,45.381],[32.926,45.388],[33.013,45.381],[33.398,45.253],[33.517,45.124],[33.559,44.936],[33.395,44.6],[33.66,44.524],[34.014,44.492],[34.135,44.537],[34.372,44.757],[34.614,44.841],[35.067,44.862],[35.387,45.082],[35.6,45.102],[35.865,45.031],[36.005,45.044],[36.265,45.097],[36.367,45.161],[36.415,45.272],[36.521,45.388],[36.323,45.44],[35.85,45.445],[35.546,45.38],[35.317,45.321],[35.063,45.34],[34.99,45.45],[35.032,45.534],[35.008,45.612],[34.127,46.064],[33.839,46.193],[34.064,46.265],[34.496,46.279],[34.692,46.253],[34.907,46.273],[35.046,46.358],[35.212,46.637],[35.416,46.495],[35.624,46.521],[35.851,46.664],[36.354,46.776],[36.865,46.809],[37.193,46.894],[37.422,47.077],[37.859,47.104],[38.8,47.229],[39.16,47.269],[39.194,47.243],[39.282,47.074],[38.723,46.878],[38.401,46.721],[38.032,46.669],[37.867,46.655],[37.757,46.603],[37.97,46.441],[38.265,46.319],[38.459,46.079],[38.227,46.02],[37.99,46.007],[37.868,45.793],[37.706,45.578],[37.661,45.345],[37.461,45.312],[37.228,45.312],[36.96,45.227],[37.318,44.924],[37.474,44.692],[37.622,44.673],[37.774,44.745],[37.88,44.719],[38.109,44.494],[38.277,44.423],[38.556,44.385],[38.924,44.212],[40.252,43.268],[40.557,43.147],[40.969,43.077],[41.123,43.019],[43.546,42.835],[45.26,42.439],[45.478,42.549],[45.648,42.549],[45.808,42.538],[45.861,42.474],[47.844,42.621],[47.79,42.855],[47.736,42.9],[47.565,43.008],[47.583,43.188],[47.655,43.277],[47.601,43.322],[47.574,43.502],[47.673,43.664],[47.736,43.862],[47.664,43.853],[47.61,43.754],[47.565,43.601],[47.52,43.511],[47.493,43.583],[47.538,43.673],[47.565,43.844],[47.332,44.186],[47.224,44.204],[47.143,44.339],[46.999,44.356],[46.846,44.446],[46.81,44.536],[46.873,44.68],[47.026,44.788],[47.17,44.86],[47.251,44.986],[47.394,45.175],[47.556,45.453],[47.655,45.543],[47.601,45.66],[47.628,45.732],[47.673,45.75],[47.754,45.714],[47.871,45.678],[48.015,45.714],[48.303,45.768],[48.635,45.975],[48.77,45.885],[48.833,45.921],[48.833,46.083],[48.887,46.083],[49.058,46.137],[49.238,46.263],[49.313,46.353],[49.535,46.542],[49.723,46.533],[49.948,46.56],[50.207,46.66],[47.832,57.813],[45.965,57.735],[46.044,62.079],[45.717,62.209],[41.211,61.164],[41.211,60.446],[41.109,60.344],[41.215,60.312],[42.169,60.142],[44.523,59.859],[45.087,59.866],[44.725,59.579],[43.978,59.159],[42.407,58.488],[41.902,58.084],[42.396,57.967],[42.737,57.956],[43.572,57.979],[44.198,57.932],[43.824,57.751],[43.451,57.486],[43.352,57.291],[43.385,57.011],[43.374,56.759],[43.198,56.511],[42.935,56.194],[42.649,55.9],[42.517,55.634],[42.572,55.254],[42.704,54.896],[42.72,54.661],[42.138,54.687],[41.468,54.74],[40.891,54.807],[40.474,54.959],[39.985,55.116],[39.644,55.213],[39.529,55.266],[38.386,54.99],[37.573,54.775],[37.167,54.553],[36.76,54.317],[36.486,54.368],[36.398,54.572],[36.178,54.997],[35.969,55.273],[35.313,55.637],[34.964,55.854],[34.568,55.945],[34.695,56.063],[34.761,56.146],[34.909,56.286],[35.041,56.292],[35.42,56.237],[35.837,56.164],[36.085,56.173],[36.293,56.298],[36.573,56.572],[36.799,56.668],[36.985,56.656],[37.106,56.596],[37.266,56.553],[37.397,56.55],[37.469,56.584],[37.535,56.659],[37.661,56.864],[37.75,56.985],[36.117,56.724],[34.289,57.834],[33.505,57.965],[32.526,57.899],[32.454,57.489],[32.63,57.489],[32.865,57.765],[33.133,57.765],[33.357,57.558],[33.701,57.075],[34.795,56.8],[34.957,56.731],[34.927,56.594],[33.972,56.251],[33.944,56.114],[33.68,56.114],[33.01,55.84],[32.659,55.84],[32.357,55.635],[31.856,55.771],[30.879,55.703],[30.883,55.225],[30.97,55.225],[30.8,54.749]]],[[[31.731,46.702],[31.781,46.702],[31.824,46.743],[31.788,46.743],[31.731,46.702]]],[[[32.142,46.646],[32.179,46.603],[32.18,46.612],[32.142,46.646]]],[[[36.643,60.862],[36.7,60.875],[37.968,60.994],[37.881,61.034],[37.097,61.164],[36.643,60.862]]],[[[37.791,57.036],[37.936,57.145],[38.128,57.276],[38.331,57.401],[38.127,57.45],[37.791,57.036]]]]}},{"type":"Feature","properties":{"NAME":"White Horde","ABBREVN":"Golden Horde","SUBJECTO":"White Horde","BORDERPRECISION":1,"PARTOF":"White Horde"},"geometry":{"type":"Polygon","coordinates":[[[47.832,57.813],[50.207,46.66],[50.272,46.685],[50.632,46.91],[50.82,46.919],[51.117,47.063],[51.369,47.09],[51.791,47.009],[51.935,46.892],[52.142,46.838],[52.376,46.874],[52.466,46.91],[52.556,46.982],[53.023,46.919],[53.185,46.865],[53.23,46.73],[53.284,46.676],[53.167,46.586],[53.122,46.497],[53.185,46.425],[53.257,46.317],[53.203,46.191],[53.149,45.957],[53.05,45.831],[52.924,45.732],[52.835,45.642],[52.844,45.507],[53.059,45.453],[53.284,45.328],[53.059,45.337],[52.61,45.4],[51.998,45.382],[51.845,45.436],[51.773,45.391],[51.63,45.355],[51.513,45.373],[51.459,45.31],[51.378,45.175],[51.342,45.058],[51.216,45.04],[51.099,44.878],[51.189,44.77],[51.486,44.626],[51.576,44.554],[51.414,44.518],[51.333,44.482],[50.874,44.626],[50.542,44.644],[50.407,44.617],[50.335,44.563],[50.326,44.365],[50.389,44.294],[50.703,44.258],[50.955,44.204],[50.991,44.078],[51.171,43.718],[51.261,43.61],[51.369,43.556],[51.459,43.385],[51.423,43.259],[51.423,43.17],[51.738,43.179],[51.881,43.053],[51.98,42.909],[52.07,42.828],[52.295,42.873],[52.376,42.801],[52.583,42.828],[52.763,42.756],[52.835,42.648],[52.754,42.558],[52.736,42.423],[52.673,42.279],[52.583,42.189],[52.52,42.073],[52.574,42.019],[52.601,41.938],[52.559,41.758],[52.683,41.694],[52.711,41.607],[52.692,41.531],[52.855,41.387],[52.97,41.138],[52.96,41.272],[52.932,41.378],[52.999,41.684],[52.941,41.77],[52.98,41.904],[53.066,42.029],[53.267,42.086],[53.458,42.096],[53.736,42.134],[53.985,42.106],[54.024,42.048],[54.024,41.857],[54.113,41.785],[58.23,44.453],[58.199,44.52],[58.257,44.577],[58.297,44.638],[58.295,44.708],[58.251,44.786],[58.232,44.851],[58.238,44.903],[58.272,44.982],[58.378,45.178],[58.404,45.253],[58.449,45.322],[58.514,45.386],[58.56,45.457],[58.589,45.537],[58.611,45.585],[58.628,45.6],[58.655,45.716],[58.681,45.784],[58.721,45.848],[58.815,45.931],[58.881,45.956],[58.957,45.968],[59.07,46.001],[59.143,46.007],[59.198,46.023],[59.329,46.026],[59.366,45.99],[59.36,45.933],[59.301,45.88],[59.287,45.835],[59.431,45.803],[59.55,45.994],[59.546,46.239],[59.481,46.317],[59.549,46.345],[59.577,46.333],[59.699,46.331],[59.749,46.322],[59.779,46.301],[59.801,46.255],[59.815,46.181],[60,46.21],[60,59.103],[58.293,58.425],[55.465,58.136],[47.832,57.813]]]}},{"type":"Feature","properties":{"NAME":"Timurid Empire","ABBREVN":"Timurid Empire","SUBJECTO":"Timurid Empire","BORDERPRECISION":1,"PARTOF":"Timurid Empire"},"geometry":{"type":"Polygon","coordinates":[[[35.814,36.298],[40.029,34.391],[40.42,34],[60,34],[60,43.622],[59.716,43.669],[59.505,43.914],[59.248,43.854],[59.126,44.002],[59.008,43.979],[59.019,43.861],[58.827,43.844],[58.78,43.747],[58.596,43.757],[58.367,43.737],[58.345,43.866],[58.4,44.167],[58.242,44.359],[58.23,44.452],[54.113,41.785],[54.119,41.78],[54.138,41.627],[54.167,41.483],[54.359,41.387],[54.598,41.244],[54.751,41.138],[54.828,40.985],[54.818,40.88],[54.608,40.813],[54.502,40.851],[54.455,40.918],[54.368,40.899],[54.387,40.803],[54.455,40.717],[54.416,40.659],[54.225,40.726],[54.11,40.678],[53.976,40.65],[53.842,40.64],[53.794,40.726],[53.765,40.87],[53.65,40.88],[53.66,40.813],[53.612,40.745],[53.439,40.803],[53.257,40.765],[53.181,40.841],[53.056,41.052],[52.97,40.822],[52.951,40.707],[52.903,40.563],[52.826,40.468],[52.845,40.334],[52.845,40.18],[52.912,40.046],[52.989,39.931],[53.047,39.998],[53.19,39.96],[53.363,39.96],[53.506,39.998],[53.688,39.979],[53.593,39.893],[53.516,39.778],[53.554,39.654],[53.669,39.644],[53.813,39.548],[53.794,39.491],[53.545,39.539],[53.372,39.52],[53.315,39.567],[53.248,39.452],[53.209,39.405],[53.248,39.299],[53.334,39.385],[53.583,39.318],[53.66,39.318],[53.679,39.251],[53.775,39.136],[53.918,39.05],[54.033,38.993],[54.071,38.897],[53.985,38.657],[53.937,38.571],[53.937,38.159],[53.88,38.025],[53.928,37.824],[54.015,37.348],[54.009,37.349],[54.067,36.942],[53.984,36.782],[53.8,36.679],[53.139,36.644],[52.602,36.577],[51.993,36.459],[51.796,36.432],[51.417,36.456],[50.561,36.686],[50.252,36.895],[50.111,37.098],[50.039,37.225],[49.848,37.268],[49.476,37.292],[49.06,37.398],[48.837,37.511],[48.745,37.727],[48.809,37.989],[48.832,38.306],[48.825,38.31],[48.988,38.719],[48.946,38.836],[49.052,38.932],[49.02,39.006],[49.041,39.145],[49.116,39.187],[49.18,39.145],[49.222,39.038],[49.275,39.017],[49.339,39.283],[49.382,39.326],[49.488,39.294],[49.499,39.379],[49.403,39.485],[49.446,39.655],[49.541,39.879],[49.552,40.091],[49.573,40.176],[49.669,40.24],[49.85,40.272],[49.914,40.325],[50.031,40.347],[50.126,40.347],[50.307,40.325],[50.467,40.262],[50.467,40.325],[50.424,40.411],[50.318,40.496],[50.19,40.57],[50.02,40.602],[49.807,40.581],[49.605,40.687],[49.605,40.762],[49.478,40.836],[49.35,40.953],[49.286,41.059],[49.244,41.293],[49.116,41.432],[48.999,41.517],[48.892,41.687],[48.683,41.836],[48.662,41.902],[48.5,41.929],[48.42,42.091],[48.222,42.279],[48.132,42.405],[47.97,42.594],[47.844,42.621],[45.861,42.474],[45.808,42.538],[45.648,42.549],[45.478,42.549],[44.454,42.032],[41.484,41.437],[41.212,40.244],[39.148,38.622],[36.494,37.369],[36.789,37.001],[35.891,36.771],[35.957,36.747],[36.082,36.622],[36.105,36.561],[36.095,36.482],[35.814,36.298]]]}},{"type":"Feature","properties":{"NAME":"Aragón","ABBREVN":"Aragón","SUBJECTO":"Aragón","BORDERPRECISION":1,"PARTOF":"Aragón"},"geometry":{"type":"MultiPolygon","coordinates":[[[[-2.301,40.238],[-1.997,40.086],[-1.997,39.972],[-1.807,39.858],[-1.997,39.743],[-1.997,39.591],[-1.807,39.477],[-1.807,39.173],[-2.035,39.249],[-2.035,38.602],[-1.807,38.526],[-1.807,38.26],[-1.655,38.184],[-1.655,37.918],[-1.883,37.956],[-2.035,37.842],[-1.921,37.651],[-2.149,37.233],[-1.94,36.952],[-1.817,37.292],[-1.626,37.439],[-1.365,37.548],[-0.918,37.57],[-0.803,37.615],[-0.872,37.76],[-0.665,38.177],[-0.564,38.215],[-0.435,38.43],[0.173,38.738],[0.126,38.821],[-0.166,38.954],[-0.236,39.062],[-0.395,39.434],[-0.161,39.886],[0.238,40.24],[0.505,40.593],[0.788,40.657],[0.827,40.727],[0.71,40.785],[0.734,40.875],[0.879,41.022],[1.311,41.157],[2.081,41.298],[2.201,41.446],[2.628,41.62],[3.129,41.857],[3.157,42.076],[3.086,42.121],[3.087,42.369],[3.002,42.771],[3.039,42.869],[2.949,42.883],[2.825,42.85],[2.701,42.73],[2.49,42.719],[2.481,42.686],[2.272,42.69],[2.103,42.615],[1.728,42.501],[1.729,42.516],[1.726,42.505],[1.711,42.492],[1.667,42.5],[1.655,42.467],[1.599,42.467],[1.579,42.45],[1.56,42.458],[1.552,42.433],[1.517,42.429],[1.452,42.437],[1.443,42.444],[1.448,42.46],[1.439,42.477],[1.42,42.485],[1.465,42.508],[1.451,42.54],[1.414,42.537],[1.423,42.556],[1.444,42.569],[1.427,42.586],[1.445,42.604],[1.473,42.61],[1.47,42.622],[1.456,42.619],[1.32,42.605],[1.307,42.635],[0.744,42.772],[0.584,42.772],[0.592,42.628],[0.348,42.635],[0.196,42.608],[0.18,42.663],[-0.166,42.649],[-0.216,42.717],[-0.41,42.786],[-0.469,42.751],[-0.587,42.765],[-0.612,42.731],[-0.84,42.909],[-0.907,42.881],[-1.664,42.125],[-1.605,41.769],[-2.13,41.817],[-2.149,41.493],[-2.301,41.493],[-2.301,41.265],[-2.035,41.227],[-1.921,40.618],[-2.301,40.39],[-2.301,40.238]]],[[[1.567,42.646],[1.6,42.626],[1.637,42.63],[1.66,42.621],[1.667,42.622],[1.577,42.648],[1.567,42.646]]],[[[1.728,42.601],[1.731,42.588],[1.784,42.575],[1.792,42.579],[1.755,42.597],[1.73,42.604],[1.728,42.601]]]]}}],"metadata":{"source":"historical-basemaps (aourednik)","sourceUrl":"https://github.com/aourednik/historical-basemaps","license":"GPL-3.0","commit":"62d8f1a03a71f2d3ff17f2d166f7553f256bce68","borderPrecision":"概略（出典が全境界を概略と宣言）"}}