{"type":"FeatureCollection","features":[{"type":"Feature","properties":{"NAME":"Luxembourg","ABBREVN":"Luxembourg","SUBJECTO":"Luxembourg","BORDERPRECISION":3,"PARTOF":"Luxembourg"},"geometry":{"type":"Polygon","coordinates":[[[5.738,49.902],[5.745,49.755],[5.884,49.664],[5.824,49.507],[6.112,49.479],[6.368,49.473],[6.433,49.445],[6.399,49.604],[6.511,49.669],[6.531,49.798],[6.321,49.842],[6.137,49.982],[6.109,50.117],[6.007,50.15],[5.834,50.047],[5.738,49.902]]]}},{"type":"Feature","properties":{"NAME":"Ottoman Empire","ABBREVN":"Ottoman Empi","SUBJECTO":"Ottoman Empire","BORDERPRECISION":3,"PARTOF":"Ottoman Empire"},"geometry":{"type":"MultiPolygon","coordinates":[[[[15.747,44.826],[15.757,44.786],[15.818,44.751],[15.858,44.71],[15.958,44.68],[16.039,44.6],[16.144,44.434],[16.154,44.379],[16.224,44.329],[16.189,44.304],[16.184,44.258],[16.194,44.193],[16.27,44.198],[16.31,44.148],[16.335,44.093],[16.385,44.043],[16.536,44.007],[16.701,43.847],[16.712,43.771],[16.842,43.716],[17.013,43.555],[17.113,43.5],[17.214,43.47],[17.259,43.445],[17.259,43.395],[17.294,43.269],[17.385,43.234],[17.535,43.108],[17.646,43.053],[17.676,42.958],[17.548,42.92],[17.646,42.865],[17.706,42.918],[17.766,42.913],[17.821,42.897],[17.872,42.822],[17.937,42.782],[18.017,42.747],[18.113,42.742],[18.253,42.626],[18.273,42.596],[18.334,42.611],[18.429,42.586],[18.459,42.556],[18.449,42.516],[18.464,42.481],[18.501,42.448],[18.514,42.407],[18.514,42.362],[18.91,42.218],[19.136,42],[19.143,41.932],[19.338,41.862],[19.458,41.798],[19.607,41.762],[19.619,41.559],[19.499,41.524],[19.417,41.345],[19.53,41.218],[19.445,40.965],[19.527,40.866],[19.339,40.589],[19.494,40.403],[19.484,40.296],[19.38,40.324],[19.369,40.26],[19.804,40.017],[20.029,39.814],[20.091,39.603],[20.212,39.405],[20.678,39.08],[20.901,39.062],[21.007,39.113],[21.16,39.005],[21.105,38.922],[21.007,38.871],[20.893,38.896],[20.772,38.851],[21.172,38.348],[21.364,38.412],[21.661,38.438],[21.826,38.464],[22.334,38.427],[22.876,38.205],[23.116,38.157],[22.899,37.998],[22.747,37.953],[21.997,38.251],[21.906,38.27],[21.714,38.135],[21.44,38.18],[21.228,37.905],[21.221,37.828],[21.296,37.727],[21.517,37.536],[21.614,37.415],[21.627,37.307],[21.531,37.115],[21.588,36.981],[21.781,36.823],[21.984,37.02],[22.191,36.855],[22.39,36.524],[22.524,36.722],[22.674,36.754],[22.983,36.615],[22.887,37.047],[22.793,37.139],[22.813,37.212],[22.726,37.289],[22.639,37.492],[22.642,37.585],[22.713,37.543],[22.942,37.518],[23.025,37.48],[22.971,37.385],[23.11,37.347],[23.186,37.375],[23.185,37.427],[23.418,37.469],[23.312,37.548],[23.322,37.637],[23.221,37.602],[23.151,37.59],[23.049,37.643],[23.04,37.858],[22.898,37.9],[22.981,37.958],[23.196,38.005],[23.419,38.068],[23.496,38.068],[23.634,37.879],[23.734,37.858],[23.836,37.685],[23.918,37.685],[23.987,37.763],[23.88,38.115],[23.967,38.152],[23.961,38.21],[23.804,38.347],[23.556,38.352],[23.494,38.483],[23.356,38.49],[23.191,38.61],[23.169,38.667],[23.1,38.672],[22.984,38.667],[22.899,38.767],[22.723,38.793],[22.602,38.856],[22.49,38.877],[22.784,38.94],[22.871,39.024],[22.835,39.166],[22.766,39.203],[22.72,39.287],[22.851,39.366],[22.981,39.329],[23.045,39.271],[23.1,39.187],[23.052,39.103],[23.158,39.14],[23.236,39.203],[23.074,39.413],[22.813,39.603],[22.754,39.818],[22.695,39.834],[22.555,39.987],[22.526,40.064],[22.467,40.118],[22.49,40.231],[22.602,40.397],[22.492,40.498],[22.701,40.577],[22.77,40.667],[22.852,40.651],[22.875,40.596],[22.864,40.535],[22.748,40.482],[22.96,40.315],[23.141,40.266],[23.215,40.182],[23.276,40.05],[23.261,39.971],[23.597,39.934],[23.639,39.96],[23.592,40.002],[23.436,40.045],[23.367,40.108],[23.259,40.229],[23.293,40.245],[23.292,40.287],[23.349,40.282],[23.442,40.256],[23.596,40.192],[23.796,39.987],[23.907,39.997],[23.92,40.055],[23.869,40.161],[23.804,40.155],[23.652,40.229],[23.659,40.287],[23.627,40.345],[23.722,40.348],[23.775,40.393],[24.048,40.308],[24.055,40.261],[24.221,40.145],[24.295,40.176],[23.924,40.451],[23.785,40.477],[23.709,40.63],[23.633,40.713],[23.635,40.773],[23.748,40.804],[23.886,40.733],[24.025,40.746],[24.219,40.83],[24.354,40.971],[24.505,40.984],[24.519,40.873],[24.701,40.878],[24.812,40.933],[25.019,41.017],[25.046,40.952],[25.301,40.896],[25.993,40.852],[26.021,40.669],[26.124,40.603],[26.418,40.578],[26.455,40.584],[26.556,40.498],[26.458,40.435],[26.195,40.303],[26.223,40.224],[26.214,40.161],[26.141,40.045],[26.255,40.082],[26.376,40.213],[26.514,40.282],[26.614,40.398],[26.889,40.525],[27.264,40.667],[27.313,40.79],[27.474,40.963],[27.932,40.958],[28.026,41.026],[28.173,41.058],[28.596,40.947],[28.828,40.915],[28.964,40.989],[29.081,41.201],[29.012,41.255],[28.74,41.325],[28.371,41.433],[28.104,41.593],[28.07,41.625],[28.018,41.753],[28.026,41.882],[27.918,41.978],[27.913,42.078],[27.738,42.247],[27.723,42.316],[27.608,42.417],[27.495,42.401],[27.502,42.516],[27.654,42.684],[27.836,42.736],[27.87,42.8],[27.887,43.064],[28.035,43.392],[28.187,43.45],[28.328,43.438],[28.446,43.476],[28.481,43.592],[28.53,43.843],[28.573,44.198],[28.686,44.488],[28.918,44.766],[29.09,44.876],[29.458,44.915],[29.579,45.058],[29.711,45.258],[29.683,45.375],[29.536,45.452],[29.5,45.523],[29.63,45.75],[29.73,45.77],[30.069,45.861],[30.433,46.176],[30.066,46.28],[29.807,46.505],[29.427,46.816],[29.116,47.283],[28.908,47.818],[28.427,48.097],[28.415,48.082],[28.387,48.105],[28.387,48.139],[28.347,48.15],[28.302,48.133],[28.359,48.201],[28.347,48.23],[28.296,48.23],[28.217,48.213],[28.16,48.224],[28.115,48.218],[28.058,48.281],[28.013,48.309],[27.944,48.315],[27.882,48.338],[27.82,48.394],[27.706,48.44],[27.648,48.752],[27.486,48.752],[27.486,48.671],[27.108,48.833],[27.108,48.644],[26.163,48.941],[26.346,48.183],[26.375,48.198],[26.386,48.187],[26.422,48.201],[26.437,48.193],[26.436,48.204],[26.454,48.205],[26.471,48.219],[26.528,48.209],[26.546,48.215],[26.548,48.224],[26.573,48.22],[26.569,48.231],[26.585,48.245],[26.619,48.239],[26.614,48.249],[26.629,48.248],[26.636,48.262],[26.649,48.253],[26.662,48.264],[26.67,48.247],[26.684,48.25],[26.699,48.265],[26.725,48.245],[26.727,48.258],[26.742,48.254],[26.737,48.245],[26.786,48.244],[26.808,48.255],[26.829,48.242],[26.832,48.226],[26.854,48.233],[26.862,48.217],[26.886,48.201],[26.908,48.199],[26.893,48.189],[26.903,48.181],[26.921,48.185],[26.913,48.197],[26.939,48.198],[26.95,48.188],[26.933,48.166],[26.99,48.154],[26.982,48.144],[26.955,48.152],[26.955,48.136],[26.999,48.122],[27.02,48.139],[27.029,48.135],[27.023,48.125],[27.04,48.128],[27.034,48.117],[27.04,48.102],[27.027,48.088],[27.08,48.05],[27.083,48.037],[27.107,48.033],[27.092,48.008],[27.123,48.015],[27.129,48.011],[27.122,47.995],[27.129,47.992],[27.166,47.995],[27.145,47.968],[27.149,47.96],[27.178,47.952],[27.179,47.944],[27.156,47.922],[27.142,47.919],[27.167,47.918],[27.204,47.903],[27.211,47.894],[27.197,47.873],[27.217,47.853],[27.197,47.846],[27.246,47.836],[27.235,47.825],[27.22,47.83],[27.215,47.82],[27.242,47.814],[27.232,47.802],[27.25,47.793],[27.256,47.779],[27.262,47.781],[27.266,47.759],[27.28,47.764],[27.281,47.749],[27.297,47.751],[27.28,47.737],[27.295,47.726],[27.262,47.732],[27.25,47.719],[27.28,47.698],[27.276,47.686],[27.296,47.679],[27.295,47.663],[27.305,47.662],[27.332,47.628],[27.359,47.621],[27.375,47.596],[27.429,47.582],[27.417,47.569],[27.433,47.561],[27.427,47.553],[27.437,47.547],[27.433,47.543],[27.457,47.536],[27.446,47.529],[27.454,47.522],[27.464,47.524],[27.456,47.505],[27.476,47.485],[27.504,47.478],[27.517,47.487],[27.514,47.475],[27.522,47.482],[27.532,47.478],[27.54,47.488],[27.562,47.463],[27.572,47.464],[27.573,47.454],[27.553,47.433],[27.584,47.41],[27.581,47.398],[27.57,47.394],[27.57,47.377],[27.584,47.377],[27.577,47.368],[27.594,47.366],[27.595,47.372],[27.596,47.35],[27.616,47.339],[27.585,47.327],[27.596,47.327],[27.596,47.318],[27.608,47.328],[27.609,47.317],[27.623,47.326],[27.628,47.311],[27.637,47.308],[27.633,47.303],[27.644,47.301],[27.662,47.308],[27.675,47.3],[27.679,47.309],[27.685,47.285],[27.706,47.292],[27.707,47.3],[27.73,47.294],[27.738,47.276],[27.748,47.274],[27.746,47.263],[27.758,47.256],[27.745,47.243],[27.786,47.218],[27.78,47.204],[27.789,47.204],[27.786,47.193],[27.802,47.187],[27.796,47.171],[27.811,47.163],[27.787,47.153],[27.8,47.142],[27.781,47.143],[27.842,47.136],[27.849,47.124],[27.841,47.13],[27.828,47.12],[27.857,47.113],[27.858,47.104],[27.873,47.105],[27.868,47.102],[27.89,47.09],[27.898,47.073],[27.932,47.062],[27.941,47.066],[27.96,47.056],[27.947,47.049],[27.991,47.038],[27.998,47.029],[28.049,47.025],[28.052,47.014],[28.042,47.019],[28.036,47.01],[28.091,46.98],[28.094,46.975],[28.078,46.963],[28.098,46.948],[28.083,46.935],[28.103,46.933],[28.106,46.928],[28.099,46.927],[28.113,46.921],[28.085,46.901],[28.113,46.893],[28.118,46.877],[28.099,46.87],[28.112,46.869],[28.11,46.864],[28.126,46.852],[28.11,46.841],[28.116,46.821],[28.126,46.82],[28.133,46.804],[28.166,46.789],[28.173,46.778],[28.161,46.776],[28.178,46.771],[28.185,46.76],[28.177,46.756],[28.184,46.743],[28.179,46.741],[28.196,46.73],[28.19,46.729],[28.191,46.718],[28.21,46.712],[28.205,46.699],[28.215,46.694],[28.209,46.686],[28.222,46.689],[28.227,46.674],[28.236,46.68],[28.238,46.652],[28.245,46.645],[28.241,46.633],[28.251,46.621],[28.234,46.584],[28.242,46.582],[28.223,46.579],[28.234,46.551],[28.224,46.55],[28.217,46.536],[28.231,46.529],[28.217,46.52],[28.222,46.51],[28.21,46.505],[28.23,46.494],[28.225,46.479],[28.242,46.479],[28.25,46.466],[28.246,46.463],[28.256,46.459],[28.241,46.449],[28.257,46.447],[28.259,46.427],[28.248,46.415],[28.23,46.414],[28.238,46.406],[28.228,46.398],[28.243,46.396],[28.235,46.39],[28.219,46.396],[28.22,46.381],[28.204,46.374],[28.207,46.369],[28.2,46.364],[28.207,46.358],[28.194,46.36],[28.194,46.349],[28.185,46.35],[28.2,46.344],[28.187,46.332],[28.209,46.32],[28.203,46.312],[28.178,46.3],[28.186,46.291],[28.178,46.287],[28.175,46.297],[28.165,46.282],[28.154,46.292],[28.149,46.278],[28.141,46.286],[28.133,46.263],[28.126,46.262],[28.147,46.252],[28.119,46.239],[28.111,46.244],[28.11,46.207],[28.113,46.202],[28.123,46.211],[28.12,46.192],[28.141,46.192],[28.132,46.182],[28.141,46.176],[28.128,46.177],[28.14,46.164],[28.125,46.153],[28.126,46.136],[28.134,46.13],[28.118,46.112],[28.123,46.105],[28.103,46.098],[28.111,46.086],[28.108,46.078],[28.092,46.079],[28.09,46.068],[28.1,46.064],[28.089,46.059],[28.104,46.052],[28.103,46.043],[28.09,46.033],[28.094,46.014],[28.085,46.008],[28.106,45.988],[28.1,45.978],[28.123,45.926],[28.113,45.886],[28.129,45.884],[28.132,45.876],[28.128,45.865],[28.106,45.859],[28.113,45.851],[28.108,45.816],[28.12,45.812],[28.122,45.799],[28.113,45.795],[28.13,45.782],[28.153,45.784],[28.155,45.778],[28.144,45.76],[28.166,45.735],[28.161,45.725],[28.17,45.709],[28.162,45.702],[28.171,45.679],[28.162,45.649],[28.174,45.646],[28.143,45.621],[28.118,45.627],[28.089,45.603],[28.123,45.572],[28.135,45.578],[28.148,45.567],[28.157,45.572],[28.152,45.561],[28.166,45.543],[28.166,45.529],[28.165,45.517],[28.155,45.509],[28.173,45.5],[28.187,45.474],[28.212,45.467],[28.192,45.443],[28.195,45.421],[28.186,45.413],[28.139,45.434],[28.1,45.441],[28.043,45.417],[28.026,45.395],[27.999,45.405],[27.987,45.403],[28.002,45.402],[27.998,45.397],[27.969,45.387],[27.974,45.398],[27.892,45.417],[27.88,45.414],[27.88,45.406],[27.861,45.413],[27.85,45.399],[27.838,45.4],[27.836,45.418],[27.829,45.417],[27.815,45.398],[27.772,45.417],[27.736,45.418],[27.785,45.411],[27.787,45.41],[27.764,45.364],[27.636,45.286],[27.466,45.203],[27.412,45.075],[27.763,44.989],[27.74,44.943],[27.893,44.926],[27.873,44.877],[27.854,44.867],[27.828,44.829],[27.82,44.786],[27.874,44.774],[27.882,44.765],[27.871,44.725],[27.89,44.703],[27.942,44.679],[27.973,44.676],[28.018,44.647],[28.035,44.612],[28.014,44.583],[28.014,44.572],[28.036,44.549],[28.053,44.51],[28.088,44.491],[28.11,44.435],[28.076,44.416],[28.028,44.37],[28.009,44.32],[27.935,44.25],[27.914,44.247],[27.848,44.258],[27.776,44.232],[27.723,44.196],[27.637,44.206],[27.596,44.197],[27.525,44.169],[27.452,44.124],[27.394,44.132],[27.36,44.127],[27.315,44.14],[27.23,44.115],[27.066,44.149],[26.992,44.134],[26.917,44.138],[26.763,44.078],[26.702,44.078],[26.601,44.052],[26.336,44.033],[26.197,43.985],[26.144,43.983],[26.107,43.97],[26.073,43.926],[26.03,43.918],[25.964,43.925],[25.933,43.912],[25.925,43.883],[25.954,43.859],[25.888,43.793],[25.865,43.782],[25.864,43.769],[25.839,43.767],[25.809,43.748],[25.78,43.709],[25.73,43.69],[25.667,43.69],[25.561,43.648],[25.492,43.649],[25.394,43.618],[25.343,43.63],[25.243,43.686],[25.18,43.698],[25.112,43.684],[25.09,43.687],[25.021,43.71],[25.008,43.725],[24.966,43.722],[24.918,43.738],[24.907,43.759],[24.858,43.759],[24.827,43.746],[24.846,43.709],[24.778,43.706],[24.724,43.707],[24.611,43.745],[24.501,43.762],[24.35,43.697],[24.294,43.698],[24.175,43.681],[24.087,43.703],[24.058,43.719],[23.979,43.743],[23.852,43.759],[23.818,43.771],[23.778,43.8],[23.702,43.806],[23.607,43.792],[23.554,43.804],[23.495,43.834],[23.414,43.853],[23.268,43.846],[23.138,43.805],[23.065,43.796],[22.9,43.826],[22.869,43.837],[22.836,43.876],[22.88,43.983],[22.944,44.007],[23.006,44.011],[23.042,44.053],[23.043,44.075],[23.03,44.087],[22.993,44.098],[22.924,44.1],[22.864,44.137],[22.789,44.166],[22.758,44.193],[22.688,44.208],[22.672,44.222],[22.683,44.249],[22.681,44.278],[22.661,44.288],[22.612,44.293],[22.558,44.31],[22.529,44.337],[22.509,44.372],[22.499,44.411],[22.456,44.468],[22.457,44.477],[22.474,44.482],[22.539,44.48],[22.557,44.499],[22.563,44.534],[22.588,44.552],[22.635,44.55],[22.695,44.518],[22.763,44.539],[22.757,44.562],[22.702,44.608],[22.602,44.622],[22.468,44.714],[22.472,44.724],[22.464,44.744],[22.429,44.761],[22.422,44.795],[22.486,44.883],[22.482,44.903],[22.494,44.921],[22.485,44.935],[22.509,44.962],[22.502,44.98],[22.531,44.996],[22.569,45.039],[22.593,45.048],[22.656,45.105],[22.65,45.125],[22.577,45.138],[22.56,45.16],[22.603,45.214],[22.673,45.239],[22.697,45.254],[22.7,45.255],[22.682,45.25],[22.689,45.275],[22.677,45.282],[22.697,45.303],[22.696,45.329],[22.684,45.331],[22.657,45.372],[22.668,45.382],[22.668,45.397],[22.638,45.412],[22.618,45.433],[22.588,45.437],[22.561,45.469],[22.531,45.487],[22.517,45.52],[22.502,45.531],[22.521,45.557],[22.535,45.561],[22.532,45.575],[22.546,45.585],[22.544,45.595],[22.506,45.599],[22.495,45.619],[22.462,45.641],[22.343,44.986],[22.41,44.75],[22.296,44.692],[22.199,44.564],[22.133,44.511],[21.947,44.619],[21.859,44.681],[21.592,44.708],[21.583,44.793],[21.478,44.793],[21.367,44.809],[21.344,44.883],[20.789,44.742],[20.338,44.959],[20.188,45.26],[19.867,45.314],[19.864,45.31],[19.878,45.296],[19.859,45.277],[19.861,45.244],[19.849,45.235],[19.782,45.222],[19.703,45.228],[19.585,45.212],[19.571,45.217],[19.544,45.248],[19.529,45.252],[19.453,45.234],[19.34,45.232],[19.295,45.24],[19.303,45.233],[19.419,45.228],[19.424,45.193],[19.408,45.168],[19.348,45.173],[19.308,45.188],[19.278,45.178],[19.243,45.183],[19.213,45.203],[19.188,45.208],[19.167,45.203],[19.182,45.173],[19.137,45.132],[19.102,45.132],[19.102,45.062],[19.122,45.032],[19.107,44.997],[19.122,44.926],[19.082,44.911],[19.042,44.926],[19.017,44.896],[19.052,44.856],[18.931,44.841],[18.841,44.851],[18.776,44.906],[18.801,44.952],[18.781,44.992],[18.725,44.997],[18.715,45.047],[18.585,45.092],[18.54,45.052],[18.494,45.057],[18.394,45.102],[18.329,45.102],[18.258,45.122],[18.208,45.092],[18.148,45.072],[18.088,45.092],[18.037,45.122],[17.987,45.122],[17.932,45.082],[17.857,45.047],[17.666,45.117],[17.515,45.107],[17.43,45.132],[17.354,45.137],[17.284,45.178],[17.244,45.142],[17.194,45.132],[17.169,45.157],[16.933,45.238],[16.892,45.243],[16.832,45.188],[16.606,45.218],[16.511,45.208],[16.4,45.092],[16.345,45.002],[16.254,45.012],[16.139,45.072],[16.023,45.208],[15.883,45.223],[15.828,45.203],[15.787,45.122],[15.767,45.047],[15.787,44.987],[15.802,44.856],[15.747,44.826]],[[18.52,42.618],[18.537,42.637],[18.574,42.646],[18.549,42.672],[18.548,42.687],[18.57,42.72],[18.569,42.742],[18.52,42.747],[18.52,42.774],[18.567,42.81],[18.729,42.815],[19.015,42.711],[19.038,42.77],[19.009,42.898],[19.023,42.955],[19.15,43.005],[19.255,43.013],[19.345,42.936],[19.411,42.86],[19.482,42.844],[19.51,42.821],[19.512,42.805],[19.549,42.794],[19.576,42.802],[19.615,42.865],[19.646,42.869],[19.817,42.776],[19.836,42.78],[19.715,42.66],[19.553,42.569],[19.402,42.566],[19.306,42.477],[19.265,42.468],[19.196,42.521],[19.147,42.477],[19.184,42.456],[19.197,42.418],[19.169,42.36],[19.157,42.35],[19.159,42.322],[19.121,42.269],[19.172,42.116],[19.113,42.12],[19.08,42.158],[19.053,42.163],[19.012,42.187],[19.006,42.205],[18.988,42.211],[18.955,42.249],[18.937,42.283],[18.942,42.296],[18.929,42.311],[18.902,42.325],[18.834,42.341],[18.779,42.381],[18.772,42.395],[18.784,42.398],[18.79,42.414],[18.778,42.475],[18.78,42.515],[18.74,42.556],[18.75,42.565],[18.746,42.576],[18.722,42.581],[18.706,42.627],[18.679,42.635],[18.642,42.62],[18.604,42.621],[18.597,42.595],[18.553,42.584],[18.52,42.618]]],[[[19.006,45.357],[19.017,45.338],[19.044,45.342],[19.026,45.344],[19.006,45.357]]],[[[19.149,45.279],[19.162,45.268],[19.185,45.268],[19.149,45.279]]],[[[19.23,45.268],[19.263,45.268],[19.269,45.262],[19.275,45.271],[19.269,45.28],[19.23,45.268]]],[[[22.705,45.257],[22.73,45.253],[22.733,45.254],[22.734,45.254],[22.706,45.257],[22.705,45.257]]],[[[22.741,45.258],[22.772,45.27],[22.764,45.27],[22.741,45.258]]],[[[22.772,45.27],[22.775,45.266],[22.774,45.27],[22.772,45.27]]],[[[22.834,45.285],[22.84,45.276],[22.843,45.275],[22.845,45.273],[22.834,45.285]]],[[[22.87,38.837],[23.121,38.867],[23.463,38.624],[23.638,38.523],[23.6,38.457],[23.661,38.404],[24.025,38.386],[24.314,37.985],[24.527,37.967],[24.588,38.153],[24.292,38.195],[24.208,38.552],[24.132,38.653],[23.79,38.719],[23.242,39.044],[23.014,38.961],[22.87,38.837]]],[[[22.914,45.278],[22.973,45.271],[22.918,45.279],[22.914,45.278]]],[[[23.001,45.282],[23.087,45.284],[23.097,45.292],[23.095,45.292],[23.085,45.284],[23.001,45.282]]],[[[23.192,45.299],[23.231,45.301],[23.248,45.308],[23.251,45.309],[23.192,45.299]]],[[[23.312,45.301],[23.331,45.314],[23.333,45.32],[23.312,45.301]]],[[[23.343,45.33],[23.349,45.335],[23.356,45.339],[23.353,45.339],[23.343,45.33]]],[[[23.385,45.336],[23.404,45.334],[23.411,45.328],[23.406,45.334],[23.385,45.336]]],[[[23.427,45.308],[23.43,45.309],[23.431,45.308],[23.456,45.322],[23.455,45.322],[23.427,45.308]]],[[[23.467,35.318],[23.513,35.276],[23.568,35.255],[23.786,35.263],[24.013,35.21],[24.324,35.208],[24.69,35.092],[24.716,35.035],[24.693,34.94],[25.591,35.016],[25.742,35.009],[25.899,35.045],[26.16,35.024],[26.243,35.145],[26.236,35.229],[26.274,35.313],[26.169,35.247],[26.099,35.216],[26.064,35.239],[25.935,35.213],[25.789,35.137],[25.742,35.137],[25.668,35.187],[25.714,35.327],[25.673,35.349],[25.512,35.295],[25.014,35.362],[24.997,35.421],[24.769,35.428],[24.388,35.373],[24.23,35.391],[24.22,35.449],[24.178,35.47],[24.073,35.496],[24.091,35.52],[24.136,35.522],[24.153,35.564],[24.082,35.612],[24.033,35.598],[24.039,35.562],[23.957,35.528],[23.879,35.552],[23.743,35.562],[23.734,35.627],[23.697,35.698],[23.665,35.667],[23.671,35.572],[23.529,35.57],[23.467,35.318]]],[[[23.49,45.315],[23.493,45.316],[23.494,45.316],[23.589,45.356],[23.586,45.367],[23.588,45.356],[23.49,45.315]]],[[[23.573,45.426],[23.594,45.421],[23.575,45.428],[23.594,45.45],[23.594,45.451],[23.573,45.426]]],[[[23.575,45.51],[23.576,45.509],[23.578,45.51],[23.575,45.51]]],[[[23.597,45.473],[23.598,45.477],[23.598,45.479],[23.597,45.473]]],[[[23.658,45.515],[23.662,45.509],[23.665,45.51],[23.658,45.515]]],[[[23.666,45.509],[23.681,45.515],[23.688,45.518],[23.704,45.508],[23.691,45.52],[23.666,45.509]]],[[[23.691,45.471],[23.705,45.481],[23.712,45.5],[23.709,45.503],[23.708,45.49],[23.706,45.484],[23.691,45.471]]],[[[23.759,45.44],[23.822,45.475],[23.815,45.475],[23.759,45.44]]],[[[23.834,45.475],[23.847,45.474],[23.856,45.473],[23.869,45.467],[23.855,45.474],[23.834,45.475]]],[[[23.872,45.465],[23.879,45.459],[23.914,45.458],[23.93,45.458],[23.883,45.459],[23.872,45.465]]],[[[23.93,45.458],[23.932,45.458],[23.934,45.467],[23.938,45.478],[23.93,45.458]]],[[[23.935,45.495],[23.938,45.478],[23.937,45.484],[23.939,45.494],[23.976,45.487],[23.935,45.495]]],[[[23.976,45.487],[23.981,45.486],[23.983,45.49],[23.976,45.487]]],[[[23.986,45.531],[24.001,45.526],[24.011,45.528],[23.986,45.533],[23.986,45.531]]],[[[24.083,45.513],[24.087,45.513],[24.167,45.514],[24.083,45.513]]],[[[24.167,45.514],[24.203,45.523],[24.206,45.524],[24.167,45.514]]],[[[24.253,45.544],[24.255,45.545],[24.257,45.545],[24.287,45.561],[24.385,45.584],[24.288,45.562],[24.253,45.544]]],[[[24.261,37.541],[24.383,37.571],[24.398,37.667],[24.299,37.661],[24.261,37.541]]],[[[24.299,36.753],[24.466,36.649],[24.679,36.759],[24.588,36.869],[24.428,36.795],[24.299,36.753]]],[[[24.36,37.305],[24.489,37.396],[24.398,37.468],[24.36,37.396],[24.36,37.305]]],[[[24.428,37.208],[24.444,37.099],[24.535,37.117],[24.428,37.208]]],[[[24.649,37.014],[24.679,36.905],[24.786,36.948],[24.717,37.051],[24.649,37.014]]],[[[24.656,37.901],[24.923,37.691],[25.318,37.402],[25.47,37.438],[25.272,37.565],[24.763,38.003],[24.656,37.901]]],[[[24.696,45.605],[24.74,45.604],[24.768,45.611],[24.696,45.605]]],[[[24.771,45.611],[24.794,45.603],[24.828,45.606],[24.813,45.61],[24.792,45.604],[24.773,45.611],[24.771,45.611]]],[[[24.824,36.637],[24.945,36.57],[24.976,36.637],[24.877,36.68],[24.824,36.661],[24.824,36.637]]],[[[24.829,45.606],[24.83,45.605],[24.838,45.591],[24.84,45.591],[24.832,45.605],[24.829,45.606]]],[[[24.846,37.366],[25.044,37.378],[24.945,37.51],[24.862,37.529],[24.846,37.366]]],[[[24.917,45.594],[24.938,45.582],[24.939,45.583],[24.917,45.594]]],[[[24.938,36.96],[25.113,36.941],[25.31,37.002],[25.31,37.196],[25.151,37.172],[24.938,36.96]]],[[[24.955,45.591],[24.958,45.593],[24.957,45.593],[24.955,45.591]]],[[[24.988,45.587],[24.991,45.587],[24.998,45.586],[25.031,45.592],[24.988,45.587]]],[[[25.042,45.59],[25.053,45.587],[25.078,45.581],[25.082,45.581],[25.042,45.59]]],[[[25.044,36.661],[25.059,36.619],[25.196,36.674],[25.166,36.741],[25.044,36.661]]],[[[25.091,45.582],[25.105,45.583],[25.189,45.523],[25.104,45.584],[25.091,45.582]]],[[[25.189,45.523],[25.19,45.523],[25.192,45.522],[25.211,45.526],[25.189,45.523]]],[[[25.238,45.477],[25.257,45.452],[25.272,45.444],[25.272,45.445],[25.24,45.475],[25.239,45.482],[25.238,45.477]]],[[[25.242,36.753],[25.265,36.704],[25.386,36.637],[25.432,36.698],[25.295,36.808],[25.242,36.753]]],[[[25.246,47.686],[25.685,47.619],[25.925,47.459],[25.946,47.463],[26.018,47.461],[26.055,47.485],[26.083,47.479],[26.109,47.461],[26.136,47.46],[26.158,47.474],[26.13,47.491],[26.111,47.516],[26.149,47.544],[26.147,47.552],[26.182,47.557],[26.179,47.567],[26.231,47.55],[26.246,47.521],[26.276,47.496],[26.285,47.503],[26.294,47.549],[26.336,47.533],[26.343,47.557],[26.355,47.553],[26.358,47.538],[26.383,47.536],[26.409,47.558],[26.424,47.55],[26.486,47.558],[26.481,47.572],[26.466,47.576],[26.467,47.586],[26.456,47.589],[26.46,47.593],[26.451,47.6],[26.395,47.598],[26.396,47.604],[26.382,47.609],[26.353,47.601],[26.327,47.615],[26.33,47.619],[26.32,47.618],[26.329,47.629],[26.317,47.639],[26.311,47.63],[26.302,47.645],[26.306,47.648],[26.263,47.653],[26.266,47.658],[26.246,47.675],[26.255,47.699],[26.267,47.709],[26.246,47.747],[26.25,47.773],[26.236,47.798],[26.167,47.828],[26.123,47.873],[26.123,47.855],[25.786,47.956],[25.381,47.855],[25.246,47.686]]],[[[25.272,45.434],[25.273,45.434],[25.273,45.432],[25.282,45.437],[25.272,45.434]]],[[[25.285,45.437],[25.29,45.438],[25.306,45.433],[25.292,45.439],[25.285,45.437]]],[[[25.308,45.407],[25.309,45.399],[25.309,45.392],[25.31,45.391],[25.311,45.387],[25.308,45.407]]],[[[25.31,45.414],[25.314,45.429],[25.31,45.431],[25.31,45.414]]],[[[25.318,36.399],[25.386,36.319],[25.493,36.331],[25.493,36.423],[25.371,36.497],[25.333,36.46],[25.318,36.399]]],[[[25.341,37.087],[25.363,37.008],[25.455,36.923],[25.546,36.96],[25.599,37.026],[25.607,37.124],[25.538,37.22],[25.341,37.087]]],[[[25.511,45.502],[25.512,45.47],[25.512,45.471],[25.515,45.472],[25.511,45.502]]],[[[25.713,36.35],[25.766,36.338],[25.873,36.356],[25.789,36.405],[25.736,36.387],[25.713,36.35]]],[[[25.751,36.783],[25.835,36.783],[26.086,36.899],[26.025,36.96],[25.949,36.911],[25.858,36.838],[25.751,36.814],[25.751,36.783]]],[[[25.803,45.471],[25.81,45.467],[25.826,45.44],[25.809,45.469],[25.803,45.471]]],[[[25.89,45.485],[25.895,45.479],[25.896,45.482],[25.89,45.485]]],[[[25.89,45.485],[25.922,45.521],[25.92,45.521],[25.89,45.485]]],[[[25.932,45.518],[25.938,45.513],[25.949,45.513],[25.969,45.508],[25.932,45.518]]],[[[26.014,45.49],[26.041,45.478],[26.044,45.479],[26.047,45.478],[26.014,45.49]]],[[[26.03,46.769],[26.045,46.751],[26.067,46.722],[26.104,46.714],[26.066,46.724],[26.049,46.752],[26.047,46.756],[26.03,46.769]]],[[[26.058,46.529],[26.099,46.553],[26.093,46.553],[26.058,46.529]]],[[[26.064,39.456],[26.139,39.44],[26.804,39.567],[26.958,39.548],[26.926,39.477],[26.854,39.461],[26.72,39.337],[26.602,39.256],[26.704,39.25],[26.708,39.182],[26.797,39.13],[26.871,39.056],[26.79,39.024],[26.785,38.94],[26.937,38.925],[27.004,38.885],[27.035,38.821],[26.966,38.77],[26.709,38.699],[26.696,38.641],[26.829,38.583],[26.82,38.527],[26.997,38.4],[26.742,38.278],[26.527,38.418],[26.469,38.445],[26.392,38.219],[26.393,38.104],[26.512,38.066],[26.679,38.105],[26.961,37.946],[27.14,37.889],[27.18,37.774],[27.141,37.647],[27.123,37.494],[27.16,37.36],[27.365,37.329],[27.493,37.24],[27.526,37.131],[27.269,37.042],[27.308,36.921],[27.999,36.909],[28.051,36.833],[27.942,36.756],[27.912,36.699],[28.014,36.527],[28.267,36.712],[28.47,36.738],[28.814,36.535],[29.002,36.695],[29.298,36.173],[29.472,36.091],[29.662,36.078],[30.166,36.188],[30.28,36.118],[30.395,36.118],[30.473,36.188],[30.54,36.647],[30.594,36.762],[30.905,36.794],[31.371,36.712],[31.902,36.497],[32.335,36.128],[32.64,36.008],[32.904,35.977],[33.171,35.971],[33.482,36.054],[33.753,36.147],[33.834,36.071],[33.836,36.107],[33.891,36.139],[33.954,36.16],[33.952,36.252],[34.103,36.38],[34.485,36.627],[34.662,36.648],[34.87,36.577],[35.071,36.488],[35.221,36.388],[35.354,36.414],[35.389,36.454],[35.417,36.433],[35.495,36.443],[35.548,36.54],[35.506,36.559],[35.568,36.587],[35.672,36.606],[35.891,36.771],[35.957,36.747],[36.082,36.622],[36.105,36.561],[36.095,36.482],[35.817,36.301],[35.709,36.212],[35.665,36.134],[35.719,36.092],[35.856,35.835],[35.74,35.69],[35.691,35.685],[35.733,35.585],[35.68,35.528],[35.664,35.459],[35.607,35.418],[35.796,35.271],[35.841,35.043],[35.809,35.014],[35.751,34.747],[35.852,34.493],[35.873,34.422],[35.821,34.344],[35.716,34.312],[35.532,34.119],[35.526,34],[37.559,34],[38.036,34.597],[39.342,34.597],[40.029,34.391],[40.42,34],[45.523,34],[45.565,34.274],[45.671,34.617],[46.184,35.058],[45.995,35.401],[46.001,35.515],[46.211,35.784],[45.73,35.832],[45.388,35.926],[45.359,36.015],[45.105,36.503],[44.795,37.132],[44.784,37.27],[44.66,37.286],[44.471,37.455],[44.427,37.644],[44.492,37.754],[44.301,37.804],[44.205,37.867],[44.361,38.166],[44.464,38.292],[44.447,38.385],[44.318,38.476],[44.269,38.429],[44.229,38.482],[44.128,38.703],[44.183,38.872],[44.065,39.173],[44.082,39.295],[44.345,39.414],[44.349,39.609],[44.453,39.673],[44.637,39.662],[44.67,39.757],[44.448,39.96],[43.812,40.014],[43.685,40.109],[43.67,40.295],[43.859,40.66],[43.847,40.75],[43.475,41.087],[42.878,41.546],[42.694,41.564],[42.352,41.402],[42.25,41.369],[42.029,41.4],[41.484,41.437],[41.293,41.286],[40.61,41.028],[40.361,40.963],[40.007,40.956],[39.663,41],[39.37,41.064],[39.139,41.044],[38.651,40.922],[38.314,40.921],[37.822,41.01],[37.253,41.028],[36.817,41.29],[36.641,41.315],[36.383,41.238],[36.161,41.353],[35.958,41.686],[35.678,41.621],[35.411,41.627],[35.286,41.671],[35.099,41.806],[35.002,42.043],[34.663,41.876],[34.304,41.894],[33.897,41.951],[33.556,41.983],[33.155,41.95],[32.688,41.846],[32.419,41.749],[31.666,41.395],[31.386,41.285],[31.404,41.164],[31.218,41.054],[30.745,41.04],[30.256,41.185],[30.138,41.132],[29.578,41.153],[29.161,41.216],[29.015,40.979],[29.29,40.807],[29.32,40.741],[29.683,40.752],[29.883,40.746],[29.713,40.694],[29.525,40.688],[28.902,40.62],[28.778,40.525],[28.873,40.472],[29.084,40.456],[29.122,40.414],[29.052,40.335],[28.756,40.376],[28.478,40.395],[27.908,40.351],[28.006,40.451],[27.954,40.488],[27.808,40.504],[27.679,40.461],[27.8,40.403],[27.83,40.345],[27.764,40.287],[27.526,40.297],[27.45,40.31],[27.329,40.356],[27.272,40.451],[27.056,40.43],[26.996,40.372],[26.765,40.377],[26.482,40.187],[26.403,40.176],[26.32,39.992],[26.186,39.997],[26.128,39.879],[26.142,39.661],[26.085,39.604],[26.064,39.456]]],[[[26.093,45.516],[26.094,45.517],[26.096,45.518],[26.117,45.546],[26.145,45.581],[26.155,45.581],[26.168,45.567],[26.171,45.563],[26.155,45.586],[26.148,45.585],[26.093,45.516]]],[[[26.105,46.446],[26.107,46.445],[26.132,46.434],[26.154,46.437],[26.167,46.445],[26.129,46.436],[26.105,46.446]]],[[[26.119,46.685],[26.122,46.677],[26.122,46.675],[26.124,46.685],[26.119,46.685]]],[[[26.123,47.942],[26.135,47.93],[26.141,47.937],[26.15,47.926],[26.16,47.931],[26.185,47.92],[26.19,47.908],[26.183,47.893],[26.194,47.892],[26.199,47.883],[26.224,47.901],[26.143,47.961],[26.123,48],[26.123,47.942]]],[[[26.152,46.648],[26.161,46.631],[26.159,46.642],[26.152,46.648]]],[[[26.164,46.603],[26.167,46.605],[26.164,46.619],[26.164,46.603]]],[[[26.169,46.445],[26.199,46.452],[26.219,46.454],[26.218,46.457],[26.169,46.445]]],[[[26.171,45.564],[26.172,45.563],[26.173,45.565],[26.18,45.574],[26.171,45.564]]],[[[26.178,45.595],[26.18,45.574],[26.179,45.586],[26.182,45.595],[26.178,45.595]]],[[[26.186,45.609],[26.219,45.622],[26.24,45.62],[26.25,45.61],[26.238,45.623],[26.213,45.622],[26.186,45.609]]],[[[26.253,46.278],[26.254,46.274],[26.259,46.25],[26.262,46.249],[26.263,46.246],[26.253,46.278]]],[[[26.267,46.377],[26.27,46.376],[26.271,46.376],[26.28,46.374],[26.267,46.377]]],[[[26.267,46.377],[26.275,46.387],[26.27,46.392],[26.27,46.381],[26.267,46.377]]],[[[26.272,46.297],[26.274,46.287],[26.291,46.329],[26.29,46.328],[26.272,46.297]]],[[[26.281,46.339],[26.292,46.331],[26.293,46.335],[26.281,46.339]]],[[[26.289,46.372],[26.292,46.369],[26.293,46.371],[26.289,46.372]]],[[[26.336,45.592],[26.348,45.604],[26.348,45.612],[26.336,45.592]]],[[[26.398,46.15],[26.413,46.157],[26.406,46.155],[26.398,46.15]]],[[[26.398,46.199],[26.418,46.189],[26.415,46.185],[26.405,46.172],[26.421,46.192],[26.398,46.199]]],[[[26.404,46.168],[26.407,46.158],[26.41,46.16],[26.406,46.17],[26.404,46.168]]],[[[26.418,45.769],[26.438,45.766],[26.425,45.768],[26.418,45.769]]],[[[26.422,45.826],[26.423,45.82],[26.442,45.811],[26.422,45.826]]],[[[26.424,45.778],[26.451,45.797],[26.442,45.811],[26.447,45.796],[26.424,45.778]]],[[[26.437,46.165],[26.448,46.151],[26.472,46.142],[26.498,46.123],[26.44,46.166],[26.437,46.165]]],[[[26.457,45.986],[26.458,45.982],[26.462,45.99],[26.457,45.986]]],[[[26.484,46.029],[26.49,46.015],[26.485,46.031],[26.484,46.029]]],[[[26.493,46.06],[26.504,46.07],[26.496,46.067],[26.494,46.061],[26.493,46.06]]],[[[27.379,45.609],[27.417,45.618],[27.416,45.615],[27.419,45.621],[27.379,45.609]]],[[[27.417,45.579],[27.429,45.576],[27.433,45.582],[27.423,45.578],[27.417,45.579]]],[[[27.42,45.596],[27.451,45.595],[27.421,45.598],[27.42,45.596]]],[[[27.425,45.584],[27.433,45.582],[27.427,45.586],[27.425,45.584]]],[[[27.447,45.557],[27.461,45.563],[27.469,45.562],[27.451,45.565],[27.447,45.557]]],[[[27.473,45.562],[27.48,45.558],[27.484,45.56],[27.473,45.562]]],[[[27.544,45.501],[27.559,45.499],[27.56,45.493],[27.559,45.501],[27.544,45.501]]],[[[27.578,45.486],[27.594,45.476],[27.598,45.47],[27.612,45.466],[27.578,45.486]]],[[[27.645,45.47],[27.648,45.483],[27.645,45.486],[27.645,45.47]]],[[[27.65,45.481],[27.651,45.472],[27.657,45.473],[27.65,45.481]]],[[[27.697,45.458],[27.715,45.459],[27.697,45.46],[27.697,45.458]]],[[[32.144,35.043],[32.199,34.861],[32.271,34.814],[32.271,34.72],[32.357,34.68],[32.603,34.615],[32.784,34.625],[32.817,34.539],[32.915,34.541],[32.915,34.636],[32.959,34.659],[33.131,34.68],[33.484,34.796],[33.539,34.944],[33.686,34.935],[33.733,34.909],[33.792,34.957],[33.925,34.953],[33.773,35.129],[33.78,35.208],[34.048,35.408],[34.245,35.512],[34.458,35.645],[34.217,35.574],[33.907,35.437],[33.539,35.332],[33.374,35.306],[33.077,35.319],[32.795,35.361],[32.819,35.282],[32.78,35.153],[32.745,35.114],[32.597,35.156],[32.483,35.153],[32.301,35.016],[32.234,35.014],[32.18,35.058],[32.144,35.043]]]]}},{"type":"Feature","properties":{"NAME":"United Kingdom of Great Britain and Ireland","ABBREVN":"UK+Ireland","SUBJECTO":"United Kingdom of Great Britain and Ireland","BORDERPRECISION":3,"PARTOF":"United Kingdom of Great Britain and Ireland"},"geometry":{"type":"MultiPolygon","coordinates":[[[[-10.497,52.102],[-9.964,52.092],[-10.294,51.978],[-10.217,51.758],[-9.835,51.803],[-9.795,51.605],[-9.819,51.435],[-9.243,51.473],[-8.848,51.6],[-8.565,51.615],[-8.159,51.84],[-7.862,51.968],[-7.751,52.033],[-7.372,52.092],[-6.962,52.111],[-6.894,52.207],[-6.617,52.221],[-6.489,52.194],[-6.406,52.214],[-6.341,52.427],[-6.232,52.613],[-6.071,52.767],[-6.043,52.893],[-6.172,53.439],[-6.335,53.786],[-6.443,53.899],[-6.343,53.94],[-6.072,53.974],[-5.912,54.027],[-5.731,54.175],[-5.662,54.322],[-5.8,54.523],[-5.764,54.657],[-5.785,54.737],[-6.018,55.093],[-6.117,55.16],[-6.279,55.14],[-6.454,55.187],[-6.645,55.206],[-6.997,55.172],[-6.963,55.241],[-7.112,55.315],[-7.334,55.384],[-7.427,55.294],[-7.756,55.253],[-8.118,55.177],[-8.345,55.095],[-8.476,54.88],[-8.504,54.75],[-8.76,54.701],[-8.829,54.634],[-8.211,54.634],[-8.301,54.489],[-8.687,54.364],[-8.59,54.203],[-9.086,54.258],[-9.323,54.275],[-9.474,54.241],[-9.892,54.326],[-10.16,54.133],[-10.179,53.912],[-9.913,53.97],[-9.696,53.873],[-9.872,53.768],[-9.81,53.632],[-10.151,53.576],[-10.021,53.512],[-10.16,53.374],[-9.885,53.297],[-9.803,53.345],[-9.617,53.346],[-9.441,53.266],[-9.297,53.28],[-9.158,53.221],[-9.002,53.3],[-8.924,53.161],[-8.997,53.12],[-9.309,53.115],[-9.526,52.905],[-9.442,52.833],[-9.616,52.637],[-9.134,52.681],[-9.193,52.554],[-9.504,52.541],[-9.736,52.48],[-9.784,52.341],[-9.802,52.241],[-9.891,52.194],[-10.469,52.207],[-10.497,52.102]]],[[[-6.044,56.475],[-5.822,56.4],[-5.645,56.516],[-5.547,56.652],[-5.458,56.632],[-5.271,56.544],[-5.3,56.429],[-5.497,56.177],[-5.633,55.94],[-5.57,55.751],[-5.334,55.88],[-5.135,55.893],[-4.848,56.097],[-4.711,56.131],[-4.623,55.908],[-4.758,55.82],[-4.895,55.772],[-4.908,55.664],[-4.771,55.488],[-4.638,55.428],[-4.91,55.11],[-5.067,54.948],[-5.111,54.794],[-4.903,54.734],[-4.6,54.688],[-4.5,54.775],[-4.461,54.862],[-4.122,54.762],[-3.908,54.79],[-3.577,54.924],[-3.309,54.885],[-3.153,54.838],[-3.43,54.643],[-3.569,54.415],[-3.479,54.275],[-3.261,54.141],[-2.886,54.169],[-2.865,54.028],[-2.98,53.821],[-3.057,53.514],[-2.914,53.267],[-3.33,53.233],[-3.957,53.205],[-4.318,53.091],[-4.492,52.991],[-4.621,52.831],[-4.468,52.811],[-4.148,52.832],[-4.094,52.746],[-4.124,52.373],[-4.295,52.2],[-4.619,52.094],[-5.061,52.006],[-5.249,51.86],[-5.179,51.787],[-4.999,51.702],[-4.159,51.677],[-3.499,51.46],[-3.173,51.467],[-2.75,51.644],[-2.895,51.394],[-3.033,51.33],[-3.066,51.178],[-3.483,51.181],[-3.825,51.235],[-4.281,51.187],[-4.277,51.064],[-4.443,50.969],[-4.552,50.997],[-4.605,50.779],[-4.815,50.604],[-5.017,50.561],[-5.238,50.346],[-5.778,50.134],[-5.429,50.068],[-5.282,49.964],[-4.967,50.212],[-4.541,50.358],[-4.303,50.324],[-4.243,50.391],[-4.004,50.314],[-3.882,50.2],[-3.715,50.219],[-3.563,50.361],[-3.521,50.617],[-3.111,50.657],[-2.961,50.722],[-2.551,50.57],[-2.432,50.646],[-2.024,50.57],[-2.085,50.703],[-1.373,50.766],[-1.103,50.817],[-0.839,50.722],[-0.336,50.817],[0.192,50.731],[0.673,50.931],[0.888,50.893],[0.886,50.982],[1.335,51.121],[1.365,51.353],[1.189,51.405],[1.03,51.359],[0.804,51.378],[0.254,51.454],[0.686,51.56],[1.031,51.813],[1.512,52.026],[1.657,52.212],[1.692,52.311],[1.586,52.65],[1.376,52.809],[1.013,52.888],[0.742,52.901],[0.505,52.848],[0.327,52.707],[0.006,52.787],[0.251,53.04],[0.268,53.127],[0.175,53.293],[0.081,53.386],[-0.319,53.579],[-0.235,53.799],[-0.296,54.033],[-0.605,54.3],[-0.871,54.547],[-1.192,54.595],[-1.389,54.68],[-1.556,54.922],[-1.696,55.273],[-1.666,55.38],[-1.719,55.454],[-1.942,55.556],[-2.245,55.811],[-2.54,55.885],[-2.742,55.957],[-2.928,55.946],[-3.161,55.846],[-3.356,55.843],[-3.577,55.885],[-3.713,55.885],[-3.895,55.985],[-3.294,55.974],[-3.17,56.062],[-2.895,56.086],[-2.773,56.171],[-2.721,56.178],[-2.949,56.253],[-3.152,56.337],[-2.981,56.354],[-2.667,56.471],[-2.515,56.667],[-2.413,56.717],[-2.159,57.014],[-2.203,57.065],[-2.108,57.21],[-1.945,57.402],[-2.15,57.572],[-2.854,57.543],[-3.093,57.577],[-3.401,57.576],[-3.796,57.542],[-4.148,57.555],[-4.249,57.636],[-4.15,57.835],[-3.943,57.958],[-3.166,58.275],[-3.028,58.406],[-3.165,58.522],[-3.441,58.529],[-3.831,58.507],[-4.139,58.445],[-4.51,58.403],[-4.926,58.567],[-5.113,58.395],[-4.907,58.169],[-5.346,58.093],[-5.056,57.751],[-5.23,57.71],[-5.568,57.777],[-5.763,57.62],[-5.461,57.388],[-5.562,57.299],[-5.726,57.258],[-5.625,56.999],[-5.666,56.938],[-5.909,56.733],[-6.044,56.475]]],[[[-5.756,55.477],[-5.698,55.331],[-5.62,55.33],[-5.482,55.443],[-5.518,55.668],[-5.689,55.628],[-5.756,55.477]]]]}},{"type":"Feature","properties":{"NAME":"Spain","ABBREVN":"Spain","SUBJECTO":"Spain","BORDERPRECISION":3,"PARTOF":"Spain"},"geometry":{"type":"Polygon","coordinates":[[[-9.271,43.049],[-9.247,42.901],[-9.173,42.856],[-8.942,42.824],[-8.644,42.42],[-8.799,42.195],[-8.86,42.015],[-8.806,41.889],[-8.405,42.002],[-8.157,42.087],[-7.919,41.889],[-7.098,41.868],[-6.86,41.985],[-6.709,41.96],[-6.586,41.858],[-6.518,41.749],[-6.139,41.526],[-6.112,41.417],[-6.241,41.32],[-6.797,41.093],[-6.834,41.061],[-6.857,40.862],[-6.825,40.657],[-6.884,40.214],[-6.859,39.792],[-6.878,39.702],[-7.084,39.599],[-7.301,39.579],[-7.431,39.521],[-7.211,39.298],[-6.933,38.961],[-7.089,38.795],[-7.317,38.5],[-7.394,38.295],[-7.028,38.24],[-6.845,38.1],[-7.243,37.811],[-7.351,37.644],[-7.492,37.208],[-7.228,37.226],[-6.948,37.149],[-6.632,37.022],[-6.422,36.792],[-6.5,36.719],[-6.444,36.623],[-6.289,36.572],[-6.305,36.454],[-6.204,36.282],[-5.85,36.072],[-5.661,36.008],[-5.485,36.065],[-5.488,36.174],[-5.457,36.167],[-5.424,36.072],[-5.387,36.11],[-5.374,36.237],[-5.217,36.41],[-4.757,36.486],[-4.447,36.722],[-2.97,36.741],[-2.915,36.69],[-2.761,36.69],[-2.624,36.811],[-2.355,36.824],[-2.239,36.728],[-1.94,36.952],[-1.817,37.292],[-1.626,37.439],[-1.365,37.548],[-0.918,37.57],[-0.803,37.615],[-0.872,37.76],[-0.665,38.177],[-0.564,38.215],[-0.435,38.43],[0.173,38.738],[0.126,38.821],[-0.166,38.954],[-0.236,39.062],[-0.395,39.434],[-0.161,39.886],[0.238,40.24],[0.505,40.593],[0.788,40.657],[0.827,40.727],[0.71,40.785],[0.734,40.875],[0.879,41.022],[1.311,41.157],[2.081,41.298],[2.201,41.446],[2.628,41.62],[3.129,41.857],[3.157,42.076],[3.086,42.121],[3.087,42.369],[2.937,42.41],[2.599,42.348],[2.582,42.287],[2.363,42.293],[2.171,42.382],[1.994,42.307],[1.876,42.314],[1.86,42.382],[1.709,42.423],[1.448,42.375],[1.364,42.41],[1.349,42.539],[1.307,42.635],[0.744,42.772],[0.584,42.772],[0.592,42.628],[0.348,42.635],[0.196,42.608],[0.18,42.663],[-0.166,42.649],[-0.216,42.717],[-0.41,42.786],[-0.469,42.751],[-0.587,42.765],[-0.612,42.731],[-0.84,42.909],[-0.907,42.881],[-1.397,43.032],[-1.448,42.984],[-1.515,42.998],[-1.558,43.045],[-1.466,43.155],[-1.491,43.21],[-1.702,43.196],[-1.915,43.305],[-2.066,43.333],[-2.367,43.326],[-2.768,43.538],[-3.007,43.55],[-3.196,43.447],[-3.417,43.376],[-3.848,43.439],[-4.802,43.469],[-5.225,43.507],[-5.537,43.577],[-5.82,43.706],[-5.98,43.705],[-6.468,43.563],[-6.808,43.523],[-7.151,43.555],[-7.636,43.721],[-7.98,43.74],[-8.22,43.617],[-8.251,43.43],[-8.31,43.353],[-8.849,43.326],[-9.014,43.281],[-9.197,43.158],[-9.271,43.049]]]}},{"type":"Feature","properties":{"NAME":"Portugal","ABBREVN":"Portugal","SUBJECTO":"Portugal","BORDERPRECISION":3,"PARTOF":"Portugal"},"geometry":{"type":"MultiPolygon","coordinates":[[[[-7.492,37.208],[-7.603,37.163],[-7.836,37.032],[-8.034,37.009],[-8.28,37.089],[-8.541,37.089],[-8.667,37.121],[-8.991,36.99],[-9.017,37.07],[-8.842,37.525],[-8.851,37.91],[-8.933,37.962],[-8.823,38.206],[-8.847,38.385],[-8.789,38.436],[-8.854,38.5],[-9.237,38.417],[-9.285,38.619],[-9.069,38.643],[-8.942,38.742],[-8.961,38.818],[-9.041,38.92],[-9.176,38.732],[-9.362,38.671],[-9.522,38.69],[-9.549,38.775],[-9.46,38.953],[-9.398,39.23],[-9.415,39.367],[-9.299,39.418],[-9.118,39.644],[-8.916,40.138],[-8.97,40.19],[-8.694,40.992],[-8.852,41.408],[-8.855,41.597],[-8.921,41.767],[-8.806,41.889],[-8.405,42.002],[-8.157,42.087],[-7.919,41.889],[-7.098,41.868],[-6.86,41.985],[-6.709,41.96],[-6.586,41.858],[-6.518,41.749],[-6.139,41.526],[-6.112,41.417],[-6.241,41.32],[-6.797,41.093],[-6.834,41.061],[-6.857,40.862],[-6.825,40.657],[-6.884,40.214],[-6.859,39.792],[-6.878,39.702],[-7.084,39.599],[-7.301,39.579],[-7.431,39.521],[-7.211,39.298],[-6.933,38.961],[-7.089,38.795],[-7.317,38.5],[-7.394,38.295],[-7.028,38.24],[-6.845,38.1],[-7.243,37.811],[-7.351,37.644],[-7.492,37.208]]]]}},{"type":"Feature","properties":{"NAME":"France","ABBREVN":"France","SUBJECTO":"France","BORDERPRECISION":3,"PARTOF":"France"},"geometry":{"type":"MultiPolygon","coordinates":[[[[-4.78,48.355],[-4.592,48.392],[-4.474,48.383],[-4.35,48.391],[-4.389,48.298],[-4.588,48.251],[-4.351,48.205],[-4.313,48.101],[-4.7,48.064],[-4.675,48.017],[-4.51,47.998],[-4.391,47.942],[-4.364,47.829],[-3.955,47.904],[-3.858,47.792],[-3.712,47.798],[-3.434,47.717],[-3.063,47.604],[-2.842,47.492],[-2.614,47.572],[-2.466,47.494],[-2.576,47.325],[-2.494,47.247],[-2.264,47.183],[-2.109,47.124],[-2.005,47.043],[-2.13,46.851],[-1.942,46.706],[-1.711,46.449],[-1.403,46.404],[-1.256,46.307],[-1.166,46.184],[-1.075,46.015],[-1.237,45.8],[-1.247,45.688],[-0.855,45.321],[-0.728,45.019],[-0.814,45.122],[-0.9,45.294],[-1.123,45.432],[-1.175,45.501],[-1.276,45.129],[-1.332,44.614],[-1.23,44.73],[-1.136,44.6],[-1.314,44.559],[-1.561,43.524],[-1.746,43.36],[-1.915,43.305],[-1.702,43.196],[-1.491,43.21],[-1.466,43.155],[-1.558,43.045],[-1.515,42.998],[-1.448,42.984],[-1.397,43.032],[-0.907,42.881],[-0.84,42.909],[-0.612,42.731],[-0.587,42.765],[-0.469,42.751],[-0.41,42.786],[-0.216,42.717],[-0.166,42.649],[0.18,42.663],[0.196,42.608],[0.348,42.635],[0.592,42.628],[0.584,42.772],[0.744,42.772],[1.307,42.635],[1.349,42.539],[1.364,42.41],[1.448,42.375],[1.709,42.423],[1.86,42.382],[1.876,42.314],[1.994,42.307],[2.171,42.382],[2.363,42.293],[2.582,42.287],[2.599,42.348],[2.937,42.41],[3.087,42.369],[3.002,42.771],[3.068,42.945],[3.318,43.196],[3.479,43.312],[3.807,43.467],[4.078,43.487],[4.417,43.346],[4.647,43.321],[4.751,43.353],[4.91,43.366],[5.052,43.328],[5.434,43.104],[5.647,43.033],[5.829,43.021],[6.523,43.151],[6.923,43.448],[7.298,43.667],[7.397,43.764],[7.355,43.902],[6.923,43.815],[6.886,43.902],[6.96,43.914],[6.923,43.976],[6.997,44.05],[6.972,44.062],[6.935,44.136],[6.886,44.149],[6.836,44.112],[6.787,44.198],[6.787,44.297],[6.87,44.349],[6.783,44.548],[6.925,44.715],[7.003,44.72],[6.943,44.869],[6.665,44.955],[6.507,45.116],[6.28,45.199],[6.243,45.297],[6.268,45.322],[6.219,45.347],[6.145,45.322],[6.083,45.372],[6.033,45.334],[6.058,45.223],[5.947,45.26],[5.935,45.322],[5.823,45.396],[5.848,45.52],[5.91,45.507],[5.922,45.656],[5.897,45.742],[5.947,45.816],[5.86,46.026],[5.935,46.026],[5.941,46.176],[6.049,46.277],[6.055,46.422],[6.019,46.484],[6.058,46.616],[6.382,46.804],[6.364,46.946],[6.623,47.054],[6.629,47.088],[6.866,47.31],[6.944,47.326],[6.892,47.366],[6.823,47.378],[6.922,47.514],[7.123,47.511],[7.121,47.468],[7.333,47.465],[7.507,47.604],[7.446,47.709],[7.543,48.024],[7.502,48.058],[7.536,48.191],[7.681,48.359],[7.705,48.52],[7.729,48.616],[8.158,48.978],[7.886,49.065],[7.67,49.059],[7.465,49.099],[7.423,49.183],[7.317,49.186],[7.285,49.164],[6.975,49.137],[6.954,49.202],[6.777,49.177],[6.626,49.302],[6.433,49.445],[6.368,49.473],[6.112,49.479],[5.824,49.507],[5.788,49.559],[5.475,49.48],[5.418,49.583],[5.098,49.761],[4.86,49.782],[4.877,49.885],[4.812,49.966],[4.865,50.134],[4.755,50.101],[4.668,49.96],[4.467,49.945],[4.285,49.911],[4.156,49.966],[4.188,50.055],[4.148,50.134],[4.22,50.242],[4.051,50.318],[3.791,50.34],[3.675,50.334],[3.603,50.47],[3.37,50.465],[3.283,50.524],[3.192,50.731],[3.123,50.807],[2.875,50.682],[2.755,50.739],[2.616,50.89],[2.522,51.091],[2.443,51.048],[2.03,51.007],[1.824,50.935],[1.589,50.822],[1.528,50.578],[1.552,50.229],[1.416,50.11],[1.275,50.004],[0.529,49.826],[0.189,49.681],[0.115,49.602],[0.09,49.511],[0.331,49.455],[0.033,49.334],[-0.239,49.285],[-0.465,49.351],[-1.023,49.398],[-1.177,49.333],[-1.289,49.521],[-1.251,49.7],[-1.524,49.653],[-1.941,49.709],[-1.892,49.526],[-1.639,49.22],[-1.58,49.229],[-1.563,49.036],[-1.588,48.881],[-1.576,48.768],[-1.457,48.684],[-1.591,48.638],[-1.858,48.608],[-1.871,48.712],[-2.076,48.656],[-2.2,48.599],[-2.343,48.674],[-2.636,48.552],[-2.791,48.59],[-3.091,48.872],[-3.435,48.836],[-3.558,48.81],[-3.608,48.693],[-3.821,48.721],[-3.902,48.646],[-3.999,48.731],[-4.251,48.652],[-4.488,48.612],[-4.626,48.547],[-4.762,48.552],[-4.78,48.355]],[[1.414,42.537],[1.423,42.556],[1.444,42.569],[1.427,42.586],[1.445,42.604],[1.473,42.61],[1.468,42.631],[1.48,42.651],[1.516,42.646],[1.549,42.656],[1.6,42.626],[1.637,42.63],[1.66,42.621],[1.683,42.625],[1.715,42.615],[1.736,42.618],[1.728,42.601],[1.731,42.588],[1.787,42.574],[1.74,42.557],[1.726,42.505],[1.711,42.492],[1.667,42.5],[1.655,42.467],[1.599,42.467],[1.579,42.45],[1.56,42.458],[1.552,42.433],[1.517,42.429],[1.452,42.437],[1.443,42.444],[1.448,42.46],[1.439,42.477],[1.42,42.485],[1.465,42.508],[1.451,42.54],[1.414,42.537]]],[[[8.5,42.36],[8.628,42.262],[8.517,42.208],[8.511,42.134],[8.626,42.097],[8.668,42.029],[8.59,41.958],[8.538,41.948],[8.562,41.882],[8.693,41.913],[8.742,41.882],[8.627,41.732],[8.823,41.688],[8.855,41.654],[8.727,41.561],[8.829,41.492],[9.013,41.458],[9.039,41.369],[9.173,41.35],[9.305,41.575],[9.357,41.901],[9.453,42.048],[9.487,42.406],[9.459,42.556],[9.405,42.581],[9.432,42.794],[9.414,42.91],[9.367,42.988],[9.303,42.983],[9.271,42.883],[9.28,42.728],[9.238,42.664],[9.149,42.711],[9.018,42.691],[9,42.635],[8.879,42.625],[8.609,42.487],[8.5,42.36]]]]}},{"type":"Feature","properties":{"NAME":"Kingdom of the Two Sicilies","ABBREVN":"Sicily","SUBJECTO":"Kingdom of the Two Sicilies","BORDERPRECISION":3,"PARTOF":"Kingdom of the Two Sicilies"},"geometry":{"type":"MultiPolygon","coordinates":[[[[12.454,37.766],[12.532,37.639],[12.637,37.582],[13.012,37.525],[13.868,37.157],[14.216,37.049],[14.622,36.776],[14.942,36.739],[15.027,36.745],[15.221,37],[15.301,37.058],[15.116,37.287],[15.112,37.459],[15.181,37.682],[15.423,38.053],[15.473,38.11],[15.454,38.167],[15.387,38.206],[14.766,38.058],[14.134,37.973],[13.81,37.966],[13.628,38.03],[13.322,38.221],[13.066,38.067],[12.783,38.117],[12.664,38.072],[12.517,37.919],[12.454,37.766]]],[[[13.415,42.198],[13.581,42.099],[13.581,42.049],[13.631,42.016],[13.631,41.933],[13.564,41.866],[13.597,41.8],[13.647,41.75],[13.647,41.8],[13.863,41.75],[13.863,41.783],[13.929,41.75],[13.88,41.667],[13.88,41.634],[13.929,41.634],[13.963,41.518],[13.963,41.468],[14.029,41.401],[13.979,41.335],[13.813,41.318],[13.761,41.207],[13.797,41.193],[13.853,41.091],[13.942,40.998],[14.051,40.768],[14.24,40.853],[14.37,40.851],[14.495,40.73],[14.35,40.643],[14.334,40.594],[14.743,40.705],[14.951,40.551],[14.992,40.372],[14.899,40.241],[15.027,40.212],[15.432,39.989],[15.516,40.066],[15.666,40.092],[15.757,39.934],[15.825,39.661],[15.99,39.428],[16.083,39.012],[16.177,38.931],[16.212,38.778],[16.152,38.701],[15.99,38.735],[15.827,38.623],[15.933,38.54],[15.791,38.296],[15.627,38.233],[15.627,38.004],[15.71,37.941],[15.785,37.91],[16.053,37.931],[16.331,38.321],[16.572,38.457],[16.522,38.725],[16.613,38.827],[16.798,38.926],[17.095,38.915],[17.181,39.022],[17.121,39.086],[17.107,39.28],[17.149,39.422],[16.532,39.698],[16.535,39.832],[16.624,39.968],[16.604,40.09],[16.728,40.184],[16.844,40.363],[16.949,40.481],[17.084,40.525],[17.243,40.496],[17.204,40.398],[17.402,40.292],[17.619,40.288],[17.85,40.243],[17.968,40.167],[18.017,39.948],[18.16,39.873],[18.365,39.747],[18.523,40.094],[18.384,40.308],[18.06,40.514],[18.034,40.597],[17.319,40.929],[16.946,41.094],[16.42,41.279],[15.991,41.406],[15.873,41.502],[15.989,41.635],[16.198,41.746],[16.187,41.841],[16.013,41.904],[15.449,41.857],[14.922,41.972],[14.739,42.047],[14.72,42.142],[14.519,42.23],[14.405,42.353],[14.093,42.61],[14.076,42.634],[13.996,42.613],[13.929,42.53],[13.83,42.564],[13.83,42.481],[13.763,42.464],[13.714,42.398],[13.631,42.53],[13.548,42.431],[13.415,42.364],[13.465,42.232],[13.415,42.198]]]]}},{"type":"Feature","properties":{"NAME":"Palatinate","ABBREVN":"Palatinate","SUBJECTO":"Palatinate","BORDERPRECISION":3,"PARTOF":"Palatinate"},"geometry":{"type":"Polygon","coordinates":[[[6.884,49.426],[6.975,49.137],[7.285,49.164],[7.317,49.186],[7.423,49.183],[7.465,49.099],[7.67,49.059],[7.886,49.065],[8.158,48.978],[8.483,49.294],[8.31,49.553],[8.109,49.611],[7.993,49.582],[7.821,49.755],[7.878,49.899],[7.645,49.98],[7.553,49.98],[6.999,49.657],[7.068,49.542],[7.022,49.426],[6.884,49.426]]]}},{"type":"Feature","properties":{"NAME":"Hohenzollern","ABBREVN":"Hohenzollern","SUBJECTO":"Hohenzollern","BORDERPRECISION":3,"PARTOF":"Hohenzollern"},"geometry":{"type":"Polygon","coordinates":[[[8.291,48.281],[8.512,48.141],[8.512,48.112],[8.594,47.889],[8.682,47.97],[8.612,48.231],[8.522,48.292],[8.291,48.352],[8.291,48.281]]]}},{"type":"Feature","properties":{"NAME":"Baden","ABBREVN":"Baden","SUBJECTO":"Baden","BORDERPRECISION":3,"PARTOF":"Baden"},"geometry":{"type":"Polygon","coordinates":[[[7.446,47.709],[7.507,47.604],[7.628,47.564],[7.751,47.616],[7.873,47.573],[8.128,47.644],[8.253,47.594],[8.412,47.604],[8.332,47.693],[8.635,47.779],[8.512,48.112],[8.397,47.911],[8.022,48.458],[8.368,48.487],[8.743,48.833],[8.858,48.717],[8.887,48.775],[9.261,49.063],[9.428,49.095],[9.471,49.21],[9.638,49.273],[9.638,49.586],[9.596,49.607],[9.596,49.648],[9.471,49.648],[9.409,49.669],[9.305,49.627],[9.325,49.523],[9.221,49.523],[9.159,49.398],[9.075,49.377],[9.075,49.273],[8.908,49.273],[8.971,49.335],[8.929,49.356],[8.804,49.356],[8.742,49.398],[8.721,49.553],[8.656,49.553],[8.599,49.38],[8.512,49.524],[8.31,49.553],[8.483,49.294],[8.158,48.978],[7.729,48.616],[7.705,48.52],[7.681,48.359],[7.536,48.191],[7.502,48.058],[7.543,48.024],[7.446,47.709]]]}},{"type":"Feature","properties":{"NAME":"Saxony","ABBREVN":"Saxony","SUBJECTO":"Saxony","BORDERPRECISION":3,"PARTOF":"Saxony"},"geometry":{"type":"Polygon","coordinates":[[[11.765,50.398],[11.827,50.373],[11.842,50.327],[11.94,50.21],[12.002,50.248],[12.115,50.173],[12.252,50.216],[12.235,50.241],[12.462,50.398],[12.594,50.384],[12.784,50.474],[12.982,50.474],[13.018,50.556],[13.189,50.561],[13.233,50.664],[13.394,50.691],[13.473,50.659],[13.524,50.757],[13.855,50.767],[13.911,50.844],[14.146,50.865],[14.389,50.947],[14.262,51.045],[14.458,51.077],[14.596,51.023],[14.61,50.898],[14.765,50.865],[14.829,50.917],[14.997,50.917],[15.008,50.985],[14.981,51.018],[15.009,51.056],[14.978,51.123],[14.915,51.123],[14.765,51.311],[14.715,51.411],[14.64,51.448],[14.503,51.461],[14.453,51.486],[14.328,51.486],[14.24,51.536],[14.165,51.523],[14.115,51.486],[13.727,51.523],[13.715,51.498],[13.327,51.536],[13.327,51.498],[13.265,51.523],[13.19,51.598],[13.115,51.636],[13.077,51.573],[12.927,51.486],[12.927,51.548],[12.627,51.611],[12.49,51.598],[12.49,51.536],[12.365,51.486],[12.29,51.573],[12.065,51.511],[12.052,51.386],[12.027,51.348],[12.127,51.248],[12.14,51.173],[12.052,51.161],[12.065,51.023],[12.24,50.948],[12.24,50.898],[12.352,50.886],[12.377,50.811],[12.315,50.773],[12.302,50.786],[12.202,50.773],[12.202,50.686],[12.152,50.661],[12.14,50.673],[12.04,50.623],[11.99,50.611],[11.977,50.548],[12.027,50.548],[12.115,50.486],[12.04,50.435],[11.94,50.486],[11.927,50.423],[11.865,50.423],[11.865,50.448],[11.765,50.398]]]}},{"type":"Feature","properties":{"NAME":"Prussia","ABBREVN":"Prussia","SUBJECTO":"Prussia","BORDERPRECISION":3,"PARTOF":"Prussia"},"geometry":{"type":"Polygon","coordinates":[[[9.91,50.502],[9.975,50.476],[9.957,50.45],[10.003,50.407],[10.04,50.458],[10.095,50.407],[10.076,50.363],[10.095,50.355],[10.095,50.329],[10.132,50.329],[10.187,50.251],[10.224,50.32],[10.252,50.337],[10.279,50.424],[10.233,50.493],[10.205,50.467],[10.159,50.528],[10.104,50.519],[10.095,50.554],[9.947,50.588],[9.91,50.502]]]}},{"type":"Feature","properties":{"NAME":"Prussia","ABBREVN":"Prussia","SUBJECTO":"Prussia","BORDERPRECISION":3,"PARTOF":"Prussia"},"geometry":{"type":"Polygon","coordinates":[[[11.258,50.699],[11.311,50.637],[11.29,50.585],[11.343,50.506],[11.385,50.524],[11.395,50.489],[11.448,50.497],[11.406,50.602],[11.427,50.655],[11.406,50.664],[11.364,50.664],[11.29,50.716],[11.258,50.699]]]}},{"type":"Feature","properties":{"NAME":"Mecklenburg-Strelitz","ABBREVN":"Mecklenburg","SUBJECTO":"Mecklenburg-Strelitz","BORDERPRECISION":3,"PARTOF":"Mecklenburg-Strelitz"},"geometry":{"type":"MultiPolygon","coordinates":[[[[10.688,53.569],[10.701,53.504],[10.791,53.504],[10.843,53.44],[10.972,53.423],[11.005,53.499],[10.98,53.574],[10.989,53.633],[10.98,53.658],[10.997,53.674],[11.039,53.641],[11.081,53.691],[11.014,53.733],[11.014,53.817],[10.96,53.898],[10.894,53.884],[10.869,53.724],[10.817,53.724],[10.688,53.569]]],[[[12.642,53.039],[12.755,52.974],[12.819,53.006],[12.836,52.942],[12.933,52.909],[12.933,52.861],[13.078,52.829],[13.094,52.78],[13.03,52.748],[13.094,52.667],[13.256,52.618],[13.304,52.651],[13.191,52.796],[13.143,52.78],[13.143,52.877],[13.062,52.926],[13.062,52.99],[13.191,52.958],[13.272,53.022],[13.418,53.006],[13.498,53.119],[13.531,53.087],[13.612,53.281],[13.725,53.281],[13.757,53.427],[13.692,53.427],[13.773,53.475],[13.806,53.604],[13.612,53.669],[13.563,53.637],[13.531,53.637],[13.482,53.701],[13.401,53.701],[13.256,53.572],[13.288,53.54],[13.207,53.491],[13.046,53.168],[12.997,53.152],[12.933,53.2],[12.916,53.297],[12.868,53.313],[12.787,53.249],[12.755,53.136],[12.706,53.136],[12.642,53.039]]]]}},{"type":"Feature","properties":{"NAME":"Grand Duchy of Hesse","ABBREVN":"Grand Duchy","SUBJECTO":"Grand Duchy of Hesse","BORDERPRECISION":3,"PARTOF":"Grand Duchy of Hesse"},"geometry":{"type":"Polygon","coordinates":[[[7.645,49.98],[7.878,49.899],[7.821,49.755],[7.993,49.582],[8.109,49.611],[8.31,49.553],[8.512,49.524],[8.599,49.38],[8.656,49.553],[8.721,49.553],[8.742,49.398],[8.804,49.356],[8.929,49.356],[8.971,49.335],[8.908,49.273],[9.075,49.273],[9.075,49.377],[8.971,49.481],[8.846,49.69],[8.929,49.669],[8.824,50.229],[8.802,50.2],[8.423,50.087],[8.392,50.046],[8.361,50.056],[8.33,50.015],[8.198,50.072],[7.737,50.141],[7.645,49.98]]]}},{"type":"Feature","properties":{"NAME":"Nassau","ABBREVN":"Nassau","SUBJECTO":"Nassau","BORDERPRECISION":3,"PARTOF":"Nassau"},"geometry":{"type":"Polygon","coordinates":[[[7.663,50.344],[7.737,50.141],[8.198,50.072],[8.33,50.015],[8.361,50.056],[8.392,50.046],[8.415,50.077],[8.279,50.262],[8.402,50.272],[8.32,50.344],[8.207,50.313],[8.156,50.498],[8.176,50.59],[8.238,50.569],[8.258,50.549],[8.299,50.549],[8.299,50.61],[8.366,50.639],[8.31,50.672],[8.125,50.836],[8.022,50.703],[8.043,50.6],[8.002,50.59],[7.971,50.641],[7.92,50.6],[7.899,50.641],[7.858,50.641],[7.838,50.682],[7.786,50.703],[7.735,50.662],[7.704,50.58],[7.725,50.549],[7.704,50.508],[7.674,50.518],[7.663,50.467],[7.715,50.446],[7.745,50.354],[7.663,50.344]]]}},{"type":"Feature","properties":{"NAME":"Wetzlar","ABBREVN":"Wetzlar","SUBJECTO":"Wetzlar","BORDERPRECISION":3,"PARTOF":"Wetzlar"},"geometry":{"type":"Polygon","coordinates":[[[8.156,50.498],[8.207,50.313],[8.32,50.344],[8.402,50.272],[8.361,50.405],[8.371,50.405],[8.423,50.467],[8.392,50.477],[8.381,50.569],[8.412,50.61],[8.366,50.639],[8.299,50.61],[8.299,50.549],[8.258,50.549],[8.238,50.569],[8.176,50.59],[8.156,50.498]]]}},{"type":"Feature","properties":{"NAME":"Waldeck","ABBREVN":"Waldeck","SUBJECTO":"Waldeck","BORDERPRECISION":3,"PARTOF":"Waldeck"},"geometry":{"type":"Polygon","coordinates":[[[8.484,51.277],[8.515,51.216],[8.576,51.216],[8.587,51.124],[8.535,51.079],[8.633,51.021],[8.705,51.103],[8.735,51.082],[8.705,51.031],[8.735,50.959],[8.715,50.949],[8.756,50.816],[8.807,50.929],[8.848,50.908],[8.91,51],[8.838,51.093],[8.869,51.124],[8.864,51.257],[8.833,51.308],[8.853,51.442],[8.771,51.493],[8.679,51.431],[8.72,51.349],[8.751,51.329],[8.741,51.298],[8.7,51.298],[8.648,51.329],[8.566,51.329],[8.484,51.277]]]}},{"type":"Feature","properties":{"NAME":"Lippe-Detmold","ABBREVN":"Lippe","SUBJECTO":"Lippe-Detmold","BORDERPRECISION":3,"PARTOF":"Lippe-Detmold"},"geometry":{"type":"Polygon","coordinates":[[[8.489,51.893],[8.541,51.914],[8.582,51.862],[8.592,51.76],[8.643,51.76],[8.684,51.708],[8.735,51.749],[8.777,51.739],[8.777,51.749],[8.818,51.719],[8.848,51.749],[8.869,51.657],[9.002,51.667],[9.173,51.625],[9.182,51.688],[9.161,51.729],[9.213,51.739],[9.192,51.801],[9.12,51.79],[9.079,51.708],[9.048,51.688],[8.987,51.729],[8.946,51.708],[8.956,51.801],[8.936,51.996],[8.864,52.057],[8.833,52.057],[8.833,52.16],[8.766,52.191],[8.715,52.17],[8.725,52.098],[8.643,52.057],[8.561,52.098],[8.499,52.037],[8.51,51.944],[8.489,51.893]]]}},{"type":"Feature","properties":{"NAME":"Brunswick","ABBREVN":"Brunswick","SUBJECTO":"Brunswick","BORDERPRECISION":3,"PARTOF":"Brunswick"},"geometry":{"type":"Polygon","coordinates":[[[9.161,51.544],[9.325,51.58],[9.325,51.589],[9.472,51.644],[9.725,51.623],[9.784,51.56],[9.823,51.554],[9.854,51.554],[9.864,51.616],[9.905,51.616],[9.915,51.637],[9.946,51.585],[9.987,51.565],[9.987,51.595],[9.956,51.616],[9.987,51.657],[10.018,51.657],[10.028,51.647],[10.049,51.647],[10.08,51.637],[10.08,51.626],[10.151,51.637],[10.211,51.663],[10.167,51.707],[10.123,51.707],[10.123,51.718],[10.068,51.718],[10.035,51.696],[9.925,51.674],[9.826,51.806],[9.771,51.784],[9.727,51.718],[9.584,51.674],[9.463,51.696],[9.474,51.751],[9.43,51.773],[9.397,51.729],[9.298,51.74],[9.309,51.828],[9.287,51.905],[9.243,51.883],[9.243,51.806],[9.192,51.801],[9.213,51.739],[9.161,51.729],[9.182,51.688],[9.161,51.544]]]}},{"type":"Feature","properties":{"NAME":"Brunswick","ABBREVN":"Brunswick","SUBJECTO":"Brunswick","BORDERPRECISION":3,"PARTOF":"Brunswick"},"geometry":{"type":"Polygon","coordinates":[[[10.152,51.512],[10.162,51.472],[10.255,51.43],[10.234,51.479],[10.288,51.519],[10.47,51.489],[10.475,51.506],[10.486,51.504],[10.491,51.554],[10.55,51.575],[10.529,51.602],[10.571,51.623],[10.518,51.677],[10.475,51.65],[10.454,51.677],[10.416,51.655],[10.427,51.612],[10.389,51.591],[10.352,51.612],[10.325,51.575],[10.234,51.58],[10.218,51.612],[10.18,51.596],[10.202,51.564],[10.196,51.527],[10.152,51.512]]]}},{"type":"Feature","properties":{"NAME":"Anhalt","ABBREVN":"Anhalt","SUBJECTO":"Anhalt","BORDERPRECISION":3,"PARTOF":"Anhalt"},"geometry":{"type":"Polygon","coordinates":[[[10.47,51.489],[10.51,51.477],[10.537,51.504],[10.765,51.444],[10.879,51.47],[10.872,51.517],[10.973,51.584],[10.953,51.631],[10.892,51.638],[10.872,51.651],[10.832,51.611],[10.691,51.618],[10.598,51.564],[10.55,51.575],[10.491,51.554],[10.486,51.504],[10.475,51.506],[10.47,51.489]]]}},{"type":"Feature","properties":{"NAME":"Mecklenburg-Schwerin","ABBREVN":"Mecklenburg","SUBJECTO":"Mecklenburg-Schwerin","BORDERPRECISION":3,"PARTOF":"Mecklenburg-Schwerin"},"geometry":{"type":"Polygon","coordinates":[[[10.754,53.289],[10.846,53.231],[10.846,53.197],[10.905,53.155],[10.888,53.222],[10.938,53.239],[10.98,53.197],[10.98,53.164],[11.081,52.971],[11.187,53.039],[11.219,53.039],[11.316,53.103],[11.349,53.152],[11.397,53.152],[11.462,53.087],[11.526,53.103],[11.51,53.119],[11.591,53.119],[11.639,53.152],[11.72,53.136],[11.753,53.346],[11.817,53.216],[11.866,53.249],[11.882,53.216],[11.914,53.249],[11.963,53.2],[12.092,53.2],[12.302,53.055],[12.351,53.071],[12.787,52.893],[12.836,52.942],[12.819,53.006],[12.755,52.974],[12.642,53.039],[12.706,53.136],[12.755,53.136],[12.787,53.249],[12.868,53.313],[12.916,53.297],[12.933,53.2],[12.997,53.152],[13.046,53.168],[13.207,53.491],[13.288,53.54],[13.207,53.621],[13.11,53.572],[13.11,53.621],[13.175,53.669],[13.143,53.782],[13.013,53.734],[12.981,53.734],[12.884,53.685],[12.771,53.701],[12.9,53.928],[12.852,53.944],[12.9,54.025],[12.706,54.089],[12.463,54.255],[12.041,54.097],[11.565,54.035],[11.408,53.859],[11.202,53.857],[11.151,53.938],[10.96,53.898],[11.014,53.817],[11.014,53.733],[11.081,53.691],[11.039,53.641],[10.997,53.674],[10.98,53.658],[10.989,53.633],[10.98,53.574],[11.005,53.499],[10.972,53.423],[10.913,53.432],[10.905,53.373],[10.863,53.356],[10.838,53.323],[10.754,53.289]]]}},{"type":"Feature","properties":{"NAME":"Thuringia","ABBREVN":"Thuringia","SUBJECTO":"Thuringia","BORDERPRECISION":3,"PARTOF":"Thuringia"},"geometry":{"type":"MultiPolygon","coordinates":[[[[9.616,50.613],[9.649,50.591],[9.672,50.635],[9.705,50.624],[9.727,50.579],[9.694,50.568],[9.694,50.505],[9.763,50.503],[9.784,50.378],[9.888,50.378],[9.972,50.232],[10.118,50.065],[10.118,50.003],[10.18,49.961],[10.222,50.065],[10.43,50.065],[10.576,49.961],[10.868,49.961],[10.868,50.003],[10.91,50.003],[10.952,50.232],[10.889,50.441],[11.036,50.531],[11.283,50.459],[11.245,50.288],[11.306,50.19],[11.619,50.253],[11.842,50.327],[11.827,50.373],[11.765,50.398],[11.865,50.448],[11.865,50.423],[11.927,50.423],[11.94,50.486],[12.04,50.435],[12.115,50.486],[12.027,50.548],[11.977,50.548],[11.99,50.611],[12.04,50.623],[12.14,50.673],[12.152,50.661],[12.202,50.686],[12.202,50.773],[12.302,50.786],[12.315,50.773],[12.377,50.811],[12.352,50.886],[12.24,50.898],[12.24,50.948],[12.065,51.023],[11.951,50.859],[11.783,50.915],[11.761,50.993],[11.694,51.026],[11.604,50.982],[11.56,51.049],[11.593,51.071],[11.571,51.116],[11.616,51.172],[11.593,51.194],[11.56,51.149],[11.515,51.172],[11.403,51.071],[11.381,51.071],[11.359,51.138],[11.325,51.127],[11.303,51.216],[11.202,51.228],[11.18,51.194],[10.979,51.172],[10.945,51.149],[10.8,51.16],[10.789,51.116],[10.755,51.127],[10.755,50.915],[10.822,50.881],[10.822,50.691],[10.789,50.714],[10.677,50.725],[10.655,50.848],[10.632,50.848],[10.588,50.915],[10.632,50.926],[10.61,50.959],[10.632,50.959],[10.588,50.982],[10.599,51.06],[10.543,51.082],[10.498,50.993],[10.442,51.049],[10.32,51.004],[10.32,50.971],[10.118,51.004],[10.118,50.971],[10.107,51.172],[10.051,51.194],[10.007,51.105],[9.929,51.105],[9.839,50.915],[9.772,50.87],[9.772,50.915],[9.683,50.881],[9.683,50.825],[9.638,50.825],[9.627,50.781],[9.694,50.781],[9.716,50.747],[9.694,50.702],[9.649,50.691],[9.627,50.658],[9.616,50.613]],[[9.91,50.502],[9.947,50.588],[10.095,50.554],[10.104,50.519],[10.159,50.528],[10.205,50.467],[10.233,50.493],[10.279,50.424],[10.252,50.337],[10.224,50.32],[10.187,50.251],[10.132,50.329],[10.095,50.329],[10.095,50.355],[10.076,50.363],[10.095,50.407],[10.04,50.458],[10.003,50.407],[9.957,50.45],[9.975,50.476],[9.91,50.502]],[[11.258,50.699],[11.29,50.716],[11.364,50.664],[11.406,50.664],[11.427,50.655],[11.406,50.602],[11.448,50.497],[11.395,50.489],[11.385,50.524],[11.343,50.506],[11.29,50.585],[11.311,50.637],[11.258,50.699]]],[[[10.212,51.288],[10.248,51.281],[10.234,51.274],[10.248,51.15],[10.263,51.148],[10.27,51.159],[10.289,51.159],[10.311,51.178],[10.326,51.167],[10.333,51.174],[10.348,51.159],[10.453,51.141],[10.639,51.13],[10.631,51.152],[10.613,51.156],[10.676,51.275],[10.691,51.245],[10.739,51.256],[10.784,51.241],[10.828,51.241],[10.817,51.267],[10.802,51.278],[10.806,51.297],[10.828,51.293],[10.836,51.319],[10.806,51.353],[10.773,51.338],[10.724,51.364],[10.683,51.353],[10.62,51.375],[10.568,51.379],[10.549,51.353],[10.497,51.39],[10.397,51.36],[10.397,51.323],[10.363,51.323],[10.337,51.349],[10.226,51.318],[10.212,51.288]]],[[[10.888,51.371],[10.918,51.316],[10.892,51.252],[10.959,51.249],[11.007,51.29],[10.981,51.323],[11.018,51.357],[10.992,51.397],[10.933,51.36],[10.914,51.383],[10.888,51.371]]],[[[14.227,53.91],[14.248,53.816],[14.334,53.83],[14.459,53.819],[14.473,53.877],[14.425,53.915],[14.305,53.915],[14.227,53.91]]]]}},{"type":"Feature","properties":{"NAME":"Lübeck","ABBREVN":"Lübeck","SUBJECTO":"Lübeck","BORDERPRECISION":3,"PARTOF":"Lübeck"},"geometry":{"type":"Polygon","coordinates":[[[10.662,53.685],[10.723,53.611],[10.817,53.724],[10.869,53.724],[10.894,53.884],[10.884,53.882],[10.662,53.685]]]}},{"type":"Feature","properties":{"NAME":"Oldenburg","ABBREVN":"Oldenburg","SUBJECTO":"Oldenburg","BORDERPRECISION":3,"PARTOF":"Oldenburg"},"geometry":{"type":"Polygon","coordinates":[[[10.545,54.021],[10.584,53.853],[10.558,53.776],[10.662,53.685],[10.884,53.882],[10.859,53.877],[10.771,53.931],[10.701,53.918],[10.649,54.06],[10.584,54.125],[10.545,54.021]]]}},{"type":"Feature","properties":{"NAME":"Hanover","ABBREVN":"Hanover","SUBJECTO":"Hanover","BORDERPRECISION":3,"PARTOF":"Hanover"},"geometry":{"type":"Polygon","coordinates":[[[9.351,51.598],[9.38,51.515],[9.411,51.555],[9.441,51.494],[9.421,51.453],[9.451,51.382],[9.503,51.351],[9.472,51.259],[9.594,51.239],[9.574,51.31],[9.649,51.308],[9.731,51.349],[9.792,51.339],[9.895,51.39],[9.977,51.401],[9.977,51.442],[10.09,51.483],[10.1,51.452],[10.162,51.472],[10.152,51.512],[10.196,51.527],[10.202,51.564],[10.18,51.596],[10.131,51.606],[10.151,51.616],[10.151,51.637],[10.08,51.626],[10.08,51.637],[10.028,51.647],[10.018,51.657],[9.987,51.657],[9.956,51.616],[9.987,51.595],[9.987,51.565],[9.946,51.585],[9.915,51.637],[9.905,51.616],[9.864,51.616],[9.854,51.554],[9.784,51.56],[9.725,51.623],[9.472,51.644],[9.351,51.598]]]}},{"type":"Feature","properties":{"NAME":"Grand Duchy of Hesse","ABBREVN":"Gr D of Hess","SUBJECTO":"Grand Duchy of Hesse","BORDERPRECISION":3,"PARTOF":"Grand Duchy of Hesse"},"geometry":{"type":"Polygon","coordinates":[[[8.279,50.262],[8.364,50.146],[8.438,50.205],[8.446,50.227],[8.533,50.235],[8.547,50.271],[8.533,50.307],[8.598,50.307],[8.598,50.249],[8.685,50.285],[8.707,50.256],[8.86,50.278],[8.882,50.322],[8.874,50.344],[8.904,50.344],[8.976,50.431],[9.005,50.38],[9.042,50.38],[9.027,50.453],[8.983,50.467],[8.983,50.482],[9.005,50.482],[9.034,50.518],[9.013,50.562],[9.049,50.547],[9.078,50.583],[9.042,50.613],[8.998,50.613],[8.962,50.634],[8.947,50.605],[8.809,50.671],[8.78,50.722],[8.591,50.649],[8.576,50.613],[8.547,50.62],[8.54,50.649],[8.412,50.61],[8.381,50.569],[8.392,50.477],[8.423,50.467],[8.371,50.405],[8.361,50.405],[8.402,50.272],[8.279,50.262]]]}},{"type":"Feature","properties":{"NAME":"Electoral Hesse","ABBREVN":"Elect. Hesse","SUBJECTO":"Electoral Hesse","BORDERPRECISION":3,"PARTOF":"Electoral Hesse"},"geometry":{"type":"Polygon","coordinates":[[[8.169,50.797],[8.31,50.672],[8.412,50.61],[8.54,50.649],[8.547,50.62],[8.576,50.613],[8.591,50.649],[8.78,50.722],[8.809,50.671],[8.947,50.605],[8.962,50.634],[8.998,50.613],[9.042,50.613],[9.078,50.583],[9.049,50.547],[9.013,50.562],[9.034,50.518],[9.005,50.482],[8.983,50.482],[8.983,50.467],[9.027,50.453],[9.042,50.38],[9.005,50.38],[8.976,50.431],[8.904,50.344],[8.874,50.344],[8.882,50.322],[8.86,50.278],[8.707,50.256],[8.685,50.285],[8.598,50.249],[8.598,50.307],[8.533,50.307],[8.547,50.271],[8.533,50.235],[8.446,50.227],[8.438,50.205],[8.364,50.146],[8.415,50.077],[8.423,50.087],[8.802,50.2],[8.824,50.229],[8.91,50.197],[8.968,50.197],[8.923,50.249],[8.87,50.243],[8.91,50.301],[9.021,50.321],[9.021,50.288],[9.171,50.275],[9.197,50.308],[9.295,50.314],[9.323,50.369],[9.387,50.491],[9.493,50.423],[9.571,50.445],[9.694,50.505],[9.694,50.568],[9.727,50.579],[9.705,50.624],[9.672,50.635],[9.649,50.591],[9.616,50.613],[9.627,50.658],[9.649,50.691],[9.694,50.702],[9.716,50.747],[9.694,50.781],[9.627,50.781],[9.638,50.825],[9.683,50.825],[9.683,50.881],[9.772,50.915],[9.772,50.87],[9.839,50.915],[9.929,51.105],[9.854,51.124],[9.833,51.144],[9.854,51.144],[9.895,51.165],[9.854,51.206],[9.762,51.216],[9.649,51.308],[9.574,51.31],[9.594,51.239],[9.472,51.259],[9.503,51.351],[9.451,51.382],[9.421,51.453],[9.441,51.494],[9.411,51.555],[9.38,51.515],[9.351,51.598],[9.325,51.589],[9.325,51.58],[9.161,51.544],[9.213,51.534],[9.202,51.493],[9.141,51.483],[9.079,51.411],[8.977,51.38],[8.987,51.318],[8.864,51.257],[8.869,51.124],[8.838,51.093],[8.91,51],[8.848,50.908],[8.807,50.929],[8.756,50.816],[8.715,50.949],[8.735,50.959],[8.705,51.031],[8.735,51.082],[8.705,51.103],[8.633,51.021],[8.535,51.079],[8.515,51.062],[8.515,51.041],[8.464,51.011],[8.423,51.041],[8.34,51.011],[8.34,50.959],[8.258,50.867],[8.169,50.797]]]}},{"type":"Feature","properties":{"NAME":"Oldenburg","ABBREVN":"Oldenburg","SUBJECTO":"Oldenburg","BORDERPRECISION":3,"PARTOF":"Oldenburg"},"geometry":{"type":"Polygon","coordinates":[[[7.658,52.723],[7.689,52.63],[7.761,52.63],[7.772,52.651],[7.885,52.671],[7.896,52.63],[7.937,52.63],[7.978,52.568],[8.02,52.547],[7.999,52.444],[8.103,52.423],[8.237,52.371],[8.32,52.392],[8.341,52.671],[8.465,52.692],[8.454,52.847],[8.506,53.033],[8.641,53.013],[8.66,53.027],[8.576,53.077],[8.558,53.158],[8.423,53.261],[8.434,53.333],[8.465,53.333],[8.475,53.375],[8.434,53.396],[8.454,53.416],[8.506,53.385],[8.537,53.478],[8.502,53.449],[8.306,53.525],[8.189,53.531],[8.261,53.439],[8.242,53.352],[8.175,53.322],[8.029,53.373],[8.099,53.444],[7.969,53.638],[7.875,53.634],[7.906,53.447],[7.875,53.437],[7.854,53.396],[7.896,53.385],[7.947,53.344],[7.947,53.282],[7.906,53.271],[7.865,53.271],[7.834,53.24],[7.834,53.209],[7.772,53.147],[7.72,53.147],[7.699,53.158],[7.689,53.002],[7.73,52.992],[7.73,52.961],[7.782,52.951],[7.813,52.837],[7.751,52.816],[7.699,52.816],[7.678,52.775],[7.71,52.775],[7.72,52.733],[7.658,52.723]]]}},{"type":"Feature","properties":{"NAME":"Bremen","ABBREVN":"Bremen","SUBJECTO":"Bremen","BORDERPRECISION":3,"PARTOF":"Bremen"},"geometry":{"type":"Polygon","coordinates":[[[8.558,53.158],[8.576,53.077],[8.66,53.027],[8.744,53.085],[8.62,53.168],[8.558,53.158]]]}},{"type":"Feature","properties":{"NAME":"Cuxhaven","ABBREVN":"Cuxhaven","SUBJECTO":"Cuxhaven","BORDERPRECISION":3,"PARTOF":"Cuxhaven"},"geometry":{"type":"Polygon","coordinates":[[[8.516,53.761],[8.562,53.745],[8.586,53.793],[8.54,53.801],[8.516,53.761]]]}},{"type":"Feature","properties":{"NAME":"Schleswig","ABBREVN":"Schleswig","SUBJECTO":"Schleswig","BORDERPRECISION":3,"PARTOF":"Schleswig"},"geometry":{"type":"Polygon","coordinates":[[[8.554,54.275],[8.581,54.194],[8.884,54.229],[8.962,54.276],[9.056,54.349],[9.136,54.298],[9.165,54.32],[9.216,54.29],[9.26,54.305],[9.296,54.247],[9.441,54.247],[9.449,54.189],[9.674,54.189],[9.739,54.276],[9.827,54.276],[9.885,54.254],[10.142,54.337],[10.065,54.434],[9.865,54.411],[9.978,54.49],[9.987,54.592],[9.864,54.726],[9.61,54.88],[9.496,54.938],[8.669,54.88],[8.616,54.887],[8.596,54.761],[8.742,54.608],[8.951,54.419],[8.852,54.332],[8.554,54.275]]]}},{"type":"Feature","properties":{"NAME":"Hanover","ABBREVN":"Hanover","SUBJECTO":"Hanover","BORDERPRECISION":3,"PARTOF":"Hanover"},"geometry":{"type":"Polygon","coordinates":[[[6.714,52.476],[6.912,52.416],[6.997,52.443],[7.069,52.366],[7.068,52.273],[7.217,52.221],[7.514,52.386],[7.525,52.488],[7.638,52.488],[7.648,52.447],[7.73,52.416],[7.792,52.447],[7.863,52.345],[7.843,52.334],[7.843,52.232],[7.915,52.211],[7.874,52.139],[7.802,52.139],[7.802,52.088],[7.874,52.088],[7.904,52.037],[8.079,52.026],[8.181,52.057],[8.243,52.129],[8.315,52.098],[8.376,52.15],[8.417,52.119],[8.448,52.16],[8.417,52.18],[8.428,52.232],[8.469,52.273],[8.469,52.314],[8.407,52.375],[8.417,52.447],[8.469,52.468],[8.53,52.457],[8.53,52.478],[8.561,52.478],[8.561,52.468],[8.643,52.488],[8.694,52.447],[8.684,52.355],[8.735,52.375],[8.787,52.365],[8.859,52.386],[8.905,52.355],[8.833,52.273],[8.864,52.221],[8.833,52.16],[8.833,52.057],[8.864,52.057],[8.936,51.996],[8.956,51.801],[8.946,51.708],[8.987,51.729],[9.048,51.688],[9.079,51.708],[9.12,51.79],[9.192,51.801],[9.243,51.806],[9.243,51.883],[9.287,51.905],[9.309,51.828],[9.298,51.74],[9.397,51.729],[9.43,51.773],[9.474,51.751],[9.463,51.696],[9.584,51.674],[9.727,51.718],[9.771,51.784],[9.826,51.806],[9.925,51.674],[10.035,51.696],[10.068,51.718],[10.123,51.718],[10.123,51.707],[10.167,51.707],[10.211,51.663],[10.193,51.765],[10.26,51.857],[10.294,51.815],[10.319,51.832],[10.344,51.807],[10.327,51.799],[10.335,51.774],[10.377,51.799],[10.369,51.824],[10.453,51.857],[10.486,51.824],[10.486,51.882],[10.511,51.882],[10.528,52.008],[10.578,52.092],[10.553,52.167],[10.578,52.176],[10.578,52.243],[10.553,52.276],[10.553,52.293],[10.503,52.351],[10.528,52.443],[10.57,52.443],[10.57,52.46],[10.536,52.46],[10.528,52.737],[10.553,52.804],[10.687,52.77],[10.704,52.82],[10.871,52.778],[10.896,52.762],[10.922,52.778],[10.98,52.711],[11.064,52.762],[11.081,52.745],[11.114,52.753],[11.097,52.778],[11.114,52.82],[11.148,52.812],[11.181,52.887],[11.081,52.971],[10.98,53.164],[10.98,53.197],[10.938,53.239],[10.888,53.222],[10.905,53.155],[10.846,53.197],[10.846,53.231],[10.754,53.289],[10.838,53.323],[10.863,53.356],[10.905,53.373],[10.913,53.432],[10.843,53.44],[10.791,53.504],[10.701,53.504],[10.688,53.569],[10.723,53.611],[10.662,53.685],[10.558,53.776],[10.584,53.853],[10.577,53.885],[10.357,53.76],[10.357,53.614],[10.125,53.593],[10.074,53.658],[9.943,53.6],[10.008,53.513],[10.074,53.513],[10.117,53.476],[10.052,53.484],[10.023,53.455],[9.376,53.571],[9.125,53.79],[8.848,53.75],[8.586,53.793],[8.562,53.745],[8.516,53.761],[8.429,53.612],[8.502,53.449],[8.537,53.478],[8.506,53.385],[8.454,53.416],[8.434,53.396],[8.475,53.375],[8.465,53.333],[8.434,53.333],[8.423,53.261],[8.558,53.158],[8.62,53.168],[8.744,53.085],[8.641,53.013],[8.506,53.033],[8.454,52.847],[8.465,52.692],[8.341,52.671],[8.32,52.392],[8.237,52.371],[8.103,52.423],[7.999,52.444],[8.02,52.547],[7.978,52.568],[7.937,52.63],[7.896,52.63],[7.885,52.671],[7.772,52.651],[7.761,52.63],[7.689,52.63],[7.658,52.723],[7.72,52.733],[7.71,52.775],[7.678,52.775],[7.699,52.816],[7.751,52.816],[7.813,52.837],[7.782,52.951],[7.73,52.961],[7.73,52.992],[7.689,53.002],[7.699,53.158],[7.72,53.147],[7.772,53.147],[7.834,53.209],[7.834,53.24],[7.865,53.271],[7.906,53.271],[7.947,53.282],[7.947,53.344],[7.896,53.385],[7.854,53.396],[7.875,53.437],[7.906,53.447],[7.875,53.634],[7.166,53.592],[7.037,53.51],[6.981,53.317],[7.19,53.23],[7.16,53.164],[7.228,52.967],[7.073,52.804],[7.035,52.624],[6.778,52.64],[6.727,52.558],[6.714,52.476]]]}},{"type":"Feature","properties":{"NAME":"Holstein","ABBREVN":"Holstein","SUBJECTO":"Holstein","BORDERPRECISION":3,"PARTOF":"Holstein"},"geometry":{"type":"Polygon","coordinates":[[[8.779,54.132],[8.833,54.066],[8.946,54.015],[8.819,53.969],[8.857,53.867],[9.125,53.79],[9.376,53.571],[9.752,53.503],[9.79,53.593],[9.79,53.694],[9.943,53.6],[10.074,53.658],[10.125,53.593],[10.357,53.614],[10.357,53.76],[10.577,53.885],[10.545,54.021],[10.584,54.125],[10.649,54.06],[10.701,53.918],[10.771,53.931],[10.717,53.964],[11.016,54.097],[11.073,54.22],[11.039,54.313],[10.649,54.259],[10.446,54.292],[10.34,54.362],[10.213,54.372],[10.142,54.337],[9.885,54.254],[9.827,54.276],[9.739,54.276],[9.674,54.189],[9.449,54.189],[9.441,54.247],[9.296,54.247],[9.26,54.305],[9.216,54.29],[9.165,54.32],[9.136,54.298],[9.056,54.349],[8.962,54.276],[8.884,54.229],[8.853,54.168],[8.779,54.132]]]}},{"type":"Feature","properties":{"NAME":"Hamburg","ABBREVN":"Hamburg","SUBJECTO":"Hamburg","BORDERPRECISION":3,"PARTOF":"Hamburg"},"geometry":{"type":"Polygon","coordinates":[[[9.752,53.503],[10.023,53.455],[10.052,53.484],[10.117,53.476],[10.074,53.513],[10.008,53.513],[9.943,53.6],[9.79,53.694],[9.79,53.593],[9.752,53.503]]]}},{"type":"Feature","properties":{"NAME":"Anhalt","ABBREVN":"Anhalt","SUBJECTO":"Anhalt","BORDERPRECISION":3,"PARTOF":"Anhalt"},"geometry":{"type":"Polygon","coordinates":[[[11.059,51.557],[11.134,51.517],[11.178,51.546],[11.171,51.602],[11.245,51.658],[11.39,51.651],[11.442,51.613],[11.625,51.61],[11.662,51.565],[11.692,51.587],[11.803,51.565],[11.885,51.617],[11.867,51.636],[11.885,51.636],[11.934,51.598],[11.997,51.595],[11.997,51.617],[11.963,51.621],[11.971,51.632],[11.986,51.628],[11.986,51.74],[12.068,51.755],[12.094,51.744],[12.097,51.781],[12.161,51.84],[12.164,51.892],[12.123,51.896],[12.083,51.959],[12.09,51.985],[12.06,51.989],[12.016,51.971],[11.982,52.026],[11.993,52.086],[11.934,52.093],[11.852,52.06],[11.833,52.075],[11.792,52.056],[11.688,51.952],[11.703,51.945],[11.677,51.918],[11.588,51.918],[11.498,51.829],[11.416,51.833],[11.39,51.77],[11.282,51.762],[11.256,51.796],[11.182,51.777],[11.167,51.803],[11.067,51.747],[11.126,51.58],[11.059,51.557]]]}},{"type":"Feature","properties":{"NAME":"Schaumburg-Lippe","ABBREVN":"Westphalia","SUBJECTO":"Schaumburg-Lippe","BORDERPRECISION":3,"PARTOF":"Schaumburg-Lippe"},"geometry":{"type":"Polygon","coordinates":[[[8.763,52.302],[8.77,52.242],[8.85,52.195],[8.864,52.221],[8.833,52.273],[8.905,52.355],[8.859,52.386],[8.787,52.365],[8.763,52.302]]]}},{"type":"Feature","properties":{"NAME":"Prussia","ABBREVN":"Prussia","SUBJECTO":"Prussia","BORDERPRECISION":3,"PARTOF":"Prussia"},"geometry":{"type":"Polygon","coordinates":[[[5.928,50.981],[6.01,50.964],[6.074,50.867],[6,50.742],[6.155,50.662],[6.281,50.498],[6.298,50.287],[6.109,50.117],[6.137,49.982],[6.321,49.842],[6.531,49.798],[6.511,49.669],[6.399,49.604],[6.433,49.445],[6.626,49.302],[6.777,49.177],[6.954,49.202],[6.884,49.426],[7.022,49.426],[7.068,49.542],[6.999,49.657],[7.553,49.98],[7.645,49.98],[7.737,50.141],[7.663,50.344],[7.745,50.354],[7.715,50.446],[7.663,50.467],[7.674,50.518],[7.704,50.508],[7.725,50.549],[7.704,50.58],[7.735,50.662],[7.786,50.703],[7.838,50.682],[7.858,50.641],[7.899,50.641],[7.92,50.6],[7.971,50.641],[8.002,50.59],[8.043,50.6],[8.022,50.703],[8.125,50.836],[8.169,50.797],[8.258,50.867],[8.34,50.959],[8.34,51.011],[8.423,51.041],[8.464,51.011],[8.515,51.041],[8.515,51.062],[8.587,51.124],[8.576,51.216],[8.515,51.216],[8.484,51.277],[8.566,51.329],[8.648,51.329],[8.7,51.298],[8.741,51.298],[8.751,51.329],[8.72,51.349],[8.679,51.431],[8.771,51.493],[8.853,51.442],[8.833,51.308],[8.864,51.257],[8.987,51.318],[8.977,51.38],[9.079,51.411],[9.141,51.483],[9.202,51.493],[9.213,51.534],[9.161,51.544],[9.173,51.625],[9.002,51.667],[8.869,51.657],[8.848,51.749],[8.818,51.719],[8.777,51.749],[8.777,51.739],[8.735,51.749],[8.684,51.708],[8.643,51.76],[8.592,51.76],[8.582,51.862],[8.541,51.914],[8.489,51.893],[8.51,51.944],[8.499,52.037],[8.561,52.098],[8.643,52.057],[8.725,52.098],[8.715,52.17],[8.766,52.191],[8.833,52.16],[8.85,52.195],[8.77,52.242],[8.763,52.302],[8.787,52.365],[8.735,52.375],[8.684,52.355],[8.694,52.447],[8.643,52.488],[8.561,52.468],[8.561,52.478],[8.53,52.478],[8.53,52.457],[8.469,52.468],[8.417,52.447],[8.407,52.375],[8.469,52.314],[8.469,52.273],[8.428,52.232],[8.417,52.18],[8.448,52.16],[8.417,52.119],[8.376,52.15],[8.315,52.098],[8.243,52.129],[8.181,52.057],[8.079,52.026],[7.904,52.037],[7.874,52.088],[7.802,52.088],[7.802,52.139],[7.874,52.139],[7.915,52.211],[7.843,52.232],[7.843,52.334],[7.863,52.345],[7.792,52.447],[7.73,52.416],[7.648,52.447],[7.638,52.488],[7.525,52.488],[7.514,52.386],[7.217,52.221],[7.068,52.273],[7.068,52.219],[6.882,52.126],[6.825,51.956],[6.68,51.888],[6.381,51.82],[6.211,51.88],[6.133,51.838],[5.979,51.804],[5.948,51.722],[6.117,51.64],[6.154,51.521],[6.222,51.389],[6.089,51.198],[6.176,51.144],[5.964,51.024],[5.928,50.981]]]}},{"type":"Feature","properties":{"NAME":"Algiers","ABBREVN":"Algiers","SUBJECTO":"Algiers","BORDERPRECISION":3,"PARTOF":"Algiers"},"geometry":{"type":"Polygon","coordinates":[[[-2.193,35.054],[-2.077,34.826],[-1.823,34.7],[-1.738,34.605],[-1.664,34.205],[-1.669,34],[7.572,34],[7.581,34.041],[8.218,34.585],[8.291,34.77],[8.313,35.011],[8.289,35.278],[8.277,35.679],[8.272,36.323],[8.324,36.521],[8.631,36.803],[8.637,36.885],[7.913,36.775],[7.792,36.832],[7.719,36.953],[7.545,37.042],[7.307,37.061],[7.063,36.882],[6.923,36.818],[6.771,36.862],[6.323,37.091],[6.047,36.842],[5.73,36.752],[5.383,36.675],[5.144,36.668],[4.777,36.743],[4.632,36.794],[4.395,36.838],[4.164,36.831],[3.741,36.837],[3.587,36.792],[3.324,36.651],[3.07,36.619],[2.81,36.714],[2.524,36.573],[2.294,36.541],[1.58,36.514],[1.058,36.462],[0.781,36.385],[0.474,36.225],[0.199,36.033],[0.015,35.804],[-0.092,35.74],[-0.283,35.758],[-0.429,35.86],[-0.917,35.668],[-1.147,35.629],[-1.329,35.489],[-1.495,35.234],[-1.738,35.119],[-2.035,35.055],[-2.193,35.054]]]}},{"type":"Feature","properties":{"NAME":"Tunis","ABBREVN":"Tunis","SUBJECTO":"Tunis","BORDERPRECISION":3,"PARTOF":"Tunis"},"geometry":{"type":"Polygon","coordinates":[[[7.572,34],[10.071,34],[10.019,34.081],[10.116,34.234],[10.574,34.648],[10.839,34.801],[11.083,35.145],[11.125,35.241],[10.989,35.622],[10.831,35.679],[10.603,35.889],[10.511,36.086],[10.509,36.214],[10.633,36.424],[10.92,36.654],[11.039,36.909],[11.024,37.068],[10.843,36.991],[10.581,36.793],[10.393,36.717],[10.272,36.755],[10.159,36.996],[10.133,37.105],[10.021,37.2],[9.732,37.282],[9.416,37.275],[9.15,37.173],[8.866,36.968],[8.637,36.885],[8.631,36.803],[8.324,36.521],[8.272,36.323],[8.277,35.679],[8.289,35.278],[8.313,35.011],[8.291,34.77],[8.218,34.585],[7.581,34.041],[7.572,34]]]}},{"type":"Feature","properties":{"NAME":null,"ABBREVN":null,"SUBJECTO":null,"BORDERPRECISION":3,"PARTOF":null},"geometry":{"type":"MultiPolygon","coordinates":[[[[37.559,34],[38.036,34.597],[39.342,34.597],[40.029,34.391],[40.42,34],[37.559,34]]]]}},{"type":"Feature","properties":{"NAME":"Persia","ABBREVN":"Persia","SUBJECTO":"Persia","BORDERPRECISION":3,"PARTOF":"Persia"},"geometry":{"type":"MultiPolygon","coordinates":[[[[60,34],[45.523,34],[45.565,34.274],[45.671,34.617],[46.184,35.058],[45.995,35.401],[46.001,35.515],[46.211,35.784],[45.73,35.832],[45.388,35.926],[45.359,36.015],[45.105,36.503],[44.795,37.132],[44.784,37.27],[44.66,37.286],[44.471,37.455],[44.427,37.644],[44.492,37.754],[44.301,37.804],[44.205,37.867],[44.361,38.166],[44.464,38.292],[44.447,38.385],[44.318,38.476],[44.269,38.429],[44.229,38.482],[44.128,38.703],[44.183,38.872],[44.065,39.173],[44.082,39.295],[44.345,39.414],[44.349,39.609],[44.453,39.673],[44.637,39.662],[44.67,39.757],[44.448,39.96],[43.812,40.014],[43.685,40.109],[43.67,40.295],[43.859,40.66],[43.847,40.75],[43.475,41.087],[42.878,41.546],[43.957,42.591],[44.053,42.559],[44.17,42.612],[44.297,42.612],[44.414,42.729],[44.51,42.761],[44.669,42.761],[44.786,42.729],[44.872,42.666],[44.935,42.74],[44.978,42.772],[45.031,42.772],[45.138,42.719],[45.201,42.676],[45.297,42.676],[45.382,42.623],[45.478,42.549],[45.648,42.549],[45.808,42.538],[45.861,42.474],[45.808,42.389],[45.754,42.251],[45.914,42.123],[46.042,42.049],[46.159,42.006],[46.286,41.985],[46.393,41.995],[46.499,41.964],[46.556,41.878],[46.659,41.889],[46.669,41.815],[46.765,41.836],[46.85,41.836],[46.914,41.751],[47.127,41.623],[47.169,41.57],[47.222,41.57],[47.35,41.442],[47.35,41.304],[47.616,41.261],[47.818,41.198],[47.988,41.219],[48.063,41.315],[48.201,41.464],[48.224,41.471],[47.249,42.785],[47.195,43.376],[47.493,43.583],[47.52,43.511],[47.565,43.601],[47.61,43.754],[47.664,43.853],[47.736,43.862],[47.673,43.664],[47.574,43.502],[47.601,43.322],[47.655,43.277],[47.583,43.188],[47.565,43.008],[47.736,42.9],[47.79,42.855],[47.844,42.621],[47.97,42.594],[48.132,42.405],[48.222,42.279],[48.42,42.091],[48.5,41.929],[48.662,41.902],[48.683,41.836],[48.892,41.687],[48.999,41.517],[49.116,41.432],[49.244,41.293],[49.286,41.059],[49.35,40.953],[49.478,40.836],[49.605,40.762],[49.605,40.687],[49.807,40.581],[50.02,40.602],[50.19,40.57],[50.318,40.496],[50.424,40.411],[50.467,40.325],[50.467,40.262],[50.307,40.325],[50.126,40.347],[50.031,40.347],[49.914,40.325],[49.85,40.272],[49.669,40.24],[49.573,40.176],[49.552,40.091],[49.541,39.879],[49.446,39.655],[49.403,39.485],[49.499,39.379],[49.488,39.294],[49.382,39.326],[49.339,39.283],[49.275,39.017],[49.222,39.038],[49.18,39.145],[49.116,39.187],[49.041,39.145],[49.02,39.006],[49.052,38.932],[48.946,38.836],[48.988,38.719],[48.825,38.31],[48.832,38.306],[48.809,37.989],[48.745,37.727],[48.837,37.511],[49.06,37.398],[49.476,37.292],[49.848,37.268],[50.039,37.225],[50.111,37.098],[50.252,36.895],[50.561,36.686],[51.417,36.456],[51.796,36.432],[51.993,36.459],[52.602,36.577],[53.139,36.644],[53.8,36.679],[53.984,36.782],[54.067,36.942],[54.009,37.349],[54.214,37.337],[54.467,37.396],[54.676,37.531],[54.956,37.825],[55.17,37.973],[55.356,38.038],[55.63,38.052],[55.981,38.035],[56.131,38.048],[56.363,38.202],[56.517,38.261],[57.225,38.188],[57.407,37.992],[57.725,37.879],[58.095,37.728],[58.675,37.674],[58.972,37.599],[59.24,37.448],[60,36.874],[60,34]]]]}},{"type":"Feature","properties":{"NAME":"central Asian khanates","ABBREVN":"central Asian khanates","SUBJECTO":"central Asian khanates","BORDERPRECISION":3,"PARTOF":"central Asian khanates"},"geometry":{"type":"MultiPolygon","coordinates":[[[[59.447,45.188],[59.461,45.055],[59.238,44.797],[59.046,44.955],[59.133,45.195],[59.285,45.275],[59.447,45.188]]],[[[59.901,45.696],[60,45.707],[60,45.648],[59.913,45.598],[59.793,45.59],[59.763,45.632],[59.777,45.701],[59.901,45.696]]]]}},{"type":"Feature","properties":{"NAME":"Morocco","ABBREVN":"Morocco","SUBJECTO":"Morocco","BORDERPRECISION":3,"PARTOF":"Morocco"},"geometry":{"type":"MultiPolygon","coordinates":[[[[-2.193,35.054],[-2.077,34.826],[-1.823,34.7],[-1.738,34.605],[-1.664,34.205],[-1.669,34],[-6.878,34],[-6.753,34.123],[-6.511,34.454],[-6.302,34.861],[-5.929,35.728],[-5.808,35.785],[-5.565,35.862],[-5.479,35.805],[-5.172,35.424],[-5.11,35.379],[-4.593,35.151],[-4.295,35.152],[-4.028,35.133],[-3.441,35.166],[-3.206,35.269],[-3.009,35.39],[-2.83,35.142],[-2.715,35.098],[-2.356,35.054],[-2.193,35.054]]]]}},{"type":"Feature","properties":{"NAME":"Lombardy","ABBREVN":"Lombardy","SUBJECTO":"Austrian Empire","BORDERPRECISION":3,"PARTOF":"Lombardy"},"geometry":{"type":"Polygon","coordinates":[[[8.45,45.519],[8.583,45.287],[8.815,45.17],[9.048,45.154],[9.131,45.121],[9.662,45.22],[10.293,45.021],[10.856,45.051],[10.824,45.353],[10.675,45.353],[10.642,45.469],[10.66,45.807],[10.525,45.739],[10.457,46.212],[10.558,46.313],[10.558,46.718],[10.396,46.887],[10.339,46.748],[10.389,46.653],[10.372,46.566],[10.23,46.589],[10.151,46.662],[10.024,46.621],[9.987,46.498],[10.097,46.439],[9.995,46.252],[9.885,46.403],[9.674,46.38],[9.642,46.325],[9.545,46.312],[9.46,46.379],[9.46,46.511],[9.283,46.499],[9.249,46.239],[9.009,46.041],[8.989,45.975],[9.088,45.905],[9.029,45.824],[8.911,45.835],[8.897,45.956],[8.785,45.993],[8.851,46.079],[8.637,46.117],[8.55,46.001],[8.467,45.768],[8.45,45.519]]]}},{"type":"Feature","properties":{"NAME":"Venetia","ABBREVN":"Venetia","SUBJECTO":"Austrian Empire","BORDERPRECISION":3,"PARTOF":"Venetia"},"geometry":{"type":"Polygon","coordinates":[[[10.642,45.469],[10.675,45.353],[10.824,45.353],[10.856,45.051],[11.24,45.071],[11.605,44.905],[11.771,45.071],[11.887,45.087],[11.97,45.038],[12.053,45.021],[12.037,45.137],[12.136,45.104],[12.378,44.732],[12.476,44.787],[12.523,44.883],[12.409,44.989],[12.322,45.042],[12.313,45.178],[12.176,45.214],[12.18,45.27],[12.251,45.29],[12.28,45.402],[12.483,45.462],[12.654,45.495],[12.921,45.606],[13.097,45.637],[13.156,45.727],[13.368,45.694],[13.438,45.638],[13.565,45.727],[13.673,45.715],[13.8,45.566],[13.825,45.663],[13.697,45.752],[13.535,45.801],[13.592,45.964],[13.441,46.004],[13.606,46.132],[13.522,46.216],[13.389,46.216],[13.344,46.285],[13.621,46.421],[13.569,46.51],[13.354,46.561],[12.952,46.597],[12.362,46.709],[12.218,46.884],[12.075,46.928],[11.74,46.752],[11.908,46.414],[11.571,46.245],[11.571,45.975],[11.335,46.009],[11.233,46.009],[11.166,45.739],[10.93,45.84],[10.795,45.638],[10.66,45.807],[10.642,45.469]]]}},{"type":"Feature","properties":{"NAME":"Parma","ABBREVN":"Parma","SUBJECTO":"Austrian Empire","BORDERPRECISION":3,"PARTOF":"Parma"},"geometry":{"type":"Polygon","coordinates":[[[9.131,44.789],[9.23,44.772],[9.297,44.54],[9.363,44.556],[9.396,44.44],[9.479,44.473],[9.572,44.437],[9.596,44.573],[9.745,44.606],[9.895,44.556],[9.978,44.407],[10.127,44.357],[10.193,44.49],[10.243,44.49],[10.36,44.689],[10.276,44.905],[10.393,45.026],[10.293,45.021],[9.662,45.22],[9.131,45.121],[9.131,44.789]]]}},{"type":"Feature","properties":{"NAME":"Kingdom of Sardinia","ABBREVN":"Sardinia","SUBJECTO":"Kingdom of Sardinia","BORDERPRECISION":3,"PARTOF":"Kingdom of Sardinia"},"geometry":{"type":"Polygon","coordinates":[[[5.823,45.396],[5.935,45.322],[5.947,45.26],[6.058,45.223],[6.033,45.334],[6.083,45.372],[6.145,45.322],[6.219,45.347],[6.268,45.322],[6.243,45.297],[6.28,45.199],[6.507,45.116],[6.665,44.955],[6.943,44.869],[7.003,44.72],[6.925,44.715],[6.783,44.548],[6.87,44.349],[6.787,44.297],[6.787,44.198],[6.836,44.112],[6.886,44.149],[6.935,44.136],[6.972,44.062],[6.997,44.05],[6.923,43.976],[6.96,43.914],[6.886,43.902],[6.923,43.815],[7.355,43.902],[7.397,43.764],[7.473,43.814],[7.468,43.825],[7.485,43.824],[7.485,43.822],[7.553,43.867],[7.689,43.887],[7.98,43.965],[8.186,44.126],[8.672,44.417],[8.897,44.437],[9.157,44.373],[9.692,44.22],[9.825,44.153],[9.878,44.29],[9.828,44.29],[9.778,44.357],[9.479,44.473],[9.396,44.44],[9.363,44.556],[9.297,44.54],[9.23,44.772],[9.131,44.789],[9.131,45.121],[9.048,45.154],[8.815,45.17],[8.583,45.287],[8.45,45.519],[8.467,45.768],[8.55,46.001],[8.637,46.117],[8.622,46.121],[8.443,46.251],[8.437,46.466],[8.089,46.268],[8.154,46.146],[7.79,45.927],[7.507,46.003],[7.225,45.911],[6.955,45.939],[6.91,46.13],[6.807,46.394],[6.726,46.408],[6.637,46.407],[6.545,46.395],[6.515,46.405],[6.484,46.393],[6.477,46.376],[6.414,46.36],[6.384,46.342],[6.108,46.126],[5.941,46.176],[5.935,46.026],[5.86,46.026],[5.947,45.816],[5.897,45.742],[5.922,45.656],[5.91,45.507],[5.848,45.52],[5.823,45.396]]]}},{"type":"Feature","properties":{"NAME":"Papal States","ABBREVN":"Papal States","SUBJECTO":"Papal States","BORDERPRECISION":3,"PARTOF":"Papal States"},"geometry":{"type":"Polygon","coordinates":[[[11.14,44.34],[11.202,44.143],[11.323,44.158],[11.289,44.224],[11.455,44.274],[11.572,44.224],[11.555,44.191],[11.704,44.224],[11.688,44.257],[11.738,44.357],[11.804,44.34],[11.854,44.357],[11.904,44.324],[11.887,44.257],[11.937,44.091],[12.02,44.174],[12.086,44.174],[12.053,44.108],[12.037,43.925],[12.086,43.842],[12.169,43.892],[12.219,43.892],[12.12,43.743],[12.103,43.61],[12.12,43.477],[12.219,43.344],[12.302,43.344],[12.302,43.278],[12.219,43.228],[12.153,43.062],[12.169,42.912],[12.186,42.912],[12.153,42.696],[12.169,42.63],[12.053,42.53],[12.07,42.298],[12.003,42.248],[12.02,42.099],[11.963,42.005],[12.395,41.73],[12.642,41.531],[12.977,41.371],[13.271,41.314],[13.498,41.302],[13.761,41.207],[13.813,41.318],[13.979,41.335],[14.029,41.401],[13.963,41.468],[13.963,41.518],[13.929,41.634],[13.88,41.634],[13.88,41.667],[13.929,41.75],[13.863,41.783],[13.863,41.75],[13.647,41.8],[13.647,41.75],[13.597,41.8],[13.564,41.866],[13.631,41.933],[13.631,42.016],[13.581,42.049],[13.581,42.099],[13.415,42.198],[13.465,42.232],[13.415,42.364],[13.548,42.431],[13.631,42.53],[13.714,42.398],[13.763,42.464],[13.83,42.481],[13.83,42.564],[13.929,42.53],[13.996,42.613],[14.076,42.634],[13.915,42.873],[13.792,43.123],[13.732,43.374],[13.601,43.535],[12.697,43.935],[12.345,44.301],[12.281,44.55],[12.274,44.673],[12.378,44.732],[12.136,45.104],[12.037,45.137],[12.053,45.021],[11.97,45.038],[11.887,45.087],[11.771,45.071],[11.605,44.905],[11.24,45.071],[11.17,45.067],[11.339,44.855],[11.256,44.789],[11.173,44.606],[11.289,44.456],[11.289,44.373],[11.14,44.34]],[[12.404,43.956],[12.439,43.957],[12.504,43.99],[12.517,43.99],[12.506,43.971],[12.516,43.942],[12.494,43.919],[12.488,43.897],[12.45,43.895],[12.441,43.906],[12.408,43.902],[12.408,43.922],[12.415,43.929],[12.404,43.956]]]}},{"type":"Feature","properties":{"NAME":"Pontremoli","ABBREVN":"Pontremoli","SUBJECTO":"Pontremoli","BORDERPRECISION":3,"PARTOF":"Pontremoli"},"geometry":{"type":"Polygon","coordinates":[[[9.572,44.437],[9.778,44.357],[9.828,44.29],[9.878,44.29],[9.892,44.343],[9.954,44.333],[9.978,44.407],[9.895,44.556],[9.745,44.606],[9.596,44.573],[9.572,44.437]]]}},{"type":"Feature","properties":{"NAME":"Fivizzano","ABBREVN":"Fivizzano","SUBJECTO":"Fivizzano","BORDERPRECISION":3,"PARTOF":"Fivizzano"},"geometry":{"type":"Polygon","coordinates":[[[10.037,44.292],[10.141,44.219],[10.172,44.312],[10.127,44.357],[10.056,44.38],[10.037,44.292]]]}},{"type":"Feature","properties":{"NAME":"Lucca","ABBREVN":"Lucca","SUBJECTO":"Lucca","BORDERPRECISION":3,"PARTOF":"Lucca"},"geometry":{"type":"Polygon","coordinates":[[[10.261,43.745],[10.292,43.705],[10.338,43.596],[10.503,43.609],[10.596,43.578],[10.751,43.63],[10.689,43.867],[10.73,43.981],[10.692,44.091],[10.592,44.141],[10.542,44.091],[10.509,44.091],[10.36,43.859],[10.326,43.892],[10.261,43.745]]]}},{"type":"Feature","properties":{"NAME":"Tuscany","ABBREVN":"Tuscany","SUBJECTO":"Tuscany","BORDERPRECISION":3,"PARTOF":"Tuscany"},"geometry":{"type":"Polygon","coordinates":[[[10.338,43.596],[10.488,43.236],[10.743,42.851],[11.105,42.549],[11.497,42.376],[11.96,42.007],[12.02,42.099],[12.003,42.248],[12.07,42.298],[12.053,42.53],[12.169,42.63],[12.153,42.696],[12.186,42.912],[12.169,42.912],[12.153,43.062],[12.219,43.228],[12.302,43.278],[12.302,43.344],[12.219,43.344],[12.12,43.477],[12.103,43.61],[12.12,43.743],[12.219,43.892],[12.169,43.892],[12.086,43.842],[12.037,43.925],[12.053,44.108],[12.086,44.174],[12.02,44.174],[11.937,44.091],[11.887,44.257],[11.904,44.324],[11.854,44.357],[11.804,44.34],[11.738,44.357],[11.688,44.257],[11.704,44.224],[11.555,44.191],[11.572,44.224],[11.455,44.274],[11.289,44.224],[11.323,44.158],[11.057,44.124],[11.057,44.158],[10.957,44.158],[10.824,44.207],[10.708,44.174],[10.692,44.091],[10.73,43.981],[10.689,43.867],[10.751,43.63],[10.596,43.578],[10.503,43.609],[10.338,43.596]]]}},{"type":"Feature","properties":{"NAME":"Modena","ABBREVN":"Modena","SUBJECTO":"Austrian Empire","BORDERPRECISION":3,"PARTOF":"Modena"},"geometry":{"type":"Polygon","coordinates":[[[9.825,44.153],[9.909,44.11],[10.155,43.881],[10.286,43.981],[10.41,43.937],[10.509,44.091],[10.542,44.091],[10.592,44.141],[10.692,44.091],[10.708,44.174],[10.824,44.207],[10.957,44.158],[11.057,44.158],[11.057,44.124],[11.202,44.143],[11.14,44.34],[11.289,44.373],[11.289,44.456],[11.173,44.606],[11.256,44.789],[11.339,44.855],[11.17,45.067],[10.393,45.026],[10.276,44.905],[10.36,44.689],[10.243,44.49],[10.193,44.49],[10.127,44.357],[10.172,44.312],[10.141,44.219],[10.037,44.292],[10.056,44.38],[9.978,44.407],[9.954,44.333],[9.892,44.343],[9.825,44.153]]]}},{"type":"Feature","properties":{"NAME":"Massa","ABBREVN":"Massa","SUBJECTO":"Massa","BORDERPRECISION":3,"PARTOF":"Massa"},"geometry":{"type":"Polygon","coordinates":[[[10.155,43.881],[10.261,43.745],[10.326,43.892],[10.36,43.859],[10.41,43.937],[10.286,43.981],[10.155,43.881]]]}},{"type":"Feature","properties":{"NAME":"Bavaria","ABBREVN":"Bavaria","SUBJECTO":"Bavaria","BORDERPRECISION":3,"PARTOF":"Bavaria"},"geometry":{"type":"Polygon","coordinates":[[[8.824,50.229],[8.929,49.669],[8.846,49.69],[8.971,49.481],[9.075,49.377],[9.159,49.398],[9.221,49.523],[9.325,49.523],[9.305,49.627],[9.409,49.669],[9.471,49.648],[9.596,49.648],[9.596,49.607],[9.638,49.586],[9.638,49.294],[9.805,49.315],[9.805,49.169],[9.763,48.96],[9.659,48.877],[9.659,48.772],[9.722,48.627],[9.722,48.355],[9.576,48.293],[9.638,47.709],[9.466,47.648],[9.502,47.646],[9.534,47.597],[9.563,47.585],[9.601,47.585],[9.607,47.572],[9.628,47.57],[9.653,47.556],[9.665,47.556],[9.737,47.616],[9.78,47.567],[9.892,47.564],[9.938,47.502],[10.026,47.48],[10.021,47.406],[10.138,47.389],[10.103,47.301],[10.2,47.301],[10.403,47.455],[10.388,47.579],[10.495,47.56],[10.613,47.585],[10.835,47.545],[10.877,47.48],[10.903,47.415],[11.17,47.424],[11.34,47.471],[11.36,47.53],[11.503,47.536],[11.56,47.613],[12.122,47.628],[12.163,47.709],[12.358,47.724],[12.446,47.662],[12.7,47.69],[12.765,47.638],[12.744,47.564],[12.942,47.483],[12.979,47.508],[13.023,47.662],[12.998,47.734],[12.848,47.74],[12.936,47.873],[12.694,48.129],[12.858,48.232],[13.294,48.365],[13.367,48.442],[13.384,48.594],[13.444,48.606],[13.64,48.538],[13.947,48.655],[13.745,48.94],[13.652,48.956],[13.578,49.037],[13.48,48.999],[13.397,49.09],[13.203,49.166],[12.945,49.398],[12.861,49.366],[12.646,49.485],[12.536,49.563],[12.52,49.668],[12.448,49.706],[12.484,49.889],[12.554,50.002],[12.368,50.046],[12.252,50.216],[12.115,50.173],[12.002,50.248],[11.94,50.21],[11.842,50.327],[11.619,50.253],[11.306,50.19],[11.245,50.288],[11.283,50.459],[11.036,50.531],[10.889,50.441],[10.952,50.232],[10.91,50.003],[10.868,50.003],[10.868,49.961],[10.576,49.961],[10.43,50.065],[10.222,50.065],[10.18,49.961],[10.118,50.003],[10.118,50.065],[9.972,50.232],[9.888,50.378],[9.784,50.378],[9.763,50.503],[9.694,50.505],[9.571,50.445],[9.493,50.423],[9.387,50.491],[9.295,50.314],[9.197,50.308],[9.171,50.275],[9.021,50.288],[9.021,50.321],[8.91,50.301],[8.87,50.243],[8.923,50.249],[8.968,50.197],[8.91,50.197],[8.824,50.229]]]}},{"type":"Feature","properties":{"NAME":"Württemberg","ABBREVN":"Württemberg","SUBJECTO":"Württemberg","BORDERPRECISION":3,"PARTOF":"Württemberg"},"geometry":{"type":"Polygon","coordinates":[[[8.022,48.458],[8.397,47.911],[8.512,48.112],[8.512,48.141],[8.291,48.281],[8.291,48.352],[8.522,48.292],[8.612,48.231],[8.682,47.97],[8.594,47.889],[8.635,47.779],[8.659,47.715],[8.748,47.721],[8.815,47.681],[8.983,47.68],[9.006,47.695],[8.994,47.707],[8.94,47.726],[8.959,47.737],[9.014,47.72],[8.987,47.743],[9.101,47.702],[9.109,47.69],[9.084,47.69],[9.048,47.708],[9.043,47.693],[9.081,47.683],[9.113,47.686],[9.118,47.679],[9.199,47.678],[9.216,47.671],[9.211,47.683],[9.188,47.699],[9.201,47.707],[9.18,47.705],[9.174,47.734],[9.067,47.78],[9.031,47.805],[9.043,47.818],[9.106,47.792],[9.132,47.772],[9.226,47.739],[9.237,47.711],[9.348,47.661],[9.421,47.666],[9.464,47.649],[9.638,47.709],[9.576,48.293],[9.722,48.355],[9.722,48.627],[9.659,48.772],[9.659,48.877],[9.763,48.96],[9.805,49.169],[9.805,49.315],[9.638,49.294],[9.638,49.273],[9.471,49.21],[9.428,49.095],[9.261,49.063],[8.887,48.775],[8.858,48.717],[8.743,48.833],[8.368,48.487],[8.022,48.458]]]}},{"type":"Feature","properties":{"NAME":null,"ABBREVN":null,"SUBJECTO":null,"BORDERPRECISION":3,"PARTOF":null},"geometry":{"type":"Polygon","coordinates":[[[19.034,57.901],[19.078,57.858],[19.126,57.84],[19.142,57.908],[19.163,57.927],[19.257,57.949],[19.287,57.937],[19.334,57.956],[19.332,57.965],[19.296,57.977],[19.105,57.975],[19.089,57.97],[19.036,57.919],[19.034,57.901]]]}},{"type":"Feature","properties":{"NAME":null,"ABBREVN":null,"SUBJECTO":null,"BORDERPRECISION":3,"PARTOF":null},"geometry":{"type":"Polygon","coordinates":[[[18.11,57.496],[18.142,57.409],[18.158,57.316],[18.148,57.235],[18.173,57.142],[18.254,57.079],[18.257,57.032],[18.158,56.942],[18.14,56.915],[18.206,56.912],[18.302,56.937],[18.347,56.999],[18.336,57.017],[18.341,57.074],[18.397,57.134],[18.712,57.242],[18.788,57.448],[18.769,57.467],[18.76,57.508],[18.809,57.704],[18.849,57.721],[18.929,57.74],[19.033,57.827],[19.005,57.909],[18.725,57.923],[18.682,57.914],[18.467,57.812],[18.382,57.719],[18.295,57.646],[18.179,57.588],[18.119,57.531],[18.11,57.496]]]}},{"type":"Feature","properties":{"NAME":null,"ABBREVN":null,"SUBJECTO":null,"BORDERPRECISION":3,"PARTOF":null},"geometry":{"type":"MultiPolygon","coordinates":[[[[26.769,37.176],[26.821,37.111],[26.854,37.097],[26.887,37.097],[26.889,37.109],[26.855,37.183],[26.786,37.191],[26.769,37.176]]],[[[26.882,37.069],[26.919,36.947],[26.936,36.932],[26.97,36.924],[27.046,36.944],[27.048,36.994],[26.986,37.044],[26.891,37.076],[26.882,37.069]]],[[[26.918,36.755],[26.923,36.706],[26.946,36.679],[26.971,36.672],[26.966,36.704],[26.971,36.736],[26.981,36.747],[27.243,36.827],[27.329,36.843],[27.355,36.859],[27.353,36.872],[27.341,36.885],[27.284,36.901],[27.177,36.889],[27.061,36.837],[26.918,36.755]]],[[[27.719,35.941],[27.733,35.911],[27.781,35.89],[27.843,35.914],[27.866,35.932],[27.946,36.035],[28.009,36.069],[28.064,36.112],[28.123,36.186],[28.207,36.344],[28.238,36.431],[28.226,36.453],[28.216,36.458],[28.207,36.442],[28.068,36.405],[27.896,36.332],[27.803,36.268],[27.72,36.166],[27.741,36.104],[27.731,35.979],[27.719,35.941]]]]}},{"type":"Feature","properties":{"NAME":"Kingdom of Sardinia","ABBREVN":"Sardinia","SUBJECTO":"Kingdom of Sardinia","BORDERPRECISION":3,"PARTOF":"Kingdom of Sardinia"},"geometry":{"type":"Polygon","coordinates":[[[8.159,40.785],[8.202,40.663],[8.428,40.465],[8.488,40.209],[8.508,39.946],[8.465,39.64],[8.374,39.308],[8.417,39.212],[8.582,39.066],[8.696,38.996],[8.82,38.977],[8.931,39.054],[8.999,39.175],[9.063,39.22],[9.296,39.233],[9.479,39.144],[9.648,39.457],[9.698,39.693],[9.631,40.096],[9.696,40.314],[9.788,40.442],[9.794,40.564],[9.591,40.903],[9.306,41.184],[8.918,40.94],[8.766,40.863],[8.241,40.855],[8.159,40.785]]]}},{"type":"Feature","properties":{"NAME":"Switzerland","ABBREVN":"Switzerland","SUBJECTO":"Switzerland","BORDERPRECISION":3,"PARTOF":"Switzerland"},"geometry":{"type":"MultiPolygon","coordinates":[[[[5.941,46.176],[6.108,46.126],[6.384,46.342],[6.361,46.348],[6.344,46.37],[6.304,46.366],[6.278,46.35],[6.235,46.289],[6.199,46.264],[6.194,46.238],[6.172,46.212],[6.148,46.207],[6.171,46.296],[6.248,46.386],[6.274,46.39],[6.291,46.423],[6.347,46.461],[6.399,46.459],[6.449,46.474],[6.511,46.516],[6.559,46.507],[6.592,46.518],[6.689,46.5],[6.721,46.486],[6.746,46.487],[6.777,46.473],[6.832,46.467],[6.858,46.449],[6.901,46.44],[6.931,46.408],[6.919,46.395],[6.861,46.396],[6.857,46.385],[6.807,46.394],[6.91,46.13],[6.955,45.939],[7.225,45.911],[7.507,46.003],[7.79,45.927],[8.154,46.146],[8.089,46.268],[8.437,46.466],[8.443,46.251],[8.622,46.121],[8.851,46.079],[8.785,45.993],[8.897,45.956],[8.911,45.835],[9.029,45.824],[9.088,45.905],[8.989,45.975],[9.009,46.041],[9.249,46.239],[9.283,46.499],[9.46,46.511],[9.46,46.379],[9.545,46.312],[9.642,46.325],[9.674,46.38],[9.885,46.403],[9.995,46.252],[10.097,46.439],[9.987,46.498],[10.024,46.621],[10.151,46.662],[10.23,46.589],[10.372,46.566],[10.389,46.653],[10.339,46.748],[10.396,46.887],[10.409,46.965],[10.312,47.017],[10.052,46.868],[9.804,46.977],[9.801,47.042],[9.605,47.061],[9.56,47.049],[9.541,47.064],[9.476,47.052],[9.475,47.067],[9.513,47.085],[9.519,47.097],[9.512,47.132],[9.486,47.184],[9.51,47.225],[9.465,47.286],[9.584,47.409],[9.539,47.487],[9.482,47.482],[9.466,47.496],[9.436,47.507],[9.437,47.519],[9.387,47.544],[9.382,47.571],[9.3,47.611],[9.191,47.648],[9.178,47.664],[9.096,47.666],[9.09,47.673],[9.066,47.674],[8.983,47.67],[8.961,47.657],[8.907,47.645],[8.86,47.657],[8.894,47.652],[8.936,47.659],[8.983,47.68],[8.815,47.681],[8.748,47.721],[8.659,47.715],[8.635,47.779],[8.332,47.693],[8.412,47.604],[8.253,47.594],[8.128,47.644],[7.873,47.573],[7.751,47.616],[7.628,47.564],[7.507,47.604],[7.333,47.465],[7.121,47.468],[7.123,47.511],[6.922,47.514],[6.823,47.378],[6.892,47.366],[6.944,47.326],[6.866,47.31],[6.629,47.088],[6.623,47.054],[6.364,46.946],[6.382,46.804],[6.058,46.616],[6.019,46.484],[6.055,46.422],[6.049,46.277],[5.941,46.176]]],[[[9.118,47.679],[9.124,47.671],[9.218,47.666],[9.216,47.671],[9.199,47.678],[9.118,47.679]]]]}},{"type":"Feature","properties":{"NAME":null,"ABBREVN":null,"SUBJECTO":null,"BORDERPRECISION":3,"PARTOF":null},"geometry":{"type":"MultiPolygon","coordinates":[[[[-4.153,53.226],[-4.218,53.2],[-4.326,53.145],[-4.351,53.124],[-4.402,53.126],[-4.494,53.189],[-4.567,53.273],[-4.569,53.388],[-4.56,53.397],[-4.429,53.424],[-4.314,53.412],[-4.277,53.398],[-4.222,53.322],[-4.047,53.303],[-4.09,53.255],[-4.153,53.226]]]]}},{"type":"Feature","properties":{"NAME":null,"ABBREVN":null,"SUBJECTO":null,"BORDERPRECISION":3,"PARTOF":null},"geometry":{"type":"MultiPolygon","coordinates":[[[[-5.104,55.439],[-5.232,55.43],[-5.34,55.475],[-5.4,55.601],[-5.381,55.669],[-5.295,55.717],[-5.239,55.714],[-5.16,55.679],[-5.085,55.557],[-5.076,55.455],[-5.104,55.439]]]]}},{"type":"Feature","properties":{"NAME":null,"ABBREVN":null,"SUBJECTO":null,"BORDERPRECISION":3,"PARTOF":null},"geometry":{"type":"MultiPolygon","coordinates":[[[[-6.122,55.879],[-6.098,55.797],[-6.088,55.784],[-6.052,55.767],[-6.03,55.721],[-6.025,55.681],[-6.077,55.65],[-6.274,55.573],[-6.326,55.587],[-6.322,55.615],[-6.286,55.707],[-6.253,55.764],[-6.251,55.771],[-6.265,55.778],[-6.338,55.78],[-6.38,55.728],[-6.449,55.68],[-6.485,55.669],[-6.509,55.682],[-6.495,55.734],[-6.45,55.849],[-6.442,55.854],[-6.37,55.869],[-6.31,55.864],[-6.137,55.934],[-6.119,55.922],[-6.122,55.879]]]]}},{"type":"Feature","properties":{"NAME":null,"ABBREVN":null,"SUBJECTO":null,"BORDERPRECISION":3,"PARTOF":null},"geometry":{"type":"MultiPolygon","coordinates":[[[[-5.947,55.83],[-5.972,55.788],[-6.027,55.792],[-6.063,55.804],[-6.076,55.816],[-6.088,55.877],[-6.079,55.906],[-5.968,56.024],[-5.809,56.11],[-5.711,56.15],[-5.694,56.147],[-5.685,56.126],[-5.691,56.107],[-5.746,56.064],[-5.947,55.83]]]]}},{"type":"Feature","properties":{"NAME":null,"ABBREVN":null,"SUBJECTO":null,"BORDERPRECISION":3,"PARTOF":null},"geometry":{"type":"MultiPolygon","coordinates":[[[[-7.467,56.941],[-7.55,56.947],[-7.56,56.96],[-7.44,57.054],[-7.419,57.044],[-7.378,56.982],[-7.435,56.945],[-7.467,56.941]]]]}},{"type":"Feature","properties":{"NAME":null,"ABBREVN":null,"SUBJECTO":null,"BORDERPRECISION":3,"PARTOF":null},"geometry":{"type":"MultiPolygon","coordinates":[[[[-7.223,57.337],[-7.252,57.327],[-7.285,57.336],[-7.288,57.322],[-7.259,57.152],[-7.215,57.114],[-7.226,57.097],[-7.287,57.106],[-7.356,57.099],[-7.381,57.109],[-7.417,57.182],[-7.425,57.382],[-7.368,57.401],[-7.336,57.396],[-7.272,57.375],[-7.223,57.337]]]]}},{"type":"Feature","properties":{"NAME":null,"ABBREVN":null,"SUBJECTO":null,"BORDERPRECISION":3,"PARTOF":null},"geometry":{"type":"MultiPolygon","coordinates":[[[[-7.269,57.399],[-7.314,57.4],[-7.388,57.424],[-7.409,57.448],[-7.406,57.464],[-7.351,57.489],[-7.244,57.476],[-7.205,57.461],[-7.202,57.419],[-7.269,57.399]]]]}},{"type":"Feature","properties":{"NAME":null,"ABBREVN":null,"SUBJECTO":null,"BORDERPRECISION":3,"PARTOF":null},"geometry":{"type":"MultiPolygon","coordinates":[[[[-7.189,57.687],[-7.067,57.637],[-7.154,57.509],[-7.321,57.505],[-7.325,57.544],[-7.412,57.568],[-7.477,57.562],[-7.543,57.591],[-7.491,57.646],[-7.473,57.655],[-7.275,57.656],[-7.245,57.677],[-7.189,57.687]]]]}},{"type":"Feature","properties":{"NAME":null,"ABBREVN":null,"SUBJECTO":null,"BORDERPRECISION":3,"PARTOF":null},"geometry":{"type":"MultiPolygon","coordinates":[[[[-7.006,57.881],[-7.074,57.878],[-7.077,57.893],[-7.033,57.916],[-6.994,57.919],[-6.997,57.891],[-7.006,57.881]]]]}},{"type":"Feature","properties":{"NAME":null,"ABBREVN":null,"SUBJECTO":null,"BORDERPRECISION":3,"PARTOF":null},"geometry":{"type":"MultiPolygon","coordinates":[[[[-6.802,58.203],[-6.869,58.204],[-6.89,58.252],[-6.854,58.25],[-6.81,58.229],[-6.794,58.218],[-6.791,58.207],[-6.802,58.203]]]]}},{"type":"Feature","properties":{"NAME":null,"ABBREVN":null,"SUBJECTO":null,"BORDERPRECISION":3,"PARTOF":null},"geometry":{"type":"MultiPolygon","coordinates":[[[[-6.204,58.356],[-6.232,58.318],[-6.324,58.264],[-6.328,58.238],[-6.325,58.232],[-6.277,58.223],[-6.221,58.234],[-6.168,58.261],[-6.148,58.256],[-6.158,58.218],[-6.172,58.207],[-6.225,58.184],[-6.264,58.177],[-6.329,58.183],[-6.367,58.159],[-6.382,58.13],[-6.497,58.097],[-6.62,58.082],[-6.497,58.087],[-6.396,58.105],[-6.354,58.033],[-6.458,57.968],[-6.474,57.94],[-6.571,57.911],[-6.662,57.924],[-6.699,57.967],[-6.706,58.008],[-6.697,58.021],[-6.653,58.048],[-6.594,58.046],[-6.6,58.054],[-6.684,58.057],[-6.761,57.998],[-6.726,57.954],[-6.685,57.934],[-6.661,57.885],[-6.735,57.826],[-6.973,57.725],[-7.124,57.821],[-7.127,57.833],[-7.118,57.838],[-7.066,57.821],[-6.83,57.901],[-6.879,57.932],[-6.935,57.95],[-6.985,57.959],[-7.036,57.953],[-7.075,57.962],[-7.113,57.984],[-7.084,58.008],[-7.056,58.02],[-7.058,58.036],[-7.094,58.071],[-7.128,58.13],[-7.094,58.182],[-7.041,58.233],[-7.001,58.234],[-6.908,58.213],[-6.908,58.206],[-6.936,58.188],[-6.862,58.104],[-6.873,58.179],[-6.805,58.196],[-6.75,58.185],[-6.745,58.197],[-6.787,58.229],[-6.808,58.26],[-6.818,58.28],[-6.798,58.302],[-6.673,58.349],[-6.652,58.349],[-6.647,58.342],[-6.55,58.363],[-6.293,58.488],[-6.267,58.512],[-6.223,58.496],[-6.166,58.425],[-6.204,58.356]]]]}},{"type":"Feature","properties":{"NAME":null,"ABBREVN":null,"SUBJECTO":null,"BORDERPRECISION":3,"PARTOF":null},"geometry":{"type":"MultiPolygon","coordinates":[[[[-2.918,58.732],[-2.948,58.731],[-2.971,58.742],[-3.037,58.818],[-3.004,58.833],[-2.916,58.839],[-2.886,58.832],[-2.878,58.824],[-2.918,58.732]]]]}},{"type":"Feature","properties":{"NAME":null,"ABBREVN":null,"SUBJECTO":null,"BORDERPRECISION":3,"PARTOF":null},"geometry":{"type":"MultiPolygon","coordinates":[[[[-3.231,58.776],[-3.301,58.778],[-3.431,58.871],[-3.418,58.904],[-3.398,58.917],[-3.336,58.927],[-3.228,58.885],[-3.136,58.804],[-3.142,58.785],[-3.231,58.776]]]]}},{"type":"Feature","properties":{"NAME":null,"ABBREVN":null,"SUBJECTO":null,"BORDERPRECISION":3,"PARTOF":null},"geometry":{"type":"MultiPolygon","coordinates":[[[[-2.793,58.951],[-2.756,58.918],[-2.824,58.879],[-2.97,58.939],[-3.057,58.936],[-3.195,58.911],[-3.346,58.966],[-3.368,59.01],[-3.351,59.106],[-3.317,59.129],[-3.219,59.149],[-3.077,59.122],[-2.998,59.07],[-2.996,59.056],[-2.947,58.998],[-2.852,58.976],[-2.793,58.951]]]]}},{"type":"Feature","properties":{"NAME":null,"ABBREVN":null,"SUBJECTO":null,"BORDERPRECISION":3,"PARTOF":null},"geometry":{"type":"MultiPolygon","coordinates":[[[[-2.681,59.196],[-2.686,59.184],[-2.694,59.197],[-2.684,59.221],[-2.593,59.291],[-2.556,59.303],[-2.407,59.314],[-2.39,59.283],[-2.496,59.245],[-2.621,59.236],[-2.681,59.196]]]]}},{"type":"Feature","properties":{"NAME":null,"ABBREVN":null,"SUBJECTO":null,"BORDERPRECISION":3,"PARTOF":null},"geometry":{"type":"MultiPolygon","coordinates":[[[[-2.89,59.295],[-2.85,59.268],[-2.853,59.249],[-2.877,59.229],[-2.877,59.259],[-2.937,59.284],[-2.972,59.287],[-2.977,59.273],[-2.999,59.261],[-3.076,59.331],[-2.89,59.295]]]]}},{"type":"Feature","properties":{"NAME":null,"ABBREVN":null,"SUBJECTO":null,"BORDERPRECISION":3,"PARTOF":null},"geometry":{"type":"MultiPolygon","coordinates":[[[[-1.296,60.491],[-1.287,60.471],[-1.037,60.444],[-1.101,60.276],[-1.164,60.258],[-1.187,60.27],[-1.201,60.263],[-1.186,60.231],[-1.126,60.152],[-1.147,60.132],[-1.171,60.137],[-1.212,60.103],[-1.221,60.022],[-1.26,59.862],[-1.269,59.851],[-1.307,59.857],[-1.372,59.892],[-1.378,59.902],[-1.332,59.997],[-1.306,60.013],[-1.263,60.107],[-1.262,60.131],[-1.291,60.241],[-1.41,60.255],[-1.364,60.23],[-1.353,60.209],[-1.358,60.192],[-1.449,60.151],[-1.52,60.181],[-1.527,60.187],[-1.52,60.201],[-1.665,60.231],[-1.693,60.28],[-1.691,60.288],[-1.655,60.303],[-1.427,60.321],[-1.346,60.34],[-1.32,60.356],[-1.446,60.461],[-1.554,60.476],[-1.61,60.474],[-1.593,60.508],[-1.547,60.536],[-1.416,60.605],[-1.302,60.637],[-1.287,60.613],[-1.296,60.491]]]]}},{"type":"Feature","properties":{"NAME":null,"ABBREVN":null,"SUBJECTO":null,"BORDERPRECISION":3,"PARTOF":null},"geometry":{"type":"MultiPolygon","coordinates":[[[[-1.029,60.496],[-1.127,60.486],[-1.14,60.489],[-1.17,60.527],[-1.184,60.603],[-1.179,60.633],[-1.11,60.726],[-1.099,60.73],[-0.991,60.72],[-0.982,60.656],[-1.029,60.496]]]]}},{"type":"Feature","properties":{"NAME":null,"ABBREVN":null,"SUBJECTO":null,"BORDERPRECISION":3,"PARTOF":null},"geometry":{"type":"MultiPolygon","coordinates":[[[[-0.82,60.689],[-0.835,60.673],[-0.936,60.674],[-0.966,60.688],[-0.939,60.794],[-0.878,60.844],[-0.806,60.841],[-0.768,60.829],[-0.758,60.818],[-0.764,60.793],[-0.82,60.689]]]]}},{"type":"Feature","properties":{"NAME":null,"ABBREVN":null,"SUBJECTO":null,"BORDERPRECISION":3,"PARTOF":null},"geometry":{"type":"MultiPolygon","coordinates":[[[[-6.655,61.389],[-6.719,61.407],[-6.846,61.468],[-6.958,61.599],[-6.963,61.619],[-6.945,61.637],[-6.889,61.645],[-6.724,61.573],[-6.709,61.558],[-6.642,61.401],[-6.655,61.389]]],[[[-6.604,61.822],[-6.63,61.761],[-6.652,61.743],[-6.705,61.777],[-6.841,61.817],[-6.866,61.837],[-6.909,61.901],[-6.905,61.908],[-6.864,61.907],[-6.783,61.897],[-6.661,61.859],[-6.604,61.822]]],[[[-7.05,62.068],[-7.063,62.049],[-7.202,62.019],[-7.192,62.04],[-7.227,62.064],[-7.251,62.043],[-7.346,62.052],[-7.378,62.065],[-7.431,62.116],[-7.435,62.14],[-7.223,62.159],[-7.163,62.129],[-7.045,62.094],[-7.04,62.088],[-7.05,62.068]]],[[[-6.707,61.937],[-6.725,61.934],[-6.773,61.95],[-6.869,61.997],[-6.961,62.047],[-7.035,62.112],[-7.13,62.126],[-7.232,62.172],[-7.234,62.193],[-7.211,62.285],[-7.196,62.305],[-7.135,62.304],[-7.066,62.282],[-7.045,62.243],[-6.991,62.193],[-6.841,62.124],[-6.725,62.035],[-6.696,61.979],[-6.707,61.937]]],[[[-6.62,62.23],[-6.686,62.245],[-6.712,62.294],[-6.721,62.331],[-6.626,62.253],[-6.62,62.23]]],[[[-6.657,62.092],[-6.657,62.056],[-6.922,62.167],[-7.025,62.238],[-7.062,62.296],[-7.06,62.314],[-6.95,62.338],[-6.807,62.29],[-6.601,62.197],[-6.588,62.134],[-6.657,62.092]]],[[[-6.419,62.184],[-6.518,62.169],[-6.572,62.212],[-6.588,62.24],[-6.551,62.251],[-6.549,62.301],[-6.574,62.35],[-6.542,62.357],[-6.522,62.318],[-6.493,62.291],[-6.392,62.258],[-6.389,62.251],[-6.407,62.192],[-6.419,62.184]]],[[[-6.586,62.256],[-6.62,62.267],[-6.664,62.322],[-6.661,62.372],[-6.632,62.371],[-6.566,62.296],[-6.566,62.265],[-6.586,62.256]]],[[[-6.406,62.284],[-6.48,62.298],[-6.547,62.384],[-6.519,62.397],[-6.489,62.381],[-6.392,62.297],[-6.406,62.284]]]]}},{"type":"Feature","properties":{"NAME":null,"ABBREVN":null,"SUBJECTO":null,"BORDERPRECISION":3,"PARTOF":null},"geometry":{"type":"MultiPolygon","coordinates":[[[[-4.778,54.056],[-4.789,54.063],[-4.714,54.214],[-4.618,54.254],[-4.578,54.297],[-4.553,54.344],[-4.527,54.367],[-4.443,54.398],[-4.368,54.417],[-4.354,54.411],[-4.309,54.293],[-4.394,54.186],[-4.491,54.127],[-4.624,54.069],[-4.705,54.08],[-4.778,54.056]]]]}},{"type":"Feature","properties":{"NAME":"Netherlands","ABBREVN":"Netherlands","SUBJECTO":"United Kingdom of Netherlands","BORDERPRECISION":3,"PARTOF":"United Kingdom of Netherlands"},"geometry":{"type":"Polygon","coordinates":[[[3.52,51.579],[3.743,51.46],[3.775,51.388],[3.766,51.381],[4.269,51.304],[5.079,51.392],[5.785,51.133],[5.738,50.783],[6.01,50.759],[6.074,50.867],[6.01,50.964],[5.928,50.981],[5.964,51.024],[6.176,51.144],[6.089,51.198],[6.222,51.389],[6.154,51.521],[6.117,51.64],[5.948,51.722],[5.979,51.804],[6.133,51.838],[6.211,51.88],[6.381,51.82],[6.68,51.888],[6.825,51.956],[6.882,52.126],[7.068,52.219],[7.069,52.366],[6.997,52.443],[6.912,52.416],[6.714,52.476],[6.727,52.558],[6.778,52.64],[7.035,52.624],[7.073,52.804],[7.228,52.967],[7.16,53.164],[7.043,53.164],[7.009,53.245],[6.861,53.266],[6.751,53.39],[6.261,53.322],[5.966,53.335],[5.39,53.139],[5.332,53.011],[5.343,52.996],[5.358,52.938],[5.326,52.79],[5.653,52.75],[5.547,52.679],[5.556,52.587],[5.611,52.532],[5.817,52.521],[5.757,52.334],[5.574,52.283],[5.473,52.177],[4.95,52.278],[5.036,52.334],[5.006,52.557],[5.108,52.532],[5.235,52.623],[5.173,52.743],[5.008,52.856],[4.719,52.802],[4.641,52.756],[4.387,52.23],[4.264,52.071],[3.878,51.792],[3.52,51.579]]]}},{"type":"Feature","properties":{"NAME":"Austrian Empire","ABBREVN":"Austria-Hung","SUBJECTO":"Austrian Empire","BORDERPRECISION":3,"PARTOF":"Austrian Empire"},"geometry":{"type":"MultiPolygon","coordinates":[[[[2.522,51.091],[2.616,50.89],[2.755,50.739],[2.875,50.682],[3.123,50.807],[3.192,50.731],[3.283,50.524],[3.37,50.465],[3.603,50.47],[3.675,50.334],[3.791,50.34],[4.051,50.318],[4.22,50.242],[4.148,50.134],[4.188,50.055],[4.156,49.966],[4.285,49.911],[4.467,49.945],[4.668,49.96],[4.755,50.101],[4.865,50.134],[4.812,49.966],[4.877,49.885],[4.86,49.782],[5.098,49.761],[5.418,49.583],[5.475,49.48],[5.788,49.559],[5.824,49.507],[5.884,49.664],[5.745,49.755],[5.738,49.902],[5.834,50.047],[6.007,50.15],[6.109,50.117],[6.298,50.287],[6.281,50.498],[6.155,50.662],[6,50.742],[6.01,50.759],[5.738,50.783],[5.785,51.133],[5.079,51.392],[4.269,51.304],[3.766,51.381],[3.681,51.321],[3.472,51.314],[3.214,51.354],[2.995,51.313],[2.522,51.091]]],[[[9.465,47.286],[9.51,47.225],[9.534,47.268],[9.564,47.246],[9.556,47.223],[9.581,47.207],[9.569,47.17],[9.579,47.171],[9.607,47.148],[9.626,47.146],[9.632,47.125],[9.623,47.108],[9.625,47.09],[9.611,47.083],[9.606,47.061],[9.605,47.061],[9.801,47.042],[9.804,46.977],[10.052,46.868],[10.312,47.017],[10.409,46.965],[10.396,46.887],[10.558,46.718],[10.558,46.313],[10.457,46.212],[10.525,45.739],[10.66,45.807],[10.795,45.638],[10.93,45.84],[11.166,45.739],[11.233,46.009],[11.335,46.009],[11.571,45.975],[11.571,46.245],[11.908,46.414],[11.74,46.752],[12.075,46.928],[12.218,46.884],[12.362,46.709],[12.952,46.597],[13.354,46.561],[13.569,46.51],[13.621,46.421],[13.344,46.285],[13.389,46.216],[13.522,46.216],[13.606,46.132],[13.441,46.004],[13.592,45.964],[13.535,45.801],[13.697,45.752],[13.825,45.663],[13.8,45.566],[13.622,45.529],[13.573,45.528],[13.582,45.476],[13.505,45.503],[13.527,45.454],[13.598,45.178],[13.672,45.05],[13.895,44.759],[13.999,44.812],[14.071,44.984],[14.16,44.966],[14.155,45.07],[14.213,45.122],[14.326,45.354],[14.574,45.291],[14.727,45.159],[14.848,45.107],[14.946,44.927],[14.907,44.723],[14.989,44.54],[15.286,44.329],[15.548,44.229],[15.149,44.24],[15.412,43.935],[15.913,43.652],[16.059,43.433],[16.367,43.513],[16.549,43.461],[16.64,43.39],[16.992,43.323],[17.075,43.223],[17.548,42.92],[17.676,42.958],[17.646,43.053],[17.535,43.108],[17.385,43.234],[17.294,43.269],[17.259,43.395],[17.259,43.445],[17.214,43.47],[17.113,43.5],[17.013,43.555],[16.842,43.716],[16.712,43.771],[16.701,43.847],[16.536,44.007],[16.385,44.043],[16.335,44.093],[16.31,44.148],[16.27,44.198],[16.194,44.193],[16.184,44.258],[16.189,44.304],[16.224,44.329],[16.154,44.379],[16.144,44.434],[16.039,44.6],[15.958,44.68],[15.858,44.71],[15.818,44.751],[15.757,44.786],[15.747,44.826],[15.802,44.856],[15.787,44.987],[15.767,45.047],[15.787,45.122],[15.828,45.203],[15.883,45.223],[16.023,45.208],[16.139,45.072],[16.254,45.012],[16.345,45.002],[16.4,45.092],[16.511,45.208],[16.606,45.218],[16.832,45.188],[16.892,45.243],[16.933,45.238],[17.169,45.157],[17.194,45.132],[17.244,45.142],[17.284,45.178],[17.354,45.137],[17.43,45.132],[17.515,45.107],[17.666,45.117],[17.857,45.047],[17.932,45.082],[17.987,45.122],[18.037,45.122],[18.088,45.092],[18.148,45.072],[18.208,45.092],[18.258,45.122],[18.329,45.102],[18.394,45.102],[18.494,45.057],[18.54,45.052],[18.585,45.092],[18.715,45.047],[18.725,44.997],[18.781,44.992],[18.801,44.952],[18.776,44.906],[18.841,44.851],[18.931,44.841],[19.052,44.856],[19.017,44.896],[19.042,44.926],[19.082,44.911],[19.122,44.926],[19.107,44.997],[19.122,45.032],[19.102,45.062],[19.102,45.132],[19.137,45.132],[19.182,45.173],[19.167,45.203],[19.188,45.208],[19.213,45.203],[19.243,45.183],[19.278,45.178],[19.308,45.188],[19.348,45.173],[19.408,45.168],[19.424,45.193],[19.419,45.228],[19.303,45.233],[19.295,45.24],[19.259,45.246],[19.269,45.262],[19.263,45.268],[19.23,45.268],[19.22,45.265],[19.195,45.265],[19.185,45.268],[19.162,45.268],[19.149,45.279],[19.145,45.28],[19.109,45.297],[19.093,45.335],[19.044,45.342],[19.017,45.338],[19.006,45.357],[18.97,45.38],[18.982,45.397],[19.012,45.405],[19.029,45.409],[19.028,45.421],[19.023,45.425],[18.99,45.451],[18.992,45.482],[19.002,45.495],[19.053,45.485],[19.087,45.489],[19.101,45.504],[19.096,45.519],[19.064,45.532],[19.034,45.534],[19.014,45.554],[18.95,45.537],[18.885,45.55],[18.883,45.541],[18.902,45.539],[18.906,45.529],[18.883,45.518],[18.87,45.552],[18.859,45.552],[18.861,45.536],[18.845,45.533],[18.828,45.539],[18.836,45.558],[18.825,45.55],[18.766,45.543],[18.736,45.564],[18.68,45.564],[18.657,45.577],[18.61,45.573],[18.6,45.58],[18.611,45.588],[18.619,45.582],[18.633,45.597],[18.621,45.593],[18.609,45.602],[18.587,45.595],[18.597,45.606],[18.574,45.6],[18.578,45.615],[18.571,45.623],[18.557,45.616],[18.547,45.623],[18.572,45.632],[18.549,45.632],[18.549,45.639],[18.536,45.641],[18.548,45.648],[18.546,45.664],[18.537,45.663],[18.531,45.642],[18.521,45.639],[18.517,45.651],[18.532,45.658],[18.53,45.665],[18.513,45.655],[18.49,45.658],[18.489,45.673],[18.499,45.683],[18.49,45.68],[18.475,45.695],[18.491,45.709],[18.485,45.714],[18.471,45.712],[18.466,45.687],[18.457,45.692],[18.462,45.699],[18.455,45.71],[18.439,45.707],[18.44,45.69],[18.428,45.689],[18.416,45.692],[18.431,45.706],[18.424,45.71],[18.41,45.696],[18.364,45.713],[18.368,45.717],[18.33,45.719],[18.335,45.752],[18.322,45.752],[18.309,45.736],[18.298,45.735],[18.294,45.739],[18.304,45.747],[18.299,45.757],[18.274,45.757],[18.273,45.742],[18.258,45.735],[18.269,45.748],[18.239,45.752],[18.242,45.766],[18.203,45.788],[18.183,45.778],[18.168,45.79],[18.175,45.777],[18.145,45.763],[18.136,45.772],[18.142,45.783],[18.132,45.785],[18.098,45.771],[18.102,45.783],[18.089,45.8],[18.083,45.8],[18.085,45.786],[18.057,45.771],[18.058,45.793],[18.047,45.808],[18.037,45.803],[18.036,45.786],[18.029,45.78],[17.995,45.798],[17.97,45.79],[17.965,45.801],[17.954,45.804],[17.944,45.798],[17.944,45.787],[17.921,45.802],[17.926,45.78],[17.9,45.794],[17.864,45.772],[17.848,45.784],[17.855,45.786],[17.856,45.801],[17.844,45.79],[17.815,45.812],[17.784,45.805],[17.774,45.835],[17.765,45.834],[17.753,45.814],[17.728,45.832],[17.716,45.811],[17.702,45.838],[17.694,45.834],[17.703,45.827],[17.695,45.819],[17.682,45.822],[17.685,45.833],[17.677,45.84],[17.653,45.826],[17.65,45.833],[17.663,45.843],[17.648,45.84],[17.648,45.846],[17.662,45.854],[17.659,45.859],[17.632,45.864],[17.65,45.891],[17.636,45.888],[17.61,45.914],[17.59,45.903],[17.585,45.927],[17.571,45.936],[17.547,45.936],[17.553,45.925],[17.546,45.917],[17.518,45.951],[17.513,45.949],[17.52,45.933],[17.503,45.933],[17.505,45.96],[17.498,45.962],[17.496,45.941],[17.477,45.949],[17.483,45.958],[17.467,45.947],[17.432,45.949],[17.426,45.945],[17.434,45.928],[17.429,45.927],[17.415,45.93],[17.411,45.94],[17.389,45.934],[17.377,45.948],[17.347,45.941],[17.346,45.961],[17.354,45.953],[17.392,45.961],[17.386,45.966],[17.362,45.961],[17.361,45.969],[17.375,45.972],[17.368,45.978],[17.375,45.988],[17.363,45.991],[17.357,45.974],[17.331,45.995],[17.327,45.989],[17.336,45.984],[17.334,45.977],[17.311,45.967],[17.309,45.972],[17.325,45.986],[17.318,45.992],[17.298,45.984],[17.296,45.993],[17.307,46],[17.301,46.004],[17.279,46.002],[17.258,46.012],[17.272,46.022],[17.294,46.023],[17.293,46.032],[17.26,46.033],[17.257,46.046],[17.27,46.057],[17.238,46.058],[17.23,46.065],[17.252,46.066],[17.239,46.068],[17.239,46.077],[17.2,46.079],[17.217,46.083],[17.224,46.099],[17.212,46.102],[17.218,46.11],[17.213,46.114],[17.209,46.108],[17.177,46.108],[17.182,46.121],[17.175,46.128],[17.185,46.133],[17.181,46.149],[17.159,46.156],[17.159,46.169],[17.126,46.169],[17.122,46.18],[17.082,46.186],[17.068,46.195],[17.066,46.21],[17.051,46.204],[17.006,46.223],[16.973,46.225],[16.973,46.243],[16.955,46.239],[16.938,46.254],[16.926,46.241],[16.878,46.237],[16.875,46.242],[16.89,46.24],[16.898,46.25],[16.888,46.256],[16.871,46.25],[16.87,46.272],[16.892,46.278],[16.88,46.289],[16.865,46.279],[16.842,46.283],[16.831,46.289],[16.841,46.301],[16.835,46.307],[16.814,46.289],[16.805,46.308],[16.772,46.305],[16.765,46.315],[16.761,46.304],[16.738,46.31],[16.743,46.323],[16.732,46.313],[16.718,46.321],[16.716,46.308],[16.692,46.324],[16.665,46.321],[16.66,46.312],[16.649,46.32],[16.639,46.309],[16.61,46.308],[16.566,46.329],[16.535,46.312],[16.511,46.31],[16.466,46.325],[16.454,46.317],[16.435,46.332],[16.424,46.328],[16.415,46.334],[16.405,46.319],[16.383,46.314],[16.363,46.319],[16.302,46.378],[16.308,46.397],[16.273,46.415],[16.259,46.47],[16.241,46.486],[16.238,46.511],[16.266,46.541],[16.152,46.601],[16.104,46.606],[16.105,46.612],[16.034,46.652],[16.042,46.686],[16.025,46.711],[16.002,46.719],[15.987,46.749],[15.998,46.811],[15.986,46.827],[16.005,46.845],[16.014,46.885],[16.062,46.913],[16.073,46.936],[16.095,46.935],[16.095,46.954],[16.123,46.99],[16.152,46.993],[16.115,47.03],[16.121,47.044],[16.09,47.075],[16.096,47.112],[16.107,47.119],[16.114,47.143],[16.113,47.161],[16.083,47.225],[16.086,47.245],[16.057,47.315],[16.044,47.34],[16.016,47.368],[16.034,47.372],[16.031,47.379],[16.063,47.385],[16.072,47.404],[16.097,47.407],[16.082,47.398],[16.093,47.39],[16.105,47.397],[16.101,47.413],[16.224,47.427],[16.257,47.451],[16.302,47.467],[16.306,47.474],[16.297,47.479],[16.316,47.485],[16.311,47.489],[16.333,47.505],[16.339,47.523],[16.311,47.546],[16.35,47.617],[16.37,47.623],[16.367,47.648],[16.349,47.68],[16.313,47.689],[16.295,47.724],[16.296,47.77],[16.303,47.781],[16.269,47.795],[16.278,47.81],[16.315,47.805],[16.308,47.791],[16.317,47.785],[16.332,47.801],[16.344,47.801],[16.348,47.816],[16.388,47.843],[16.348,47.868],[16.412,47.881],[16.421,47.913],[16.467,47.94],[16.519,47.944],[16.574,47.886],[16.581,47.888],[16.632,47.93],[16.634,47.946],[16.652,47.949],[16.659,47.961],[16.7,47.967],[16.696,47.988],[16.701,47.988],[16.703,48.012],[16.736,48.01],[16.798,48.028],[16.83,48.029],[16.837,48.033],[16.831,48.042],[16.874,48.072],[16.917,48.068],[16.915,48.057],[16.923,48.051],[16.968,48.041],[16.975,48.035],[16.969,48.028],[16.979,48.023],[17.016,48.075],[16.969,48.096],[16.976,48.106],[16.986,48.112],[17.005,48.099],[17.024,48.103],[17.025,48.098],[17.002,48.093],[17.036,48.084],[17.042,48.102],[17.066,48.119],[17.057,48.142],[17.055,48.132],[17.038,48.136],[17.026,48.129],[17.013,48.149],[16.964,48.17],[16.976,48.182],[16.96,48.222],[16.946,48.236],[16.952,48.274],[16.92,48.274],[16.897,48.295],[16.902,48.301],[16.891,48.3],[16.896,48.311],[16.907,48.314],[16.9,48.317],[16.908,48.326],[16.872,48.338],[16.874,48.349],[16.846,48.349],[16.834,48.382],[16.855,48.386],[16.856,48.398],[16.847,48.402],[16.852,48.417],[16.863,48.42],[16.846,48.432],[16.852,48.433],[16.849,48.447],[16.881,48.478],[16.889,48.476],[16.896,48.486],[16.89,48.492],[16.918,48.497],[16.911,48.514],[16.945,48.522],[16.934,48.529],[16.953,48.545],[16.933,48.565],[16.944,48.589],[16.935,48.59],[16.941,48.593],[16.932,48.602],[16.964,48.631],[16.959,48.64],[16.974,48.648],[16.968,48.668],[16.976,48.672],[16.976,48.682],[16.983,48.69],[16.998,48.69],[16.995,48.699],[17.005,48.699],[16.998,48.723],[17.025,48.738],[17.047,48.769],[17.088,48.787],[17.116,48.841],[17.146,48.837],[17.152,48.849],[17.195,48.875],[17.277,48.861],[17.302,48.845],[17.322,48.844],[17.36,48.814],[17.396,48.813],[17.452,48.846],[17.478,48.841],[17.524,48.812],[17.59,48.826],[17.599,48.839],[17.621,48.843],[17.631,48.854],[17.702,48.86],[17.781,48.915],[17.785,48.925],[17.871,48.923],[17.886,48.929],[17.904,48.984],[17.914,48.996],[17.914,49.011],[17.922,49.018],[17.991,49.028],[18.024,49.021],[18.07,49.037],[18.093,49.058],[18.115,49.089],[18.112,49.115],[18.12,49.121],[18.108,49.136],[18.135,49.164],[18.131,49.188],[18.149,49.205],[18.155,49.23],[18.146,49.233],[18.147,49.248],[18.181,49.268],[18.187,49.287],[18.296,49.304],[18.374,49.329],[18.415,49.37],[18.404,49.396],[18.445,49.393],[18.478,49.412],[18.492,49.435],[18.546,49.466],[18.535,49.49],[18.553,49.503],[18.598,49.509],[18.601,49.498],[18.618,49.495],[18.68,49.507],[18.745,49.489],[18.812,49.516],[18.942,49.519],[18.972,49.5],[18.963,49.486],[18.963,49.454],[18.974,49.452],[18.987,49.429],[18.969,49.41],[18.98,49.395],[19.035,49.396],[19.055,49.415],[19.073,49.418],[19.107,49.404],[19.14,49.41],[19.151,49.404],[19.197,49.414],[19.188,49.436],[19.198,49.448],[19.224,49.454],[19.228,49.464],[19.22,49.471],[19.236,49.496],[19.234,49.511],[19.261,49.531],[19.36,49.536],[19.373,49.568],[19.4,49.574],[19.409,49.591],[19.441,49.598],[19.45,49.613],[19.468,49.613],[19.481,49.587],[19.524,49.572],[19.587,49.59],[19.596,49.602],[19.587,49.613],[19.59,49.623],[19.619,49.624],[19.678,49.575],[19.729,49.576],[19.751,49.571],[19.757,49.556],[19.797,49.559],[19.843,49.541],[19.851,49.523],[19.81,49.503],[19.799,49.486],[19.803,49.478],[19.79,49.407],[19.792,49.382],[19.803,49.368],[19.795,49.345],[19.804,49.325],[19.793,49.302],[19.81,49.295],[19.821,49.276],[19.795,49.269],[19.79,49.254],[19.767,49.233],[19.759,49.214],[19.785,49.199],[19.805,49.205],[19.865,49.196],[19.899,49.212],[19.907,49.231],[19.934,49.235],[19.984,49.23],[20.005,49.22],[20.021,49.202],[20.063,49.185],[20.076,49.209],[20.102,49.225],[20.101,49.249],[20.127,49.274],[20.132,49.298],[20.15,49.323],[20.133,49.338],[20.112,49.388],[20.116,49.414],[20.097,49.427],[20.114,49.458],[20.143,49.462],[20.184,49.45],[20.226,49.461],[20.26,49.439],[20.306,49.434],[20.338,49.401],[20.361,49.395],[20.369,49.408],[20.38,49.406],[20.383,49.39],[20.408,49.393],[20.419,49.405],[20.434,49.397],[20.429,49.411],[20.435,49.418],[20.467,49.416],[20.507,49.402],[20.512,49.393],[20.575,49.376],[20.599,49.388],[20.613,49.403],[20.616,49.418],[20.648,49.401],[20.695,49.42],[20.74,49.416],[20.743,49.404],[20.758,49.4],[20.748,49.39],[20.762,49.383],[20.759,49.373],[20.784,49.375],[20.782,49.362],[20.807,49.361],[20.811,49.355],[20.8,49.357],[20.797,49.344],[20.811,49.348],[20.837,49.334],[20.857,49.348],[20.867,49.346],[20.882,49.333],[20.875,49.32],[20.904,49.323],[20.903,49.316],[20.927,49.296],[20.966,49.309],[20.986,49.307],[20.994,49.313],[20.989,49.328],[21.045,49.365],[21.075,49.359],[21.095,49.367],[21.1,49.379],[21.053,49.407],[21.05,49.42],[21.092,49.429],[21.114,49.425],[21.124,49.436],[21.151,49.428],[21.182,49.402],[21.209,49.404],[21.227,49.417],[21.224,49.426],[21.266,49.447],[21.273,49.46],[21.304,49.449],[21.342,49.451],[21.374,49.433],[21.4,49.434],[21.434,49.412],[21.472,49.414],[21.493,49.429],[21.517,49.418],[21.533,49.436],[21.549,49.433],[21.564,49.441],[21.591,49.434],[21.632,49.446],[21.661,49.416],[21.682,49.411],[21.697,49.418],[21.724,49.411],[21.725,49.4],[21.764,49.382],[21.778,49.356],[21.789,49.357],[21.788,49.367],[21.803,49.382],[21.839,49.392],[21.859,49.369],[21.875,49.374],[21.905,49.352],[21.965,49.346],[21.985,49.309],[22.035,49.277],[22.034,49.261],[22.041,49.254],[22.031,49.225],[22.062,49.212],[22.143,49.2],[22.147,49.191],[22.188,49.174],[22.223,49.184],[22.235,49.174],[22.227,49.153],[22.32,49.136],[22.332,49.145],[22.365,49.146],[22.392,49.118],[22.426,49.099],[22.459,49.103],[22.5,49.086],[22.538,49.094],[22.563,49.088],[22.582,49.097],[22.629,49.077],[22.652,49.051],[22.683,49.039],[22.718,49.053],[22.755,49.043],[22.765,49.054],[22.813,49.025],[22.835,49.024],[22.847,49.003],[22.9,49.002],[22.914,48.989],[22.919,48.971],[22.88,48.961],[22.872,48.946],[22.878,48.933],[22.903,48.902],[22.971,48.874],[22.975,48.845],[23,48.83],[23.02,48.848],[23.047,48.853],[23.06,48.846],[23.098,48.863],[23.131,48.854],[23.134,48.834],[23.153,48.832],[23.201,48.76],[23.268,48.762],[23.286,48.776],[23.325,48.753],[23.361,48.771],[23.38,48.742],[23.396,48.733],[23.41,48.736],[23.467,48.724],[23.469,48.718],[23.515,48.734],[23.592,48.718],[23.597,48.705],[23.626,48.706],[23.638,48.699],[23.637,48.685],[23.706,48.639],[23.733,48.638],[23.744,48.646],[23.779,48.644],[23.797,48.632],[23.788,48.604],[23.796,48.601],[23.791,48.594],[23.805,48.58],[23.835,48.575],[23.833,48.568],[23.862,48.554],[23.892,48.554],[23.907,48.563],[23.929,48.552],[23.914,48.534],[23.925,48.513],[23.916,48.508],[23.919,48.494],[23.908,48.484],[23.925,48.465],[23.963,48.458],[23.981,48.466],[23.974,48.477],[24.003,48.507],[24.032,48.501],[24.067,48.518],[24.077,48.512],[24.089,48.527],[24.126,48.532],[24.13,48.519],[24.115,48.502],[24.141,48.482],[24.127,48.468],[24.132,48.438],[24.146,48.435],[24.141,48.409],[24.152,48.401],[24.155,48.386],[24.182,48.375],[24.178,48.366],[24.24,48.359],[24.259,48.349],[24.289,48.381],[24.281,48.392],[24.288,48.399],[24.306,48.396],[24.35,48.382],[24.357,48.376],[24.351,48.362],[24.358,48.352],[24.417,48.331],[24.432,48.314],[24.441,48.314],[24.445,48.302],[24.488,48.28],[24.486,48.243],[24.523,48.236],[24.545,48.216],[24.531,48.213],[24.521,48.2],[24.526,48.196],[24.51,48.186],[24.52,48.177],[24.5,48.16],[24.504,48.153],[24.523,48.144],[24.534,48.129],[24.53,48.124],[24.555,48.118],[24.56,48.105],[24.595,48.091],[24.627,48.047],[24.577,48.018],[24.563,47.969],[24.579,47.967],[24.596,47.947],[24.628,47.948],[24.635,47.925],[24.674,47.896],[24.666,47.875],[24.671,47.865],[24.704,47.851],[24.708,47.84],[24.734,47.844],[24.753,47.83],[24.767,47.839],[24.787,47.825],[24.822,47.821],[24.822,47.806],[24.834,47.797],[24.836,47.78],[24.878,47.753],[24.886,47.731],[24.923,47.734],[24.924,47.724],[24.945,47.718],[25.024,47.666],[25.053,47.657],[25.056,47.634],[25.073,47.609],[25.073,47.572],[25.067,47.566],[25.045,47.56],[25.064,47.562],[25.076,47.575],[25.126,47.572],[25.155,47.56],[25.157,47.551],[25.168,47.55],[25.183,47.531],[25.165,47.519],[25.158,47.499],[25.141,47.483],[25.152,47.458],[25.181,47.439],[25.184,47.418],[25.195,47.408],[25.184,47.385],[25.185,47.37],[25.096,47.36],[25.073,47.334],[25.079,47.314],[25.049,47.304],[25.032,47.285],[25.113,47.239],[25.174,47.229],[25.187,47.21],[25.298,47.16],[25.198,47.206],[25.201,47.211],[25.213,47.227],[25.237,47.238],[25.268,47.278],[25.354,47.289],[25.402,47.343],[25.43,47.344],[25.429,47.354],[25.472,47.376],[25.483,47.392],[25.505,47.394],[25.519,47.408],[25.552,47.405],[25.542,47.433],[25.577,47.453],[25.623,47.432],[25.63,47.418],[25.617,47.395],[25.624,47.386],[25.659,47.384],[25.684,47.33],[25.729,47.304],[25.775,47.321],[25.81,47.316],[25.821,47.322],[25.832,47.337],[25.828,47.357],[25.868,47.381],[25.854,47.396],[25.858,47.406],[25.843,47.418],[25.841,47.44],[25.87,47.46],[25.896,47.454],[25.925,47.459],[25.685,47.619],[25.246,47.686],[25.381,47.855],[25.786,47.956],[26.123,47.855],[26.123,47.873],[26.121,47.875],[26.123,47.88],[26.124,47.882],[26.123,47.883],[26.112,47.899],[26.083,47.918],[26.091,47.946],[26.112,47.953],[26.123,47.942],[26.123,48],[26.118,48.01],[26.118,48.03],[26.101,48.074],[26.072,48.092],[26.083,48.121],[26.051,48.134],[26.056,48.143],[26.043,48.173],[26.07,48.186],[26.07,48.196],[26.086,48.201],[26.126,48.239],[26.149,48.241],[26.16,48.254],[26.185,48.25],[26.183,48.23],[26.195,48.23],[26.2,48.219],[26.219,48.218],[26.225,48.21],[26.247,48.216],[26.261,48.206],[26.28,48.211],[26.283,48.202],[26.294,48.202],[26.295,48.187],[26.345,48.182],[26.346,48.183],[26.163,48.941],[26.082,49.13],[26.078,49.122],[26.036,49.634],[24.257,50.159],[20.263,49.887],[18.786,49.892],[18.54,49.85],[18.549,49.962],[18.188,50.021],[18.048,50.103],[17.882,50.03],[17.751,50.036],[17.746,50.249],[17.597,50.211],[17.679,50.338],[17.36,50.336],[17.243,50.39],[17.014,50.477],[16.886,50.488],[16.884,50.423],[17.012,50.287],[16.827,50.233],[16.728,50.149],[16.585,50.181],[16.451,50.352],[16.204,50.463],[16.305,50.558],[16.399,50.569],[16.443,50.623],[16.353,50.705],[16.238,50.716],[16.21,50.686],[16.001,50.656],[16.003,50.732],[15.877,50.716],[15.818,50.797],[15.472,50.833],[15.309,50.906],[15.267,51.023],[15.172,51.064],[15.009,51.056],[14.981,51.018],[15.008,50.985],[14.997,50.917],[14.829,50.917],[14.765,50.865],[14.61,50.898],[14.596,51.023],[14.458,51.077],[14.262,51.045],[14.389,50.947],[14.146,50.865],[13.911,50.844],[13.855,50.767],[13.524,50.757],[13.473,50.659],[13.394,50.691],[13.233,50.664],[13.189,50.561],[13.018,50.556],[12.982,50.474],[12.784,50.474],[12.594,50.384],[12.462,50.398],[12.235,50.241],[12.368,50.046],[12.554,50.002],[12.484,49.889],[12.448,49.706],[12.52,49.668],[12.536,49.563],[12.646,49.485],[12.861,49.366],[12.945,49.398],[13.203,49.166],[13.397,49.09],[13.48,48.999],[13.578,49.037],[13.652,48.956],[13.745,48.94],[13.947,48.655],[13.64,48.538],[13.444,48.606],[13.384,48.594],[13.367,48.442],[13.294,48.365],[12.858,48.232],[12.694,48.129],[12.936,47.873],[12.848,47.74],[12.998,47.734],[13.023,47.662],[12.979,47.508],[12.942,47.483],[12.744,47.564],[12.765,47.638],[12.7,47.69],[12.446,47.662],[12.358,47.724],[12.163,47.709],[12.122,47.628],[11.56,47.613],[11.503,47.536],[11.36,47.53],[11.34,47.471],[11.17,47.424],[10.903,47.415],[10.877,47.48],[10.835,47.545],[10.613,47.585],[10.495,47.56],[10.388,47.579],[10.403,47.455],[10.2,47.301],[10.103,47.301],[10.138,47.389],[10.021,47.406],[10.026,47.48],[9.938,47.502],[9.892,47.564],[9.78,47.567],[9.737,47.616],[9.665,47.556],[9.68,47.556],[9.68,47.543],[9.712,47.551],[9.752,47.511],[9.743,47.505],[9.699,47.506],[9.678,47.489],[9.666,47.496],[9.648,47.488],[9.641,47.507],[9.598,47.487],[9.561,47.5],[9.539,47.487],[9.584,47.409],[9.465,47.286]]],[[[14.275,45.103],[14.314,45.068],[14.354,45.045],[14.393,44.956],[14.399,44.911],[14.359,44.908],[14.309,44.947],[14.297,44.932],[14.294,44.907],[14.316,44.887],[14.365,44.798],[14.374,44.749],[14.389,44.732],[14.389,44.695],[14.451,44.626],[14.493,44.606],[14.518,44.615],[14.531,44.633],[14.475,44.701],[14.474,44.76],[14.459,44.781],[14.466,44.809],[14.445,44.879],[14.462,44.951],[14.476,44.96],[14.464,44.982],[14.426,44.985],[14.377,45.052],[14.354,45.119],[14.37,45.151],[14.364,45.161],[14.312,45.173],[14.276,45.127],[14.275,45.103]]],[[[14.335,44.707],[14.336,44.699],[14.367,44.59],[14.511,44.474],[14.53,44.477],[14.531,44.498],[14.477,44.536],[14.407,44.604],[14.394,44.63],[14.391,44.691],[14.343,44.71],[14.335,44.707]]],[[[14.428,45.086],[14.429,45.078],[14.487,45.033],[14.563,45.02],[14.639,44.969],[14.734,44.94],[14.761,44.942],[14.816,44.981],[14.793,45.009],[14.704,45.068],[14.658,45.123],[14.588,45.241],[14.549,45.246],[14.539,45.239],[14.524,45.145],[14.464,45.125],[14.428,45.086]]],[[[14.659,44.795],[14.7,44.764],[14.741,44.763],[14.841,44.703],[14.865,44.707],[14.862,44.722],[14.825,44.762],[14.757,44.804],[14.759,44.839],[14.724,44.853],[14.687,44.843],[14.727,44.797],[14.7,44.807],[14.688,44.795],[14.659,44.795]]],[[[17.646,42.865],[18.001,42.694],[18.249,42.527],[18.514,42.362],[18.514,42.407],[18.501,42.448],[18.464,42.481],[18.449,42.516],[18.457,42.558],[18.429,42.586],[18.334,42.611],[18.273,42.596],[18.253,42.626],[18.113,42.742],[18.017,42.747],[17.937,42.782],[17.872,42.822],[17.821,42.897],[17.766,42.913],[17.706,42.918],[17.646,42.865]]],[[[18.603,45.602],[18.609,45.603],[18.62,45.608],[18.62,45.615],[18.606,45.615],[18.603,45.602]]],[[[19.867,45.314],[20.188,45.26],[20.338,44.959],[20.789,44.742],[21.344,44.883],[21.367,44.809],[21.478,44.793],[21.583,44.793],[21.592,44.708],[21.859,44.681],[21.947,44.619],[22.133,44.511],[22.199,44.564],[22.296,44.692],[22.41,44.75],[22.343,44.986],[22.462,45.641],[22.453,45.647],[22.457,45.658],[22.427,45.669],[22.427,45.675],[22.418,45.664],[22.373,45.667],[22.307,45.654],[22.291,45.608],[22.268,45.588],[22.243,45.583],[22.225,45.511],[22.175,45.491],[22.184,45.486],[22.18,45.474],[22.197,45.464],[22.189,45.452],[22.194,45.434],[22.171,45.384],[22.1,45.339],[22.087,45.318],[22.113,45.292],[22.098,45.28],[22.091,45.245],[22.06,45.212],[22.058,45.201],[22.072,45.194],[22.072,45.181],[22.049,45.178],[22.011,45.111],[21.976,45.123],[21.945,45.098],[21.938,45.064],[21.908,45.067],[21.907,45.046],[21.918,45.033],[21.918,45.018],[21.904,45.005],[21.899,44.983],[21.884,44.972],[21.874,44.979],[21.836,44.943],[21.827,44.911],[21.8,44.894],[21.821,44.852],[21.818,44.828],[21.804,44.829],[21.805,44.813],[21.779,44.798],[21.774,44.774],[21.76,44.769],[21.759,44.746],[21.75,44.741],[21.759,44.738],[21.758,44.732],[21.722,44.716],[21.729,44.712],[21.715,44.702],[21.702,44.706],[21.705,44.716],[21.658,44.725],[21.661,44.756],[21.674,44.772],[21.672,44.785],[21.652,44.794],[21.647,44.811],[21.662,44.827],[21.633,44.847],[21.641,44.851],[21.627,44.87],[21.631,44.888],[21.579,44.931],[21.527,44.927],[21.507,44.944],[21.437,44.962],[21.401,44.98],[21.368,44.948],[21.347,44.95],[21.333,44.959],[21.326,44.978],[21.286,45.003],[21.253,44.997],[21.217,45.015],[21.217,45.035],[21.196,45.049],[21.164,45.066],[21.133,45.059],[21.115,45.085],[21.104,45.146],[20.816,45.278],[20.758,45.273],[20.644,45.302],[20.645,45.31],[20.664,45.311],[20.648,45.313],[20.647,45.323],[20.67,45.337],[20.601,45.374],[20.535,45.349],[20.515,45.322],[20.537,45.3],[20.491,45.269],[20.38,45.285],[20.356,45.258],[20.308,45.231],[20.277,45.267],[20.24,45.285],[20.238,45.303],[20.229,45.306],[20.24,45.313],[20.269,45.314],[20.252,45.322],[20.268,45.333],[20.265,45.34],[20.247,45.349],[20.225,45.333],[20.209,45.337],[20.229,45.357],[20.213,45.367],[20.229,45.377],[20.206,45.383],[20.205,45.39],[20.234,45.41],[20.234,45.415],[20.219,45.408],[20.22,45.441],[20.212,45.448],[20.172,45.44],[20.172,45.446],[20.185,45.447],[20.188,45.46],[20.169,45.461],[20.171,45.473],[20.133,45.495],[20.11,45.522],[20.087,45.522],[20.09,45.493],[20.054,45.477],[20.061,45.516],[19.985,45.499],[19.953,45.516],[19.936,45.543],[19.909,45.534],[19.883,45.545],[19.887,45.482],[19.977,45.454],[19.941,45.393],[19.953,45.386],[19.948,45.378],[19.881,45.333],[19.867,45.314]]],[[[22.337,47.478],[22.339,47.472],[22.341,47.49],[22.337,47.478]]],[[[22.341,47.49],[22.368,47.492],[22.368,47.499],[22.366,47.493],[22.341,47.49]]],[[[22.352,47.434],[22.363,47.426],[22.363,47.427],[22.352,47.434]]],[[[22.368,47.506],[22.383,47.515],[22.374,47.51],[22.372,47.51],[22.371,47.508],[22.368,47.506]]],[[[22.375,45.888],[22.406,45.904],[22.426,45.933],[22.406,45.905],[22.403,45.903],[22.375,45.888]]],[[[22.386,45.878],[22.402,45.861],[22.405,45.86],[22.411,45.855],[22.386,45.878]]],[[[22.406,46.095],[22.409,46.091],[22.409,46.088],[22.412,46.109],[22.406,46.095]]],[[[22.414,46.086],[22.418,46.081],[22.431,46.079],[22.414,46.086]]],[[[22.418,45.944],[22.419,45.942],[22.419,45.941],[22.426,45.933],[22.418,45.944]]],[[[22.421,45.981],[22.433,45.996],[22.44,46.026],[22.421,45.981]]],[[[22.427,46.034],[22.44,46.026],[22.429,46.038],[22.427,46.034]]],[[[22.429,46.038],[22.436,46.05],[22.431,46.079],[22.434,46.048],[22.429,46.038]]],[[[22.436,46.208],[22.454,46.17],[22.453,46.163],[22.455,46.175],[22.436,46.208]]],[[[22.448,47.559],[22.483,47.584],[22.475,47.579],[22.467,47.578],[22.448,47.559]]],[[[22.455,46.131],[22.469,46.146],[22.463,46.152],[22.466,46.146],[22.455,46.131]]],[[[22.46,45.837],[22.463,45.837],[22.475,45.838],[22.46,45.837]]],[[[22.469,45.728],[22.47,45.73],[22.469,45.73],[22.469,45.728]]],[[[22.47,45.802],[22.472,45.801],[22.47,45.804],[22.47,45.802]]],[[[22.47,45.804],[22.478,45.814],[22.475,45.838],[22.475,45.835],[22.47,45.805],[22.47,45.804]]],[[[22.481,45.787],[22.499,45.785],[22.481,45.789],[22.481,45.787]]],[[[22.486,45.737],[22.505,45.743],[22.51,45.746],[22.486,45.737]]],[[[22.488,47.308],[22.525,47.308],[22.488,47.309],[22.488,47.308]]],[[[22.488,47.314],[22.492,47.325],[22.489,47.356],[22.488,47.357],[22.488,47.314]]],[[[22.494,47.187],[22.506,47.161],[22.51,47.159],[22.494,47.187]]],[[[22.494,47.58],[22.499,47.579],[22.502,47.593],[22.501,47.59],[22.494,47.58]]],[[[22.502,47.593],[22.513,47.592],[22.504,47.594],[22.503,47.593],[22.502,47.593]]],[[[22.515,47.109],[22.593,47.064],[22.615,47.061],[22.592,47.068],[22.515,47.109]]],[[[22.518,47.235],[22.521,47.225],[22.52,47.237],[22.52,47.235],[22.518,47.235]]],[[[22.525,47.308],[22.543,47.298],[22.555,47.291],[22.56,47.277],[22.566,47.254],[22.541,47.234],[22.568,47.255],[22.555,47.292],[22.525,47.308]]],[[[22.573,46.398],[22.634,46.389],[22.675,46.409],[22.64,46.392],[22.573,46.398]]],[[[22.629,47.597],[22.632,47.598],[22.631,47.599],[22.629,47.597]]],[[[22.643,47.459],[22.696,47.466],[22.722,47.457],[22.695,47.468],[22.643,47.459]]],[[[22.652,47.394],[22.674,47.376],[22.776,47.417],[22.671,47.38],[22.652,47.394]]],[[[22.673,46.487],[22.675,46.483],[22.678,46.469],[22.674,46.49],[22.674,46.488],[22.673,46.487]]],[[[22.678,46.469],[22.69,46.456],[22.691,46.455],[22.678,46.469]]],[[[22.685,47.585],[22.728,47.594],[22.726,47.594],[22.685,47.585]]],[[[22.691,46.519],[22.73,46.546],[22.813,46.556],[22.726,46.546],[22.691,46.519]]],[[[22.758,47.588],[22.763,47.579],[22.762,47.587],[22.758,47.588]]],[[[22.764,47.563],[22.775,47.556],[22.787,47.555],[22.764,47.563]]],[[[22.788,46.629],[22.792,46.63],[22.792,46.628],[22.812,46.636],[22.802,46.62],[22.814,46.638],[22.788,46.629]]],[[[22.8,47.498],[22.804,47.499],[22.801,47.509],[22.8,47.498]]],[[[22.802,46.618],[22.803,46.614],[22.808,46.592],[22.802,46.62],[22.802,46.618]]],[[[22.802,47.524],[22.812,47.529],[22.806,47.533],[22.81,47.548],[22.805,47.55],[22.805,47.554],[22.802,47.524]]],[[[22.812,46.569],[22.813,46.556],[22.815,46.569],[22.812,46.569]]],[[[22.812,46.589],[22.816,46.577],[22.817,46.585],[22.812,46.589]]],[[[22.84,47.445],[22.841,47.445],[22.856,47.45],[22.852,47.449],[22.84,47.445]]],[[[22.856,47.45],[22.905,47.444],[22.907,47.446],[22.861,47.451],[22.857,47.45],[22.856,47.45]]],[[[22.911,47.451],[22.938,47.482],[22.936,47.48],[22.921,47.474],[22.911,47.451]]],[[[22.94,47.489],[22.941,47.485],[22.943,47.488],[22.94,47.489]]],[[[22.998,47.481],[23.047,47.489],[23.044,47.517],[23.046,47.498],[23.045,47.489],[22.998,47.481]]],[[[23.148,47.627],[23.269,47.612],[23.284,47.604],[23.279,47.613],[23.148,47.627]]],[[[23.288,47.602],[23.291,47.571],[23.332,47.574],[23.291,47.573],[23.289,47.594],[23.289,47.595],[23.288,47.602]]],[[[23.351,47.572],[23.365,47.565],[23.364,47.571],[23.361,47.573],[23.362,47.567],[23.351,47.572]]],[[[23.363,47.575],[23.377,47.569],[23.397,47.596],[23.389,47.594],[23.39,47.588],[23.384,47.579],[23.374,47.576],[23.373,47.571],[23.363,47.575]]],[[[23.377,47.619],[23.379,47.619],[23.394,47.615],[23.397,47.611],[23.384,47.614],[23.382,47.611],[23.397,47.608],[23.399,47.614],[23.377,47.62],[23.377,47.619]]],[[[23.385,47.608],[23.399,47.6],[23.398,47.598],[23.401,47.602],[23.385,47.61],[23.385,47.608]]],[[[23.4,47.629],[23.417,47.648],[23.416,47.647],[23.413,47.647],[23.4,47.629]]],[[[23.472,47.654],[23.511,47.67],[23.51,47.67],[23.506,47.672],[23.472,47.654]]],[[[23.487,47.619],[23.507,47.617],[23.507,47.621],[23.503,47.619],[23.505,47.624],[23.501,47.618],[23.487,47.619]]],[[[23.507,47.622],[23.51,47.621],[23.509,47.622],[23.507,47.622]]],[[[23.509,47.642],[23.511,47.664],[23.513,47.668],[23.511,47.669],[23.511,47.67],[23.509,47.642]]],[[[23.536,47.61],[23.541,47.604],[23.55,47.609],[23.536,47.61]]],[[[23.563,47.592],[23.575,47.594],[23.576,47.596],[23.572,47.596],[23.563,47.592]]],[[[23.57,47.589],[23.572,47.588],[23.575,47.594],[23.57,47.589]]],[[[23.576,47.584],[23.584,47.579],[23.599,47.576],[23.595,47.577],[23.576,47.584]]],[[[23.616,47.573],[23.622,47.572],[23.623,47.574],[23.616,47.573]]],[[[23.699,47.59],[23.738,47.579],[23.7,47.591],[23.699,47.59]]],[[[23.803,47.62],[23.813,47.629],[23.82,47.643],[23.811,47.628],[23.803,47.62]]],[[[23.824,47.65],[23.835,47.658],[23.827,47.654],[23.825,47.651],[23.824,47.65]]],[[[23.842,47.662],[23.846,47.665],[23.847,47.684],[23.842,47.662]]],[[[23.973,47.659],[23.981,47.659],[23.986,47.666],[23.983,47.662],[23.973,47.659]]],[[[25.422,47.182],[25.427,47.169],[25.44,47.161],[25.447,47.153],[25.422,47.182]]],[[[25.768,47.018],[25.799,46.976],[25.79,46.997],[25.768,47.018]]],[[[25.804,46.968],[25.806,46.965],[25.81,46.969],[25.825,46.973],[25.804,46.968]]],[[[25.825,46.973],[25.839,46.959],[25.855,46.924],[25.84,46.961],[25.825,46.973]]]]}},{"type":"Feature","properties":{"NAME":null,"ABBREVN":null,"SUBJECTO":null,"BORDERPRECISION":3,"PARTOF":null},"geometry":{"type":"Polygon","coordinates":[[[13.117,54.339],[13.156,54.306],[13.25,54.258],[13.319,54.249],[13.393,54.221],[13.429,54.238],[13.426,54.252],[13.413,54.265],[13.357,54.26],[13.359,54.275],[13.508,54.343],[13.689,54.348],[13.713,54.321],[13.711,54.297],[13.696,54.281],[13.715,54.272],[13.731,54.276],[13.744,54.331],[13.714,54.378],[13.676,54.401],[13.617,54.404],[13.584,54.442],[13.576,54.462],[13.585,54.483],[13.675,54.526],[13.679,54.542],[13.672,54.569],[13.634,54.586],[13.456,54.573],[13.407,54.589],[13.391,54.607],[13.383,54.639],[13.442,54.671],[13.43,54.682],[13.263,54.667],[13.225,54.64],[13.245,54.559],[13.311,54.573],[13.375,54.61],[13.384,54.578],[13.426,54.57],[13.459,54.551],[13.503,54.55],[13.517,54.513],[13.503,54.493],[13.484,54.484],[13.447,54.489],[13.378,54.558],[13.367,54.58],[13.304,54.55],[13.147,54.546],[13.167,54.513],[13.232,54.486],[13.229,54.465],[13.165,54.434],[13.208,54.428],[13.239,54.411],[13.268,54.383],[13.223,54.369],[13.134,54.372],[13.117,54.339]]]}},{"type":"Feature","properties":{"NAME":null,"ABBREVN":null,"SUBJECTO":null,"BORDERPRECISION":3,"PARTOF":null},"geometry":{"type":"Polygon","coordinates":[[[14.68,55.1],[14.747,55.065],[14.942,55.013],[15.043,54.995],[15.077,55.001],[15.103,55.021],[15.148,55.082],[15.149,55.129],[15.134,55.144],[15.065,55.162],[14.887,55.229],[14.825,55.257],[14.764,55.306],[14.744,55.292],[14.699,55.215],[14.68,55.1]]]}},{"type":"Feature","properties":{"NAME":null,"ABBREVN":null,"SUBJECTO":null,"BORDERPRECISION":3,"PARTOF":null},"geometry":{"type":"Polygon","coordinates":[[[23.06,58.601],[23.071,58.588],[23.227,58.53],[23.365,58.53],[23.396,58.551],[23.399,58.559],[23.347,58.639],[23.216,58.678],[23.174,58.676],[23.14,58.666],[23.069,58.622],[23.06,58.601]]]}},{"type":"Feature","properties":{"NAME":null,"ABBREVN":null,"SUBJECTO":null,"BORDERPRECISION":3,"PARTOF":null},"geometry":{"type":"Polygon","coordinates":[[[21.832,58.505],[21.868,58.478],[21.917,58.457],[21.996,58.381],[22.008,58.353],[21.874,58.34],[21.841,58.293],[21.849,58.279],[21.884,58.252],[22.079,58.171],[22.177,58.159],[22.201,58.145],[22.151,58.086],[22.101,58.085],[22.082,58.077],[21.986,57.976],[21.981,57.958],[21.994,57.923],[22.038,57.908],[22.073,57.917],[22.202,57.986],[22.262,58.094],[22.276,58.142],[22.267,58.171],[22.279,58.184],[22.367,58.22],[22.475,58.242],[22.582,58.241],[22.649,58.23],[22.757,58.24],[23.029,58.358],[23.064,58.386],[23.077,58.414],[23.142,58.444],[23.198,58.45],[23.206,58.445],[23.267,58.429],[23.328,58.434],[23.333,58.442],[23.32,58.462],[23.273,58.492],[22.991,58.598],[22.905,58.617],[22.808,58.616],[22.768,58.6],[22.624,58.593],[22.502,58.602],[22.327,58.577],[22.198,58.549],[22.112,58.492],[21.985,58.516],[21.925,58.517],[21.832,58.505]]]}},{"type":"Feature","properties":{"NAME":null,"ABBREVN":null,"SUBJECTO":null,"BORDERPRECISION":3,"PARTOF":null},"geometry":{"type":"Polygon","coordinates":[[[22.042,58.94],[22.064,58.924],[22.229,58.878],[22.277,58.889],[22.382,58.887],[22.45,58.831],[22.472,58.764],[22.465,58.71],[22.48,58.7],[22.547,58.687],[22.624,58.691],[22.667,58.705],[22.721,58.782],[22.747,58.806],[22.776,58.819],[22.812,58.826],[22.829,58.818],[22.783,58.796],[22.777,58.79],[22.784,58.776],[22.848,58.774],[22.884,58.78],[22.887,58.788],[22.889,58.811],[22.866,58.824],[22.948,58.844],[23.022,58.821],[23.048,58.844],[22.952,58.967],[22.93,58.982],[22.861,59.002],[22.801,58.997],[22.72,59.004],[22.699,59.02],[22.699,59.051],[22.576,59.069],[22.488,58.992],[22.434,58.966],[22.376,58.952],[22.065,58.952],[22.042,58.94]]]}},{"type":"Feature","properties":{"NAME":null,"ABBREVN":null,"SUBJECTO":null,"BORDERPRECISION":3,"PARTOF":null},"geometry":{"type":"Polygon","coordinates":[[[23.111,59.025],[23.138,58.977],[23.152,58.966],[23.292,58.964],[23.37,58.973],[23.392,58.99],[23.37,59.023],[23.34,59.035],[23.181,59.042],[23.138,59.038],[23.111,59.025]]]}},{"type":"Feature","properties":{"NAME":null,"ABBREVN":null,"SUBJECTO":null,"BORDERPRECISION":3,"PARTOF":null},"geometry":{"type":"Polygon","coordinates":[[[11.006,54.462],[11.01,54.446],[11.021,54.439],[11.124,54.407],[11.312,54.41],[11.229,54.505],[11.184,54.52],[11.065,54.534],[11.044,54.518],[11.019,54.491],[11.006,54.462]]]}},{"type":"Feature","properties":{"NAME":"Denmark","ABBREVN":"Denmark","SUBJECTO":"Denmark","BORDERPRECISION":3,"PARTOF":"Denmark"},"geometry":{"type":"MultiPolygon","coordinates":[[[[-25,69.319],[-24.897,69.392],[-24.584,69.34],[-24.333,69.333],[-23.444,69.568],[-22.732,69.774],[-22.158,70.056],[-22.434,70.079],[-23.009,70.093],[-23.459,70.092],[-23.587,70.084],[-23.775,70.145],[-24.195,70.243],[-24.585,70.304],[-25,70.296],[-25,69.319]]],[[[-25,71.468],[-24.913,71.437],[-24.386,71.183],[-24.227,71.059],[-24.04,70.774],[-23.754,70.59],[-23.084,70.468],[-22.616,70.484],[-22.203,70.485],[-21.714,70.386],[-21.547,70.44],[-21.471,70.532],[-21.592,71.211],[-21.726,71.405],[-21.904,71.497],[-22.03,71.435],[-22.431,71.341],[-22.649,71.745],[-22.818,71.87],[-23.247,72],[-25,72],[-25,71.468]]],[[[-24.219,65.534],[-24.147,65.439],[-23.678,65.317],[-23.374,65.354],[-23.183,65.427],[-22.814,65.471],[-22.362,65.45],[-22.146,65.385],[-21.955,65.378],[-21.794,65.298],[-21.729,65.182],[-21.809,65.037],[-21.978,64.95],[-22.45,64.906],[-22.778,64.855],[-23.136,64.847],[-23.437,64.804],[-23.611,64.746],[-23.675,64.659],[-23.508,64.559],[-22.554,64.625],[-22.392,64.662],[-22.279,64.619],[-22.086,64.44],[-21.857,64.383],[-21.488,64.376],[-21.804,64.11],[-22.311,63.952],[-22.507,63.866],[-22.373,63.773],[-21.548,63.718],[-21.079,63.711],[-20.88,63.74],[-20.404,63.698],[-19.827,63.478],[-19.553,63.415],[-18.961,63.337],[-18.642,63.324],[-18.157,63.367],[-17.944,63.425],[-17.591,63.689],[-17.244,63.733],[-16.918,63.733],[-16.534,63.784],[-15.876,63.993],[-15.634,64.057],[-15.267,64.28],[-15.077,64.209],[-14.821,64.195],[-14.598,64.267],[-14.366,64.476],[-14.348,64.67],[-14.26,64.713],[-13.893,64.721],[-13.694,64.779],[-13.557,65.009],[-13.526,65.183],[-13.59,65.43],[-13.647,65.495],[-14.4,65.567],[-14.754,65.697],[-14.641,65.945],[-14.763,66.055],[-15.071,66.061],[-15.574,66.207],[-15.86,66.419],[-16.385,66.454],[-16.376,66.132],[-16.568,66.029],[-16.922,65.978],[-17.57,66.013],[-18.022,66.078],[-17.861,65.837],[-17.884,65.757],[-18.128,65.786],[-18.369,65.895],[-18.676,66.091],[-19.044,66.017],[-19.165,66.003],[-19.275,65.929],[-19.156,65.725],[-19.239,65.667],[-19.336,65.674],[-19.556,65.768],[-19.748,65.907],[-19.973,66.111],[-20.217,66.001],[-20.141,65.651],[-20.168,65.556],[-20.389,65.475],[-20.672,65.424],[-20.831,65.366],[-21.08,65.205],[-21.495,65.568],[-21.296,65.699],[-21.242,65.882],[-21.443,66.13],[-21.779,66.254],[-22.21,66.29],[-22.676,66.391],[-22.841,66.281],[-22.56,66.113],[-22.474,65.996],[-22.609,65.923],[-22.911,65.944],[-23.341,66.134],[-23.466,66.133],[-23.608,65.98],[-23.426,65.827],[-23.267,65.725],[-23.571,65.681],[-23.973,65.687],[-24.162,65.607],[-24.219,65.534]]],[[[8.035,55.476],[8.214,55.399],[8.319,55.481],[8.481,55.349],[8.56,55.356],[8.645,55.069],[8.616,54.887],[8.669,54.88],[9.496,54.938],[9.421,54.976],[9.518,55.129],[9.517,55.223],[9.544,55.351],[9.63,55.459],[9.704,55.483],[9.768,55.467],[9.811,55.437],[9.887,55.342],[9.897,55.28],[10.006,55.193],[10.099,55.188],[10.119,55.179],[10.153,55.133],[10.151,55.122],[10.135,55.117],[10.153,55.084],[10.498,55.029],[10.529,55.029],[10.616,55.061],[10.726,55.062],[10.74,55.067],[10.786,55.128],[10.812,55.186],[10.835,55.294],[10.791,55.363],[10.744,55.497],[10.627,55.617],[10.611,55.617],[10.603,55.607],[10.617,55.564],[10.606,55.486],[10.469,55.437],[10.426,55.439],[10.416,55.453],[10.452,55.482],[10.485,55.532],[10.406,55.586],[10.31,55.617],[10.213,55.599],[10.149,55.574],[10,55.541],[9.905,55.506],[9.856,55.512],[9.838,55.522],[9.832,55.545],[9.813,55.547],[9.749,55.54],[9.738,55.534],[9.69,55.605],[9.976,55.62],[10.007,55.73],[10.147,55.765],[10.23,55.951],[10.175,56.076],[10.293,56.137],[10.442,56.151],[10.496,56.034],[10.751,56.097],[10.889,56.369],[10.826,56.443],[10.314,56.469],[10.23,56.605],[10.216,56.85],[9.835,56.89],[9.37,56.882],[9.322,56.719],[9.312,56.481],[9.136,56.46],[9.003,56.657],[8.869,56.616],[8.675,56.358],[8.452,56.412],[8.309,56.479],[8.183,56.431],[8.124,56.207],[8.117,56.092],[8.317,55.849],[8.32,55.768],[8.125,55.636],[8.035,55.476]]],[[[8.183,56.798],[8.471,56.597],[8.507,56.647],[8.666,56.7],[8.778,56.798],[8.847,56.986],[8.971,57],[9.079,57.037],[9.141,57.009],[9.334,57.023],[9.503,56.975],[10.257,57.006],[10.333,57.171],[10.463,57.242],[10.451,57.458],[10.401,57.506],[10.558,57.745],[10.479,57.759],[10.39,57.661],[10.29,57.672],[9.849,57.582],[9.449,57.228],[9.302,57.166],[8.661,57.104],[8.534,57.141],[8.359,57.023],[8.183,56.798]]],[[[9.631,55.053],[9.675,55.018],[9.701,55.01],[9.794,55.015],[9.836,54.976],[9.842,54.94],[9.759,54.979],[9.758,54.961],[9.781,54.91],[9.956,54.858],[10.071,54.875],[10.073,54.881],[10.042,54.94],[9.966,55.012],[9.754,55.084],[9.708,55.081],[9.631,55.053]]],[[[10.184,54.974],[10.191,54.958],[10.243,54.908],[10.407,54.821],[10.433,54.842],[10.441,54.864],[10.189,54.978],[10.184,54.974]]],[[[10.499,55.002],[10.513,54.983],[10.549,54.95],[10.615,54.95],[10.667,54.974],[10.677,54.989],[10.632,55.043],[10.505,55.009],[10.499,55.002]]],[[[10.512,55.802],[10.527,55.766],[10.545,55.761],[10.614,55.763],[10.667,55.876],[10.667,55.893],[10.659,55.866],[10.64,55.864],[10.62,55.873],[10.561,55.953],[10.562,55.996],[10.555,55.998],[10.516,55.971],[10.512,55.802]]],[[[10.652,54.837],[10.656,54.802],[10.675,54.754],[10.704,54.726],[10.715,54.725],[10.757,54.777],[10.839,54.943],[10.898,55.001],[10.959,55.144],[10.955,55.157],[10.932,55.159],[10.911,55.144],[10.851,55.045],[10.801,54.991],[10.737,54.96],[10.694,54.922],[10.652,54.837]]],[[[10.991,54.787],[11.026,54.759],[11.262,54.707],[11.35,54.659],[11.456,54.619],[11.588,54.664],[11.785,54.64],[11.834,54.661],[11.858,54.689],[11.862,54.746],[11.849,54.766],[11.709,54.875],[11.649,54.907],[11.642,54.901],[11.643,54.878],[11.564,54.822],[11.514,54.83],[11.393,54.868],[11.351,54.892],[11.331,54.919],[11.276,54.95],[11.24,54.957],[11.164,54.957],[11.071,54.941],[11.014,54.896],[11.025,54.814],[10.991,54.787]]],[[[11.102,55.634],[11.23,55.337],[11.285,55.189],[11.585,55.162],[11.767,55.176],[11.97,54.954],[12.077,54.995],[12.301,55.17],[12.43,55.245],[12.158,55.379],[12.409,55.548],[12.469,55.711],[12.444,55.968],[12.238,55.988],[12.088,55.967],[12.053,55.703],[11.962,55.581],[11.728,55.662],[11.568,55.885],[11.296,55.675],[11.102,55.634]]],[[[11.709,54.937],[11.752,54.859],[11.802,54.839],[11.899,54.719],[11.878,54.688],[11.872,54.651],[11.929,54.573],[11.969,54.562],[11.98,54.57],[11.96,54.648],[11.963,54.685],[11.981,54.71],[12.072,54.786],[12.12,54.806],[12.169,54.836],[12.168,54.842],[12.104,54.89],[12.02,54.896],[11.847,54.956],[11.751,54.961],[11.709,54.937]]],[[[12.116,54.904],[12.151,54.886],[12.184,54.88],[12.338,54.959],[12.404,54.963],[12.521,54.944],[12.548,54.949],[12.557,54.964],[12.528,55.01],[12.452,55.027],[12.312,55.035],[12.178,54.982],[12.132,54.951],[12.116,54.904]]]]}},{"type":"Feature","properties":{"NAME":"Sweden–Norway","ABBREVN":"Sweden–Norway","SUBJECTO":"Sweden–Norway","BORDERPRECISION":3,"PARTOF":"Sweden–Norway"},"geometry":{"type":"MultiPolygon","coordinates":[[[[4.98,60.689],[5.075,60.592],[5.255,60.564],[5.456,60.592],[5.551,60.509],[5.262,60.327],[5.096,60.264],[5.279,60.125],[5.525,60.168],[5.894,60.161],[5.806,59.949],[5.632,59.884],[5.543,59.824],[5.694,59.753],[5.91,59.753],[6.185,59.824],[5.97,59.711],[5.667,59.676],[5.741,59.628],[5.646,59.586],[5.449,59.658],[5.419,59.515],[5.383,59.711],[5.087,59.509],[5.177,59.307],[5.283,59.272],[5.35,59.39],[5.344,59.266],[5.529,59.266],[5.717,59.337],[5.683,59.414],[5.68,59.509],[5.8,59.432],[5.816,59.313],[6.113,59.527],[6.076,59.42],[5.877,59.313],[6.02,59.254],[6.238,59.284],[6.033,59.201],[5.772,59.076],[5.822,59.017],[5.94,58.934],[6.051,58.981],[6.266,58.993],[6.041,58.952],[5.984,58.887],[6.094,58.798],[5.794,58.916],[5.666,58.822],[5.627,58.964],[5.475,58.976],[5.531,58.881],[5.4,58.715],[5.615,58.455],[5.874,58.432],[6.231,58.278],[6.652,58.172],[6.479,58.09],[6.644,58.042],[6.726,58.137],[6.874,58.078],[6.959,57.972],[7.908,58.066],[8.03,58.066],[8.154,58.09],[8.175,58.172],[8.922,58.538],[9.372,58.786],[9.346,58.845],[9.698,58.999],[9.938,58.94],[10.172,58.987],[10.211,59.07],[10.363,59.213],[10.43,59.26],[10.379,59.367],[10.407,59.497],[10.57,59.581],[10.634,59.45],[10.549,59.379],[10.657,59.224],[10.769,59.118],[10.829,59.106],[11.112,59.165],[11.179,59.07],[11.039,58.91],[11.14,58.851],[11.221,58.308],[11.407,58.331],[11.431,58.202],[11.614,58.247],[11.802,58.178],[11.709,58.025],[11.61,57.807],[11.766,57.673],[11.881,57.509],[11.877,57.325],[12.005,57.325],[12.289,56.88],[12.526,56.78],[12.657,56.611],[12.786,56.617],[12.872,56.512],[12.805,56.401],[12.615,56.436],[12.652,56.296],[12.414,56.243],[12.699,55.905],[12.986,55.667],[12.859,55.533],[12.888,55.452],[12.802,55.417],[12.802,55.353],[13.302,55.301],[13.823,55.422],[14.117,55.347],[14.286,55.515],[14.126,55.667],[14.259,55.899],[14.492,56.018],[14.605,55.981],[14.653,56.121],[15.221,56.08],[15.497,56.167],[15.696,56.061],[15.771,56.033],[16.031,56.353],[16.376,56.822],[16.395,57.074],[16.494,57.279],[16.659,57.443],[16.55,57.545],[16.607,57.666],[16.477,57.702],[16.46,57.895],[16.598,57.866],[16.725,57.889],[16.774,58.038],[16.744,58.312],[16.513,58.428],[16.443,58.634],[17.081,58.65],[17.083,58.748],[17.245,58.717],[17.357,58.743],[17.582,58.893],[17.623,59.1],[17.739,59.11],[17.745,58.986],[17.726,58.914],[17.766,58.872],[17.94,58.908],[18.016,59.038],[18.372,59.157],[18.273,59.287],[18.598,59.297],[18.611,59.333],[18.515,59.401],[18.441,59.401],[18.43,59.333],[18.328,59.37],[18.111,59.323],[17.978,59.328],[17.862,59.24],[17.584,59.271],[17.575,59.214],[17.358,59.245],[17.266,59.339],[17,59.359],[16.776,59.479],[16.408,59.447],[16.523,59.583],[16.724,59.531],[16.786,59.577],[17.071,59.546],[17.368,59.468],[17.73,59.416],[17.795,59.364],[18.03,59.359],[18.639,59.567],[18.868,59.712],[19.044,59.712],[19.037,59.863],[18.893,59.926],[18.804,60.108],[18.417,60.182],[18.224,60.323],[17.931,60.59],[17.706,60.554],[17.605,60.638],[17.188,60.674],[17.318,60.753],[17.146,60.953],[17.15,61.198],[17.065,61.538],[17.163,61.63],[17.387,61.658],[17.497,62.088],[17.387,62.201],[17.29,62.441],[17.718,62.357],[17.936,62.548],[17.868,62.789],[17.967,62.775],[18.303,62.789],[18.389,62.853],[18.487,62.981],[18.785,63.138],[19.076,63.202],[19.318,63.445],[19.465,63.481],[19.67,63.389],[20.701,63.818],[20.866,64.026],[21.049,64.219],[21.386,64.385],[21.237,64.521],[21.064,64.592],[20.921,64.714],[21.329,64.894],[21.489,65.017],[21.424,65.104],[21.277,65.212],[21.522,65.372],[21.819,65.38],[21.957,65.446],[22.202,65.715],[22.49,65.883],[22.646,65.935],[22.798,65.855],[23.204,65.681],[23.406,65.725],[23.844,65.798],[23.948,65.797],[23.897,65.902],[23.749,66.04],[23.656,66.28],[23.669,66.3],[23.666,66.305],[23.664,66.326],[23.677,66.364],[23.666,66.406],[23.642,66.436],[23.652,66.459],[23.677,66.474],[23.731,66.487],[23.731,66.503],[23.786,66.518],[23.806,66.528],[23.808,66.539],[23.82,66.543],[23.881,66.641],[23.868,66.817],[23.763,66.994],[23.744,67.001],[23.72,67.017],[23.677,67.058],[23.667,67.098],[23.581,67.153],[23.574,67.173],[23.615,67.214],[23.591,67.225],[23.596,67.239],[23.458,67.412],[23.458,67.454],[23.444,67.461],[23.431,67.486],[23.459,67.515],[23.46,67.649],[23.481,67.788],[23.477,67.841],[23.477,67.842],[23.141,68.085],[22.913,68.188],[22.201,68.281],[21.712,68.413],[21.133,68.709],[20.856,68.918],[20.791,68.932],[20.873,68.985],[20.864,68.986],[20.795,69.011],[20.675,69.018],[20.552,69.06],[20.717,69.12],[20.98,69.055],[21.074,69.116],[21.056,69.122],[21.047,69.14],[20.988,69.192],[21.003,69.222],[21.096,69.261],[21.279,69.312],[21.627,69.277],[21.723,69.214],[21.984,69.073],[22.176,68.956],[22.192,68.919],[22.341,68.827],[22.361,68.762],[22.416,68.724],[22.535,68.745],[22.801,68.688],[23.046,68.689],[23.168,68.629],[23.441,68.692],[23.674,68.706],[23.731,68.751],[23.775,68.819],[23.871,68.837],[23.983,68.827],[24.076,68.78],[24.159,68.79],[24.153,68.754],[24.208,68.745],[24.251,68.727],[24.608,68.682],[24.783,68.636],[24.857,68.562],[24.903,68.555],[24.907,68.582],[24.921,68.606],[24.959,68.617],[25.014,68.615],[25.024,68.624],[25.079,68.623],[25.09,68.634],[25.115,68.639],[25.108,68.681],[25.114,68.704],[25.131,68.716],[25.123,68.723],[25.124,68.753],[25.157,68.8],[25.227,68.824],[25.249,68.844],[25.4,68.891],[25.484,68.905],[25.543,68.886],[25.591,68.884],[25.627,68.893],[25.654,68.908],[25.669,68.922],[25.71,69.032],[25.722,69.11],[25.721,69.112],[25.723,69.116],[25.73,69.158],[25.693,69.199],[25.711,69.213],[25.711,69.227],[25.701,69.231],[25.707,69.242],[25.701,69.25],[25.729,69.262],[25.728,69.271],[25.739,69.275],[25.747,69.288],[25.737,69.299],[25.748,69.302],[25.739,69.314],[25.757,69.326],[25.76,69.341],[25.778,69.344],[25.787,69.356],[25.806,69.358],[25.814,69.359],[25.815,69.373],[25.815,69.377],[25.818,69.379],[25.833,69.404],[25.829,69.407],[25.812,69.407],[25.821,69.416],[25.793,69.421],[25.809,69.426],[25.806,69.434],[25.824,69.448],[25.834,69.467],[25.863,69.478],[25.847,69.493],[25.876,69.526],[25.84,69.543],[25.844,69.552],[25.875,69.554],[25.936,69.572],[25.974,69.608],[25.959,69.622],[25.963,69.633],[25.955,69.647],[25.901,69.658],[25.893,69.666],[25.944,69.685],[25.953,69.697],[26.007,69.723],[26.049,69.72],[26.132,69.737],[26.153,69.757],[26.183,69.76],[26.183,69.77],[26.191,69.776],[26.248,69.797],[26.242,69.816],[26.382,69.853],[26.413,69.88],[26.417,69.891],[26.408,69.902],[26.455,69.919],[26.468,69.94],[26.676,69.965],[26.718,69.945],[26.782,69.958],[26.853,69.96],[26.859,69.942],[26.878,69.933],[26.971,69.938],[27.042,69.911],[27.102,69.918],[27.133,69.933],[27.297,69.954],[27.304,69.961],[27.275,69.977],[27.312,69.99],[27.36,69.992],[27.431,70.02],[27.526,70.023],[27.554,70.059],[27.609,70.074],[27.69,70.077],[27.746,70.064],[27.798,70.077],[27.956,70.092],[27.977,70.054],[27.984,70.014],[28.161,69.921],[28.345,69.881],[28.33,69.849],[28.404,69.818],[29.134,69.695],[29.171,69.639],[29.336,69.478],[29.219,69.398],[29.122,69.354],[28.859,69.076],[28.929,69.052],[28.706,68.732],[28.697,68.725],[28.697,68.696],[29.007,68.832],[29.463,69.134],[29.924,69.355],[30.27,69.409],[30.641,69.418],[30.872,69.51],[31.054,69.64],[30.735,69.752],[30.361,69.767],[30.056,69.721],[29.729,69.698],[29.556,69.833],[29.08,69.961],[28.73,70.136],[29.735,70.115],[30.252,70.131],[30.799,70.308],[30.754,70.43],[30.462,70.537],[30.041,70.544],[29.741,70.605],[28.984,70.857],[28.795,70.865],[28.389,70.572],[28.29,70.372],[27.875,70.425],[28.019,70.609],[27.985,70.717],[28.136,70.833],[28.308,70.949],[28.211,71.018],[27.948,71.017],[27.516,70.97],[27.131,70.577],[26.934,70.469],[26.617,70.392],[26.619,70.799],[26.607,70.915],[26.263,70.791],[25.574,70.367],[25.263,70.107],[25.074,70.144],[25.122,70.435],[25.231,70.558],[25.832,70.898],[25.389,70.905],[24.849,70.827],[24.571,70.741],[24.36,70.61],[24.208,70.472],[23.955,70.502],[23.827,70.479],[23.508,70.279],[23.292,70.011],[23.204,69.943],[22.746,70.171],[22.306,70.216],[22.163,70.093],[21.908,69.804],[21.609,69.963],[21.412,70.015],[21.103,69.818],[20.734,69.779],[20.553,69.522],[20.197,69.318],[20.278,69.582],[20.358,69.71],[20.286,69.786],[20.158,69.748],[19.821,69.37],[19.58,69.181],[19.289,69.211],[18.985,69.315],[18.553,69.247],[18.319,69.359],[18.097,69.058],[18.052,69.028],[17.928,69.005],[17.895,69.035],[17.566,68.974],[17.449,68.887],[17.407,68.772],[17.04,68.659],[16.855,68.558],[17.126,68.416],[17.033,68.338],[16.719,68.311],[16.522,68.341],[16.649,68.046],[16.412,67.874],[16.233,67.911],[16.071,68.045],[15.92,68.049],[15.854,67.925],[15.572,67.821],[15.762,67.676],[15.746,67.597],[15.58,67.583],[15.385,67.464],[15.227,67.509],[14.976,67.523],[14.699,67.374],[14.569,67.329],[14.616,67.245],[14.778,67.217],[14.639,67.123],[14.373,67.093],[14.055,66.975],[13.859,66.959],[13.747,66.922],[13.992,66.687],[13.592,66.657],[13.383,66.679],[13.242,66.569],[13.169,66.458],[13.255,66.393],[13.403,66.349],[13.581,66.188],[13.152,66.136],[13.109,66.034],[13.087,65.88],[12.709,65.909],[12.479,65.617],[12.284,65.435],[12.496,65.384],[12.526,65.109],[12.222,65.101],[12.112,65.13],[11.896,64.913],[11.69,64.776],[11.47,64.675],[11.407,64.617],[11.508,64.517],[11.364,64.416],[11.214,64.416],[10.997,64.494],[10.891,64.473],[10.74,64.386],[10.066,64.056],[9.87,63.876],[9.832,63.684],[9.441,63.498],[9.216,63.284],[9.154,63.319],[8.957,63.404],[8.606,63.325],[8.472,63.176],[8.258,63.054],[8.231,62.841],[7.989,62.94],[7.606,62.904],[7.088,62.91],[6.982,62.846],[7.102,62.705],[7.547,62.599],[7.289,62.486],[6.989,62.542],[6.613,62.583],[6.533,62.336],[6.308,62.286],[6.053,62.335],[5.824,62.179],[5.565,62.15],[5.47,62.094],[5.426,62.009],[5.528,61.933],[5.719,61.88],[5.834,61.819],[5.797,61.77],[5.592,61.79],[5.149,61.741],[5.101,61.699],[5.141,61.39],[5.018,61.305],[5.12,61.137],[5.387,61.026],[5.109,60.906],[4.98,60.689]]],[[[16.392,56.465],[16.403,56.274],[16.416,56.215],[16.437,56.211],[16.474,56.224],[16.496,56.241],[16.576,56.361],[16.572,56.372],[16.569,56.388],[16.577,56.407],[16.77,56.796],[16.808,56.824],[16.841,56.832],[16.927,57.038],[17.051,57.187],[17.124,57.321],[17.106,57.348],[17.057,57.359],[17.022,57.345],[16.973,57.305],[16.959,57.274],[16.963,57.229],[16.848,57.064],[16.749,56.94],[16.617,56.874],[16.543,56.776],[16.42,56.586],[16.393,56.529],[16.392,56.465]]]]}},{"type":"Feature","properties":{"NAME":"Prussia","ABBREVN":"Prussia","SUBJECTO":"Prussia","BORDERPRECISION":3,"PARTOF":"Prussia"},"geometry":{"type":"Polygon","coordinates":[[[9.649,51.308],[9.762,51.216],[9.854,51.206],[9.895,51.165],[9.854,51.144],[9.833,51.144],[9.854,51.124],[9.929,51.105],[10.007,51.105],[10.051,51.194],[10.107,51.172],[10.118,50.971],[10.118,51.004],[10.32,50.971],[10.32,51.004],[10.442,51.049],[10.498,50.993],[10.543,51.082],[10.599,51.06],[10.588,50.982],[10.632,50.959],[10.61,50.959],[10.632,50.926],[10.588,50.915],[10.632,50.848],[10.655,50.848],[10.677,50.725],[10.789,50.714],[10.822,50.691],[10.822,50.881],[10.755,50.915],[10.755,51.127],[10.789,51.116],[10.8,51.16],[10.945,51.149],[10.979,51.172],[11.18,51.194],[11.202,51.228],[11.303,51.216],[11.325,51.127],[11.359,51.138],[11.381,51.071],[11.403,51.071],[11.515,51.172],[11.56,51.149],[11.593,51.194],[11.616,51.172],[11.571,51.116],[11.593,51.071],[11.56,51.049],[11.604,50.982],[11.694,51.026],[11.761,50.993],[11.783,50.915],[11.951,50.859],[12.065,51.023],[12.052,51.161],[12.14,51.173],[12.127,51.248],[12.027,51.348],[12.052,51.386],[12.065,51.511],[12.29,51.573],[12.365,51.486],[12.49,51.536],[12.49,51.598],[12.627,51.611],[12.927,51.548],[12.927,51.486],[13.077,51.573],[13.115,51.636],[13.19,51.598],[13.265,51.523],[13.327,51.498],[13.327,51.536],[13.715,51.498],[13.727,51.523],[14.115,51.486],[14.165,51.523],[14.24,51.536],[14.328,51.486],[14.453,51.486],[14.503,51.461],[14.64,51.448],[14.715,51.411],[14.765,51.311],[14.915,51.123],[14.978,51.123],[15.009,51.056],[15.172,51.064],[15.267,51.023],[15.309,50.906],[15.472,50.833],[15.818,50.797],[15.877,50.716],[16.003,50.732],[16.001,50.656],[16.21,50.686],[16.238,50.716],[16.353,50.705],[16.443,50.623],[16.399,50.569],[16.305,50.558],[16.204,50.463],[16.451,50.352],[16.585,50.181],[16.728,50.149],[16.827,50.233],[17.012,50.287],[16.884,50.423],[16.886,50.488],[17.014,50.477],[17.243,50.39],[17.36,50.336],[17.679,50.338],[17.597,50.211],[17.746,50.249],[17.751,50.036],[17.882,50.03],[18.048,50.103],[18.188,50.021],[18.549,49.962],[18.542,49.848],[18.786,49.892],[18.768,50.179],[18.646,50.645],[18.14,50.988],[18.113,51.771],[18.14,51.825],[18.005,51.879],[17.897,52.176],[18.086,52.392],[18.464,52.392],[18.599,52.5],[18.518,52.554],[18.518,52.662],[18.653,52.716],[18.572,52.824],[18.761,52.932],[18.842,53.067],[18.95,53.04],[18.991,53.131],[19.285,53.165],[19.423,53.113],[19.492,53.165],[19.579,53.079],[20.011,53.044],[20.097,53.182],[20.477,53.131],[20.702,53.321],[21.117,53.269],[22.807,53.808],[22.74,53.95],[22.699,54.415],[22.67,54.494],[22.662,54.571],[22.724,54.733],[22.824,54.787],[22.794,54.902],[22.632,54.949],[22.584,55.009],[21.684,55.353],[21.276,55.861],[20.945,56.07],[20.996,56.024],[21.018,55.634],[21.216,55.344],[21.201,55.261],[21.143,55.256],[21.224,55.111],[21.113,55.089],[21.192,54.96],[21.137,54.845],[20.985,54.812],[19.943,54.85],[19.863,54.752],[19.833,54.531],[19.882,54.525],[19.938,54.608],[20.006,54.547],[20.194,54.575],[20.327,54.564],[20.189,54.522],[19.733,54.31],[19.457,54.217],[19.328,54.161],[19.23,54.167],[19.232,54.222],[19.318,54.272],[19.758,54.459],[19.734,54.461],[19.255,54.277],[18.965,54.228],[18.673,54.255],[18.513,54.316],[18.454,54.525],[18.338,54.603],[18.363,54.669],[18.76,54.536],[18.279,54.724],[17.658,54.685],[16.976,54.549],[16.473,54.415],[16.115,54.2],[15.898,54.128],[15.312,54.071],[15.08,54.003],[14.886,53.98],[14.467,53.91],[14.483,53.819],[14.557,53.76],[14.565,53.694],[14.495,53.625],[14.537,53.538],[14.433,53.594],[14.19,53.625],[14.177,53.683],[14.01,53.673],[13.85,53.729],[13.78,53.775],[13.738,54.03],[13.668,54.084],[13.431,54.03],[13.064,54.194],[13.026,54.265],[12.943,54.347],[12.765,54.27],[12.653,54.321],[12.463,54.255],[12.706,54.089],[12.9,54.025],[12.852,53.944],[12.9,53.928],[12.771,53.701],[12.884,53.685],[12.981,53.734],[13.013,53.734],[13.143,53.782],[13.175,53.669],[13.11,53.621],[13.11,53.572],[13.207,53.621],[13.256,53.572],[13.401,53.701],[13.482,53.701],[13.531,53.637],[13.563,53.637],[13.612,53.669],[13.806,53.604],[13.773,53.475],[13.692,53.427],[13.757,53.427],[13.725,53.281],[13.612,53.281],[13.531,53.087],[13.498,53.119],[13.418,53.006],[13.272,53.022],[13.191,52.958],[13.062,52.99],[13.062,52.926],[13.143,52.877],[13.143,52.78],[13.191,52.796],[13.304,52.651],[13.256,52.618],[13.094,52.667],[13.03,52.748],[13.094,52.78],[13.078,52.829],[12.933,52.861],[12.933,52.909],[12.836,52.942],[12.787,52.893],[12.351,53.071],[12.302,53.055],[12.092,53.2],[11.963,53.2],[11.914,53.249],[11.882,53.216],[11.866,53.249],[11.817,53.216],[11.753,53.346],[11.72,53.136],[11.639,53.152],[11.591,53.119],[11.51,53.119],[11.526,53.103],[11.462,53.087],[11.397,53.152],[11.349,53.152],[11.316,53.103],[11.219,53.039],[11.187,53.039],[11.081,52.971],[11.181,52.887],[11.148,52.812],[11.114,52.82],[11.097,52.778],[11.114,52.753],[11.081,52.745],[11.064,52.762],[10.98,52.711],[10.922,52.778],[10.896,52.762],[10.871,52.778],[10.704,52.82],[10.687,52.77],[10.553,52.804],[10.528,52.737],[10.536,52.46],[10.57,52.46],[10.57,52.443],[10.528,52.443],[10.503,52.351],[10.553,52.293],[10.553,52.276],[10.578,52.243],[10.578,52.176],[10.553,52.167],[10.578,52.092],[10.528,52.008],[10.511,51.882],[10.486,51.882],[10.486,51.824],[10.453,51.857],[10.369,51.824],[10.377,51.799],[10.335,51.774],[10.327,51.799],[10.344,51.807],[10.319,51.832],[10.294,51.815],[10.26,51.857],[10.193,51.765],[10.211,51.663],[10.151,51.637],[10.151,51.616],[10.131,51.606],[10.18,51.596],[10.218,51.612],[10.234,51.58],[10.325,51.575],[10.352,51.612],[10.389,51.591],[10.427,51.612],[10.416,51.655],[10.454,51.677],[10.475,51.65],[10.518,51.677],[10.539,51.663],[10.571,51.623],[10.529,51.602],[10.55,51.575],[10.598,51.564],[10.691,51.618],[10.832,51.611],[10.872,51.651],[10.892,51.638],[10.953,51.631],[10.973,51.584],[10.872,51.517],[10.879,51.47],[10.765,51.444],[10.537,51.504],[10.51,51.477],[10.288,51.519],[10.234,51.479],[10.255,51.43],[10.162,51.472],[10.1,51.452],[10.09,51.483],[9.977,51.442],[9.977,51.401],[9.895,51.39],[9.792,51.339],[9.731,51.349],[9.649,51.308]],[[10.212,51.288],[10.226,51.318],[10.337,51.349],[10.363,51.323],[10.397,51.323],[10.397,51.36],[10.497,51.39],[10.549,51.353],[10.568,51.379],[10.62,51.375],[10.683,51.353],[10.724,51.364],[10.773,51.338],[10.806,51.353],[10.836,51.319],[10.828,51.293],[10.806,51.297],[10.802,51.278],[10.817,51.267],[10.828,51.241],[10.784,51.241],[10.739,51.256],[10.691,51.245],[10.676,51.275],[10.613,51.156],[10.631,51.152],[10.639,51.13],[10.453,51.141],[10.348,51.159],[10.333,51.174],[10.326,51.167],[10.311,51.178],[10.289,51.159],[10.27,51.159],[10.263,51.148],[10.248,51.15],[10.234,51.274],[10.248,51.281],[10.212,51.288]],[[10.888,51.371],[10.914,51.383],[10.933,51.36],[10.992,51.397],[11.018,51.357],[10.981,51.323],[11.007,51.29],[10.959,51.249],[10.892,51.252],[10.918,51.316],[10.888,51.371]],[[11.059,51.557],[11.126,51.58],[11.067,51.747],[11.167,51.803],[11.182,51.777],[11.256,51.796],[11.282,51.762],[11.39,51.77],[11.416,51.833],[11.498,51.829],[11.588,51.918],[11.677,51.918],[11.703,51.945],[11.688,51.952],[11.792,52.056],[11.833,52.075],[11.852,52.06],[11.934,52.093],[11.993,52.086],[11.982,52.026],[12.016,51.971],[12.06,51.989],[12.09,51.985],[12.083,51.959],[12.123,51.896],[12.164,51.892],[12.161,51.84],[12.097,51.781],[12.094,51.744],[12.068,51.755],[11.986,51.74],[11.986,51.628],[11.971,51.632],[11.963,51.621],[11.997,51.617],[11.997,51.595],[11.934,51.598],[11.885,51.636],[11.867,51.636],[11.885,51.617],[11.803,51.565],[11.692,51.587],[11.662,51.565],[11.625,51.61],[11.442,51.613],[11.39,51.651],[11.245,51.658],[11.171,51.602],[11.178,51.546],[11.134,51.517],[11.059,51.557]]]}},{"type":"Feature","properties":{"NAME":"Prussia","ABBREVN":"Prussia","SUBJECTO":"Prussia","BORDERPRECISION":3,"PARTOF":"Prussia"},"geometry":{"type":"Polygon","coordinates":[[[13.777,53.949],[13.828,53.83],[14.029,53.865],[14.068,53.843],[14.205,53.813],[14.174,53.907],[14.07,53.918],[13.778,54.044],[13.777,53.949]]]}},{"type":"Feature","properties":{"NAME":"Republic of Kraków","ABBREVN":"Republic of Kraków","SUBJECTO":"Republic of Kraków","BORDERPRECISION":3,"PARTOF":"Republic of Kraków"},"geometry":{"type":"Polygon","coordinates":[[[18.769,50.177],[18.786,49.892],[20.263,49.887],[20.18,50.147],[19.207,50.253],[18.769,50.177]]]}},{"type":"Feature","properties":{"NAME":"Russian Empire","ABBREVN":"Russia","SUBJECTO":"Russian Empire","BORDERPRECISION":3,"PARTOF":"Russian Empire"},"geometry":{"type":"MultiPolygon","coordinates":[[[[17.897,52.176],[18.005,51.879],[18.14,51.825],[18.113,51.771],[18.14,50.988],[18.646,50.645],[18.768,50.179],[19.207,50.253],[20.18,50.147],[20.263,49.887],[24.257,50.159],[26.036,49.634],[26.078,49.122],[26.082,49.13],[26.163,48.941],[27.108,48.644],[27.108,48.833],[27.486,48.671],[27.486,48.752],[27.648,48.752],[27.706,48.44],[27.82,48.394],[27.882,48.338],[27.944,48.315],[28.013,48.309],[28.058,48.281],[28.115,48.218],[28.16,48.224],[28.217,48.213],[28.296,48.23],[28.347,48.23],[28.359,48.201],[28.302,48.133],[28.347,48.15],[28.387,48.139],[28.387,48.105],[28.415,48.082],[28.427,48.097],[28.908,47.818],[29.116,47.283],[29.427,46.816],[29.807,46.505],[30.066,46.28],[30.433,46.176],[30.52,46.251],[30.833,46.577],[31.087,46.636],[31.538,46.701],[31.781,46.702],[31.951,46.865],[32.189,46.592],[31.926,46.41],[32.114,46.216],[32.202,46.17],[32.516,46.126],[33.333,46.166],[33.528,46.134],[33.639,45.927],[33.539,45.875],[33.192,45.79],[32.902,45.673],[32.503,45.445],[32.575,45.361],[32.643,45.381],[32.926,45.388],[33.013,45.381],[33.398,45.253],[33.517,45.124],[33.559,44.936],[33.395,44.6],[33.66,44.524],[34.014,44.492],[34.135,44.537],[34.372,44.757],[34.614,44.841],[35.067,44.862],[35.387,45.082],[35.6,45.102],[35.865,45.031],[36.005,45.044],[36.265,45.097],[36.367,45.161],[36.415,45.272],[36.521,45.388],[36.323,45.44],[35.85,45.445],[35.546,45.38],[35.317,45.321],[35.063,45.34],[34.99,45.45],[35.032,45.534],[35.008,45.612],[34.127,46.064],[33.839,46.193],[34.064,46.265],[34.496,46.279],[34.692,46.253],[34.907,46.273],[35.046,46.358],[35.212,46.637],[35.416,46.495],[35.624,46.521],[35.851,46.664],[36.354,46.776],[36.865,46.809],[37.193,46.894],[37.422,47.077],[37.859,47.104],[38.8,47.229],[39.16,47.269],[39.194,47.243],[39.282,47.074],[38.723,46.878],[38.401,46.721],[38.032,46.669],[37.867,46.655],[37.757,46.603],[37.97,46.441],[38.265,46.319],[38.459,46.079],[38.227,46.02],[37.99,46.007],[37.868,45.793],[37.706,45.578],[37.661,45.345],[37.461,45.312],[37.228,45.312],[36.96,45.227],[37.318,44.924],[37.474,44.692],[37.622,44.673],[37.774,44.745],[37.88,44.719],[38.109,44.494],[38.277,44.423],[38.556,44.385],[38.924,44.212],[40.252,43.268],[40.557,43.147],[40.969,43.077],[41.123,43.019],[41.41,42.788],[41.503,42.608],[41.652,42.121],[41.68,41.793],[41.666,41.729],[41.521,41.466],[41.484,41.437],[42.029,41.4],[42.25,41.369],[42.352,41.402],[42.694,41.564],[42.878,41.546],[43.957,42.591],[44.053,42.559],[44.17,42.612],[44.297,42.612],[44.414,42.729],[44.51,42.761],[44.669,42.761],[44.786,42.729],[44.872,42.666],[44.935,42.74],[44.978,42.772],[45.031,42.772],[45.138,42.719],[45.201,42.676],[45.297,42.676],[45.382,42.623],[45.478,42.549],[45.648,42.549],[45.808,42.538],[45.861,42.474],[45.808,42.389],[45.754,42.251],[45.914,42.123],[46.042,42.049],[46.159,42.006],[46.286,41.985],[46.393,41.995],[46.499,41.964],[46.556,41.878],[46.659,41.889],[46.669,41.815],[46.765,41.836],[46.85,41.836],[46.914,41.751],[47.127,41.623],[47.169,41.57],[47.222,41.57],[47.35,41.442],[47.35,41.304],[47.616,41.261],[47.818,41.198],[47.988,41.219],[48.063,41.315],[48.201,41.464],[48.224,41.471],[47.249,42.785],[47.195,43.376],[47.493,43.583],[47.538,43.673],[47.565,43.844],[47.332,44.186],[47.224,44.204],[47.143,44.339],[46.999,44.356],[46.846,44.446],[46.81,44.536],[46.873,44.68],[47.026,44.788],[47.17,44.86],[47.251,44.986],[47.394,45.175],[47.556,45.453],[47.655,45.543],[47.601,45.66],[47.628,45.732],[47.673,45.75],[47.754,45.714],[47.871,45.678],[48.015,45.714],[48.303,45.768],[48.635,45.975],[48.77,45.885],[48.833,45.921],[48.833,46.083],[48.887,46.083],[49.058,46.137],[49.238,46.263],[49.313,46.353],[49.535,46.542],[49.723,46.533],[49.948,46.56],[50.272,46.685],[50.632,46.91],[50.82,46.919],[51.117,47.063],[51.369,47.09],[51.675,47.036],[51.791,47.009],[51.935,46.892],[52.142,46.838],[52.376,46.874],[52.466,46.91],[52.556,46.982],[53.023,46.919],[53.185,46.865],[53.23,46.73],[53.284,46.676],[53.167,46.586],[53.122,46.497],[53.185,46.425],[53.257,46.317],[53.203,46.191],[53.149,45.957],[53.05,45.831],[52.924,45.732],[52.835,45.642],[52.844,45.507],[53.059,45.453],[53.269,45.335],[53.53,45.281],[58.613,46.787],[60,47.531],[60,68.6],[59.925,68.581],[59.892,68.402],[59.762,68.297],[59.502,68.289],[59.218,68.349],[59.12,68.393],[59.062,68.497],[59.346,68.7],[59.199,68.774],[58.77,68.856],[58.409,68.833],[57.959,68.705],[57.526,68.495],[57.364,68.457],[57.024,68.449],[56.54,68.553],[56.195,68.567],[55.723,68.536],[55.335,68.483],[55.126,68.401],[54.996,68.207],[54.877,68.11],[54.752,68.05],[54.648,68.072],[54.576,68.161],[54.38,68.161],[53.626,68.048],[53.317,68.136],[53.316,68.233],[53.396,68.3],[53.782,68.338],[53.808,68.607],[53.889,68.787],[53.502,68.816],[53.179,68.756],[53.006,68.681],[52.939,68.471],[52.72,68.351],[52.463,68.299],[52.337,68.336],[52.245,68.545],[51.831,68.409],[51.139,68.266],[50.496,68.153],[49.63,67.936],[49.186,67.839],[48.635,67.652],[48.081,67.562],[47.953,67.377],[47.706,66.89],[47.571,66.816],[46.973,66.778],[46.402,66.719],[46.077,66.762],[45.715,66.85],[45.386,67.099],[44.957,67.231],[44.871,67.312],[45.093,67.542],[45.463,67.639],[46.634,67.701],[46.439,67.908],[46.162,68.108],[45.863,68.383],[45.58,68.443],[44.668,68.389],[44.012,68.492],[43.853,68.469],[43.822,68.327],[44.169,68.097],[44.261,67.83],[44.216,67.718],[43.704,67.266],[43.838,67.163],[44.219,67.09],[44.362,66.906],[44.384,66.612],[44.122,66.267],[44.053,66.041],[44.029,66.011],[43.876,66.011],[43.241,66.251],[42.211,66.41],[42.133,66.388],[41.623,66.065],[41.354,65.955],[40.681,65.794],[39.951,65.581],[39.823,65.436],[39.979,65.153],[40.366,64.858],[40.462,64.75],[40.44,64.564],[40.322,64.463],[39.997,64.541],[39.622,64.476],[39.193,64.511],[38.253,64.703],[37.604,64.853],[37.102,65.068],[36.884,65.068],[36.569,64.765],[36.997,64.407],[37.262,64.314],[37.463,64.3],[37.668,64.343],[37.88,64.308],[38.054,64.129],[38.054,63.986],[37.945,63.85],[37.591,63.807],[37.411,63.749],[36.988,63.841],[36.421,63.876],[36.24,63.919],[36.015,64.197],[35.623,64.254],[35.082,64.288],[34.885,64.367],[34.815,64.46],[34.773,64.682],[34.426,65.107],[34.332,65.346],[34.293,65.396],[34.601,65.484],[34.726,65.615],[34.726,65.797],[34.544,66.001],[34.258,66.11],[33.844,66.182],[33.47,66.313],[32.971,66.583],[32.754,66.649],[32.425,66.891],[32.219,66.994],[32.644,67.046],[32.991,66.988],[33.158,66.914],[33.437,66.702],[34.153,66.63],[35.168,66.412],[35.772,66.259],[36.505,66.172],[37.422,66.094],[38.048,66.007],[38.782,66.001],[39.19,66.039],[39.978,66.201],[40.345,66.319],[40.836,66.561],[41.147,66.782],[41.255,66.937],[41.209,67.069],[41.017,67.202],[40.951,67.335],[40.973,67.534],[40.826,67.66],[39.918,67.94],[38.668,68.146],[38.406,68.243],[37.689,68.63],[37.246,68.793],[36.018,69.024],[35.437,69.15],[34.934,69.149],[34.699,69.164],[34.305,69.171],[33.818,69.192],[33.628,69.215],[33.316,69.071],[33.281,69.342],[33.01,69.387],[32.596,69.424],[32.352,69.514],[32.191,69.642],[32.076,69.815],[32.072,69.883],[31.782,69.777],[31.331,69.663],[31.054,69.64],[30.872,69.51],[30.641,69.418],[30.27,69.409],[29.924,69.355],[29.463,69.134],[29.007,68.832],[28.697,68.696],[28.697,68.725],[28.434,68.54],[28.646,68.196],[29.327,68.075],[29.659,67.803],[30.016,67.671],[29.93,67.523],[29.84,67.479],[29.709,67.389],[29.621,67.349],[29.619,67.344],[29.644,67.34],[29.642,67.336],[29.613,67.327],[29.582,67.329],[29.565,67.319],[29.58,67.315],[29.569,67.311],[29.524,67.31],[29.508,67.285],[29.516,67.281],[29.072,66.994],[29.041,66.962],[29.033,66.926],[29.061,66.853],[29.115,66.805],[29.106,66.79],[29.149,66.78],[29.36,66.638],[29.361,66.623],[29.384,66.606],[29.376,66.604],[29.418,66.59],[29.413,66.582],[29.472,66.544],[29.52,66.496],[29.706,66.273],[29.695,66.271],[29.709,66.268],[29.923,66.127],[29.972,66.046],[29.981,66.044],[29.974,66.041],[29.989,66.02],[29.997,65.979],[30.024,65.967],[30.068,65.895],[30.119,65.752],[30.138,65.669],[30.016,65.696],[29.722,65.637],[29.754,65.609],[29.864,65.56],[29.755,65.497],[29.749,65.483],[29.733,65.473],[29.727,65.4],[29.731,65.374],[29.747,65.347],[29.646,65.289],[29.609,65.276],[29.602,65.26],[29.634,65.232],[29.764,65.229],[29.886,65.206],[29.894,65.193],[29.819,65.144],[29.863,65.131],[29.853,65.127],[29.897,65.105],[29.831,65.092],[29.733,65.091],[29.627,65.061],[29.614,65.013],[29.599,64.995],[29.619,64.96],[29.611,64.927],[29.645,64.866],[29.7,64.837],[29.688,64.819],[29.74,64.79],[30.043,64.793],[30.087,64.774],[30.091,64.765],[30.041,64.741],[30.054,64.713],[30.136,64.649],[30.13,64.635],[30.119,64.626],[30.054,64.615],[29.989,64.588],[29.997,64.577],[29.987,64.534],[30.015,64.504],[30.03,64.501],[30.024,64.483],[30.046,64.472],[30.058,64.451],[30.05,64.442],[30.057,64.434],[30.045,64.402],[30.11,64.365],[30.21,64.35],[30.367,64.3],[30.361,64.281],[30.388,64.269],[30.482,64.262],[30.51,64.222],[30.466,64.204],[30.516,64.155],[30.553,64.132],[30.554,64.102],[30.528,64.049],[30.492,64.017],[30.447,63.983],[30.321,63.91],[30.26,63.822],[29.972,63.757],[30.059,63.711],[30.077,63.694],[30.244,63.607],[30.261,63.583],[30.385,63.546],[30.484,63.467],[30.788,63.405],[30.853,63.368],[30.934,63.355],[30.944,63.337],[30.984,63.306],[31.021,63.303],[31.1,63.272],[31.138,63.265],[31.165,63.244],[31.24,63.219],[31.24,63.191],[31.255,63.179],[31.255,63.142],[31.272,63.108],[31.364,63.071],[31.39,63.048],[31.425,63.043],[31.463,63.024],[31.449,63.006],[31.502,62.996],[31.587,62.909],[31.896,62.881],[32.102,62.826],[32.305,62.606],[32.297,62.555],[32.371,62.45],[32.578,62.339],[32.682,62.274],[32.665,62.196],[32.651,61.401],[32.592,61.189],[30.703,60.518],[30.678,60.486],[30.618,60.479],[30.545,60.444],[30.523,60.451],[30.522,60.467],[30.493,60.449],[30.482,60.432],[30.45,60.424],[30.44,60.445],[30.36,60.442],[30.331,60.453],[30.304,60.452],[30.281,60.469],[30.245,60.477],[30.214,60.458],[30.19,60.458],[30.117,60.491],[30.057,60.495],[30.044,60.478],[30.092,60.447],[30.085,60.446],[30.085,60.438],[30.102,60.414],[30.097,60.401],[30.107,60.396],[30.057,60.355],[30.063,60.353],[30.048,60.347],[30.005,60.357],[29.997,60.351],[30.003,60.34],[30.041,60.317],[30.038,60.3],[30.056,60.283],[30.03,60.285],[29.996,60.275],[30,60.271],[29.947,60.265],[29.948,60.255],[29.933,60.242],[29.862,60.256],[29.849,60.247],[29.86,60.232],[29.852,60.211],[29.866,60.196],[29.912,60.197],[29.922,60.186],[30.005,60.159],[30.011,60.152],[29.98,60.121],[29.988,60.105],[29.994,60.084],[29.976,60.06],[29.835,60.055],[29.803,60.068],[29.953,59.986],[30.127,59.806],[29.963,59.737],[29.765,59.736],[29.414,59.86],[29.076,59.908],[28.936,59.825],[28.796,59.672],[28.663,59.644],[28.444,59.734],[28.309,59.664],[28.351,59.602],[28.266,59.562],[28.163,59.591],[28.094,59.665],[27.942,59.648],[27.897,59.534],[27.973,59.517],[28.016,59.454],[27.894,59.346],[27.702,59.298],[27.265,59.338],[26.999,59.318],[26.862,59.372],[26.343,59.447],[25.721,59.46],[25.49,59.42],[25.449,59.494],[25.248,59.362],[24.751,59.448],[24.714,59.352],[24.571,59.374],[24.538,59.323],[24.342,59.369],[24.282,59.284],[24.03,59.235],[24.032,59.176],[23.416,59.119],[23.457,59.005],[23.338,58.972],[23.432,58.858],[23.361,58.767],[23.512,58.581],[23.69,58.665],[23.671,58.241],[23.908,58.224],[24.058,58.112],[24.331,58.308],[24.497,58.213],[24.414,58.106],[24.416,57.948],[24.236,57.728],[24.323,57.337],[24.346,57.16],[24.266,57.03],[24.158,56.975],[23.768,56.866],[23.414,56.892],[23.215,56.981],[23.175,57.048],[23.071,57.261],[22.881,57.334],[22.585,57.509],[22.564,57.616],[22.433,57.616],[22.285,57.565],[21.81,57.475],[21.677,57.464],[21.46,57.25],[21.34,57.177],[21.324,56.854],[21.022,56.684],[20.965,56.609],[20.949,56.473],[20.916,56.097],[20.945,56.07],[21.276,55.861],[21.684,55.353],[22.584,55.009],[22.632,54.949],[22.794,54.902],[22.824,54.787],[22.724,54.733],[22.662,54.571],[22.67,54.494],[22.699,54.415],[22.74,53.95],[22.807,53.808],[21.117,53.269],[20.702,53.321],[20.477,53.131],[20.097,53.182],[20.011,53.044],[19.579,53.079],[19.492,53.165],[19.423,53.113],[19.285,53.165],[18.991,53.131],[18.95,53.04],[18.842,53.067],[18.761,52.932],[18.572,52.824],[18.653,52.716],[18.518,52.662],[18.518,52.554],[18.599,52.5],[18.464,52.392],[18.086,52.392],[17.897,52.176]]],[[[20.791,68.932],[20.856,68.918],[21.133,68.709],[21.712,68.413],[22.201,68.281],[22.913,68.188],[23.141,68.085],[23.477,67.842],[23.481,67.865],[23.499,67.882],[23.533,67.893],[23.636,67.913],[23.661,67.933],[23.662,67.95],[23.643,67.963],[23.574,67.973],[23.485,68.016],[23.383,68.051],[23.331,68.128],[23.307,68.146],[23.272,68.145],[23.166,68.122],[23.149,68.139],[23.16,68.179],[23.149,68.194],[23.155,68.217],[23.14,68.234],[23.082,68.265],[23.067,68.29],[22.904,68.337],[22.808,68.395],[22.749,68.385],[22.662,68.427],[22.608,68.425],[22.457,68.452],[22.374,68.456],[22.371,68.468],[22.303,68.476],[22.072,68.477],[22.037,68.493],[22.036,68.507],[21.919,68.568],[21.737,68.588],[21.717,68.619],[21.572,68.667],[21.496,68.675],[21.464,68.687],[21.406,68.749],[21.305,68.756],[21.217,68.817],[21.072,68.869],[20.906,68.895],[20.885,68.907],[20.888,68.927],[20.918,68.933],[20.934,68.949],[20.935,68.967],[20.911,68.981],[20.873,68.985],[20.791,68.932]]],[[[20.98,69.055],[21.058,69.036],[21.109,69.104],[21.074,69.116],[20.98,69.055]]],[[[22.361,68.762],[22.375,68.717],[22.416,68.724],[22.361,68.762]]],[[[23.458,67.412],[23.596,67.239],[23.603,67.26],[23.735,67.29],[23.763,67.306],[23.786,67.338],[23.751,67.346],[23.765,67.42],[23.595,67.454],[23.477,67.444],[23.458,67.454],[23.458,67.412]]],[[[23.459,67.515],[23.485,67.543],[23.473,67.555],[23.554,67.587],[23.55,67.611],[23.519,67.653],[23.485,67.737],[23.481,67.788],[23.46,67.649],[23.459,67.515]]],[[[23.656,66.28],[23.749,66.04],[23.897,65.902],[23.948,65.797],[24.132,65.789],[24.134,65.797],[24.154,65.818],[24.122,65.858],[24.15,65.864],[24.055,65.948],[24.055,65.985],[24.02,66.049],[23.975,66.073],[23.911,66.149],[23.889,66.161],[23.751,66.192],[23.724,66.207],[23.669,66.3],[23.656,66.28]]],[[[23.763,66.994],[23.868,66.817],[23.881,66.641],[23.82,66.543],[23.882,66.564],[23.893,66.596],[23.882,66.632],[23.903,66.686],[23.892,66.751],[23.939,66.791],[23.984,66.793],[23.999,66.796],[24.004,66.805],[23.933,66.889],[23.874,66.925],[23.817,66.975],[23.763,66.994]]],[[[25.669,68.922],[25.709,68.962],[25.713,68.981],[25.774,69.013],[25.772,69.026],[25.745,69.04],[25.75,69.06],[25.725,69.081],[25.731,69.083],[25.726,69.092],[25.73,69.101],[25.722,69.11],[25.71,69.032],[25.669,68.922]]],[[[25.723,69.116],[25.742,69.145],[25.73,69.158],[25.723,69.116]]],[[[25.818,69.379],[25.846,69.395],[25.833,69.404],[25.818,69.379]]],[[[28.559,60.209],[28.569,60.198],[28.692,60.15],[28.969,60.109],[29.033,60.113],[28.932,60.134],[28.887,60.162],[28.849,60.205],[28.797,60.22],[28.721,60.198],[28.634,60.195],[28.571,60.205],[28.559,60.209]]],[[[28.805,69.111],[28.855,69.077],[28.859,69.076],[29.122,69.354],[28.832,69.224],[28.83,69.172],[28.805,69.111]]]]}},{"type":"Feature","properties":{"NAME":"San Marino","ABBREVN":"San Marino","SUBJECTO":"San Marino","BORDERPRECISION":3,"PARTOF":"San Marino"},"geometry":{"type":"Polygon","coordinates":[[[12.404,43.956],[12.415,43.929],[12.408,43.922],[12.408,43.902],[12.441,43.906],[12.45,43.895],[12.488,43.897],[12.494,43.919],[12.516,43.942],[12.506,43.971],[12.517,43.99],[12.504,43.99],[12.439,43.957],[12.404,43.956]]]}},{"type":"Feature","properties":{"NAME":"Turan","ABBREVN":"Turan","SUBJECTO":"Turan","BORDERPRECISION":3,"PARTOF":"Turan"},"geometry":{"type":"Polygon","coordinates":[[[50.326,44.365],[50.389,44.294],[50.703,44.258],[50.955,44.204],[50.991,44.078],[51.171,43.718],[51.261,43.61],[51.369,43.556],[51.459,43.385],[51.423,43.259],[51.423,43.17],[51.738,43.179],[51.881,43.053],[51.98,42.909],[52.07,42.828],[52.295,42.873],[52.376,42.801],[52.583,42.828],[52.763,42.756],[52.835,42.648],[52.754,42.558],[52.736,42.423],[52.673,42.279],[52.583,42.189],[52.52,42.073],[52.574,42.019],[52.601,41.938],[52.559,41.758],[52.683,41.694],[52.711,41.607],[52.692,41.531],[52.855,41.387],[52.97,41.138],[52.96,41.272],[52.932,41.378],[52.999,41.684],[52.941,41.77],[52.98,41.904],[53.066,42.029],[53.267,42.086],[53.458,42.096],[53.736,42.134],[53.985,42.106],[54.024,42.048],[54.024,41.857],[54.119,41.78],[54.138,41.627],[54.167,41.483],[54.359,41.387],[54.598,41.244],[54.751,41.138],[54.828,40.985],[54.818,40.88],[54.608,40.813],[54.502,40.851],[54.455,40.918],[54.368,40.899],[54.387,40.803],[54.455,40.717],[54.416,40.659],[54.225,40.726],[54.11,40.678],[53.976,40.65],[53.842,40.64],[53.794,40.726],[53.765,40.87],[53.698,40.88],[53.65,40.88],[53.66,40.813],[53.612,40.745],[53.439,40.803],[53.257,40.765],[53.181,40.841],[53.056,41.052],[52.97,40.822],[52.951,40.707],[52.903,40.563],[52.826,40.468],[52.845,40.334],[52.845,40.18],[52.912,40.046],[52.989,39.931],[53.047,39.998],[53.19,39.96],[53.363,39.96],[53.506,39.998],[53.688,39.979],[53.593,39.893],[53.516,39.778],[53.554,39.654],[53.669,39.644],[53.813,39.548],[53.794,39.491],[53.545,39.539],[53.372,39.52],[53.315,39.567],[53.248,39.452],[53.209,39.405],[53.248,39.299],[53.334,39.385],[53.583,39.318],[53.66,39.318],[53.679,39.251],[53.775,39.136],[53.918,39.05],[54.033,38.993],[54.071,38.897],[53.985,38.657],[53.937,38.571],[53.937,38.159],[53.88,38.025],[53.928,37.824],[54.015,37.348],[54.214,37.337],[54.467,37.396],[54.676,37.531],[54.956,37.825],[55.17,37.973],[55.356,38.038],[55.63,38.052],[55.981,38.035],[56.131,38.048],[56.363,38.202],[56.517,38.261],[57.225,38.188],[57.407,37.992],[57.725,37.879],[58.095,37.728],[58.675,37.674],[58.972,37.599],[59.24,37.448],[60,36.874],[60,43.622],[59.716,43.669],[59.505,43.914],[59.248,43.854],[59.126,44.002],[59.008,43.979],[59.019,43.861],[58.827,43.844],[58.78,43.747],[58.596,43.757],[58.367,43.737],[58.345,43.866],[58.4,44.167],[58.242,44.359],[58.23,44.452],[58.199,44.52],[58.257,44.577],[58.297,44.638],[58.295,44.708],[58.251,44.786],[58.232,44.851],[58.238,44.903],[58.272,44.982],[58.378,45.178],[58.404,45.253],[58.449,45.322],[58.514,45.386],[58.56,45.457],[58.589,45.537],[58.611,45.585],[58.628,45.6],[58.655,45.716],[58.681,45.784],[58.721,45.848],[58.815,45.931],[58.881,45.956],[58.957,45.968],[59.07,46.001],[59.264,46.027],[59.329,46.026],[59.366,45.99],[59.36,45.933],[59.301,45.88],[59.287,45.835],[59.431,45.803],[59.55,45.994],[59.546,46.239],[59.481,46.317],[59.549,46.345],[59.577,46.333],[59.699,46.331],[59.749,46.322],[59.779,46.301],[59.801,46.255],[59.815,46.181],[60,46.21],[60,47.531],[58.613,46.787],[53.53,45.281],[53.269,45.335],[53.284,45.328],[53.059,45.337],[52.61,45.4],[51.998,45.382],[51.845,45.436],[51.773,45.391],[51.63,45.355],[51.513,45.373],[51.459,45.31],[51.378,45.175],[51.342,45.058],[51.216,45.04],[51.099,44.878],[51.189,44.77],[51.486,44.626],[51.576,44.554],[51.414,44.518],[51.333,44.482],[50.874,44.626],[50.542,44.644],[50.407,44.617],[50.335,44.563],[50.326,44.365]]]}}],"metadata":{"source":"historical-basemaps (aourednik)","sourceUrl":"https://github.com/aourednik/historical-basemaps","license":"GPL-3.0","commit":"62d8f1a03a71f2d3ff17f2d166f7553f256bce68","borderPrecision":"概略（出典は確定境界を含むが、簡略化により数 km の近似）"}}