{"type":"FeatureCollection","features":[{"type":"Feature","properties":{"NAME":"Cyprus","ABBREVN":"Cyprus","SUBJECTO":"Cyprus","BORDERPRECISION":1,"PARTOF":"Cyprus"},"geometry":{"type":"MultiPolygon","coordinates":[[[[33.78,35.208],[33.773,35.129],[33.925,34.953],[33.792,34.957],[33.733,34.909],[33.686,34.935],[33.539,34.944],[33.484,34.796],[33.131,34.68],[32.959,34.659],[32.915,34.636],[32.915,34.541],[32.817,34.539],[32.784,34.625],[32.603,34.615],[32.357,34.68],[32.271,34.72],[32.271,34.814],[32.199,34.861],[32.144,35.043],[32.18,35.058],[32.234,35.014],[32.301,35.016],[32.483,35.153],[32.597,35.156],[32.745,35.114],[32.78,35.153],[32.819,35.282],[32.795,35.361],[33.077,35.319],[33.374,35.306],[33.539,35.332],[33.907,35.437],[34.217,35.574],[34.458,35.645],[34.245,35.512],[34.048,35.408],[33.78,35.208]]]]}},{"type":"Feature","properties":{"NAME":"Norway","ABBREVN":"Norway","SUBJECTO":"Norway","BORDERPRECISION":1,"PARTOF":"Norway"},"geometry":{"type":"MultiPolygon","coordinates":[[[[-24.219,65.534],[-24.162,65.607],[-23.973,65.687],[-23.571,65.681],[-23.267,65.725],[-23.426,65.827],[-23.608,65.98],[-23.466,66.133],[-23.341,66.134],[-22.911,65.944],[-22.609,65.923],[-22.474,65.996],[-22.56,66.113],[-22.841,66.281],[-22.676,66.391],[-22.21,66.29],[-21.779,66.254],[-21.443,66.13],[-21.242,65.882],[-21.296,65.699],[-21.495,65.568],[-21.08,65.205],[-20.831,65.366],[-20.672,65.424],[-20.389,65.475],[-20.168,65.556],[-20.141,65.651],[-20.217,66.001],[-19.973,66.111],[-19.748,65.907],[-19.556,65.768],[-19.336,65.674],[-19.239,65.667],[-19.156,65.725],[-19.275,65.929],[-19.165,66.003],[-19.044,66.017],[-18.676,66.091],[-18.369,65.895],[-18.128,65.786],[-17.884,65.757],[-17.861,65.837],[-18.022,66.078],[-17.57,66.013],[-16.922,65.978],[-16.568,66.029],[-16.376,66.132],[-16.385,66.454],[-15.86,66.419],[-15.574,66.207],[-15.071,66.061],[-14.763,66.055],[-14.641,65.945],[-14.754,65.697],[-14.4,65.567],[-13.647,65.495],[-13.59,65.43],[-13.526,65.183],[-13.557,65.009],[-13.694,64.779],[-13.893,64.721],[-14.26,64.713],[-14.348,64.67],[-14.366,64.476],[-14.598,64.267],[-14.821,64.195],[-15.077,64.209],[-15.267,64.28],[-15.634,64.057],[-15.876,63.993],[-16.534,63.784],[-16.918,63.733],[-17.244,63.733],[-17.591,63.689],[-17.944,63.425],[-18.157,63.367],[-18.642,63.324],[-18.961,63.337],[-19.553,63.415],[-19.827,63.478],[-20.404,63.698],[-20.88,63.74],[-21.079,63.711],[-21.548,63.718],[-22.373,63.773],[-22.507,63.866],[-22.311,63.952],[-21.804,64.11],[-21.488,64.376],[-21.857,64.383],[-22.086,64.44],[-22.279,64.619],[-22.392,64.662],[-22.554,64.625],[-23.508,64.559],[-23.675,64.659],[-23.611,64.746],[-23.437,64.804],[-23.136,64.847],[-22.778,64.855],[-22.45,64.906],[-21.978,64.95],[-21.809,65.037],[-21.729,65.182],[-21.794,65.298],[-21.955,65.378],[-22.146,65.385],[-22.362,65.45],[-22.814,65.471],[-23.183,65.427],[-23.374,65.354],[-23.678,65.317],[-24.147,65.439],[-24.219,65.534]]],[[[11.179,59.07],[11.112,59.165],[10.829,59.106],[10.769,59.118],[10.657,59.224],[10.549,59.379],[10.634,59.45],[10.57,59.581],[10.407,59.497],[10.379,59.367],[10.43,59.26],[10.363,59.213],[10.211,59.07],[10.172,58.987],[9.938,58.94],[9.698,58.999],[9.346,58.845],[9.372,58.786],[9.146,58.656],[8.922,58.538],[8.175,58.172],[8.154,58.09],[8.03,58.066],[7.908,58.066],[6.959,57.972],[6.874,58.078],[6.726,58.137],[6.644,58.042],[6.479,58.09],[6.652,58.172],[6.231,58.278],[5.874,58.432],[5.615,58.455],[5.4,58.715],[5.531,58.881],[5.475,58.976],[5.627,58.964],[5.666,58.822],[5.794,58.916],[6.094,58.798],[5.984,58.887],[6.041,58.952],[6.266,58.993],[6.051,58.981],[5.94,58.934],[5.822,59.017],[5.772,59.076],[6.033,59.201],[6.238,59.284],[6.02,59.254],[5.877,59.313],[6.076,59.42],[6.113,59.527],[5.816,59.313],[5.8,59.432],[5.68,59.509],[5.683,59.414],[5.717,59.337],[5.529,59.266],[5.344,59.266],[5.35,59.39],[5.283,59.272],[5.177,59.307],[5.087,59.509],[5.383,59.711],[5.419,59.515],[5.449,59.658],[5.646,59.586],[5.741,59.628],[5.667,59.676],[5.97,59.711],[6.185,59.824],[5.91,59.753],[5.694,59.753],[5.543,59.824],[5.632,59.884],[5.806,59.949],[5.894,60.161],[5.525,60.168],[5.279,60.125],[5.096,60.264],[5.262,60.327],[5.551,60.509],[5.456,60.592],[5.255,60.564],[5.075,60.592],[4.98,60.689],[5.109,60.906],[5.387,61.026],[5.12,61.137],[5.018,61.305],[5.141,61.39],[5.101,61.699],[5.149,61.741],[5.592,61.79],[5.797,61.77],[5.834,61.819],[5.719,61.88],[5.528,61.933],[5.426,62.009],[5.47,62.094],[5.565,62.15],[5.824,62.179],[6.053,62.335],[6.308,62.286],[6.533,62.336],[6.613,62.583],[6.989,62.542],[7.289,62.486],[7.547,62.599],[7.102,62.705],[6.982,62.846],[7.088,62.91],[7.606,62.904],[7.989,62.94],[8.231,62.841],[8.258,63.054],[8.472,63.176],[8.606,63.325],[8.957,63.404],[9.154,63.319],[9.216,63.284],[9.441,63.498],[9.832,63.684],[9.87,63.876],[10.066,64.056],[10.74,64.386],[10.891,64.473],[10.997,64.494],[11.214,64.416],[11.364,64.416],[11.508,64.517],[11.407,64.617],[11.47,64.675],[11.69,64.776],[11.896,64.913],[12.112,65.13],[12.222,65.101],[12.526,65.109],[12.496,65.384],[12.284,65.435],[12.479,65.617],[12.709,65.909],[13.087,65.88],[13.109,66.034],[13.152,66.136],[13.581,66.188],[13.403,66.349],[13.255,66.393],[13.169,66.458],[13.242,66.569],[13.383,66.679],[13.592,66.657],[13.992,66.687],[13.747,66.922],[13.859,66.959],[14.055,66.975],[14.373,67.093],[14.639,67.123],[14.778,67.217],[14.616,67.245],[14.569,67.329],[14.699,67.374],[14.976,67.523],[15.227,67.509],[15.385,67.464],[15.58,67.583],[15.746,67.597],[15.762,67.676],[15.572,67.821],[15.854,67.925],[15.92,68.049],[16.071,68.045],[16.233,67.911],[16.412,67.874],[16.649,68.046],[16.522,68.341],[16.719,68.311],[17.033,68.338],[17.126,68.416],[16.855,68.558],[17.04,68.659],[17.407,68.772],[17.449,68.887],[17.566,68.974],[17.895,69.035],[17.928,69.005],[18.052,69.028],[18.097,69.058],[18.319,69.359],[18.553,69.247],[18.985,69.315],[19.289,69.211],[19.58,69.181],[19.821,69.37],[18.959,68.294],[18.4,67.235],[18.534,66.432],[17.33,64.826],[17.731,64.559],[16.661,63.756],[15.05,63.526],[13.155,62.024],[12.792,61.33],[12.597,61.029],[12.174,60.956],[12.431,60.626],[12.548,60.434],[12.436,60.278],[12.423,60.039],[12.488,58.563],[11.736,57.698],[11.61,57.807],[11.709,58.025],[11.802,58.178],[11.614,58.247],[11.431,58.202],[11.407,58.331],[11.221,58.308],[11.14,58.851],[11.039,58.91],[11.179,59.07]]]]}},{"type":"Feature","properties":{"NAME":"Portugal","ABBREVN":"Portugal","SUBJECTO":"Portugal","BORDERPRECISION":1,"PARTOF":"Portugal"},"geometry":{"type":"Polygon","coordinates":[[[-9.549,38.775],[-9.522,38.69],[-9.362,38.671],[-9.176,38.732],[-9.041,38.92],[-8.961,38.818],[-8.942,38.742],[-9.069,38.643],[-9.285,38.619],[-9.237,38.417],[-8.854,38.5],[-8.789,38.436],[-8.847,38.385],[-8.823,38.206],[-8.933,37.962],[-8.851,37.91],[-8.842,37.525],[-9.017,37.07],[-8.991,36.99],[-8.667,37.121],[-8.541,37.089],[-8.28,37.089],[-8.034,37.009],[-7.836,37.032],[-7.603,37.163],[-7.492,37.208],[-7.351,37.644],[-7.243,37.811],[-6.845,38.1],[-7.028,38.24],[-7.394,38.295],[-7.317,38.5],[-7.089,38.795],[-6.933,38.961],[-7.211,39.298],[-7.431,39.521],[-7.301,39.579],[-7.084,39.599],[-6.878,39.702],[-6.859,39.792],[-6.884,40.214],[-6.825,40.657],[-6.857,40.862],[-6.834,41.061],[-6.797,41.093],[-6.241,41.32],[-6.112,41.417],[-6.139,41.526],[-6.518,41.749],[-6.586,41.858],[-6.709,41.96],[-6.86,41.985],[-7.098,41.868],[-7.919,41.889],[-8.157,42.087],[-8.405,42.002],[-8.806,41.889],[-8.921,41.767],[-8.855,41.597],[-8.852,41.408],[-8.694,40.992],[-8.97,40.19],[-8.916,40.138],[-9.118,39.644],[-9.299,39.418],[-9.415,39.367],[-9.398,39.23],[-9.46,38.953],[-9.549,38.775]]]}},{"type":"Feature","properties":{"NAME":null,"ABBREVN":null,"SUBJECTO":null,"BORDERPRECISION":1,"PARTOF":null},"geometry":{"type":"MultiPolygon","coordinates":[[[[-25,69.319],[-24.897,69.392],[-24.584,69.34],[-24.333,69.333],[-23.444,69.568],[-22.732,69.774],[-22.158,70.056],[-22.434,70.079],[-23.009,70.093],[-23.459,70.092],[-23.587,70.084],[-23.775,70.145],[-24.195,70.243],[-24.585,70.304],[-25,70.296],[-25,69.319]]],[[[-25,71.468],[-24.913,71.437],[-24.386,71.183],[-24.227,71.059],[-24.04,70.774],[-23.754,70.59],[-23.084,70.468],[-22.616,70.484],[-22.203,70.485],[-21.714,70.386],[-21.547,70.44],[-21.471,70.532],[-21.592,71.211],[-21.726,71.405],[-21.904,71.497],[-22.03,71.435],[-22.431,71.341],[-22.649,71.745],[-22.818,71.87],[-23.247,72],[-25,72],[-25,71.468]]]]}},{"type":"Feature","properties":{"NAME":"Sardinia","ABBREVN":"Sardinia","SUBJECTO":"Sardinia","BORDERPRECISION":1,"PARTOF":"Sardinia"},"geometry":{"type":"Polygon","coordinates":[[[8.159,40.785],[8.202,40.663],[8.428,40.465],[8.488,40.209],[8.508,39.946],[8.465,39.64],[8.374,39.308],[8.417,39.212],[8.582,39.066],[8.696,38.996],[8.82,38.977],[8.931,39.054],[8.999,39.175],[9.063,39.22],[9.296,39.233],[9.479,39.144],[9.648,39.457],[9.698,39.693],[9.631,40.096],[9.696,40.314],[9.788,40.442],[9.794,40.564],[9.591,40.903],[9.306,41.184],[8.918,40.94],[8.766,40.863],[8.241,40.855],[8.159,40.785]]]}},{"type":"Feature","properties":{"NAME":"Teutonic Knights","ABBREVN":"TeutonicLand","SUBJECTO":"Teutonic Knights","BORDERPRECISION":1,"PARTOF":"Teutonic Knights"},"geometry":{"type":"Polygon","coordinates":[[[18.282,53.357],[18.59,53.1],[18.949,53.254],[19.206,53.254],[19.565,53.46],[20.078,53.665],[20.078,53.511],[20.386,53.511],[20.428,53.778],[20.709,53.758],[20.81,53.638],[21.105,53.819],[21.464,53.819],[22.234,54.127],[22.183,54.538],[22.08,54.589],[22.132,54.794],[21.926,54.948],[22.029,55.256],[21.67,55.513],[21.31,55.513],[21.142,56.127],[21.905,56.35],[24.715,56.34],[25.307,56.489],[26.245,55.896],[27.371,55.719],[27.651,56.28],[27.511,57.611],[27.663,58.956],[26.546,58.663],[26.458,59.118],[25.313,59.152],[24.52,58.708],[23.949,59.168],[23.416,59.119],[23.457,59.005],[23.338,58.972],[23.432,58.858],[23.361,58.767],[23.512,58.581],[23.69,58.665],[23.671,58.241],[23.908,58.224],[24.058,58.112],[24.331,58.308],[24.497,58.213],[24.414,58.106],[24.416,57.948],[24.236,57.728],[24.323,57.337],[24.346,57.16],[24.266,57.03],[24.158,56.975],[23.768,56.866],[23.414,56.892],[23.215,56.981],[23.175,57.048],[23.071,57.261],[22.881,57.334],[22.585,57.509],[22.564,57.616],[22.433,57.616],[22.285,57.565],[21.81,57.475],[21.677,57.464],[21.46,57.25],[21.34,57.177],[21.324,56.854],[21.022,56.684],[20.965,56.609],[20.916,56.097],[20.996,56.024],[21.018,55.634],[21.216,55.344],[21.201,55.261],[21.143,55.256],[21.224,55.111],[21.113,55.089],[21.192,54.96],[21.137,54.845],[20.985,54.812],[19.943,54.85],[19.863,54.752],[19.833,54.531],[19.882,54.525],[19.938,54.608],[20.006,54.547],[20.194,54.575],[20.327,54.564],[20.189,54.522],[19.733,54.31],[19.457,54.217],[19.328,54.161],[19.23,54.167],[19.232,54.222],[19.318,54.272],[19.758,54.459],[19.734,54.461],[19.255,54.277],[18.965,54.228],[18.685,54.254],[18.282,53.357]]]}},{"type":"Feature","properties":{"NAME":"Navarre","ABBREVN":"Navarre","SUBJECTO":"Navarre","BORDERPRECISION":1,"PARTOF":"Navarre"},"geometry":{"type":"Polygon","coordinates":[[[-2.675,42.423],[-2.199,42.244],[-2.08,42.066],[-2.318,42.066],[-2.259,41.828],[-1.605,41.769],[-1.664,42.125],[-0.907,42.881],[-1.397,43.032],[-1.448,42.984],[-1.515,42.998],[-1.558,43.045],[-1.466,43.155],[-1.491,43.21],[-1.702,43.196],[-1.915,43.305],[-2.066,43.333],[-2.143,43.331],[-2.14,43.136],[-2.556,43.076],[-2.675,42.423]]]}},{"type":"Feature","properties":{"NAME":"Morocco","ABBREVN":"Morocco","SUBJECTO":"Morocco","BORDERPRECISION":1,"PARTOF":"Morocco"},"geometry":{"type":"MultiPolygon","coordinates":[[[[-2.193,35.054],[-2.077,34.826],[-1.823,34.7],[-1.738,34.605],[-1.664,34.205],[-1.669,34],[-6.878,34],[-6.753,34.123],[-6.511,34.454],[-6.302,34.861],[-5.929,35.728],[-5.808,35.785],[-5.565,35.862],[-5.479,35.805],[-5.172,35.424],[-5.11,35.379],[-4.593,35.151],[-4.295,35.152],[-4.028,35.133],[-3.441,35.166],[-3.206,35.269],[-3.009,35.39],[-2.83,35.142],[-2.715,35.098],[-2.356,35.054],[-2.193,35.054]]]]}},{"type":"Feature","properties":{"NAME":null,"ABBREVN":null,"SUBJECTO":null,"BORDERPRECISION":1,"PARTOF":null},"geometry":{"type":"MultiPolygon","coordinates":[[[[37.559,34],[38.036,34.597],[38.372,35.141],[40.029,34.391],[40.42,34],[37.559,34]]]]}},{"type":"Feature","properties":{"NAME":null,"ABBREVN":null,"SUBJECTO":null,"BORDERPRECISION":1,"PARTOF":null},"geometry":{"type":"MultiPolygon","coordinates":[[[[55.567,72],[55.721,71.642],[56.151,71.271],[56.379,71.132],[56.727,70.994],[57.251,70.818],[57.238,70.691],[56.059,70.731],[55.679,70.707],[55.266,70.561],[54.998,70.522],[54.694,70.744],[54.522,70.759],[54.032,70.719],[53.729,70.765],[53.715,70.927],[54.321,71.09],[54.353,71.198],[54.308,71.206],[53.234,71.514],[52.55,71.59],[52.402,71.52],[52.121,71.465],[51.815,71.48],[51.534,71.658],[51.482,71.845],[51.585,71.985],[51.613,72],[55.567,72]]]]}},{"type":"Feature","properties":{"NAME":"Poland","ABBREVN":"Poland","SUBJECTO":"Poland","BORDERPRECISION":1,"PARTOF":"Poland"},"geometry":{"type":"MultiPolygon","coordinates":[[[[15.76,52.571],[15.765,52.265],[16.095,52.124],[16.506,52.004],[16.506,52.178],[16.855,51.917],[16.855,51.655],[17.204,51.611],[17.291,51.786],[17.553,51.655],[17.64,51.437],[18.14,50.988],[18.646,50.645],[18.769,50.177],[18.796,49.713],[18.896,49.713],[18.927,49.622],[19.108,49.592],[19.138,49.713],[19.287,49.768],[19.158,49.914],[19.186,50.379],[19.106,50.446],[19.022,50.446],[19.03,50.579],[18.701,50.712],[18.705,50.779],[18.709,50.845],[18.625,50.845],[18.637,51.046],[18.979,51.112],[19.14,50.979],[19.397,51.046],[19.553,50.845],[19.975,50.845],[20.05,50.712],[20.218,50.712],[20.209,50.579],[20.893,50.712],[21.036,50.379],[21.288,50.379],[21.525,50.179],[21.514,50.046],[21.766,49.871],[21.75,50.781],[21.424,51.499],[21.685,51.565],[21.75,52.022],[21.358,52.283],[21.358,53.197],[21.464,53.819],[21.105,53.819],[20.81,53.638],[20.709,53.758],[20.428,53.778],[20.386,53.511],[20.078,53.511],[20.078,53.665],[19.565,53.46],[19.206,53.254],[18.949,53.254],[18.59,53.1],[18.282,53.357],[18.685,54.254],[18.513,54.316],[18.454,54.525],[18.338,54.603],[18.363,54.669],[18.76,54.536],[18.279,54.724],[17.658,54.685],[17.747,54.433],[17.111,54.13],[16.99,54.19],[16.688,54.039],[16.706,54.012],[16.738,53.986],[16.787,53.987],[16.811,54.001],[16.873,53.978],[16.879,53.962],[16.858,53.947],[16.778,53.927],[16.77,53.917],[16.794,53.881],[16.8,53.885],[16.798,53.891],[16.818,53.893],[16.824,53.868],[16.809,53.852],[16.809,53.635],[16.904,53.53],[16.724,53.395],[16.714,53.192],[16.281,53.125],[16.11,52.954],[16.053,52.716],[15.844,52.71],[15.816,52.571],[15.76,52.571]]],[[[16.485,53.8],[16.66,53.8],[16.695,53.761],[16.668,53.832],[16.662,53.833],[16.664,53.843],[16.659,53.854],[16.652,53.856],[16.485,53.8]]]]}},{"type":"Feature","properties":{"NAME":"Lithuania","ABBREVN":"Lithuania","SUBJECTO":"Lithuania","BORDERPRECISION":1,"PARTOF":"Lithuania"},"geometry":{"type":"Polygon","coordinates":[[[21.142,56.127],[21.31,55.513],[21.67,55.513],[22.029,55.256],[21.926,54.948],[22.132,54.794],[22.08,54.589],[22.183,54.538],[22.234,54.127],[22.599,52.936],[23.383,52.348],[25.799,52.283],[26.126,52.74],[27.04,52.936],[27.105,53.916],[27.693,54.503],[27.693,54.96],[27.301,55.352],[27.371,55.719],[26.245,55.896],[25.307,56.489],[24.715,56.34],[21.905,56.35],[21.142,56.127]]]}},{"type":"Feature","properties":{"NAME":"Bulgar Khanate","ABBREVN":"Bulgar Khan.","SUBJECTO":"Bulgar Khanate","BORDERPRECISION":1,"PARTOF":"Bulgar Khanate"},"geometry":{"type":"Polygon","coordinates":[[[20.994,44.7],[21.685,43.728],[21.489,42.879],[24.297,42.03],[26.06,42.095],[26.583,41.834],[26.648,42.553],[27.887,43.064],[28.035,43.392],[28.187,43.45],[28.328,43.438],[28.446,43.476],[28.481,43.592],[28.53,43.843],[28.573,44.198],[28.686,44.488],[28.918,44.766],[29.09,44.876],[29.458,44.915],[29.579,45.058],[29.711,45.258],[29.064,45.165],[28.402,45.359],[28.368,45.331],[28.019,45.315],[27.824,44.838],[28.085,44.577],[27.954,44.25],[26.452,44.25],[25.473,43.728],[24.624,43.989],[24.232,43.793],[23.513,44.055],[22.926,43.793],[22.926,44.185],[22.469,44.381],[22.664,44.642],[22.338,44.773],[22.077,44.446],[21.358,44.773],[20.994,44.7]]]}},{"type":"Feature","properties":{"NAME":"Novgorod","ABBREVN":"Novgorod","SUBJECTO":"Novgorod","BORDERPRECISION":1,"PARTOF":"Novgorod"},"geometry":{"type":"MultiPolygon","coordinates":[[[[28.093,56.792],[28.017,56.567],[27.823,56.725],[27.606,56.707],[27.511,57.611],[27.702,59.298],[27.894,59.346],[28.016,59.454],[27.973,59.517],[27.897,59.534],[27.942,59.648],[28.094,59.665],[28.163,59.591],[28.266,59.562],[28.351,59.602],[28.309,59.664],[28.444,59.734],[28.663,59.644],[28.796,59.672],[28.936,59.825],[29.076,59.908],[29.414,59.86],[29.765,59.736],[29.963,59.737],[30.127,59.806],[29.953,59.986],[29.687,60.131],[28.666,62.209],[27.232,63.354],[30.604,64.938],[34.293,65.396],[34.332,65.346],[34.426,65.107],[34.773,64.682],[34.815,64.46],[34.885,64.367],[35.082,64.288],[35.623,64.254],[36.015,64.197],[36.24,63.919],[36.421,63.876],[36.988,63.841],[37.411,63.749],[37.591,63.807],[37.945,63.85],[38.054,63.986],[38.054,64.129],[37.88,64.308],[37.668,64.343],[37.463,64.3],[37.262,64.314],[36.997,64.407],[36.569,64.765],[36.884,65.068],[37.102,65.068],[37.604,64.853],[38.253,64.703],[39.193,64.511],[39.622,64.476],[39.997,64.541],[40.322,64.463],[40.44,64.564],[40.462,64.75],[40.366,64.858],[39.979,65.153],[39.823,65.436],[39.951,65.581],[40.681,65.794],[41.354,65.955],[41.623,66.065],[42.133,66.388],[42.211,66.41],[43.241,66.251],[43.876,66.011],[44.029,66.011],[44.053,66.041],[48.003,64.952],[51.268,63.254],[53.097,61.491],[54.729,58.879],[54.922,58.113],[45.965,57.735],[46.044,62.079],[45.717,62.209],[41.211,61.164],[41.211,60.446],[40.95,60.185],[39.84,60.12],[37.881,61.034],[37.097,61.164],[36.313,60.642],[36.248,60.12],[38.403,59.271],[38.86,58.356],[37.75,56.985],[36.117,56.724],[34.289,57.834],[33.505,57.965],[32.526,57.899],[32.417,57.278],[31.281,57.278],[30.738,56.982],[30.936,56.39],[30.689,55.896],[29.948,56.538],[29.06,56.538],[28.813,56.883],[28.093,56.792]]]]}},{"type":"Feature","properties":{"NAME":"Other Rus Principalities","ABBREVN":"Ryazan","SUBJECTO":"Khanate of the Golden Horde","BORDERPRECISION":1,"PARTOF":"Other Rus Principalities"},"geometry":{"type":"Polygon","coordinates":[[[21.358,52.283],[21.75,52.022],[21.685,51.565],[21.424,51.499],[21.75,50.781],[21.766,49.871],[21.991,49.714],[21.774,49.591],[24.297,48.757],[27.171,47.973],[27.428,47.384],[29.456,48.365],[29.848,49.279],[34.681,48.561],[37.032,49.736],[38.142,49.605],[38.272,50.912],[38.795,51.042],[40.689,50.977],[43.627,52.218],[43.627,53.916],[43.105,54.699],[43.627,54.96],[45.325,54.895],[45.717,55.287],[45.587,57.311],[45.965,57.735],[46.044,62.079],[45.717,62.209],[41.211,61.164],[41.211,60.446],[40.95,60.185],[39.84,60.12],[37.881,61.034],[37.097,61.164],[36.313,60.642],[36.248,60.12],[38.403,59.271],[38.86,58.356],[37.75,56.985],[36.117,56.724],[34.289,57.834],[33.505,57.965],[32.526,57.899],[32.417,57.278],[31.281,57.278],[30.738,56.982],[30.936,56.39],[30.689,55.896],[29.948,56.538],[29.06,56.538],[28.813,56.883],[28.093,56.792],[28.017,56.567],[27.823,56.725],[27.606,56.707],[27.651,56.28],[27.371,55.719],[27.301,55.352],[27.693,54.96],[27.693,54.503],[27.105,53.916],[27.04,52.936],[26.126,52.74],[25.799,52.283],[23.383,52.348],[22.599,52.936],[22.234,54.127],[21.464,53.819],[21.358,53.197],[21.358,52.283]],[[36.981,55.895],[37.796,56.24],[38.677,55.846],[37.84,55.323],[36.981,55.895]]]}},{"type":"Feature","properties":{"NAME":"Siberians","ABBREVN":"Siberians","SUBJECTO":"Siberians","BORDERPRECISION":1,"PARTOF":"Siberians"},"geometry":{"type":"MultiPolygon","coordinates":[[[[60,59.103],[58.293,58.425],[55.465,58.136],[54.922,58.113],[54.729,58.879],[53.097,61.491],[51.268,63.254],[48.003,64.952],[44.053,66.041],[44.122,66.267],[44.384,66.612],[44.362,66.906],[44.219,67.09],[43.838,67.163],[43.704,67.266],[44.216,67.718],[44.261,67.83],[44.169,68.097],[43.822,68.327],[43.853,68.469],[44.012,68.492],[44.668,68.389],[45.58,68.443],[45.863,68.383],[46.162,68.108],[46.439,67.908],[46.634,67.701],[45.463,67.639],[45.093,67.542],[44.871,67.312],[44.957,67.231],[45.386,67.099],[45.715,66.85],[46.077,66.762],[46.402,66.719],[46.973,66.778],[47.571,66.816],[47.706,66.89],[47.953,67.377],[48.081,67.562],[48.635,67.652],[49.186,67.839],[49.63,67.936],[50.496,68.153],[51.139,68.266],[51.831,68.409],[52.245,68.545],[52.337,68.336],[52.463,68.299],[52.72,68.351],[52.939,68.471],[53.006,68.681],[53.179,68.756],[53.502,68.816],[53.889,68.787],[53.808,68.607],[53.782,68.338],[53.396,68.3],[53.316,68.233],[53.317,68.136],[53.626,68.048],[54.38,68.161],[54.576,68.161],[54.648,68.072],[54.752,68.05],[54.877,68.11],[54.996,68.207],[55.126,68.401],[55.335,68.483],[55.723,68.536],[56.195,68.567],[56.54,68.553],[57.024,68.449],[57.364,68.457],[57.526,68.495],[57.959,68.705],[58.409,68.833],[58.77,68.856],[59.199,68.774],[59.346,68.7],[59.062,68.497],[59.12,68.393],[59.218,68.349],[59.502,68.289],[59.762,68.297],[59.892,68.402],[59.925,68.581],[60,68.6],[60,59.103]]]]}},{"type":"Feature","properties":{"NAME":"Raška","ABBREVN":"Raška","SUBJECTO":"Raška","BORDERPRECISION":1,"PARTOF":"Raška"},"geometry":{"type":"Polygon","coordinates":[[[16.64,43.39],[16.992,43.323],[17.075,43.223],[17.548,42.92],[17.596,42.889],[18.001,42.694],[18.249,42.527],[18.529,42.353],[18.91,42.218],[19.136,42],[19.143,41.932],[19.338,41.862],[19.458,41.798],[19.607,41.762],[20.705,42.814],[21.489,42.879],[21.685,43.728],[20.994,44.7],[20.705,44.642],[20.314,44.901],[19.785,44.936],[18.939,44.393],[17.754,44.393],[17.458,44.146],[16.865,44.245],[16.701,43.847],[16.712,43.771],[16.64,43.39]]]}},{"type":"Feature","properties":{"NAME":"Venice","ABBREVN":"Venice","SUBJECTO":"Venice","BORDERPRECISION":1,"PARTOF":"Venice"},"geometry":{"type":"MultiPolygon","coordinates":[[[[11.971,45.436],[12.176,45.214],[12.18,45.27],[12.251,45.29],[12.28,45.402],[12.483,45.462],[12.448,45.394],[12.899,45.558],[13.105,45.582],[13.156,45.727],[13.368,45.694],[13.081,45.98],[12.645,45.915],[12.145,45.763],[11.971,45.436]]],[[[13.527,45.454],[13.644,45.179],[13.672,45.05],[13.895,44.759],[13.991,44.783],[14.06,44.895],[14.189,44.943],[14.175,45.01],[13.908,44.979],[13.799,45.306],[13.952,45.393],[13.995,45.458],[13.8,45.566],[13.749,45.494],[13.527,45.454]]]]}},{"type":"Feature","properties":{"NAME":"Corsica","ABBREVN":"Corsica","SUBJECTO":"Corsica","BORDERPRECISION":1,"PARTOF":"Corsica"},"geometry":{"type":"MultiPolygon","coordinates":[[[[8.538,41.948],[8.552,41.911],[8.557,41.918],[8.542,41.949],[8.538,41.948]]],[[[8.573,42.445],[8.598,42.455],[8.597,42.472],[8.573,42.445]]],[[[9.024,41.421],[9.039,41.369],[9.057,41.366],[9.043,41.383],[9.032,41.418],[9.024,41.421]]],[[[9.276,42.803],[9.279,42.753],[9.287,42.75],[9.287,42.786],[9.276,42.803]]],[[[9.285,42.926],[9.297,42.941],[9.295,42.957],[9.285,42.926]]]]}},{"type":"Feature","properties":{"NAME":"Papal States","ABBREVN":"Papal States","SUBJECTO":"Papal States","BORDERPRECISION":1,"PARTOF":"Papal States"},"geometry":{"type":"Polygon","coordinates":[[[11.963,42.005],[12.395,41.73],[12.642,41.531],[12.977,41.371],[13.271,41.314],[13.498,41.302],[13.761,41.207],[13.813,41.318],[13.979,41.335],[14.029,41.401],[13.963,41.468],[13.963,41.518],[13.929,41.634],[13.88,41.634],[13.88,41.667],[13.929,41.75],[13.863,41.783],[13.863,41.75],[13.647,41.8],[13.647,41.75],[13.597,41.8],[13.564,41.866],[13.631,41.933],[13.631,42.016],[13.581,42.049],[13.581,42.099],[13.415,42.198],[13.465,42.232],[13.415,42.364],[13.548,42.431],[13.631,42.53],[13.714,42.398],[13.763,42.464],[13.83,42.481],[13.83,42.564],[13.929,42.53],[13.996,42.613],[14.076,42.634],[13.915,42.873],[13.792,43.123],[13.732,43.374],[13.651,43.474],[13.542,43.435],[13.336,43.466],[13.305,43.546],[13.348,43.599],[13.327,43.612],[13.258,43.583],[13.239,43.593],[13.239,43.604],[13.244,43.615],[13.262,43.62],[13.297,43.616],[13.336,43.652],[12.729,43.921],[12.728,43.92],[12.732,43.901],[12.723,43.881],[12.734,43.871],[12.726,43.863],[12.682,43.851],[12.681,43.828],[12.624,43.825],[12.302,43.344],[12.302,43.278],[12.219,43.228],[12.153,43.062],[12.169,42.912],[12.186,42.912],[12.153,42.696],[12.169,42.63],[12.053,42.53],[12.07,42.298],[12.003,42.248],[12.02,42.099],[11.963,42.005]]]}},{"type":"Feature","properties":{"NAME":"Sicily","ABBREVN":"Sicily","SUBJECTO":"Sicily","BORDERPRECISION":1,"PARTOF":"Sicily"},"geometry":{"type":"MultiPolygon","coordinates":[[[[12.454,37.766],[12.532,37.639],[12.637,37.582],[13.012,37.525],[13.868,37.157],[14.216,37.049],[14.622,36.776],[14.942,36.739],[15.027,36.745],[15.221,37],[15.301,37.058],[15.116,37.287],[15.112,37.459],[15.181,37.682],[15.423,38.053],[15.473,38.11],[15.454,38.167],[15.387,38.206],[14.766,38.058],[14.134,37.973],[13.81,37.966],[13.628,38.03],[13.322,38.221],[13.066,38.067],[12.783,38.117],[12.664,38.072],[12.517,37.919],[12.454,37.766]]],[[[13.415,42.198],[13.581,42.099],[13.581,42.049],[13.631,42.016],[13.631,41.933],[13.564,41.866],[13.597,41.8],[13.647,41.75],[13.647,41.8],[13.863,41.75],[13.863,41.783],[13.929,41.75],[13.88,41.667],[13.88,41.634],[13.929,41.634],[13.963,41.518],[13.963,41.468],[14.029,41.401],[13.979,41.335],[13.813,41.318],[13.761,41.207],[13.797,41.193],[13.853,41.091],[13.942,40.998],[14.051,40.768],[14.24,40.853],[14.37,40.851],[14.495,40.73],[14.35,40.643],[14.334,40.594],[14.743,40.705],[14.951,40.551],[14.992,40.372],[14.899,40.241],[15.027,40.212],[15.432,39.989],[15.516,40.066],[15.666,40.092],[15.757,39.934],[15.825,39.661],[15.99,39.428],[16.083,39.012],[16.177,38.931],[16.212,38.778],[16.152,38.701],[15.99,38.735],[15.827,38.623],[15.933,38.54],[15.791,38.296],[15.627,38.233],[15.627,38.004],[15.71,37.941],[15.785,37.91],[16.053,37.931],[16.331,38.321],[16.572,38.457],[16.522,38.725],[16.613,38.827],[16.798,38.926],[17.095,38.915],[17.181,39.022],[17.121,39.086],[17.107,39.28],[17.149,39.422],[16.532,39.698],[16.535,39.832],[16.624,39.968],[16.604,40.09],[16.728,40.184],[16.844,40.363],[16.949,40.481],[17.084,40.525],[17.243,40.496],[17.204,40.398],[17.402,40.292],[17.619,40.288],[17.85,40.243],[17.968,40.167],[18.017,39.948],[18.16,39.873],[18.365,39.747],[18.523,40.094],[18.384,40.308],[18.06,40.514],[18.034,40.597],[17.319,40.929],[16.946,41.094],[16.42,41.279],[15.991,41.406],[15.873,41.502],[15.989,41.635],[16.198,41.746],[16.187,41.841],[16.013,41.904],[15.449,41.857],[14.922,41.972],[14.739,42.047],[14.72,42.142],[14.519,42.23],[14.405,42.353],[14.093,42.61],[14.076,42.634],[13.996,42.613],[13.929,42.53],[13.83,42.564],[13.83,42.481],[13.763,42.464],[13.714,42.398],[13.631,42.53],[13.548,42.431],[13.415,42.364],[13.465,42.232],[13.415,42.198]]]]}},{"type":"Feature","properties":{"NAME":"Hungary","ABBREVN":"Hungary","SUBJECTO":"Hungary","BORDERPRECISION":1,"PARTOF":"Hungary"},"geometry":{"type":"MultiPolygon","coordinates":[[[[14.354,45.323],[14.525,45.266],[14.815,45.078],[14.946,44.927],[14.907,44.723],[14.989,44.54],[15.286,44.329],[15.548,44.229],[15.149,44.24],[15.412,43.935],[15.913,43.652],[16.059,43.433],[16.367,43.513],[16.549,43.461],[16.64,43.39],[16.712,43.771],[16.701,43.847],[16.865,44.245],[17.458,44.146],[17.754,44.393],[18.939,44.393],[19.785,44.936],[20.314,44.901],[20.705,44.642],[21.358,44.773],[22.077,44.446],[22.338,44.773],[22.664,44.642],[23.056,45.034],[26.517,45.818],[27.366,46.34],[27.628,46.928],[27.171,47.973],[24.297,48.757],[21.774,49.591],[21.641,49.515],[21.391,49.515],[21.381,49.383],[20.212,49.383],[19.866,49.184],[19.389,49.582],[19.393,49.648],[19.287,49.768],[19.138,49.713],[19.108,49.592],[18.927,49.622],[18.763,49.597],[18.8,49.515],[18.543,49.475],[18.548,49.469],[18.49,49.432],[18.475,49.408],[18.45,49.394],[18.408,49.399],[18.416,49.368],[18.374,49.329],[18.35,49.321],[18.25,49.181],[18.223,48.99],[18.114,48.99],[18.114,48.854],[17.87,48.8],[17.681,48.86],[17.634,48.855],[17.618,48.842],[17.601,48.84],[17.592,48.827],[17.526,48.812],[17.477,48.842],[17.45,48.846],[17.395,48.814],[17.364,48.814],[17.339,48.828],[17.308,48.82],[17.19,48.447],[17.218,48.066],[17.462,48.066],[17.408,47.822],[16.796,47.843],[16.622,47.735],[16.557,47.495],[16.644,47.3],[16.557,47.191],[16.557,47.06],[16.448,46.93],[16.448,46.778],[16.514,46.626],[16.296,46.408],[16.535,46.365],[16.448,46.104],[16.209,46.147],[16.079,45.886],[16.209,45.734],[16.122,45.582],[15.47,45.734],[15.424,45.43],[14.88,45.484],[14.798,45.865],[14.527,45.783],[14.354,45.323]]],[[[18.454,49.461],[18.466,49.455],[18.525,49.471],[18.525,49.472],[18.454,49.461]]]]}},{"type":"Feature","properties":{"NAME":"France","ABBREVN":"France","SUBJECTO":"France","BORDERPRECISION":1,"PARTOF":"France"},"geometry":{"type":"MultiPolygon","coordinates":[[[[-2.326,47.2],[-2.264,47.183],[-2.26,47.181],[-2.252,47.187],[-2.212,47.194],[-2.227,47.219],[-2.283,47.202],[-2.326,47.2]]],[[[-1.941,49.709],[-1.892,49.526],[-1.639,49.22],[-1.58,49.229],[-1.563,49.036],[-1.588,48.881],[-1.576,48.768],[-1.457,48.684],[-1.575,48.643],[-1.572,48.626],[-1.544,48.605],[-1.533,48.551],[-1.487,48.467],[-1.386,48.462],[-1.293,48.48],[-1.265,48.508],[-1.257,48.542],[-1.193,48.545],[-1.164,48.527],[-1.077,48.528],[-1.058,48.475],[-1.068,48.509],[-0.931,48.532],[-0.876,48.518],[-0.85,48.49],[-0.765,48.446],[-0.683,48.47],[-0.591,48.459],[-0.47,48.498],[-0.324,48.487],[-0.282,48.498],[-0.268,48.528],[-0.265,48.566],[-0.25,48.657],[-0.309,48.722],[-0.35,48.731],[-0.42,48.799],[-0.377,48.842],[-0.35,48.85],[-0.146,48.866],[-0.025,48.798],[0.066,48.776],[0.108,48.777],[0.211,48.741],[0.286,48.728],[0.358,48.728],[0.497,48.624],[0.409,48.581],[0.417,48.543],[0.374,48.498],[0.328,48.472],[0.397,48.32],[0.486,48.3],[0.5,48.269],[0.577,48.238],[0.604,48.237],[0.63,48.258],[0.707,48.227],[0.733,48.19],[0.79,48.173],[0.852,48.13],[0.842,48.109],[0.788,48.1],[0.787,48.033],[0.841,48.025],[0.832,47.924],[0.835,47.938],[0.864,47.936],[1.062,47.968],[1.101,47.938],[1.074,47.915],[1.162,47.868],[1.2,47.823],[1.248,47.827],[1.244,47.761],[1.218,47.713],[1.174,47.684],[1.137,47.662],[1.082,47.686],[1.026,47.688],[1.004,47.664],[0.968,47.642],[0.879,47.647],[0.836,47.689],[0.784,47.681],[0.732,47.689],[0.611,47.683],[0.564,47.656],[0.449,47.651],[0.357,47.589],[0.406,47.554],[0.387,47.483],[0.428,47.462],[0.415,47.4],[0.353,47.382],[0.313,47.333],[0.365,47.287],[0.317,47.258],[0.081,47.217],[0.037,47.221],[0.018,47.169],[0.18,47.087],[0.31,47.05],[0.316,46.999],[0.331,46.954],[0.405,46.937],[0.505,46.964],[0.559,46.962],[0.555,47.013],[0.597,47.006],[0.687,46.961],[0.713,46.866],[0.795,46.862],[0.792,46.755],[0.897,46.691],[0.889,46.621],[0.937,46.595],[1.024,46.583],[1.031,46.541],[1.13,46.527],[1.193,46.551],[1.29,46.535],[1.41,46.557],[1.48,46.515],[1.524,46.467],[1.717,46.452],[1.758,46.476],[1.984,46.45],[2.144,46.301],[2.232,46.269],[2.302,46.311],[2.354,46.305],[2.402,46.318],[2.49,46.294],[2.538,46.241],[2.508,46.229],[2.564,46.142],[2.598,46.134],[2.601,46.152],[2.635,46.126],[2.652,46.122],[2.689,46.174],[2.754,46.182],[2.786,46.194],[2.831,46.151],[2.818,46.116],[2.791,46.083],[2.729,46.053],[2.771,46.021],[3.013,46.087],[3.267,45.89],[3.349,45.89],[3.343,46.021],[3.67,46.021],[3.676,45.89],[3.923,45.824],[3.931,45.628],[4.013,45.628],[3.942,45.366],[4.27,45.3],[4.352,45.3],[4.354,45.235],[4.357,45.17],[4.123,44.908],[3.961,44.908],[3.966,44.777],[3.561,44.777],[3.474,44.908],[3.231,44.908],[3.158,44.712],[2.918,44.647],[2.747,44.843],[2.584,44.843],[2.516,44.581],[2.276,44.516],[2.101,44.777],[1.449,44.843],[1.378,44.647],[1.065,44.451],[0.734,44.47],[0.431,44.024],[0.922,44.124],[0.948,43.668],[1.277,43.538],[1.305,43.017],[1.873,42.886],[1.726,42.626],[1.654,42.626],[1.667,42.622],[1.683,42.625],[1.715,42.615],[1.736,42.618],[1.73,42.604],[1.755,42.597],[1.792,42.579],[1.784,42.575],[1.787,42.574],[1.774,42.569],[1.738,42.55],[1.729,42.516],[1.728,42.501],[2.103,42.615],[2.272,42.69],[2.481,42.686],[2.49,42.719],[2.701,42.73],[2.825,42.85],[2.949,42.883],[3.039,42.869],[3.068,42.945],[3.318,43.196],[3.479,43.312],[3.807,43.467],[4.078,43.487],[4.417,43.346],[4.647,43.321],[4.751,43.353],[4.91,43.366],[5.052,43.328],[5.434,43.104],[5.647,43.033],[5.829,43.021],[6.523,43.151],[6.923,43.448],[7.298,43.667],[7.397,43.764],[7.355,43.902],[6.923,43.815],[6.886,43.902],[6.96,43.914],[6.923,43.976],[6.997,44.05],[6.972,44.062],[6.935,44.136],[6.886,44.149],[6.836,44.112],[6.787,44.198],[6.787,44.297],[6.87,44.349],[6.864,44.362],[6.814,44.37],[6.794,44.503],[6.78,44.538],[6.741,44.531],[6.678,44.545],[6.612,44.523],[6.606,44.488],[6.459,44.445],[6.407,44.467],[6.34,44.436],[6.297,44.476],[6.186,44.458],[6.098,44.476],[6.035,44.426],[5.97,44.399],[5.882,44.393],[5.843,44.33],[5.775,44.347],[5.666,44.307],[5.643,44.345],[5.598,44.383],[5.613,44.422],[5.583,44.451],[5.517,44.446],[5.501,44.46],[5.495,44.481],[5.565,44.49],[5.642,44.478],[5.65,44.513],[5.605,44.537],[5.608,44.624],[5.671,44.63],[5.651,44.722],[5.623,44.728],[5.6,44.771],[5.542,44.775],[5.508,44.824],[5.506,44.851],[5.545,44.957],[5.525,45.035],[5.456,45.052],[5.437,45.097],[5.398,45.127],[5.359,45.137],[5.341,45.125],[5.304,45.125],[5.278,45.114],[5.276,45.088],[5.263,45.073],[5.243,45.069],[5.19,45.084],[5.125,45.038],[5.007,45.028],[4.972,45.044],[4.934,45.036],[4.938,45.02],[4.918,45.005],[4.843,44.996],[4.848,45.026],[4.835,45.045],[4.762,45.034],[4.603,45.038],[4.572,45.081],[4.463,45.159],[4.471,45.209],[4.489,45.231],[4.605,45.26],[4.65,45.286],[4.693,45.348],[4.757,45.367],[4.761,45.393],[4.74,45.417],[4.761,45.453],[4.87,45.525],[4.863,45.536],[4.831,45.549],[4.813,45.571],[4.776,45.586],[4.805,45.612],[4.81,45.642],[4.833,45.662],[4.835,45.71],[4.905,45.724],[4.91,45.802],[4.986,45.816],[5.029,45.818],[5.066,45.807],[5.124,45.812],[5.19,45.768],[5.236,45.772],[5.291,45.808],[5.303,45.842],[5.35,45.881],[5.357,45.879],[5.357,46.053],[5.533,46.009],[5.533,46.097],[5.268,46.318],[5.38,46.474],[5.379,46.475],[5.365,46.461],[5.328,46.461],[5.317,46.449],[5.264,46.449],[5.223,46.465],[5.2,46.5],[5.111,46.497],[4.937,46.509],[4.904,46.573],[4.84,46.579],[4.76,46.54],[4.713,46.577],[4.654,46.583],[4.595,46.534],[4.558,46.576],[4.503,46.554],[4.474,46.474],[4.386,46.448],[4.378,46.42],[4.445,46.402],[4.458,46.346],[4.414,46.333],[4.36,46.271],[4.384,46.218],[4.269,46.218],[4.247,46.241],[4.16,46.236],[4.086,46.251],[4.055,46.249],[4.014,46.232],[3.984,46.182],[3.957,46.184],[3.962,46.235],[3.925,46.259],[3.926,46.293],[3.86,46.305],[3.847,46.362],[3.764,46.376],[3.737,46.438],[3.587,46.47],[3.568,46.556],[3.571,46.561],[2.985,46.677],[2.794,47.203],[2.619,47.401],[2.368,47.466],[2.357,47.664],[2.44,47.664],[2.435,47.747],[2.398,47.766],[2.433,47.781],[2.429,47.862],[2.763,47.796],[3.008,47.862],[3.076,47.979],[3.06,47.991],[3.065,48.043],[3.499,48.079],[3.587,48.123],[3.576,48.228],[3.524,48.281],[3.419,48.29],[3.307,48.294],[3.23,48.255],[3.104,48.307],[3.032,48.292],[2.986,48.25],[2.928,48.255],[2.873,48.274],[2.87,48.317],[2.947,48.343],[3.093,48.354],[3.135,48.374],[3.106,48.416],[3.064,48.442],[3.057,48.482],[3.068,48.529],[2.968,48.57],[2.867,48.571],[2.87,48.601],[2.832,48.686],[2.799,48.733],[2.686,48.739],[2.612,48.762],[2.609,48.786],[2.727,48.816],[2.694,48.878],[2.634,48.925],[2.683,48.975],[2.752,49.029],[2.845,49.002],[2.889,49.028],[2.947,49.015],[3.008,48.966],[3.04,49.017],[3.196,49.049],[3.22,49.126],[3.262,49.137],[3.376,49.205],[3.425,49.275],[3.295,49.308],[3.273,49.385],[3.359,49.405],[3.451,49.445],[3.588,49.546],[3.638,49.572],[3.807,49.602],[3.881,49.649],[3.944,49.629],[3.978,49.606],[4,49.543],[4.032,49.534],[4.057,49.561],[4.095,49.697],[4.048,49.701],[4.033,49.716],[4.068,49.744],[4.07,49.787],[4.061,49.851],[4.121,49.869],[4.36,49.869],[4.255,49.887],[3.82,50.039],[3.483,49.92],[2.907,49.943],[2.793,50.046],[2.79,50.042],[2.754,50.035],[2.776,50.107],[2.708,50.127],[2.706,50.112],[2.721,50.089],[2.7,50.081],[2.643,50.093],[2.592,50.126],[2.555,50.136],[2.539,50.127],[2.51,50.131],[2.47,50.123],[2.456,50.129],[2.419,50.108],[2.386,50.101],[2.374,50.109],[2.392,50.139],[2.452,50.189],[2.451,50.189],[2.45,50.223],[2.437,50.23],[2.408,50.227],[2.395,50.225],[2.393,50.226],[2.265,50.213],[2.173,50.215],[2.127,50.225],[2.08,50.249],[2.06,50.223],[2.011,50.228],[1.986,50.211],[1.932,50.204],[1.934,50.183],[1.951,50.174],[1.994,50.18],[1.987,50.139],[2.015,50.145],[2.031,50.161],[2.065,50.156],[2.085,50.127],[2.153,50.144],[2.19,50.063],[2.22,50.034],[2.167,49.99],[2.164,49.96],[2.183,49.921],[2.18,49.883],[2.144,49.884],[2.12,49.913],[2.118,49.963],[2.143,49.999],[2.142,50.051],[2.129,50.067],[2.103,50.068],[2.088,50.051],[2.083,50.019],[2.025,49.99],[2.034,49.926],[2.014,49.924],[1.985,49.943],[1.95,49.946],[1.922,49.927],[1.873,49.918],[1.856,49.928],[1.855,49.961],[1.914,49.974],[1.926,49.991],[1.925,50.039],[1.937,50.057],[1.884,50.062],[1.872,49.996],[1.846,49.992],[1.804,50.072],[1.772,50.099],[1.719,50.105],[1.747,50.056],[1.721,50.048],[1.729,49.991],[1.766,49.985],[1.777,49.976],[1.732,49.958],[1.722,49.94],[1.731,49.92],[1.804,49.911],[1.813,49.893],[1.842,49.89],[1.86,49.872],[1.849,49.812],[1.785,49.818],[1.769,49.832],[1.711,49.843],[1.647,49.937],[1.602,49.97],[1.549,49.98],[1.493,50.027],[1.439,50.052],[1.37,50.065],[1.363,50.07],[1.275,50.004],[0.529,49.826],[0.189,49.681],[0.115,49.602],[0.09,49.511],[0.331,49.455],[0.033,49.334],[-0.239,49.285],[-0.465,49.351],[-1.023,49.398],[-1.177,49.333],[-1.289,49.521],[-1.251,49.7],[-1.524,49.653],[-1.941,49.709]]],[[[-1.174,46.265],[-0.719,46.033],[-0.394,46.033],[-0.417,46.062],[-0.477,46.051],[-0.492,46.072],[-0.468,46.101],[-0.489,46.142],[-0.537,46.154],[-0.547,46.183],[-0.516,46.233],[-0.548,46.337],[-0.636,46.317],[-0.684,46.331],[-0.735,46.318],[-0.775,46.329],[-0.96,46.313],[-1.005,46.321],[-1.085,46.3],[-1.174,46.265]]],[[[-1.057,47.983],[-0.947,47.995],[-1.038,47.99],[-1.057,47.983]]],[[[-0.41,42.786],[-0.216,42.717],[-0.166,42.649],[0.18,42.663],[0.196,42.608],[0.348,42.635],[0.592,42.628],[0.584,42.772],[0.744,42.772],[1.307,42.635],[1.32,42.605],[1.456,42.619],[1.47,42.622],[1.468,42.631],[1.47,42.634],[1.075,42.821],[0.995,42.821],[0.984,43.017],[0.813,43.212],[0.966,43.342],[0.637,43.472],[0.476,43.472],[0.403,43.342],[0.082,43.342],[0.089,43.212],[0.009,43.212],[0.013,43.147],[-0.296,42.951],[-0.288,42.821],[-0.373,42.84],[-0.41,42.786]]],[[[-0.292,46.033],[-0.246,46.033],[-0.269,46.047],[-0.292,46.033]]],[[[1.528,50.578],[1.542,50.373],[1.607,50.367],[1.607,50.388],[1.642,50.394],[1.643,50.434],[1.68,50.437],[1.726,50.411],[1.726,50.393],[1.799,50.387],[1.816,50.366],[1.796,50.351],[1.814,50.327],[1.899,50.302],[1.906,50.307],[1.887,50.314],[1.876,50.329],[1.849,50.342],[1.844,50.341],[1.833,50.35],[1.851,50.366],[1.846,50.39],[1.818,50.41],[1.805,50.412],[1.817,50.439],[1.822,50.45],[1.86,50.478],[1.893,50.48],[1.904,50.502],[1.948,50.51],[1.968,50.524],[2.033,50.522],[2.042,50.531],[2.036,50.582],[1.982,50.605],[1.938,50.646],[1.938,50.66],[1.985,50.698],[1.94,50.71],[1.917,50.725],[1.925,50.73],[2.031,50.712],[2.052,50.72],[2.059,50.74],[2.031,50.753],[1.988,50.756],[1.954,50.787],[1.995,50.797],[2.015,50.791],[2.017,50.806],[2.11,50.985],[2.123,50.974],[2.211,50.819],[2.122,50.977],[2.079,51.009],[2.03,51.007],[1.824,50.935],[1.675,50.864],[1.842,50.779],[1.602,50.579],[1.528,50.579],[1.528,50.578]]],[[[1.569,45.7],[2.305,45.562],[2.432,45.706],[2.374,45.699],[2.28,45.66],[2.19,45.703],[2.168,45.756],[2.092,45.764],[2.008,45.761],[1.994,45.715],[1.946,45.729],[1.908,45.711],[1.866,45.724],[1.885,45.754],[1.886,45.797],[1.756,45.823],[1.789,45.874],[1.645,45.842],[1.638,45.846],[1.638,45.801],[1.569,45.7]]],[[[1.638,45.877],[1.664,45.908],[1.674,45.952],[1.638,45.939],[1.638,45.877]]],[[[2.398,45.832],[2.428,45.773],[2.479,45.777],[2.482,45.763],[2.536,45.824],[2.564,45.966],[2.471,45.857],[2.429,45.858],[2.398,45.832]]],[[[3.634,47.889],[3.649,47.877],[3.685,47.883],[3.686,47.882],[3.686,47.885],[3.634,47.889]]],[[[3.755,47.786],[3.852,47.775],[3.883,47.787],[3.88,47.851],[3.845,47.844],[3.755,47.79],[3.755,47.786]]],[[[4.068,47.904],[4.095,47.873],[4.121,47.878],[4.112,47.931],[4.076,47.907],[4.068,47.904]]],[[[4.12,47.937],[4.204,47.964],[4.158,47.962],[4.12,47.937]]],[[[4.463,47.891],[4.474,47.877],[4.578,47.875],[4.551,47.915],[4.608,47.93],[4.613,47.994],[4.682,47.999],[4.719,48.022],[4.719,48.029],[4.609,48.043],[4.537,47.969],[4.537,47.914],[4.463,47.891]]],[[[4.687,49.677],[4.698,49.634],[4.736,49.599],[4.846,49.567],[4.874,49.567],[4.901,49.617],[4.995,49.606],[5.066,49.567],[5,49.46],[5.044,49.413],[5.126,49.413],[5.121,49.309],[5.158,49.266],[4.938,49.237],[4.785,49.233],[4.785,49.151],[4.9,49.1],[5.065,49.061],[5.092,49.014],[5.083,48.955],[5.145,48.944],[5.225,48.981],[5.223,49.022],[5.24,49.04],[5.217,49.081],[5.254,49.083],[5.282,49.056],[5.313,49.059],[5.301,49.08],[5.321,49.106],[5.348,49.115],[5.369,49.114],[5.376,49.102],[5.4,49.094],[5.392,49.081],[5.416,49.064],[5.404,49.051],[5.376,49.05],[5.35,49.068],[5.311,49.028],[5.359,48.997],[5.354,48.986],[5.335,48.983],[5.334,48.97],[5.392,48.936],[5.422,48.938],[5.443,48.927],[5.466,48.931],[5.449,48.963],[5.464,48.986],[5.431,49.007],[5.423,49.021],[5.438,49.031],[5.512,49.028],[5.531,49.038],[5.571,49.037],[5.587,49.026],[5.604,49.027],[5.608,49.036],[5.652,49.041],[5.67,49.057],[5.679,49.059],[5.657,49.108],[5.605,49.104],[5.58,49.111],[5.58,49.131],[5.646,49.122],[5.65,49.124],[5.624,49.182],[5.598,49.193],[5.598,49.216],[5.635,49.239],[5.644,49.262],[5.622,49.284],[5.619,49.302],[5.648,49.312],[5.655,49.333],[5.637,49.348],[5.641,49.368],[5.555,49.397],[5.568,49.42],[5.505,49.406],[5.476,49.442],[5.511,49.454],[5.516,49.462],[5.494,49.473],[5.464,49.471],[5.469,49.481],[5.46,49.485],[5.428,49.488],[5.445,49.501],[5.467,49.492],[5.486,49.508],[5.525,49.511],[5.551,49.525],[5.361,49.697],[4.843,49.786],[4.808,49.73],[4.687,49.677]],[[5.4,49.226],[5.406,49.238],[5.475,49.235],[5.497,49.243],[5.516,49.235],[5.486,49.223],[5.416,49.216],[5.4,49.226]],[[5.436,49.078],[5.45,49.104],[5.469,49.111],[5.473,49.126],[5.453,49.147],[5.464,49.162],[5.556,49.188],[5.562,49.179],[5.545,49.167],[5.554,49.14],[5.501,49.126],[5.503,49.114],[5.523,49.108],[5.519,49.092],[5.495,49.082],[5.464,49.055],[5.444,49.056],[5.436,49.078]]],[[[4.889,48.837],[4.919,48.831],[4.934,48.846],[4.939,48.867],[4.889,48.837]]],[[[4.911,48.776],[4.938,48.768],[4.988,48.602],[4.993,48.601],[4.989,48.616],[5.012,48.638],[5.004,48.658],[5.019,48.68],[5.007,48.703],[5.025,48.723],[5.014,48.746],[4.994,48.746],[4.978,48.775],[4.914,48.793],[4.911,48.776]]],[[[4.973,48.04],[4.979,48.02],[5.004,47.991],[5.027,47.913],[5.061,47.878],[5.059,47.84],[5.072,47.81],[5.113,47.777],[5.142,47.704],[5.187,47.69],[5.225,47.718],[5.388,47.759],[5.457,47.795],[5.494,47.796],[5.512,47.778],[5.671,47.786],[5.665,47.733],[5.612,47.692],[5.538,47.679],[5.422,47.676],[5.386,47.655],[5.374,47.614],[5.409,47.602],[5.454,47.631],[5.479,47.614],[5.477,47.569],[5.455,47.538],[5.391,47.511],[5.392,47.478],[5.5,47.404],[5.49,47.369],[5.497,47.337],[5.487,47.326],[5.48,47.332],[5.475,47.321],[5.498,47.311],[5.505,47.29],[5.482,47.244],[5.481,47.223],[5.449,47.201],[5.467,47.168],[5.438,47.154],[5.441,47.146],[5.422,47.136],[5.381,47.079],[5.364,47.081],[5.32,47.061],[5.298,47.039],[5.301,47.006],[5.285,47.002],[5.257,46.976],[5.27,46.959],[5.264,46.93],[5.309,46.93],[5.319,46.907],[5.352,46.889],[5.403,46.892],[5.378,46.927],[5.354,46.927],[5.367,46.94],[5.367,46.952],[5.379,46.959],[5.363,46.983],[5.394,46.995],[5.443,46.996],[5.457,46.98],[5.438,46.98],[5.426,46.959],[5.428,46.948],[5.462,46.945],[5.468,46.93],[5.489,46.92],[5.478,46.917],[5.455,46.929],[5.441,46.914],[5.45,46.904],[5.444,46.898],[5.415,46.895],[5.409,46.872],[5.445,46.846],[5.451,46.838],[5.447,46.831],[5.43,46.822],[5.34,46.826],[5.331,46.818],[5.329,46.81],[5.341,46.808],[5.348,46.791],[5.367,46.788],[5.376,46.778],[5.382,46.764],[5.375,46.748],[5.393,46.724],[5.394,46.706],[5.421,46.656],[5.416,46.65],[5.434,46.642],[5.431,46.622],[5.405,46.604],[5.406,46.579],[5.363,46.579],[5.368,46.57],[5.359,46.563],[5.368,46.552],[5.361,46.53],[5.405,46.509],[5.416,46.524],[5.646,46.457],[5.725,46.48],[5.74,46.598],[5.626,46.649],[5.646,46.85],[5.757,46.887],[5.794,46.997],[5.667,47.108],[5.737,47.234],[5.779,47.359],[5.793,47.512],[5.918,47.595],[5.82,47.735],[5.96,47.804],[5.96,47.885],[5.952,47.882],[5.942,47.869],[5.895,47.873],[5.871,47.87],[5.862,47.861],[5.815,47.879],[5.815,47.904],[5.877,47.903],[5.887,47.949],[5.867,47.955],[5.856,47.981],[5.844,47.98],[5.841,47.958],[5.805,47.954],[5.788,47.96],[5.788,47.981],[5.827,48.037],[5.749,48.037],[5.729,48.058],[5.693,48.058],[5.647,48.071],[5.642,48.062],[5.613,48.059],[5.61,48.073],[5.56,48.103],[5.546,48.12],[5.477,48.021],[5.339,48.006],[4.973,48.04]],[[5.424,47.09],[5.458,47.096],[5.47,47.09],[5.455,47.074],[5.424,47.09]],[[5.58,47.959],[5.589,47.97],[5.602,47.966],[5.599,47.941],[5.583,47.939],[5.58,47.959]],[[5.597,47.988],[5.602,47.999],[5.624,48.001],[5.689,47.994],[5.694,47.987],[5.685,47.98],[5.63,47.991],[5.597,47.988]]],[[[5.075,48.585],[5.087,48.583],[5.146,48.582],[5.123,48.601],[5.099,48.61],[5.091,48.609],[5.085,48.591],[5.075,48.585]]],[[[5.29,48.471],[5.317,48.427],[5.35,48.452],[5.397,48.45],[5.443,48.482],[5.439,48.534],[5.402,48.548],[5.408,48.56],[5.455,48.588],[5.476,48.612],[5.428,48.636],[5.401,48.623],[5.396,48.623],[5.372,48.58],[5.334,48.518],[5.29,48.471]]],[[[5.371,45.874],[5.411,45.862],[5.425,45.85],[5.417,45.825],[5.422,45.808],[5.51,45.769],[5.52,45.739],[5.545,45.713],[5.556,45.679],[5.603,45.621],[5.622,45.612],[5.672,45.555],[5.733,45.473],[5.74,45.439],[5.793,45.438],[5.808,45.428],[5.607,45.847],[5.371,45.874]]],[[[5.429,47.356],[5.441,47.348],[5.472,47.369],[5.444,47.371],[5.429,47.356]]],[[[5.433,48.222],[5.492,48.193],[5.501,48.199],[5.492,48.219],[5.538,48.244],[5.548,48.276],[5.523,48.293],[5.517,48.32],[5.532,48.34],[5.533,48.365],[5.572,48.385],[5.599,48.388],[5.634,48.373],[5.614,48.33],[5.694,48.329],[5.685,48.29],[5.647,48.256],[5.648,48.234],[5.664,48.224],[5.676,48.228],[5.678,48.241],[5.705,48.235],[5.717,48.202],[5.756,48.183],[5.773,48.197],[5.768,48.21],[5.742,48.216],[5.746,48.229],[5.724,48.258],[5.741,48.265],[5.801,48.255],[5.82,48.265],[5.843,48.262],[5.833,48.252],[5.842,48.241],[5.896,48.238],[5.906,48.222],[5.901,48.208],[5.885,48.205],[5.873,48.217],[5.853,48.2],[5.875,48.188],[5.896,48.189],[5.905,48.181],[5.901,48.164],[5.863,48.153],[5.854,48.126],[5.882,48.117],[5.89,48.123],[5.922,48.12],[5.934,48.094],[5.974,48.096],[5.98,48.071],[5.939,48.073],[5.94,48.057],[5.93,48.053],[5.944,48.023],[5.915,48.016],[5.909,48.006],[5.921,47.973],[5.917,47.944],[5.901,47.927],[5.93,47.912],[5.96,47.909],[5.96,47.985],[6.057,47.957],[6.099,48.027],[6.252,47.957],[6.238,48.291],[5.946,48.347],[6.015,48.653],[5.849,48.768],[5.847,48.757],[5.83,48.765],[5.803,48.757],[5.806,48.748],[5.792,48.748],[5.782,48.74],[5.785,48.734],[5.754,48.727],[5.725,48.733],[5.674,48.721],[5.668,48.711],[5.628,48.693],[5.583,48.687],[5.576,48.67],[5.552,48.649],[5.567,48.605],[5.553,48.579],[5.569,48.576],[5.573,48.562],[5.57,48.602],[5.598,48.623],[5.647,48.587],[5.696,48.511],[5.669,48.456],[5.587,48.412],[5.493,48.394],[5.521,48.336],[5.433,48.222]],[[5.745,48.66],[5.755,48.697],[5.786,48.714],[5.808,48.712],[5.811,48.699],[5.817,48.678],[5.811,48.653],[5.846,48.646],[5.759,48.62],[5.76,48.632],[5.745,48.66]],[[5.817,48.698],[5.837,48.71],[5.857,48.7],[5.872,48.706],[5.863,48.699],[5.867,48.692],[5.855,48.688],[5.817,48.698]]],[[[5.817,48.797],[5.828,48.787],[5.82,48.774],[5.838,48.775],[5.834,48.778],[5.865,48.801],[5.85,48.811],[5.834,48.801],[5.83,48.813],[5.819,48.807],[5.817,48.797]]],[[[6.131,45.286],[6.134,45.23],[6.163,45.191],[6.147,45.158],[6.157,45.15],[6.189,45.167],[6.221,45.143],[6.25,45.149],[6.267,45.139],[6.259,45.128],[6.296,45.108],[6.336,45.121],[6.363,45.103],[6.375,45.084],[6.365,45.07],[6.396,45.061],[6.436,45.063],[6.452,45.052],[6.487,45.056],[6.486,45.086],[6.479,45.095],[6.511,45.109],[6.517,45.106],[6.507,45.116],[6.28,45.199],[6.243,45.297],[6.268,45.322],[6.219,45.347],[6.192,45.338],[6.185,45.318],[6.157,45.31],[6.131,45.286]]]]}},{"type":"Feature","properties":{"NAME":"Granada","ABBREVN":"Granada","SUBJECTO":"Granada","BORDERPRECISION":1,"PARTOF":"Granada"},"geometry":{"type":"Polygon","coordinates":[[[-6.632,37.022],[-6.422,36.792],[-6.5,36.719],[-6.444,36.623],[-6.289,36.572],[-6.305,36.454],[-6.204,36.282],[-5.85,36.072],[-5.661,36.008],[-5.485,36.065],[-5.488,36.174],[-5.457,36.167],[-5.424,36.072],[-5.387,36.11],[-5.374,36.237],[-5.217,36.41],[-4.757,36.486],[-4.447,36.722],[-2.97,36.741],[-2.915,36.69],[-2.761,36.69],[-2.624,36.811],[-3.964,37.456],[-5.201,37.533],[-6.632,37.022]]]}},{"type":"Feature","properties":{"NAME":"Castile","ABBREVN":"Castile","SUBJECTO":"Castile","BORDERPRECISION":1,"PARTOF":"Castile"},"geometry":{"type":"Polygon","coordinates":[[[-9.271,43.049],[-9.247,42.901],[-9.173,42.856],[-8.942,42.824],[-8.644,42.42],[-8.799,42.195],[-8.86,42.015],[-8.806,41.889],[-8.405,42.002],[-8.157,42.087],[-7.919,41.889],[-7.098,41.868],[-6.86,41.985],[-6.709,41.96],[-6.586,41.858],[-6.518,41.749],[-6.139,41.526],[-6.112,41.417],[-6.241,41.32],[-6.797,41.093],[-6.834,41.061],[-6.857,40.862],[-6.825,40.657],[-6.884,40.214],[-6.859,39.792],[-6.878,39.702],[-7.084,39.599],[-7.301,39.579],[-7.431,39.521],[-7.211,39.298],[-6.933,38.961],[-7.089,38.795],[-7.317,38.5],[-7.394,38.295],[-7.028,38.24],[-6.845,38.1],[-7.243,37.811],[-7.351,37.644],[-7.492,37.208],[-7.228,37.226],[-6.948,37.149],[-6.632,37.022],[-5.201,37.533],[-3.964,37.456],[-2.624,36.811],[-2.355,36.824],[-2.239,36.728],[-1.94,36.952],[-2.149,37.233],[-1.921,37.651],[-2.035,37.842],[-1.883,37.956],[-1.655,37.918],[-1.655,38.184],[-1.807,38.26],[-1.807,38.526],[-2.035,38.602],[-2.035,39.249],[-1.807,39.173],[-1.807,39.477],[-1.997,39.591],[-1.997,39.743],[-1.807,39.858],[-1.997,39.972],[-1.997,40.086],[-2.301,40.238],[-2.301,40.39],[-1.921,40.618],[-2.035,41.227],[-2.301,41.265],[-2.301,41.493],[-2.149,41.493],[-2.13,41.817],[-2.259,41.828],[-2.318,42.066],[-2.08,42.066],[-2.199,42.244],[-2.675,42.423],[-2.556,43.076],[-2.14,43.136],[-2.143,43.331],[-2.367,43.326],[-2.768,43.538],[-3.007,43.55],[-3.196,43.447],[-3.417,43.376],[-3.848,43.439],[-4.802,43.469],[-5.225,43.507],[-5.537,43.577],[-5.82,43.706],[-5.98,43.705],[-6.468,43.563],[-6.808,43.523],[-7.151,43.555],[-7.636,43.721],[-7.98,43.74],[-8.22,43.617],[-8.251,43.43],[-8.31,43.353],[-8.849,43.326],[-9.014,43.281],[-9.197,43.158],[-9.271,43.049]]]}},{"type":"Feature","properties":{"NAME":"Mamluke Sultanate","ABBREVN":"Mamluke","SUBJECTO":"Mamluke Sultanate","BORDERPRECISION":1,"PARTOF":"Mamluke Sultanate"},"geometry":{"type":"MultiPolygon","coordinates":[[[[35.526,34],[35.532,34.119],[35.716,34.312],[35.821,34.344],[35.873,34.422],[35.852,34.493],[35.751,34.747],[35.809,35.014],[35.841,35.043],[35.796,35.271],[35.607,35.418],[35.664,35.459],[35.68,35.528],[35.733,35.585],[35.691,35.685],[35.74,35.69],[35.856,35.835],[35.719,36.092],[35.665,36.134],[35.709,36.212],[35.814,36.298],[38.372,35.141],[38.036,34.597],[37.559,34],[35.526,34]]]]}},{"type":"Feature","properties":{"NAME":"Hafsid Caliphate","ABBREVN":"Hafsid Cal.","SUBJECTO":"Hafsid Caliphate","BORDERPRECISION":1,"PARTOF":"Hafsid Caliphate"},"geometry":{"type":"Polygon","coordinates":[[[-2.193,35.054],[-2.077,34.826],[-1.823,34.7],[-1.738,34.605],[-1.664,34.205],[-1.669,34],[10.071,34],[10.019,34.081],[10.116,34.234],[10.574,34.648],[10.839,34.801],[11.083,35.145],[11.125,35.241],[10.989,35.622],[10.831,35.679],[10.603,35.889],[10.511,36.086],[10.509,36.214],[10.633,36.424],[10.92,36.654],[11.039,36.909],[11.024,37.068],[10.843,36.991],[10.581,36.793],[10.393,36.717],[10.272,36.755],[10.159,36.996],[10.133,37.105],[10.021,37.2],[9.732,37.282],[9.416,37.275],[9.15,37.173],[8.866,36.968],[8.637,36.885],[7.913,36.775],[7.792,36.832],[7.719,36.953],[7.545,37.042],[7.307,37.061],[7.063,36.882],[6.923,36.818],[6.771,36.862],[6.323,37.091],[6.047,36.842],[5.73,36.752],[5.383,36.675],[5.144,36.668],[4.777,36.743],[4.632,36.794],[4.395,36.838],[4.164,36.831],[3.741,36.837],[3.587,36.792],[3.324,36.651],[3.07,36.619],[2.81,36.714],[2.524,36.573],[2.294,36.541],[1.58,36.514],[1.058,36.462],[0.781,36.385],[0.474,36.225],[0.199,36.033],[0.015,35.804],[-0.092,35.74],[-0.283,35.758],[-0.429,35.86],[-0.917,35.668],[-1.147,35.629],[-1.329,35.489],[-1.495,35.234],[-1.738,35.119],[-2.035,35.055],[-2.193,35.054]]]}},{"type":"Feature","properties":{"NAME":"Trebizond","ABBREVN":"Trebizond","SUBJECTO":"Trebizond","BORDERPRECISION":1,"PARTOF":"Trebizond"},"geometry":{"type":"MultiPolygon","coordinates":[[[[37.253,41.028],[37.822,41.01],[38.314,40.921],[38.651,40.922],[39.139,41.044],[39.37,41.064],[39.663,41],[40.007,40.956],[40.361,40.963],[40.61,41.028],[41.293,41.286],[41.484,41.437],[40.762,40.569],[40.204,40.36],[38.811,40.151],[37.766,40.29],[37.253,41.028]]]]}},{"type":"Feature","properties":{"NAME":"Seljuk Caliphate","ABBREVN":"Seljuk Turks","SUBJECTO":"Seljuk Caliphate","BORDERPRECISION":1,"PARTOF":"Seljuk Caliphate"},"geometry":{"type":"MultiPolygon","coordinates":[[[[35.891,36.771],[35.672,36.606],[35.568,36.587],[35.506,36.559],[35.548,36.54],[35.495,36.443],[35.417,36.433],[35.389,36.454],[35.354,36.414],[35.221,36.388],[35.071,36.488],[34.87,36.577],[34.662,36.648],[34.485,36.627],[34.103,36.38],[33.952,36.252],[33.954,36.16],[33.891,36.139],[33.836,36.107],[33.834,36.071],[33.753,36.147],[33.482,36.054],[33.171,35.971],[32.904,35.977],[32.64,36.008],[32.335,36.128],[31.902,36.497],[31.371,36.712],[30.905,36.794],[30.594,36.762],[30.54,36.647],[30.473,36.188],[30.395,36.118],[30.28,36.118],[30.166,36.188],[29.662,36.078],[29.472,36.091],[29.298,36.173],[29.002,36.695],[30.591,37.782],[30.73,39.663],[31.984,39.663],[34.492,40.917],[34.663,41.876],[35.002,42.043],[35.099,41.806],[35.286,41.671],[35.411,41.627],[35.678,41.621],[35.958,41.686],[36.161,41.353],[36.383,41.238],[36.641,41.315],[36.817,41.29],[37.253,41.028],[37.766,40.29],[38.811,40.151],[40.204,40.36],[40.762,40.569],[41.484,41.437],[41.212,40.244],[39.148,38.622],[36.494,37.369],[36.789,37.001],[35.891,36.771]]]]}},{"type":"Feature","properties":{"NAME":"Ilkhanate","ABBREVN":"Ilkhanate","SUBJECTO":"Ilkhanate","BORDERPRECISION":1,"PARTOF":"Ilkhanate"},"geometry":{"type":"MultiPolygon","coordinates":[[[[45.861,42.474],[47.844,42.621],[47.97,42.594],[48.132,42.405],[48.222,42.279],[48.42,42.091],[48.5,41.929],[48.662,41.902],[48.683,41.836],[48.892,41.687],[48.999,41.517],[49.116,41.432],[49.244,41.293],[49.286,41.059],[49.35,40.953],[49.478,40.836],[49.605,40.762],[49.605,40.687],[49.807,40.581],[50.02,40.602],[50.19,40.57],[50.318,40.496],[50.424,40.411],[50.467,40.325],[50.467,40.262],[50.307,40.325],[50.126,40.347],[50.031,40.347],[49.914,40.325],[49.85,40.272],[49.669,40.24],[49.573,40.176],[49.552,40.091],[49.541,39.879],[49.446,39.655],[49.403,39.485],[49.499,39.379],[49.488,39.294],[49.382,39.326],[49.339,39.283],[49.275,39.017],[49.222,39.038],[49.18,39.145],[49.116,39.187],[49.041,39.145],[49.02,39.006],[49.052,38.932],[48.946,38.836],[48.988,38.719],[48.825,38.31],[48.832,38.306],[48.809,37.989],[48.745,37.727],[48.837,37.511],[49.06,37.398],[49.476,37.292],[49.848,37.268],[50.039,37.225],[50.111,37.098],[50.252,36.895],[50.561,36.686],[51.417,36.456],[51.796,36.432],[51.993,36.459],[52.602,36.577],[53.139,36.644],[53.8,36.679],[53.984,36.782],[54.067,36.942],[54.009,37.349],[54.015,37.348],[53.928,37.824],[53.88,38.025],[53.937,38.159],[53.937,38.571],[53.985,38.657],[54.071,38.897],[55.642,40.05],[56.769,41.372],[60,42.354],[60,34],[40.42,34],[40.029,34.391],[35.814,36.298],[36.095,36.482],[36.105,36.561],[36.082,36.622],[35.957,36.747],[35.891,36.771],[36.789,37.001],[36.494,37.369],[39.148,38.622],[41.212,40.244],[41.484,41.437],[44.454,42.032],[45.478,42.549],[45.648,42.549],[45.808,42.538],[45.861,42.474]]]]}},{"type":"Feature","properties":{"NAME":"Georgia","ABBREVN":"Georgia","SUBJECTO":"Georgia","BORDERPRECISION":1,"PARTOF":"Georgia"},"geometry":{"type":"MultiPolygon","coordinates":[[[[41.484,41.437],[41.521,41.466],[41.666,41.729],[41.68,41.793],[41.652,42.121],[41.503,42.608],[41.41,42.788],[41.123,43.019],[43.546,42.835],[45.26,42.439],[44.454,42.032],[41.484,41.437]]]]}},{"type":"Feature","properties":{"NAME":"Khanate of the Golden Horde","ABBREVN":"Golden Horde","SUBJECTO":"Khanate of the Golden Horde","BORDERPRECISION":1,"PARTOF":"Khanate of the Golden Horde"},"geometry":{"type":"Polygon","coordinates":[[[22.469,44.381],[22.926,44.185],[22.926,43.793],[23.513,44.055],[24.232,43.793],[24.624,43.989],[25.473,43.728],[26.452,44.25],[27.954,44.25],[28.085,44.577],[27.824,44.838],[28.019,45.315],[28.368,45.331],[28.402,45.359],[29.064,45.165],[29.711,45.258],[29.683,45.375],[29.536,45.452],[29.5,45.523],[29.63,45.75],[29.73,45.77],[30.069,45.861],[30.52,46.251],[30.833,46.577],[31.087,46.636],[31.538,46.701],[31.781,46.702],[31.951,46.865],[32.189,46.592],[31.926,46.41],[32.114,46.216],[32.202,46.17],[32.516,46.126],[33.333,46.166],[33.528,46.134],[33.639,45.927],[33.539,45.875],[33.192,45.79],[32.902,45.673],[32.503,45.445],[32.575,45.361],[32.643,45.381],[32.926,45.388],[33.013,45.381],[33.398,45.253],[33.517,45.124],[33.559,44.936],[33.395,44.6],[33.66,44.524],[34.014,44.492],[34.135,44.537],[34.372,44.757],[34.614,44.841],[35.067,44.862],[35.387,45.082],[35.6,45.102],[35.865,45.031],[36.005,45.044],[36.265,45.097],[36.367,45.161],[36.415,45.272],[36.521,45.388],[36.323,45.44],[35.85,45.445],[35.546,45.38],[35.317,45.321],[35.063,45.34],[34.99,45.45],[35.032,45.534],[35.008,45.612],[34.127,46.064],[33.839,46.193],[34.064,46.265],[34.496,46.279],[34.692,46.253],[34.907,46.273],[35.046,46.358],[35.212,46.637],[35.416,46.495],[35.624,46.521],[35.851,46.664],[36.354,46.776],[36.865,46.809],[37.193,46.894],[37.422,47.077],[37.859,47.104],[38.8,47.229],[39.16,47.269],[39.194,47.243],[39.282,47.074],[38.723,46.878],[38.401,46.721],[38.032,46.669],[37.867,46.655],[37.757,46.603],[37.97,46.441],[38.265,46.319],[38.459,46.079],[38.227,46.02],[37.99,46.007],[37.868,45.793],[37.706,45.578],[37.661,45.345],[37.461,45.312],[37.228,45.312],[36.96,45.227],[37.318,44.924],[37.474,44.692],[37.622,44.673],[37.774,44.745],[37.88,44.719],[38.109,44.494],[38.277,44.423],[38.556,44.385],[38.924,44.212],[40.252,43.268],[40.557,43.147],[40.969,43.077],[41.123,43.019],[43.546,42.835],[45.26,42.439],[45.478,42.549],[45.648,42.549],[45.808,42.538],[45.861,42.474],[47.844,42.621],[47.79,42.855],[47.736,42.9],[47.565,43.008],[47.583,43.188],[47.655,43.277],[47.601,43.322],[47.574,43.502],[47.673,43.664],[47.736,43.862],[47.664,43.853],[47.61,43.754],[47.565,43.601],[47.52,43.511],[47.493,43.583],[47.538,43.673],[47.565,43.844],[47.439,44.033],[47.332,44.186],[47.224,44.204],[47.143,44.339],[46.999,44.356],[46.846,44.446],[46.81,44.536],[46.873,44.68],[47.026,44.788],[47.17,44.86],[47.251,44.986],[47.394,45.175],[47.556,45.453],[47.655,45.543],[47.601,45.66],[47.628,45.732],[47.673,45.75],[47.754,45.714],[47.871,45.678],[48.015,45.714],[48.303,45.768],[48.635,45.975],[48.77,45.885],[48.833,45.921],[48.833,46.083],[48.887,46.083],[49.058,46.137],[49.238,46.263],[49.313,46.353],[49.535,46.542],[49.723,46.533],[49.948,46.56],[50.272,46.685],[50.632,46.91],[50.82,46.919],[51.117,47.063],[51.369,47.09],[51.675,47.036],[51.791,47.009],[51.935,46.892],[52.142,46.838],[52.376,46.874],[52.466,46.91],[52.556,46.982],[53.023,46.919],[53.185,46.865],[53.23,46.73],[53.284,46.676],[53.167,46.586],[53.122,46.497],[53.185,46.425],[53.257,46.317],[53.203,46.191],[53.149,45.957],[53.05,45.831],[52.924,45.732],[52.835,45.642],[52.844,45.507],[53.059,45.453],[53.284,45.328],[53.059,45.337],[52.61,45.4],[51.998,45.382],[51.845,45.436],[51.773,45.391],[51.63,45.355],[51.513,45.373],[51.459,45.31],[51.378,45.175],[51.342,45.058],[51.216,45.04],[51.099,44.878],[51.189,44.77],[51.486,44.626],[51.576,44.554],[51.414,44.518],[51.333,44.482],[50.874,44.626],[50.542,44.644],[50.407,44.617],[50.335,44.563],[50.326,44.365],[50.389,44.294],[50.703,44.258],[50.955,44.204],[50.991,44.078],[51.171,43.718],[51.261,43.61],[51.369,43.556],[51.459,43.385],[51.423,43.259],[51.423,43.17],[51.738,43.179],[51.881,43.053],[51.98,42.909],[52.07,42.828],[52.295,42.873],[52.376,42.801],[52.583,42.828],[52.763,42.756],[52.835,42.648],[52.754,42.558],[52.736,42.423],[52.673,42.279],[52.583,42.189],[52.52,42.073],[52.574,42.019],[52.601,41.938],[52.559,41.758],[52.683,41.694],[52.711,41.607],[52.692,41.531],[52.855,41.387],[52.97,41.138],[52.96,41.272],[52.932,41.378],[52.999,41.684],[52.941,41.77],[52.98,41.904],[53.066,42.029],[53.267,42.086],[53.458,42.096],[53.736,42.134],[53.985,42.106],[54.024,42.048],[54.024,41.857],[54.119,41.78],[54.138,41.627],[54.167,41.483],[54.359,41.387],[54.598,41.244],[54.751,41.138],[54.828,40.985],[54.818,40.88],[54.608,40.813],[54.502,40.851],[54.455,40.918],[54.368,40.899],[54.387,40.803],[54.455,40.717],[54.416,40.659],[54.225,40.726],[54.11,40.678],[53.976,40.65],[53.842,40.64],[53.794,40.726],[53.765,40.87],[53.698,40.88],[53.65,40.88],[53.66,40.813],[53.612,40.745],[53.439,40.803],[53.257,40.765],[53.181,40.841],[53.056,41.052],[52.97,40.822],[52.951,40.707],[52.903,40.563],[52.826,40.468],[52.845,40.334],[52.845,40.18],[52.912,40.046],[52.989,39.931],[53.047,39.998],[53.19,39.96],[53.363,39.96],[53.506,39.998],[53.688,39.979],[53.593,39.893],[53.516,39.778],[53.554,39.654],[53.669,39.644],[53.813,39.548],[53.794,39.491],[53.545,39.539],[53.372,39.52],[53.315,39.567],[53.248,39.452],[53.209,39.405],[53.248,39.299],[53.334,39.385],[53.583,39.318],[53.66,39.318],[53.679,39.251],[53.775,39.136],[53.918,39.05],[54.033,38.993],[54.071,38.897],[55.642,40.05],[56.769,41.372],[60,42.354],[60,59.103],[58.293,58.425],[55.465,58.136],[45.965,57.735],[45.587,57.311],[45.717,55.287],[45.325,54.895],[43.627,54.96],[43.105,54.699],[43.627,53.916],[43.627,52.218],[40.689,50.977],[38.795,51.042],[38.272,50.912],[38.142,49.605],[37.032,49.736],[34.681,48.561],[29.848,49.279],[29.456,48.365],[27.428,47.384],[27.628,46.928],[27.366,46.34],[26.517,45.818],[23.056,45.034],[22.664,44.642],[22.469,44.381]]]}},{"type":"Feature","properties":{"NAME":"Scotland","ABBREVN":"Scotland","SUBJECTO":"Scotland","BORDERPRECISION":1,"PARTOF":"Scotland"},"geometry":{"type":"MultiPolygon","coordinates":[[[[-3.153,54.838],[-3.309,54.885],[-3.577,54.924],[-3.908,54.79],[-4.122,54.762],[-4.461,54.862],[-4.5,54.775],[-4.6,54.688],[-4.903,54.734],[-5.111,54.794],[-5.067,54.948],[-4.91,55.11],[-4.638,55.428],[-4.771,55.488],[-4.908,55.664],[-4.895,55.772],[-4.758,55.82],[-4.623,55.908],[-4.711,56.131],[-4.848,56.097],[-5.135,55.893],[-5.334,55.88],[-5.57,55.751],[-5.633,55.94],[-5.497,56.177],[-5.3,56.429],[-5.271,56.544],[-5.458,56.632],[-5.547,56.652],[-5.645,56.516],[-5.822,56.4],[-6.044,56.475],[-5.909,56.733],[-5.666,56.938],[-5.625,56.999],[-5.726,57.258],[-5.562,57.299],[-5.461,57.388],[-5.763,57.62],[-5.568,57.777],[-5.23,57.71],[-5.056,57.751],[-5.346,58.093],[-4.907,58.169],[-5.113,58.395],[-4.926,58.567],[-4.51,58.403],[-4.139,58.445],[-3.831,58.507],[-3.441,58.529],[-3.165,58.522],[-3.028,58.406],[-3.166,58.275],[-3.943,57.958],[-4.15,57.835],[-4.249,57.636],[-4.148,57.555],[-3.796,57.542],[-3.401,57.576],[-3.093,57.577],[-2.854,57.543],[-2.15,57.572],[-1.945,57.402],[-2.108,57.21],[-2.203,57.065],[-2.159,57.014],[-2.413,56.717],[-2.515,56.667],[-2.667,56.471],[-2.981,56.354],[-3.152,56.337],[-2.949,56.253],[-2.721,56.178],[-2.773,56.171],[-2.895,56.086],[-3.17,56.062],[-3.294,55.974],[-3.895,55.985],[-3.713,55.885],[-3.577,55.885],[-3.356,55.843],[-3.161,55.846],[-2.928,55.946],[-2.742,55.957],[-2.54,55.885],[-2.245,55.811],[-3.153,54.838]]],[[[-5.698,55.331],[-5.756,55.477],[-5.689,55.628],[-5.518,55.668],[-5.482,55.443],[-5.62,55.33],[-5.698,55.331]]]]}},{"type":"Feature","properties":{"NAME":"English territory","ABBREVN":"English territory","SUBJECTO":"England","BORDERPRECISION":1,"PARTOF":"England"},"geometry":{"type":"MultiPolygon","coordinates":[[[[-10.497,52.102],[-9.964,52.092],[-10.294,51.978],[-10.217,51.758],[-9.835,51.803],[-9.795,51.605],[-9.819,51.435],[-9.243,51.473],[-8.848,51.6],[-8.565,51.615],[-8.159,51.84],[-7.862,51.968],[-7.751,52.033],[-7.372,52.092],[-6.973,52.11],[-6.978,52.113],[-6.958,52.145],[-6.919,52.178],[-6.937,52.192],[-6.956,52.231],[-6.986,52.251],[-6.985,52.275],[-7.007,52.277],[-7.039,52.257],[-7.085,52.253],[-7.169,52.28],[-7.197,52.252],[-7.219,52.245],[-7.239,52.262],[-7.277,52.276],[-7.285,52.298],[-7.307,52.321],[-7.363,52.34],[-7.388,52.357],[-7.397,52.367],[-7.384,52.419],[-7.426,52.455],[-7.464,52.471],[-7.421,52.51],[-7.427,52.519],[-7.451,52.507],[-7.462,52.52],[-7.452,52.575],[-7.48,52.601],[-7.475,52.612],[-7.514,52.648],[-7.548,52.701],[-7.647,52.735],[-7.698,52.827],[-7.734,52.853],[-7.721,52.873],[-7.725,52.884],[-7.662,52.93],[-7.7,52.937],[-7.732,52.956],[-7.708,52.98],[-7.707,53.009],[-7.685,53.031],[-7.676,53.035],[-7.768,53.063],[-7.782,53.076],[-7.79,53.099],[-7.844,53.089],[-7.903,53.098],[-7.981,53.135],[-8.056,53.154],[-8.081,53.172],[-8.043,53.195],[-7.994,53.193],[-7.975,53.21],[-7.974,53.234],[-8.026,53.253],[-8.057,53.275],[-8.026,53.3],[-8.024,53.321],[-7.993,53.325],[-7.984,53.338],[-7.942,53.343],[-7.939,53.356],[-7.911,53.373],[-7.925,53.398],[-7.943,53.406],[-7.936,53.418],[-7.964,53.442],[-7.955,53.482],[-7.981,53.552],[-8.037,53.607],[-8.035,53.631],[-8.024,53.657],[-8.007,53.661],[-7.986,53.681],[-7.987,53.701],[-7.95,53.713],[-7.946,53.74],[-7.929,53.733],[-7.918,53.738],[-7.916,53.749],[-7.889,53.761],[-7.876,53.778],[-7.884,53.786],[-7.862,53.808],[-7.86,53.831],[-7.823,53.834],[-7.817,53.851],[-7.803,53.855],[-7.785,53.839],[-7.771,53.843],[-7.776,53.868],[-7.715,53.888],[-7.659,53.934],[-7.625,53.942],[-7.592,53.927],[-7.579,53.906],[-7.552,53.892],[-7.557,53.878],[-7.581,53.867],[-7.586,53.855],[-7.567,53.852],[-7.507,53.863],[-7.49,53.858],[-7.468,53.848],[-7.468,53.808],[-7.453,53.795],[-7.421,53.792],[-7.394,53.78],[-7.343,53.799],[-7.283,53.77],[-7.26,53.743],[-7.227,53.732],[-7.224,53.71],[-7.142,53.678],[-7.132,53.676],[-7.118,53.687],[-7.085,53.649],[-7.069,53.644],[-7.03,53.668],[-6.991,53.675],[-6.955,53.654],[-6.938,53.65],[-6.919,53.633],[-6.855,53.559],[-6.833,53.552],[-6.741,53.562],[-6.732,53.577],[-6.65,53.604],[-6.649,53.617],[-6.684,53.644],[-6.68,53.654],[-6.656,53.669],[-6.631,53.668],[-6.561,53.707],[-6.539,53.731],[-6.515,53.759],[-6.488,53.854],[-6.445,53.904],[-6.423,53.913],[-6.406,53.914],[-6.343,53.94],[-6.206,53.957],[-6.072,53.974],[-5.912,54.027],[-5.731,54.175],[-5.662,54.322],[-5.8,54.523],[-5.764,54.657],[-5.785,54.737],[-6.018,55.093],[-6.117,55.16],[-6.279,55.14],[-6.454,55.187],[-6.645,55.206],[-6.997,55.172],[-7.225,55.104],[-7.498,55.05],[-7.657,55.117],[-7.756,55.253],[-8.118,55.177],[-8.345,55.095],[-8.476,54.88],[-8.504,54.75],[-8.76,54.701],[-8.829,54.634],[-8.211,54.634],[-8.301,54.489],[-8.687,54.364],[-8.59,54.203],[-9.086,54.258],[-9.323,54.275],[-9.474,54.241],[-9.892,54.326],[-10.16,54.133],[-10.179,53.912],[-9.913,53.97],[-9.696,53.873],[-9.872,53.768],[-9.81,53.632],[-10.151,53.576],[-10.021,53.512],[-10.16,53.374],[-9.885,53.297],[-9.803,53.345],[-9.617,53.346],[-9.441,53.266],[-9.297,53.28],[-9.158,53.221],[-9.002,53.3],[-8.924,53.161],[-8.997,53.12],[-9.309,53.115],[-9.526,52.905],[-9.442,52.833],[-9.616,52.637],[-9.134,52.681],[-9.193,52.554],[-9.504,52.541],[-9.736,52.48],[-9.784,52.341],[-9.802,52.241],[-9.891,52.194],[-10.469,52.207],[-10.497,52.102]]],[[[-6.092,52.747],[-6.071,52.767],[-6.059,52.822],[-6.063,52.82],[-6.087,52.79],[-6.092,52.747]]],[[[-5.778,50.134],[-5.429,50.068],[-5.282,49.964],[-4.967,50.212],[-4.541,50.358],[-4.303,50.324],[-4.243,50.391],[-4.004,50.314],[-3.882,50.2],[-3.715,50.219],[-3.563,50.361],[-3.521,50.617],[-3.111,50.657],[-2.961,50.722],[-2.551,50.57],[-2.432,50.646],[-2.024,50.57],[-2.085,50.703],[-1.373,50.766],[-1.103,50.817],[-0.839,50.722],[-0.336,50.817],[0.192,50.731],[0.673,50.931],[0.888,50.893],[0.886,50.982],[1.335,51.121],[1.365,51.353],[1.189,51.405],[1.03,51.359],[0.804,51.378],[0.254,51.454],[0.686,51.56],[1.031,51.813],[1.512,52.026],[1.657,52.212],[1.692,52.311],[1.586,52.65],[1.376,52.809],[1.013,52.888],[0.742,52.901],[0.505,52.848],[0.327,52.707],[0.006,52.787],[0.251,53.04],[0.268,53.127],[0.175,53.293],[0.081,53.386],[-0.204,53.523],[-0.319,53.579],[-0.235,53.799],[-0.296,54.033],[-0.605,54.3],[-0.871,54.547],[-1.192,54.595],[-1.389,54.68],[-1.556,54.922],[-1.696,55.273],[-1.666,55.38],[-1.719,55.454],[-1.942,55.556],[-2.245,55.811],[-3.153,54.838],[-3.43,54.643],[-3.569,54.415],[-3.479,54.275],[-3.261,54.141],[-2.886,54.169],[-2.865,54.028],[-2.98,53.821],[-3.057,53.514],[-2.914,53.267],[-3.33,53.233],[-3.957,53.205],[-4.318,53.091],[-4.492,52.991],[-4.621,52.831],[-4.468,52.811],[-4.148,52.832],[-4.094,52.746],[-4.124,52.373],[-4.295,52.2],[-4.619,52.094],[-5.061,52.006],[-5.249,51.86],[-5.179,51.787],[-4.999,51.702],[-4.159,51.677],[-3.499,51.46],[-3.173,51.467],[-2.75,51.644],[-2.895,51.394],[-3.033,51.33],[-3.066,51.178],[-3.483,51.181],[-3.825,51.235],[-4.281,51.187],[-4.277,51.064],[-4.443,50.969],[-4.552,50.997],[-4.605,50.779],[-4.815,50.604],[-5.017,50.561],[-5.238,50.346],[-5.778,50.134]]],[[[-1.915,43.305],[-1.702,43.196],[-1.491,43.21],[-1.466,43.155],[-1.558,43.045],[-1.515,42.998],[-1.448,42.984],[-1.397,43.032],[-0.907,42.881],[-0.84,42.909],[-0.612,42.731],[-0.587,42.765],[-0.469,42.751],[-0.41,42.786],[-0.373,42.84],[-0.858,42.951],[-0.871,43.147],[-1.044,43.342],[-0.655,43.538],[-0.329,43.472],[-0.281,43.994],[0.042,43.994],[0.038,44.059],[0.284,43.994],[0.431,44.024],[0.734,44.47],[-0.072,44.516],[-0.178,44.908],[0.224,44.973],[0.683,45.431],[0.85,45.622],[0.84,45.619],[0.824,45.639],[0.816,45.675],[0.791,45.698],[0.718,45.709],[0.643,45.706],[0.593,45.695],[0.552,45.673],[0.511,45.555],[0.411,45.476],[0.358,45.414],[0.379,45.386],[0.35,45.283],[0.295,45.258],[0.264,45.263],[0.168,45.221],[0.019,45.221],[0.007,45.246],[-0.043,45.284],[0.005,45.33],[0.032,45.416],[-0.003,45.437],[-0.036,45.482],[-0.104,45.518],[-0.195,45.532],[-0.272,45.565],[-0.4,45.643],[-0.445,45.755],[-0.427,45.781],[-0.39,45.768],[-0.299,45.778],[-0.303,45.804],[-0.284,45.813],[-0.257,45.778],[-0.173,45.801],[-0.19,45.846],[-0.129,45.879],[-0.119,45.955],[-0.246,46.033],[-0.292,46.033],[-0.361,45.991],[-0.394,46.033],[-0.719,46.033],[-1.174,46.265],[-1.214,46.249],[-1.166,46.184],[-1.075,46.015],[-1.237,45.8],[-1.247,45.688],[-0.855,45.321],[-0.728,45.019],[-0.814,45.122],[-0.9,45.294],[-1.123,45.432],[-1.175,45.501],[-1.276,45.129],[-1.332,44.614],[-1.23,44.73],[-1.136,44.6],[-1.314,44.559],[-1.561,43.524],[-1.746,43.36],[-1.915,43.305]]],[[[0.954,45.815],[1.569,45.7],[1.638,45.801],[1.638,45.846],[1.619,45.855],[1.638,45.877],[1.638,45.939],[1.604,45.926],[1.553,45.948],[1.494,45.921],[1.432,45.947],[1.28,45.967],[1.158,45.923],[1.132,45.863],[1.101,45.848],[1.053,45.878],[1.012,45.876],[0.986,45.835],[0.954,45.815]]]]}},{"type":"Feature","properties":{"NAME":"Holy Roman Empire","ABBREVN":"Holy Roman E","SUBJECTO":"Holy Roman Empire","BORDERPRECISION":1,"PARTOF":"Holy Roman Empire"},"geometry":{"type":"MultiPolygon","coordinates":[[[[2.794,50.046],[2.907,49.943],[3.483,49.92],[3.82,50.039],[4.255,49.887],[4.36,49.869],[4.382,49.869],[4.493,49.914],[4.577,49.914],[4.599,49.837],[4.846,49.84],[4.857,49.808],[4.843,49.786],[5.361,49.697],[5.551,49.525],[5.558,49.529],[5.594,49.521],[5.611,49.506],[5.622,49.534],[5.661,49.553],[5.704,49.539],[5.749,49.54],[5.758,49.561],[5.743,49.578],[5.754,49.593],[5.786,49.593],[5.825,49.573],[5.85,49.575],[5.872,49.549],[5.834,49.525],[5.864,49.501],[5.941,49.501],[5.974,49.489],[5.969,49.486],[5.974,49.467],[5.988,49.461],[5.982,49.451],[6.001,49.457],[6.042,49.448],[6.037,49.424],[6.013,49.418],[6.01,49.403],[6.022,49.394],[6.012,49.369],[5.983,49.377],[5.956,49.362],[5.962,49.347],[5.987,49.34],[6.032,49.345],[6.047,49.337],[6.034,49.329],[6.035,49.317],[6.047,49.316],[6.046,49.31],[6.1,49.312],[6.096,49.287],[6.108,49.258],[6.097,49.245],[6.117,49.236],[6.136,49.24],[6.139,49.222],[6.131,49.213],[6.119,49.22],[6.068,49.214],[6.07,49.199],[6.122,49.198],[6.122,49.184],[6.144,49.182],[6.144,49.165],[6.12,49.162],[6.131,49.152],[6.125,49.148],[6.086,49.148],[6.064,49.16],[6.068,49.179],[6.037,49.174],[6.012,49.155],[5.989,49.155],[5.997,49.149],[5.984,49.142],[5.991,49.136],[5.968,49.109],[6.006,49.114],[6.01,49.105],[5.99,49.092],[5.935,49.088],[5.944,49.072],[5.979,49.07],[5.981,49.078],[6.006,49.077],[6.005,49.084],[6.02,49.075],[6.03,49.053],[6.06,49.05],[6.074,49.057],[6.088,49.04],[6.087,49.027],[6.064,48.999],[6.065,48.981],[6.081,48.963],[6.081,48.945],[6.121,48.944],[6.124,48.95],[6.132,48.935],[6.161,48.929],[6.166,48.913],[6.125,48.905],[6.144,48.889],[6.122,48.881],[6.085,48.892],[6.062,48.884],[6.065,48.874],[6.082,48.875],[6.029,48.848],[6.027,48.811],[6.008,48.805],[6.017,48.799],[6.017,48.774],[5.998,48.771],[5.98,48.781],[5.951,48.753],[5.913,48.77],[5.904,48.768],[5.911,48.758],[5.88,48.752],[5.865,48.775],[5.887,48.781],[5.886,48.788],[5.865,48.801],[5.834,48.778],[5.838,48.775],[5.85,48.776],[5.849,48.768],[6.015,48.653],[5.946,48.347],[6.238,48.291],[6.252,47.957],[6.099,48.027],[6.057,47.957],[5.96,47.985],[5.96,47.909],[5.973,47.907],[5.984,47.895],[5.96,47.885],[5.96,47.804],[5.82,47.735],[5.918,47.595],[5.793,47.512],[5.779,47.359],[5.737,47.234],[5.667,47.108],[5.794,46.997],[5.757,46.887],[5.646,46.85],[5.626,46.649],[5.74,46.598],[5.725,46.48],[5.646,46.457],[5.416,46.524],[5.405,46.509],[5.423,46.501],[5.4,46.467],[5.38,46.474],[5.268,46.318],[5.533,46.097],[5.533,46.009],[5.357,46.053],[5.357,45.879],[5.371,45.874],[5.607,45.847],[5.808,45.428],[5.816,45.422],[5.897,45.4],[5.905,45.432],[5.92,45.444],[5.924,45.464],[5.915,45.477],[5.968,45.492],[6.009,45.473],[6.011,45.45],[6.049,45.438],[6.094,45.445],[6.096,45.432],[6.122,45.439],[6.176,45.395],[6.201,45.361],[6.192,45.338],[6.219,45.347],[6.268,45.322],[6.243,45.297],[6.28,45.199],[6.507,45.116],[6.517,45.106],[6.532,45.098],[6.55,45.098],[6.558,45.08],[6.592,45.072],[6.612,45.051],[6.639,45.054],[6.647,45.027],[6.671,45.02],[6.724,45.022],[6.743,45.016],[6.748,45.007],[6.795,45.014],[7.015,44.879],[7.005,44.84],[7.01,44.826],[7.024,44.822],[7.001,44.792],[7.022,44.771],[7.024,44.74],[7.04,44.72],[7.065,44.714],[7.121,44.726],[7.129,44.739],[7.149,44.743],[7.217,44.715],[7.264,44.715],[7.288,44.706],[7.311,44.684],[7.336,44.681],[7.341,44.706],[7.426,44.725],[7.451,44.739],[7.448,44.755],[7.478,44.758],[7.469,44.657],[7.508,44.65],[7.5,44.624],[7.436,44.562],[7.425,44.525],[7.381,44.529],[7.357,44.503],[7.376,44.467],[7.377,44.39],[7.43,44.399],[7.454,44.334],[7.41,44.321],[7.331,44.272],[7.28,44.287],[7.223,44.286],[7.197,44.275],[7.149,44.19],[7.126,44.175],[7.03,44.225],[6.964,44.238],[6.961,44.286],[6.919,44.339],[6.88,44.36],[6.864,44.362],[6.87,44.349],[6.787,44.297],[6.787,44.198],[6.836,44.112],[6.886,44.149],[6.935,44.136],[6.972,44.062],[6.997,44.05],[6.923,43.976],[6.96,43.914],[6.886,43.902],[6.923,43.815],[7.355,43.902],[7.397,43.764],[7.51,43.838],[7.508,43.842],[7.496,43.853],[7.498,43.872],[7.51,43.882],[7.559,43.897],[7.579,43.891],[7.585,43.873],[7.587,43.872],[7.689,43.887],[7.73,43.898],[7.728,43.904],[7.743,43.91],[7.759,43.943],[7.752,43.958],[7.67,43.998],[7.662,44.022],[7.665,44.031],[7.703,44.043],[7.712,44.061],[7.728,44.06],[7.736,44.076],[7.755,44.085],[7.733,44.084],[7.715,44.107],[7.726,44.126],[7.765,44.144],[7.815,44.124],[7.882,44.114],[7.884,44.106],[7.926,44.112],[7.943,44.101],[7.971,44.113],[8.007,44.102],[8.012,44.111],[8.003,44.117],[8.013,44.12],[7.98,44.138],[8.014,44.156],[8.043,44.143],[8.067,44.145],[8.091,44.173],[8.151,44.165],[8.188,44.184],[8.177,44.189],[8.179,44.202],[8.17,44.214],[8.148,44.206],[8.076,44.204],[8.068,44.227],[8.077,44.235],[8.063,44.253],[8.102,44.281],[8.156,44.272],[8.212,44.325],[8.223,44.323],[8.235,44.306],[8.232,44.295],[8.255,44.3],[8.267,44.352],[8.289,44.367],[8.318,44.343],[8.316,44.327],[8.272,44.318],[8.271,44.302],[8.248,44.273],[8.272,44.272],[8.305,44.257],[8.313,44.262],[8.338,44.299],[8.339,44.32],[8.355,44.332],[8.344,44.351],[8.377,44.408],[8.444,44.439],[8.464,44.469],[8.461,44.493],[8.448,44.499],[8.45,44.502],[8.447,44.499],[8.417,44.513],[8.399,44.501],[8.394,44.479],[8.358,44.465],[8.35,44.485],[8.324,44.488],[8.303,44.503],[8.272,44.506],[8.262,44.519],[8.113,44.491],[8.043,44.397],[7.969,44.423],[7.914,44.458],[7.913,44.555],[7.879,44.639],[7.918,44.706],[8.008,44.733],[8.028,44.799],[7.935,44.87],[7.932,44.923],[7.983,45.024],[8.058,45.072],[8.03,45.131],[7.951,45.196],[8.07,45.2],[8.094,45.249],[8.128,45.257],[8.527,45.244],[8.555,45.157],[8.58,45.153],[8.592,45.131],[8.614,45.127],[8.608,45.108],[8.646,45.075],[8.637,45.067],[8.647,45.055],[8.638,45.049],[8.641,45.044],[8.563,44.933],[8.562,44.846],[8.577,44.723],[8.603,44.643],[8.618,44.651],[8.663,44.656],[8.675,44.64],[8.672,44.621],[8.685,44.611],[8.673,44.597],[8.697,44.58],[8.725,44.579],[8.739,44.55],[8.749,44.55],[8.752,44.526],[8.765,44.53],[8.771,44.489],[8.786,44.488],[8.8,44.502],[8.798,44.525],[8.828,44.546],[8.822,44.548],[8.826,44.559],[8.818,44.571],[8.804,44.58],[8.807,44.597],[8.794,44.618],[8.82,44.64],[8.789,44.664],[8.781,44.683],[8.763,44.691],[8.771,44.716],[8.788,44.714],[8.793,44.723],[8.76,44.746],[8.722,44.793],[8.731,44.805],[8.744,44.807],[8.759,44.8],[8.766,44.785],[8.798,44.783],[8.83,44.804],[8.847,44.798],[8.847,44.761],[8.825,44.731],[8.827,44.716],[8.846,44.695],[8.872,44.705],[8.898,44.698],[8.944,44.708],[8.948,44.701],[8.988,44.715],[9.004,44.709],[9.019,44.716],[9.021,44.729],[9.004,44.743],[9.008,44.75],[9.029,44.75],[9.078,44.722],[9.128,44.728],[9.166,44.693],[9.2,44.686],[9.243,44.687],[9.232,44.702],[9.236,44.715],[9.26,44.68],[9.366,44.69],[9.404,44.642],[9.396,44.61],[9.417,44.596],[9.421,44.574],[9.409,44.56],[9.48,44.563],[9.505,44.529],[9.496,44.483],[9.469,44.481],[9.471,44.469],[9.458,44.442],[9.439,44.429],[9.443,44.417],[9.464,44.425],[9.479,44.409],[9.495,44.424],[9.541,44.426],[9.558,44.439],[9.585,44.429],[9.606,44.435],[9.638,44.415],[9.655,44.412],[9.675,44.364],[9.699,44.366],[9.719,44.355],[9.729,44.328],[9.756,44.321],[9.781,44.294],[9.748,44.254],[9.759,44.234],[9.754,44.22],[9.765,44.212],[9.763,44.206],[9.802,44.206],[9.821,44.225],[9.825,44.198],[9.852,44.197],[9.866,44.183],[9.891,44.208],[9.909,44.208],[9.915,44.199],[9.933,44.196],[9.892,44.167],[9.974,44.167],[9.981,44.143],[9.975,44.138],[9.995,44.119],[9.994,44.105],[9.984,44.099],[9.993,44.093],[10.005,44.111],[10.028,44.119],[10.058,44.108],[10.071,44.093],[10.032,44.064],[10.005,44.023],[10.137,43.905],[10.205,43.817],[10.184,43.871],[10.167,43.893],[10.222,43.916],[10.279,43.962],[10.276,43.957],[10.356,43.975],[10.35,43.985],[10.364,43.994],[10.391,44.001],[10.418,43.991],[10.467,44.002],[10.473,44.011],[10.461,44.022],[10.467,44.028],[10.447,44.035],[10.428,44.024],[10.409,44.052],[10.436,44.074],[10.447,44.07],[10.462,44.046],[10.483,44.037],[10.497,44.04],[10.511,44.062],[10.53,44.074],[10.545,44.107],[10.573,44.12],[10.604,44.114],[10.625,44.121],[10.646,44.106],[10.665,44.11],[10.707,44.093],[10.723,44.082],[10.721,44.042],[10.736,44.038],[10.745,44.01],[10.727,43.984],[10.707,43.984],[10.689,43.995],[10.675,43.985],[10.71,43.955],[10.705,43.943],[10.662,43.927],[10.658,43.916],[10.673,43.87],[10.648,43.862],[10.651,43.854],[10.636,43.831],[10.671,43.815],[10.645,43.795],[10.623,43.757],[10.655,43.802],[10.688,43.805],[10.728,43.763],[10.776,43.737],[10.793,43.719],[10.866,43.73],[10.907,43.68],[10.911,43.651],[10.889,43.628],[10.829,43.623],[10.82,43.613],[10.836,43.584],[10.835,43.531],[10.844,43.499],[10.86,43.472],[10.885,43.46],[10.952,43.452],[10.995,43.404],[11.007,43.369],[10.998,43.347],[10.96,43.333],[11.194,43.417],[11.056,43.578],[10.932,43.653],[10.879,43.765],[11.104,43.818],[11.16,43.905],[11.104,43.935],[11.128,44.019],[11.327,43.98],[11.412,43.991],[11.573,43.89],[11.434,43.757],[11.559,43.622],[11.615,43.527],[11.409,43.438],[11.799,43.203],[11.81,43.187],[11.803,43.168],[11.679,43.004],[11.662,42.993],[11.279,42.89],[11.163,42.909],[11.024,43.222],[10.995,43.253],[10.993,43.26],[10.989,43.24],[10.981,43.235],[10.935,43.24],[10.929,43.232],[10.934,43.203],[10.912,43.174],[10.912,43.163],[10.842,43.153],[10.801,43.16],[10.781,43.144],[10.943,43.128],[10.99,43.109],[10.993,43.091],[10.979,43.074],[10.948,43.057],[10.972,42.98],[10.965,42.96],[10.939,42.959],[10.894,42.972],[10.847,42.968],[10.871,42.968],[10.999,42.857],[10.997,42.832],[10.892,42.726],[11.105,42.549],[11.201,42.506],[11.207,42.507],[11.227,42.499],[11.235,42.492],[11.497,42.376],[11.96,42.007],[12.02,42.099],[12.003,42.248],[12.07,42.298],[12.053,42.53],[12.169,42.63],[12.153,42.696],[12.186,42.912],[12.169,42.912],[12.153,43.062],[12.219,43.228],[12.302,43.278],[12.302,43.344],[12.624,43.825],[12.622,43.825],[12.588,43.884],[12.564,43.883],[12.562,43.871],[12.541,43.865],[12.518,43.881],[12.499,43.873],[12.487,43.896],[12.494,43.92],[12.516,43.941],[12.506,43.971],[12.516,43.986],[12.508,43.991],[12.46,43.969],[12.462,43.969],[12.465,43.958],[12.458,43.945],[12.484,43.932],[12.467,43.92],[12.428,43.917],[12.413,43.934],[12.415,43.929],[12.408,43.922],[12.41,43.902],[12.44,43.906],[12.462,43.888],[12.446,43.872],[12.401,43.873],[12.394,43.861],[12.398,43.826],[12.383,43.814],[12.374,43.813],[12.353,43.801],[12.316,43.806],[12.286,43.795],[12.29,43.787],[12.283,43.765],[12.257,43.761],[12.248,43.752],[12.228,43.76],[12.209,43.757],[12.192,43.735],[12.162,43.762],[12.138,43.753],[12.108,43.754],[12.096,43.765],[12.102,43.79],[12.119,43.802],[12.131,43.827],[12.148,43.829],[12.151,43.838],[12.138,43.848],[12.153,43.868],[12.127,43.887],[12.123,43.901],[12.114,43.884],[12.122,43.876],[12.088,43.867],[12.083,43.892],[12.068,43.889],[12.071,43.905],[12.087,43.913],[12.095,43.912],[12.093,43.898],[12.119,43.903],[12.108,43.914],[12.111,43.92],[12.125,43.92],[12.148,43.937],[12.153,43.922],[12.169,43.924],[12.174,43.934],[12.156,43.943],[12.165,43.957],[12.15,43.961],[12.133,43.935],[12.093,43.956],[12.063,43.955],[12.043,43.935],[12.049,43.919],[12.03,43.925],[12.029,43.942],[12.011,43.939],[12.007,43.916],[11.984,43.907],[11.953,43.906],[11.93,43.937],[11.909,43.947],[11.916,43.952],[11.914,43.968],[11.928,43.972],[11.936,43.962],[11.956,43.963],[11.956,43.975],[11.93,43.989],[11.926,44.001],[11.923,44.017],[11.93,44.028],[11.924,44.039],[11.951,44.051],[11.927,44.056],[11.917,44.072],[11.924,44.093],[11.913,44.131],[11.932,44.135],[11.939,44.118],[11.946,44.122],[11.945,44.14],[11.933,44.144],[11.97,44.179],[11.963,44.207],[11.936,44.193],[11.935,44.203],[11.915,44.209],[11.974,44.255],[12.032,44.33],[12.043,44.328],[12.064,44.302],[12.108,44.288],[12.103,44.272],[12.174,44.243],[12.209,44.256],[12.201,44.23],[12.219,44.215],[12.263,44.232],[12.287,44.229],[12.348,44.192],[12.383,44.227],[12.409,44.235],[12.345,44.301],[12.281,44.55],[12.274,44.673],[12.476,44.787],[12.523,44.883],[12.409,44.989],[12.322,45.042],[12.313,45.178],[12.176,45.214],[11.971,45.436],[12.145,45.763],[12.645,45.915],[13.081,45.98],[13.368,45.694],[13.438,45.638],[13.565,45.727],[13.673,45.715],[13.8,45.566],[13.995,45.458],[13.952,45.393],[13.799,45.306],[13.908,44.979],[14.175,45.01],[14.239,45.062],[14.354,45.323],[14.527,45.783],[14.798,45.865],[14.88,45.484],[15.424,45.43],[15.47,45.734],[16.122,45.582],[16.209,45.734],[16.079,45.886],[16.209,46.147],[16.448,46.104],[16.535,46.365],[16.296,46.408],[16.514,46.626],[16.448,46.778],[16.448,46.93],[16.557,47.06],[16.557,47.191],[16.644,47.3],[16.557,47.495],[16.622,47.735],[16.796,47.843],[17.408,47.822],[17.462,48.066],[17.218,48.066],[17.19,48.447],[17.308,48.82],[17.03,48.747],[17.017,48.73],[16.998,48.723],[17.005,48.715],[16.995,48.704],[17.003,48.699],[16.993,48.698],[16.998,48.69],[16.983,48.69],[16.974,48.671],[16.973,48.681],[16.967,48.667],[16.972,48.646],[16.958,48.639],[16.964,48.631],[16.932,48.602],[16.945,48.588],[16.933,48.58],[16.942,48.571],[16.933,48.559],[16.945,48.56],[16.941,48.552],[16.949,48.543],[16.943,48.539],[16.95,48.536],[16.936,48.527],[16.945,48.522],[16.929,48.513],[16.907,48.515],[16.918,48.497],[16.89,48.492],[16.896,48.486],[16.889,48.476],[16.88,48.477],[16.859,48.458],[16.864,48.454],[16.85,48.449],[16.847,48.43],[16.862,48.421],[16.85,48.413],[16.853,48.402],[16.847,48.402],[16.856,48.398],[16.851,48.388],[16.856,48.384],[16.834,48.379],[16.847,48.349],[16.872,48.349],[16.869,48.34],[16.908,48.323],[16.9,48.314],[16.906,48.311],[16.889,48.307],[16.901,48.3],[16.897,48.294],[16.923,48.272],[16.949,48.275],[16.958,48.264],[16.946,48.236],[16.975,48.185],[16.975,48.172],[16.962,48.169],[17.008,48.152],[17.017,48.147],[17.018,48.133],[17.029,48.129],[17.056,48.131],[17.051,48.14],[17.057,48.142],[17.068,48.124],[17.064,48.11],[17.042,48.102],[17.036,48.084],[17.002,48.093],[17.029,48.1],[17.02,48.106],[17.005,48.099],[16.995,48.109],[16.976,48.106],[16.972,48.095],[17.016,48.075],[16.982,48.025],[16.97,48.027],[16.972,48.039],[16.92,48.051],[16.919,48.066],[16.894,48.074],[16.873,48.072],[16.847,48.054],[16.831,48.038],[16.837,48.032],[16.803,48.029],[16.754,48.012],[16.701,48.01],[16.7,47.967],[16.659,47.961],[16.652,47.949],[16.634,47.946],[16.632,47.93],[16.574,47.886],[16.514,47.943],[16.448,47.934],[16.419,47.913],[16.424,47.912],[16.42,47.895],[16.41,47.892],[16.415,47.889],[16.409,47.881],[16.4,47.876],[16.389,47.882],[16.348,47.867],[16.388,47.843],[16.377,47.827],[16.352,47.819],[16.347,47.804],[16.316,47.785],[16.308,47.793],[16.308,47.803],[16.315,47.805],[16.277,47.809],[16.269,47.791],[16.304,47.784],[16.294,47.768],[16.295,47.724],[16.313,47.689],[16.349,47.68],[16.367,47.648],[16.37,47.623],[16.35,47.617],[16.311,47.546],[16.339,47.523],[16.333,47.505],[16.311,47.489],[16.316,47.485],[16.297,47.479],[16.306,47.474],[16.302,47.467],[16.257,47.451],[16.224,47.427],[16.172,47.422],[16.143,47.439],[16.133,47.452],[16.141,47.461],[16.12,47.479],[16.115,47.498],[16.12,47.507],[16.111,47.524],[16.097,47.524],[16.092,47.507],[16.081,47.507],[16.08,47.5],[16.066,47.503],[16.057,47.486],[16.026,47.515],[15.914,47.53],[15.903,47.543],[15.905,47.562],[15.874,47.573],[15.849,47.567],[15.845,47.586],[15.862,47.613],[15.857,47.62],[15.843,47.617],[15.822,47.637],[15.78,47.642],[15.746,47.632],[15.742,47.642],[15.725,47.646],[15.729,47.666],[15.714,47.697],[15.717,47.713],[15.697,47.713],[15.68,47.699],[15.671,47.71],[15.636,47.715],[15.607,47.752],[15.514,47.747],[15.51,47.753],[15.517,47.761],[15.507,47.768],[15.45,47.773],[15.44,47.791],[15.41,47.785],[15.402,47.814],[15.341,47.828],[15.299,47.821],[15.287,47.789],[15.217,47.796],[15.2,47.754],[15.139,47.762],[15.133,47.748],[15.089,47.741],[15.071,47.746],[15.086,47.761],[15.066,47.782],[15.034,47.753],[14.997,47.741],[14.973,47.744],[14.927,47.71],[14.877,47.716],[14.86,47.742],[14.84,47.734],[14.833,47.744],[14.82,47.745],[14.766,47.726],[14.734,47.752],[14.696,47.765],[14.644,47.727],[14.603,47.73],[14.583,47.719],[14.532,47.714],[14.517,47.682],[14.486,47.681],[14.437,47.653],[14.398,47.653],[14.395,47.638],[14.339,47.62],[14.325,47.607],[14.255,47.613],[14.224,47.641],[14.232,47.65],[14.205,47.653],[14.182,47.639],[14.066,47.616],[14.046,47.627],[14.056,47.668],[14.01,47.701],[13.983,47.698],[13.952,47.71],[13.92,47.705],[13.904,47.717],[13.861,47.727],[13.85,47.715],[13.777,47.715],[13.755,47.701],[13.749,47.688],[13.733,47.685],[13.737,47.674],[13.706,47.665],[13.692,47.621],[13.7,47.6],[13.695,47.579],[13.736,47.577],[13.755,47.553],[13.757,47.545],[13.747,47.544],[13.761,47.52],[13.721,47.51],[13.683,47.517],[13.646,47.511],[13.609,47.475],[13.586,47.475],[13.516,47.496],[13.478,47.526],[13.48,47.569],[13.506,47.583],[13.506,47.603],[13.522,47.62],[13.514,47.631],[13.49,47.63],[13.485,47.641],[13.51,47.675],[13.531,47.682],[13.55,47.714],[13.486,47.722],[13.436,47.739],[13.446,47.772],[13.465,47.786],[13.514,47.772],[13.536,47.776],[13.539,47.783],[13.529,47.798],[13.603,47.732],[13.624,47.734],[13.64,47.72],[13.66,47.73],[13.66,47.738],[13.734,47.776],[13.729,47.783],[13.792,47.822],[13.799,47.851],[13.786,47.896],[13.803,47.919],[13.796,47.933],[13.815,47.954],[13.806,47.961],[13.809,47.991],[13.792,48.003],[13.821,48.03],[13.822,48.04],[13.844,48.052],[13.836,48.07],[13.859,48.087],[13.879,48.089],[13.871,48.101],[13.881,48.131],[14.011,48.192],[14.081,48.207],[14.201,48.256],[14.254,48.26],[14.336,48.298],[14.32,48.322],[14.272,48.305],[14.224,48.309],[14.188,48.331],[14.12,48.309],[14.065,48.32],[14.024,48.34],[14.03,48.376],[13.999,48.415],[13.985,48.422],[13.956,48.417],[13.942,48.403],[13.925,48.421],[13.919,48.449],[13.909,48.455],[13.887,48.445],[13.858,48.45],[13.854,48.442],[13.873,48.432],[13.861,48.427],[13.744,48.493],[13.727,48.513],[13.715,48.512],[13.72,48.506],[13.7,48.479],[13.704,48.476],[13.696,48.472],[13.677,48.484],[13.68,48.491],[13.654,48.504],[13.637,48.528],[13.643,48.539],[13.639,48.544],[13.657,48.544],[13.654,48.549],[13.597,48.57],[13.573,48.561],[13.516,48.591],[13.505,48.587],[13.504,48.572],[13.475,48.562],[13.475,48.556],[13.45,48.564],[13.436,48.553],[13.457,48.511],[13.447,48.494],[13.435,48.497],[13.41,48.476],[13.387,48.473],[13.383,48.487],[13.362,48.488],[13.362,48.531],[13.39,48.542],[13.401,48.567],[13.438,48.566],[13.45,48.576],[13.408,48.578],[13.385,48.595],[13.267,48.608],[13.266,48.644],[13.242,48.655],[13.234,48.671],[13.238,48.686],[13.271,48.694],[13.308,48.68],[13.342,48.676],[13.348,48.689],[13.367,48.688],[13.372,48.67],[13.381,48.67],[13.39,48.682],[13.437,48.677],[13.451,48.688],[13.455,48.718],[13.425,48.756],[13.449,48.79],[13.44,48.81],[13.449,48.818],[13.447,48.831],[13.461,48.832],[13.47,48.843],[13.449,48.848],[13.453,48.856],[13.507,48.863],[13.522,48.879],[13.523,48.898],[13.507,48.923],[13.515,48.937],[13.506,48.96],[13.512,48.969],[13.525,48.969],[13.525,48.985],[13.358,48.985],[13.113,49.25],[12.78,49.316],[12.457,49.062],[12.455,49.049],[12.434,49.046],[12.423,49.032],[12.44,49.008],[12.427,48.981],[12.406,48.982],[12.393,48.973],[12.391,48.98],[12.382,48.98],[12.369,48.971],[12.335,48.976],[12.328,48.985],[12.345,48.997],[12.32,49.014],[12.267,49.011],[11.924,48.934],[11.937,48.922],[11.94,48.908],[11.952,48.904],[11.971,48.908],[11.971,48.918],[11.994,48.93],[12.001,48.91],[12.01,48.906],[12.081,48.9],[12.111,48.906],[12.145,48.889],[12.138,48.876],[12.03,48.885],[12.006,48.875],[11.969,48.886],[11.941,48.882],[11.925,48.889],[11.926,48.911],[11.896,48.907],[11.855,48.915],[11.833,48.899],[11.841,48.878],[11.868,48.877],[11.926,48.825],[11.965,48.829],[11.992,48.814],[12.018,48.81],[12.019,48.79],[12.031,48.787],[12.036,48.797],[12.055,48.781],[12.053,48.774],[12.065,48.772],[12.065,48.764],[12.008,48.758],[11.987,48.733],[11.952,48.747],[11.938,48.734],[11.959,48.724],[11.948,48.709],[11.925,48.71],[11.914,48.717],[11.915,48.725],[11.897,48.722],[11.874,48.748],[11.849,48.738],[11.848,48.724],[11.816,48.674],[11.798,48.679],[11.805,48.687],[11.795,48.693],[11.765,48.681],[11.767,48.711],[11.792,48.716],[11.819,48.736],[11.808,48.769],[11.782,48.767],[11.771,48.775],[11.779,48.785],[11.754,48.786],[11.744,48.778],[11.674,48.803],[11.652,48.804],[11.647,48.815],[11.632,48.811],[11.586,48.825],[11.571,48.848],[11.575,48.857],[11.568,48.878],[11.443,48.853],[11.275,48.522],[10.943,48.456],[10.86,48.324],[11.703,48.324],[11.736,48.37],[11.74,48.381],[11.729,48.388],[11.735,48.399],[11.711,48.423],[11.743,48.433],[11.786,48.413],[11.753,48.404],[11.821,48.406],[11.788,48.324],[11.855,48.324],[11.937,48.192],[12.432,48.06],[12.43,47.862],[12.595,47.796],[12.593,47.664],[12.508,47.401],[12.343,47.335],[12.262,47.532],[12.015,47.532],[11.848,47.269],[11.601,47.269],[11.437,47.335],[11.437,47.466],[11.409,47.466],[11.421,47.445],[11.338,47.451],[11.333,47.438],[11.292,47.427],[11.289,47.41],[11.273,47.398],[11.223,47.399],[11.253,47.428],[11.207,47.434],[11.128,47.412],[11.119,47.397],[10.983,47.396],[10.969,47.4],[10.972,47.418],[10.985,47.421],[10.983,47.431],[10.928,47.472],[10.935,47.482],[10.87,47.484],[10.871,47.499],[10.918,47.518],[10.961,47.516],[10.98,47.508],[11.068,47.545],[11.116,47.55],[10.695,47.598],[10.612,47.598],[10.695,47.73],[10.583,47.76],[10.576,47.756],[10.526,47.755],[10.541,47.726],[10.536,47.718],[10.518,47.719],[10.524,47.704],[10.516,47.671],[10.506,47.664],[10.487,47.671],[10.499,47.688],[10.457,47.691],[10.393,47.673],[10.272,47.606],[10.242,47.616],[10.234,47.639],[10.193,47.66],[10.197,47.671],[10.174,47.692],[10.16,47.692],[10.119,47.716],[10.117,47.753],[10.119,47.759],[10.083,47.772],[10.068,47.787],[10.092,47.804],[10.111,47.802],[10.119,47.812],[10.135,47.812],[10.107,47.84],[10.106,47.853],[10.093,47.846],[10.105,47.856],[10.104,47.872],[10.116,47.875],[10.14,47.858],[10.149,47.866],[10.19,47.871],[10.237,47.909],[10.227,47.912],[10.227,47.932],[10.218,47.941],[10.201,47.953],[10.221,47.981],[10.242,47.98],[10.241,48.008],[10.267,48.02],[10.254,48.037],[10.291,48.037],[10.336,48.059],[10.342,48.068],[10.377,48.068],[10.387,48.045],[10.346,48.033],[10.331,48.019],[10.358,47.981],[10.384,47.99],[10.402,47.98],[10.37,47.962],[10.363,47.921],[10.385,47.9],[10.413,47.901],[10.426,47.938],[10.435,47.94],[10.432,47.952],[10.461,47.966],[10.473,47.967],[10.528,48.324],[10.446,48.324],[10.445,48.588],[10.278,48.72],[10.278,48.853],[10.028,48.985],[10.027,49.078],[10.014,49.078],[10.019,49.096],[10,49.095],[9.946,49.123],[9.946,49.139],[9.973,49.158],[9.96,49.158],[9.957,49.169],[9.984,49.174],[9.989,49.188],[10.01,49.178],[10.021,49.183],[10.011,49.193],[10.031,49.206],[10.02,49.212],[10.019,49.229],[9.996,49.245],[9.975,49.233],[9.957,49.24],[9.904,49.234],[9.876,49.24],[9.875,49.256],[9.99,49.261],[9.975,49.272],[9.955,49.273],[9.953,49.284],[9.938,49.287],[9.922,49.325],[9.948,49.325],[9.978,49.31],[10.036,49.32],[10.06,49.311],[10.06,49.294],[10.04,49.296],[10.046,49.271],[10.037,49.259],[10.059,49.247],[10.085,49.257],[10.114,49.241],[10.182,49.226],[10.198,49.236],[10.204,49.227],[10.221,49.226],[10.253,49.232],[10.302,49.256],[10.295,49.264],[10.319,49.279],[10.318,49.292],[10.338,49.299],[10.317,49.311],[10.305,49.304],[10.298,49.311],[10.307,49.324],[10.271,49.338],[10.279,49.346],[10.266,49.352],[10.253,49.384],[10.265,49.389],[10.257,49.403],[10.269,49.404],[10.276,49.419],[10.289,49.419],[10.307,49.433],[10.288,49.451],[10.245,49.461],[10.221,49.476],[10.171,49.484],[10.173,49.468],[10.095,49.462],[10.089,49.449],[10.122,49.446],[10.143,49.429],[10.116,49.422],[10.098,49.438],[10.084,49.434],[10.064,49.447],[10.055,49.434],[10.021,49.443],[10.009,49.425],[9.986,49.431],[10.04,49.411],[10.038,49.402],[10.014,49.403],[9.998,49.392],[9.969,49.397],[9.924,49.373],[9.888,49.387],[9.882,49.375],[9.871,49.373],[9.859,49.377],[9.864,49.393],[9.891,49.405],[9.895,49.416],[9.96,49.428],[9.962,49.436],[9.941,49.444],[9.934,49.437],[9.901,49.438],[9.911,49.467],[9.931,49.471],[9.949,49.465],[9.96,49.472],[9.954,49.481],[9.917,49.491],[9.924,49.509],[9.917,49.518],[9.924,49.525],[9.922,49.551],[9.927,49.551],[9.925,49.561],[9.898,49.564],[9.914,49.583],[9.875,49.578],[9.858,49.546],[9.812,49.556],[9.802,49.564],[9.818,49.578],[9.774,49.589],[9.731,49.564],[9.752,49.547],[9.726,49.537],[9.638,49.549],[9.57,49.545],[9.558,49.565],[9.565,49.576],[9.592,49.575],[9.604,49.596],[9.658,49.621],[9.617,49.69],[9.641,49.699],[9.643,49.726],[9.661,49.752],[9.671,49.744],[9.71,49.746],[9.725,49.762],[9.697,49.775],[9.661,49.76],[9.626,49.789],[9.614,49.79],[9.623,49.797],[9.618,49.805],[9.582,49.811],[9.577,49.821],[9.644,49.823],[9.653,49.83],[9.63,49.85],[9.578,49.869],[9.535,49.862],[9.508,49.884],[9.496,49.88],[9.509,49.864],[9.497,49.861],[9.447,49.903],[9.502,49.953],[9.599,49.951],[9.581,49.996],[9.622,50.022],[9.651,50.029],[9.643,50.056],[9.683,50.055],[9.689,50.061],[9.686,50.077],[9.679,50.078],[9.658,50.066],[9.603,50.069],[9.594,50.079],[9.595,50.119],[9.641,50.124],[9.688,50.114],[9.695,50.127],[9.729,50.105],[9.717,50.099],[9.731,50.093],[9.752,50.103],[9.756,50.092],[9.835,50.093],[9.856,50.086],[9.852,50.076],[9.862,50.092],[9.855,50.102],[9.879,50.11],[9.91,50.138],[9.903,50.145],[9.911,50.152],[9.898,50.159],[9.898,50.179],[9.888,50.187],[9.826,50.157],[9.795,50.167],[9.795,50.182],[9.81,50.189],[9.805,50.223],[9.772,50.237],[9.769,50.262],[9.735,50.273],[9.728,50.295],[9.749,50.325],[9.747,50.342],[9.733,50.356],[9.746,50.366],[9.76,50.402],[9.748,50.42],[9.738,50.426],[9.714,50.415],[9.705,50.423],[9.692,50.415],[9.667,50.421],[9.655,50.41],[9.656,50.399],[9.677,50.383],[9.68,50.373],[9.675,50.373],[9.632,50.382],[9.614,50.394],[9.555,50.382],[9.488,50.415],[9.482,50.44],[9.432,50.443],[9.423,50.453],[9.455,50.464],[9.46,50.472],[9.429,50.476],[9.432,50.491],[9.449,50.505],[9.448,50.519],[9.466,50.55],[9.495,50.564],[9.478,50.575],[9.482,50.591],[9.5,50.611],[9.474,50.627],[9.481,50.654],[9.468,50.662],[9.478,50.663],[9.503,50.638],[9.54,50.641],[9.556,50.622],[9.607,50.605],[9.642,50.628],[9.62,50.651],[9.648,50.676],[9.625,50.686],[9.614,50.706],[9.605,50.759],[9.62,50.766],[9.628,50.76],[9.67,50.765],[9.679,50.794],[9.696,50.8],[9.7,50.813],[9.695,50.8],[9.629,50.78],[9.602,50.759],[9.56,50.763],[9.553,50.784],[9.501,50.81],[9.511,50.828],[9.507,50.834],[9.518,50.839],[9.495,50.875],[9.547,50.895],[9.561,50.913],[9.597,50.93],[9.616,50.922],[9.692,50.926],[9.712,50.91],[9.753,50.909],[9.755,50.896],[9.748,50.899],[9.73,50.886],[9.813,50.857],[9.934,50.864],[9.982,50.85],[10.044,50.876],[10.061,50.876],[10.05,50.857],[10.054,50.851],[10.041,50.841],[10.057,50.821],[10.079,50.81],[10.078,50.79],[10.086,50.784],[10.075,50.783],[10.069,50.761],[10.06,50.76],[10.097,50.74],[10.11,50.74],[10.115,50.747],[10.145,50.736],[10.176,50.757],[10.227,50.737],[10.284,50.744],[10.308,50.736],[10.325,50.742],[10.341,50.734],[10.344,50.74],[10.334,50.759],[10.381,50.774],[10.362,50.794],[10.405,50.817],[10.412,50.846],[10.468,50.851],[10.518,50.824],[10.513,50.811],[10.477,50.797],[10.475,50.79],[10.508,50.788],[10.533,50.796],[10.538,50.782],[10.563,50.781],[10.575,50.741],[10.616,50.737],[10.661,50.711],[10.711,50.699],[10.638,50.681],[10.635,50.675],[10.67,50.635],[10.687,50.639],[10.707,50.667],[10.847,50.652],[10.867,50.683],[10.865,50.706],[10.872,50.712],[10.865,50.717],[10.882,50.739],[10.88,50.749],[10.9,50.757],[10.925,50.745],[10.933,50.763],[10.963,50.763],[10.969,50.772],[10.98,50.762],[10.97,50.75],[10.962,50.681],[10.952,50.686],[10.895,50.651],[10.897,50.612],[10.878,50.597],[10.873,50.576],[10.883,50.567],[10.877,50.522],[10.822,50.498],[10.814,50.487],[10.821,50.464],[10.815,50.46],[10.774,50.452],[10.711,50.472],[10.677,50.46],[10.646,50.43],[10.598,50.402],[10.673,50.375],[10.646,50.35],[10.591,50.335],[10.601,50.334],[10.593,50.317],[10.605,50.294],[10.592,50.27],[10.604,50.272],[10.599,50.263],[10.611,50.25],[10.599,50.246],[10.612,50.224],[10.663,50.228],[10.658,50.224],[10.687,50.222],[10.724,50.205],[10.732,50.213],[10.727,50.232],[10.733,50.251],[10.769,50.241],[10.782,50.252],[10.801,50.252],[10.827,50.238],[10.852,50.251],[10.864,50.245],[10.928,50.243],[10.931,50.233],[10.921,50.211],[10.899,50.21],[10.876,50.195],[10.873,50.197],[10.877,50.176],[10.914,50.168],[10.922,50.154],[10.903,50.15],[10.951,50.157],[10.961,50.174],[11.009,50.18],[11.002,50.186],[11.007,50.2],[10.984,50.208],[10.988,50.213],[11.033,50.219],[11.064,50.206],[11.103,50.211],[11.118,50.2],[11.109,50.2],[11.111,50.194],[11.152,50.199],[11.159,50.189],[11.18,50.185],[11.198,50.202],[11.178,50.2],[11.171,50.209],[11.212,50.211],[11.247,50.224],[11.247,50.238],[11.225,50.232],[11.203,50.242],[11.203,50.256],[11.189,50.271],[11.198,50.292],[11.253,50.268],[11.262,50.275],[11.251,50.299],[11.27,50.307],[11.256,50.322],[11.265,50.338],[11.277,50.336],[11.263,50.352],[11.285,50.36],[11.264,50.39],[11.29,50.432],[11.299,50.433],[11.302,50.462],[11.317,50.468],[11.342,50.46],[11.344,50.445],[11.371,50.441],[11.383,50.45],[11.386,50.437],[11.44,50.438],[11.452,50.43],[11.444,50.421],[11.478,50.433],[11.488,50.418],[11.479,50.401],[11.519,50.396],[11.521,50.355],[11.521,50.374],[11.562,50.384],[11.573,50.4],[11.593,50.403],[11.625,50.387],[11.683,50.393],[11.702,50.402],[11.715,50.397],[11.739,50.409],[11.763,50.406],[11.754,50.416],[11.771,50.411],[11.78,50.419],[11.798,50.417],[11.818,50.401],[11.825,50.404],[11.819,50.392],[11.827,50.392],[11.92,50.424],[11.945,50.416],[11.951,50.396],[11.965,50.4],[11.982,50.388],[11.984,50.365],[11.976,50.351],[11.998,50.351],[12.048,50.326],[12.064,50.333],[12.099,50.33],[12.09,50.324],[12.126,50.306],[12.122,50.293],[12.138,50.275],[12.098,50.262],[12.102,50.255],[12.091,50.252],[12.122,50.235],[12.122,50.246],[12.29,50.246],[12.376,50.379],[12.796,50.379],[13.222,50.645],[13.985,50.845],[14.154,50.845],[14.156,50.912],[14.24,50.912],[14.242,50.979],[14.327,50.979],[14.328,51.046],[14.497,51.046],[14.578,50.912],[15.255,50.979],[15.417,50.779],[15.923,50.779],[17.246,50.246],[17.425,50.21],[17.422,50.213],[17.425,50.241],[17.434,50.253],[17.453,50.256],[17.459,50.269],[17.491,50.274],[17.562,50.27],[17.587,50.278],[17.61,50.266],[17.627,50.27],[17.695,50.304],[17.687,50.309],[17.691,50.327],[17.719,50.32],[17.731,50.303],[17.751,50.298],[17.726,50.273],[17.726,50.262],[17.745,50.243],[17.762,50.241],[17.759,50.208],[17.738,50.202],[17.72,50.208],[17.703,50.185],[17.62,50.171],[17.606,50.189],[17.542,50.189],[17.517,50.212],[17.485,50.207],[17.463,50.215],[17.437,50.207],[17.579,50.179],[17.656,50.046],[17.908,50.046],[17.904,49.98],[17.988,49.98],[17.992,50.046],[18.075,50.046],[18.651,49.847],[18.763,49.597],[18.927,49.622],[18.896,49.713],[18.796,49.713],[18.769,50.177],[18.646,50.645],[18.14,50.988],[17.64,51.437],[17.553,51.655],[17.291,51.786],[17.204,51.611],[16.855,51.655],[16.855,51.917],[16.506,52.178],[16.506,52.004],[16.095,52.124],[15.765,52.265],[15.76,52.571],[15.816,52.571],[15.844,52.71],[16.053,52.716],[16.11,52.954],[16.011,52.855],[16.008,52.788],[15.233,52.654],[15.313,52.519],[15.054,52.452],[14.713,52.452],[14.708,52.318],[14.623,52.318],[13.688,52.452],[13.684,52.318],[13.425,52.183],[13.212,52.239],[13.218,52.235],[13.206,52.225],[13.192,52.191],[13.194,52.155],[13.222,52.12],[13.251,52.112],[13.268,52.087],[13.327,52.077],[13.272,52.088],[13.375,52.089],[13.426,52.111],[13.484,52.11],[13.519,52.125],[13.532,52.143],[13.549,52.137],[13.541,52.097],[13.63,52.071],[13.651,52.053],[13.654,52.029],[13.675,52.019],[13.592,52.001],[13.581,51.989],[13.548,51.985],[13.524,51.967],[13.503,51.962],[13.45,51.972],[13.454,51.927],[13.482,51.933],[13.492,51.928],[13.495,51.914],[13.521,51.906],[13.516,51.879],[13.542,51.879],[13.539,51.866],[13.505,51.866],[13.513,51.831],[13.474,51.843],[13.497,51.831],[13.536,51.826],[13.551,51.836],[13.64,51.851],[13.674,51.847],[13.678,51.843],[13.62,51.822],[13.62,51.813],[13.59,51.806],[13.588,51.798],[13.599,51.793],[13.571,51.769],[13.576,51.755],[13.539,51.739],[13.547,51.729],[13.529,51.724],[13.523,51.705],[13.502,51.701],[13.479,51.681],[13.45,51.679],[13.447,51.665],[13.457,51.649],[13.442,51.639],[13.413,51.632],[13.404,51.669],[13.338,51.659],[13.357,51.626],[13.389,51.616],[13.358,51.592],[13.408,51.597],[13.413,51.588],[13.434,51.589],[13.448,51.576],[13.439,51.57],[13.443,51.555],[13.435,51.552],[13.463,51.56],[13.493,51.545],[13.52,51.555],[13.533,51.549],[13.573,51.552],[13.597,51.541],[13.65,51.56],[13.693,51.548],[13.653,51.543],[13.658,51.506],[13.634,51.505],[13.643,51.498],[13.623,51.497],[13.596,51.476],[13.536,51.491],[13.526,51.484],[13.494,51.482],[13.46,51.508],[13.437,51.485],[13.412,51.493],[13.365,51.458],[13.405,51.464],[13.407,51.451],[13.374,51.438],[13.383,51.427],[13.338,51.429],[13.333,51.437],[13.305,51.437],[13.31,51.467],[13.301,51.48],[13.277,51.483],[13.311,51.501],[13.274,51.525],[13.206,51.523],[13.192,51.539],[13.186,51.567],[13.195,51.571],[13.189,51.577],[13.123,51.574],[13.081,51.597],[13.072,51.59],[13.073,51.585],[13.082,51.585],[13.072,51.584],[13.076,51.583],[13.077,51.583],[13.081,51.582],[13.066,51.577],[13.064,51.576],[13.063,51.575],[13.063,51.576],[13.05,51.571],[13.06,51.561],[13.016,51.552],[13.008,51.574],[13.028,51.592],[13.006,51.599],[13.002,51.613],[12.971,51.629],[12.966,51.629],[12.974,51.621],[12.969,51.611],[12.958,51.609],[12.95,51.623],[12.937,51.624],[12.938,51.645],[12.899,51.647],[12.889,51.668],[12.843,51.648],[12.816,51.66],[12.803,51.652],[12.812,51.631],[12.785,51.624],[12.57,51.685],[12.549,51.665],[12.513,51.663],[12.531,51.612],[12.527,51.598],[12.542,51.582],[12.524,51.576],[12.477,51.59],[12.472,51.598],[12.404,51.61],[12.353,51.599],[12.339,51.585],[12.346,51.581],[12.343,51.576],[12.293,51.562],[12.242,51.56],[12.232,51.548],[12.219,51.546],[12.225,51.541],[12.223,51.53],[12.198,51.531],[12.169,51.55],[12.169,51.577],[12.177,51.587],[12.163,51.587],[12.162,51.593],[12.131,51.591],[12.133,51.584],[12.102,51.587],[12.204,51.604],[12.22,51.62],[12.207,51.658],[12.198,51.665],[12.211,51.672],[12.166,51.662],[12.171,51.671],[12.195,51.673],[12.153,51.709],[12.198,51.716],[12.225,51.703],[12.219,51.701],[12.224,51.686],[12.312,51.657],[12.334,51.666],[12.337,51.671],[12.327,51.673],[12.351,51.674],[12.354,51.682],[12.39,51.682],[12.381,51.696],[12.349,51.684],[12.308,51.686],[12.304,51.69],[12.311,51.695],[12.294,51.696],[12.311,51.705],[12.361,51.71],[12.343,51.749],[12.349,51.752],[12.343,51.752],[12.347,51.772],[12.339,51.78],[12.341,51.791],[12.382,51.8],[12.401,51.779],[12.418,51.802],[12.435,51.798],[12.44,51.791],[12.431,51.784],[12.439,51.784],[12.449,51.799],[12.475,51.797],[12.478,51.809],[12.516,51.81],[12.515,51.819],[12.533,51.822],[12.514,51.837],[12.519,51.84],[12.499,51.844],[12.499,51.856],[12.532,51.872],[12.532,51.882],[12.581,51.927],[12.587,51.955],[12.603,51.971],[12.603,51.981],[12.54,51.985],[12.536,52.003],[12.494,52.012],[12.481,52.033],[12.462,52.035],[12.448,52.016],[12.435,52.017],[12.385,52.044],[12.358,52.047],[12.331,52.067],[12.316,52.092],[12.277,52.104],[12.27,52.114],[12.273,52.102],[12.212,52.103],[12.205,52.089],[12.178,52.077],[12.134,52.069],[12.081,52.076],[12.061,52.059],[12.039,52.063],[12.031,52.048],[12.052,52.045],[12.017,52.039],[12.004,52.027],[12.028,52.025],[12.027,52.017],[12.054,52.018],[12.059,51.997],[12.02,51.97],[11.961,51.98],[11.968,51.986],[11.964,51.999],[11.951,52.005],[11.911,52.002],[11.901,51.982],[11.93,51.97],[11.929,51.965],[11.899,51.97],[11.909,51.962],[11.929,51.949],[11.967,51.922],[11.974,51.909],[12.016,51.887],[12.026,51.863],[12.056,51.859],[12.114,51.872],[12.144,51.866],[12.135,51.84],[12.137,51.815],[12.105,51.809],[12.107,51.826],[12.052,51.832],[12.027,51.818],[12.004,51.823],[11.982,51.807],[11.977,51.8],[11.987,51.795],[11.983,51.791],[11.953,51.792],[11.959,51.8],[11.944,51.791],[11.928,51.792],[11.927,51.81],[11.951,51.807],[11.964,51.845],[11.955,51.857],[11.959,51.87],[11.933,51.881],[11.91,51.872],[11.907,51.864],[11.923,51.858],[11.882,51.838],[11.866,51.811],[11.849,51.819],[11.862,51.835],[11.829,51.859],[11.828,51.872],[11.783,51.881],[11.773,51.879],[11.765,51.863],[11.695,51.871],[11.674,51.868],[11.693,51.859],[11.687,51.855],[11.67,51.855],[11.633,51.862],[11.605,51.851],[11.565,51.853],[11.531,51.874],[11.541,51.882],[11.511,51.927],[11.465,51.939],[11.423,51.929],[11.365,51.882],[11.34,51.9],[11.373,51.935],[11.352,51.961],[11.3,51.972],[11.292,51.958],[11.294,51.989],[11.285,51.998],[11.264,51.998],[11.27,52.014],[11.317,52.006],[11.321,52.026],[11.273,52.066],[11.24,52.062],[11.188,52.105],[11.13,52.061],[10.987,52.052],[10.965,52.056],[10.97,52.087],[10.941,52.096],[11.034,52.13],[11.043,52.139],[11.06,52.172],[11.039,52.166],[11.012,52.188],[11.026,52.21],[11.077,52.224],[11.085,52.237],[11.066,52.275],[11.094,52.289],[11.132,52.287],[11.167,52.257],[11.177,52.238],[11.207,52.23],[11.234,52.204],[11.219,52.185],[11.236,52.183],[11.303,52.201],[11.284,52.229],[11.261,52.229],[11.258,52.245],[11.186,52.273],[11.171,52.294],[11.193,52.296],[11.194,52.311],[11.215,52.309],[11.309,52.329],[11.304,52.339],[11.313,52.353],[11.334,52.352],[11.352,52.338],[11.403,52.36],[11.397,52.372],[11.404,52.375],[11.44,52.372],[11.442,52.357],[11.466,52.374],[11.619,52.379],[11.622,52.397],[11.637,52.404],[11.67,52.396],[11.674,52.387],[11.646,52.369],[11.626,52.375],[11.623,52.361],[11.67,52.351],[11.698,52.371],[11.696,52.401],[11.722,52.409],[11.772,52.4],[11.766,52.379],[11.835,52.389],[11.841,52.402],[11.864,52.412],[11.935,52.395],[11.96,52.399],[11.991,52.429],[12.002,52.461],[11.987,52.473],[11.983,52.491],[11.147,52.397],[11.148,52.385],[11.065,52.377],[11.043,52.385],[11.041,52.385],[11.041,52.386],[11.022,52.393],[10.961,52.436],[10.935,52.465],[10.943,52.492],[10.975,52.501],[11.035,52.498],[11.051,52.508],[11.087,52.457],[11.214,52.654],[11.042,52.654],[11.044,52.855],[11.217,53.057],[11.388,53.057],[11.39,53.192],[11.218,53.192],[11.133,53.327],[11.306,53.462],[11.564,53.395],[11.738,53.597],[11.91,53.597],[12.166,53.395],[13.196,53.327],[13.549,53.665],[13.711,53.696],[13.642,53.704],[13.547,53.696],[13.528,53.711],[13.528,53.725],[13.502,53.744],[13.433,53.752],[13.413,53.708],[13.344,53.68],[13.268,53.663],[13.271,53.654],[13.259,53.644],[13.249,53.617],[13.226,53.616],[13.21,53.629],[13.189,53.631],[13.174,53.645],[13.14,53.642],[13.138,53.635],[13.121,53.63],[13.091,53.641],[13.091,53.659],[13.069,53.669],[13.083,53.675],[13.074,53.692],[13.111,53.694],[13.122,53.712],[13.113,53.738],[13.094,53.743],[13.1,53.752],[13.085,53.76],[13.066,53.761],[13.046,53.749],[13.013,53.749],[12.977,53.733],[12.931,53.744],[12.89,53.732],[12.878,53.717],[12.853,53.729],[12.818,53.724],[12.79,53.755],[12.792,53.766],[12.779,53.767],[12.801,53.774],[12.893,53.841],[12.883,53.864],[12.891,53.871],[12.943,53.873],[13.032,53.896],[13.122,53.894],[13.197,53.929],[13.199,53.963],[13.213,53.959],[13.274,53.975],[13.296,53.97],[13.348,53.926],[13.384,53.911],[13.445,53.918],[13.482,53.89],[13.633,53.864],[13.666,53.822],[13.765,53.821],[13.772,53.824],[13.738,54.03],[13.668,54.084],[13.431,54.03],[13.064,54.194],[13.026,54.265],[12.943,54.347],[12.765,54.27],[12.653,54.321],[12.312,54.202],[12.041,54.097],[11.565,54.035],[11.408,53.859],[11.202,53.857],[11.151,53.938],[10.859,53.877],[10.779,53.926],[10.751,53.92],[10.734,53.909],[10.704,53.911],[10.663,53.898],[10.632,53.917],[10.571,53.906],[10.573,53.922],[10.543,53.926],[10.551,53.938],[10.535,53.955],[10.556,53.965],[10.576,53.945],[10.58,53.927],[10.601,53.924],[10.639,53.936],[10.641,53.944],[10.629,53.944],[10.629,53.969],[10.641,53.971],[10.636,53.966],[10.647,53.96],[10.667,53.964],[10.67,53.971],[10.65,53.982],[10.644,54.002],[10.623,54.009],[10.634,54.027],[10.666,54.008],[10.702,54.006],[10.704,54.013],[10.69,54.019],[10.694,54.026],[10.758,54.04],[10.755,54.054],[10.84,54.038],[10.841,54.019],[11.016,54.097],[11.073,54.22],[11.039,54.313],[10.649,54.259],[10.446,54.292],[10.34,54.362],[10.213,54.372],[10.142,54.337],[9.885,54.254],[9.827,54.276],[9.739,54.276],[9.674,54.189],[9.449,54.189],[9.442,54.238],[9.433,54.237],[9.442,54.222],[9.43,54.207],[9.439,54.199],[9.431,54.186],[9.443,54.173],[9.305,54.126],[9.313,54.119],[9.316,54.092],[9.309,54.088],[9.315,54.073],[9.304,54.043],[9.285,54.038],[9.305,54.019],[9.293,53.996],[9.299,53.994],[9.209,53.931],[9.201,53.898],[9.214,53.898],[9.199,53.89],[9.2,53.88],[9.023,53.88],[9.017,53.905],[8.973,53.897],[8.927,53.923],[8.902,53.954],[8.901,53.983],[8.887,53.994],[8.819,53.969],[8.857,53.867],[8.959,53.838],[8.959,53.849],[9.107,53.879],[9.249,53.875],[9.322,53.85],[9.367,53.809],[9.378,53.795],[9.35,53.759],[9.385,53.727],[9.469,53.694],[9.52,53.654],[9.551,53.616],[9.65,53.568],[9.667,53.55],[9.724,53.539],[9.75,53.526],[9.792,53.489],[9.734,53.484],[9.693,53.462],[9.669,53.427],[9.682,53.411],[9.649,53.406],[9.642,53.393],[9.622,53.389],[9.617,53.367],[9.56,53.356],[9.584,53.358],[9.562,53.337],[9.588,53.309],[9.609,53.242],[9.624,53.227],[9.729,53.214],[9.751,53.199],[9.831,53.175],[9.842,53.16],[9.891,53.141],[9.926,53.099],[9.901,53.057],[9.869,53.023],[9.786,53.022],[9.75,53.004],[9.692,52.992],[9.683,52.981],[9.621,52.953],[9.561,52.959],[9.478,52.933],[9.416,52.899],[9.413,52.879],[9.376,52.853],[9.391,52.843],[9.373,52.825],[9.366,52.821],[9.335,52.834],[9.325,52.822],[9.293,52.818],[9.193,52.816],[9.206,52.844],[9.219,52.844],[9.221,52.851],[9.182,52.856],[9.181,52.864],[9.203,52.863],[9.212,52.875],[9.175,52.887],[9.166,52.913],[9.181,52.918],[9.162,52.92],[9.117,52.899],[9.079,52.903],[9.061,52.923],[9.014,52.926],[9,52.922],[8.982,52.889],[8.966,52.897],[8.956,52.891],[8.937,52.909],[8.93,52.927],[8.972,52.955],[8.964,52.979],[8.973,52.991],[8.944,52.998],[8.94,53.008],[8.891,53.015],[8.865,53.035],[8.872,53.058],[8.845,53.059],[8.833,53.068],[8.858,53.07],[8.858,53.081],[8.836,53.097],[8.84,53.103],[8.872,53.086],[8.888,53.067],[8.884,53.063],[8.917,53.06],[8.917,53.048],[8.963,53.048],[8.963,53.088],[8.987,53.096],[8.988,53.105],[8.997,53.109],[8.959,53.143],[8.95,53.155],[8.955,53.157],[8.917,53.147],[8.922,53.142],[8.911,53.133],[8.903,53.138],[8.862,53.133],[8.851,53.143],[8.824,53.13],[8.808,53.151],[8.796,53.143],[8.77,53.149],[8.764,53.128],[8.697,53.119],[8.644,53.128],[8.629,53.141],[8.626,53.148],[8.683,53.14],[8.703,53.154],[8.691,53.164],[8.631,53.16],[8.626,53.149],[8.618,53.168],[8.534,53.187],[8.485,53.227],[8.481,53.247],[8.493,53.297],[8.49,53.328],[8.501,53.351],[8.493,53.419],[8.528,53.423],[8.531,53.436],[8.566,53.475],[8.556,53.487],[8.571,53.494],[8.573,53.512],[8.567,53.539],[8.552,53.553],[8.473,53.595],[8.467,53.633],[8.472,53.684],[8.429,53.612],[8.502,53.449],[8.306,53.525],[8.189,53.531],[8.261,53.439],[8.242,53.352],[8.175,53.322],[8.029,53.373],[8.099,53.444],[7.969,53.638],[7.332,53.604],[7.166,53.592],[7.037,53.51],[6.981,53.317],[7.19,53.23],[7.16,53.164],[7.043,53.164],[7.009,53.245],[6.861,53.266],[6.751,53.39],[6.261,53.322],[5.966,53.335],[5.39,53.139],[5.332,53.011],[5.343,52.996],[5.358,52.938],[5.326,52.79],[5.653,52.75],[5.575,52.698],[5.622,52.707],[5.671,52.704],[5.691,52.678],[5.662,52.642],[5.62,52.623],[5.576,52.621],[5.552,52.63],[5.556,52.587],[5.611,52.532],[5.817,52.521],[5.757,52.334],[5.574,52.283],[5.473,52.177],[5.227,52.224],[5.199,52.177],[5.047,52.166],[5.035,52.182],[5.044,52.204],[5.147,52.208],[5.14,52.241],[4.95,52.278],[4.963,52.286],[4.933,52.277],[4.907,52.251],[4.882,52.251],[4.805,52.281],[4.773,52.253],[4.719,52.243],[4.727,52.21],[4.801,52.237],[4.842,52.211],[4.823,52.193],[4.881,52.167],[4.872,52.139],[4.827,52.144],[4.791,52.124],[4.824,52.108],[4.915,52.125],[4.939,52.09],[4.799,52.055],[4.808,52.033],[4.946,52.064],[4.956,52.051],[4.929,52.029],[4.809,52.014],[4.766,52.001],[4.793,51.977],[4.92,51.994],[4.98,52.022],[5.048,52.038],[5.091,52.017],[5.103,52.003],[5.084,51.999],[5.005,51.901],[4.996,51.825],[5.026,51.803],[5.052,51.798],[5.072,51.779],[5.094,51.788],[5.139,51.772],[5.135,51.761],[5.143,51.755],[5.178,51.76],[5.184,51.742],[5.144,51.707],[5.059,51.688],[4.977,51.688],[4.857,51.717],[4.757,51.726],[4.643,51.709],[4.61,51.673],[4.544,51.64],[4.413,51.644],[4.362,51.663],[4.278,51.644],[4.243,51.647],[4.156,51.683],[4.044,51.699],[4.011,51.758],[3.928,51.771],[3.881,51.747],[3.83,51.763],[3.52,51.579],[3.743,51.46],[3.775,51.388],[3.77,51.384],[3.838,51.361],[3.924,51.379],[3.962,51.422],[4.024,51.42],[4.107,51.379],[4.19,51.392],[4.209,51.389],[4.227,51.36],[4.268,51.336],[4.278,51.304],[4.319,51.285],[4.303,51.258],[4.353,51.244],[4.448,51.27],[4.471,51.208],[4.414,51.149],[4.35,51.172],[4.322,51.131],[4.341,51.1],[4.315,51.085],[4.294,51.05],[4.248,51.04],[4.222,50.989],[4.191,50.998],[4.032,50.895],[4.018,50.78],[3.983,50.772],[3.95,50.779],[3.906,50.749],[3.842,50.738],[3.836,50.742],[3.781,50.736],[3.785,50.763],[3.771,50.78],[3.735,50.763],[3.671,50.789],[3.657,50.738],[3.624,50.724],[3.59,50.735],[3.524,50.727],[3.492,50.737],[3.466,50.771],[3.433,50.75],[3.408,50.744],[3.396,50.731],[3.37,50.725],[3.345,50.696],[3.355,50.671],[3.346,50.657],[3.354,50.641],[3.393,50.625],[3.423,50.655],[3.478,50.617],[3.43,50.589],[3.442,50.583],[3.445,50.565],[3.434,50.556],[3.475,50.558],[3.473,50.497],[3.59,50.438],[3.521,50.372],[3.497,50.329],[3.47,50.314],[3.404,50.323],[3.341,50.302],[3.335,50.28],[3.309,50.266],[3.306,50.253],[3.281,50.249],[3.269,50.264],[3.162,50.259],[3.19,50.234],[3.171,50.222],[3.148,50.219],[3.182,50.193],[3.159,50.19],[3.183,50.145],[3.172,50.122],[3.21,50.084],[3.209,50.054],[3.152,50.064],[3.106,50.048],[3.029,50.062],[3.02,50.069],[2.989,50.067],[2.99,50.045],[2.932,50.048],[2.863,50.005],[2.866,50.013],[2.852,50.027],[2.873,50.043],[2.84,50.064],[2.802,50.055],[2.794,50.046]],[[13.543,51.88],[13.553,51.891],[13.552,51.903],[13.578,51.897],[13.575,51.889],[13.543,51.88]],[[12.168,51.551],[12.078,51.534],[12.082,51.522],[12.119,51.528],[12.128,51.517],[12.086,51.508],[12.071,51.512],[12.074,51.503],[12.054,51.494],[12.09,51.491],[12.088,51.485],[12.039,51.488],[12.038,51.477],[12.057,51.46],[12.074,51.46],[12.077,51.454],[12.151,51.459],[12.17,51.423],[12.165,51.407],[12.117,51.418],[12.09,51.423],[12.085,51.391],[12.065,51.387],[12.046,51.395],[12.056,51.421],[12.05,51.422],[12.019,51.402],[11.955,51.407],[11.953,51.416],[11.942,51.415],[11.944,51.424],[11.956,51.42],[11.953,51.433],[11.926,51.446],[11.929,51.457],[11.937,51.452],[11.953,51.468],[11.948,51.478],[11.955,51.48],[11.943,51.481],[11.853,51.46],[11.836,51.424],[11.82,51.455],[11.801,51.466],[11.823,51.475],[11.829,51.467],[11.846,51.47],[11.864,51.487],[11.863,51.493],[11.833,51.498],[11.832,51.511],[11.842,51.513],[11.839,51.528],[11.819,51.533],[11.82,51.556],[11.832,51.57],[11.799,51.573],[11.791,51.584],[11.759,51.583],[11.752,51.633],[11.721,51.63],[11.693,51.649],[11.604,51.666],[11.613,51.677],[11.611,51.691],[11.634,51.694],[11.626,51.706],[11.615,51.703],[11.624,51.732],[11.692,51.725],[11.716,51.733],[11.725,51.726],[11.723,51.732],[11.694,51.743],[11.73,51.745],[11.743,51.739],[11.775,51.753],[11.78,51.732],[11.798,51.724],[11.802,51.7],[11.813,51.687],[11.863,51.678],[11.924,51.646],[11.928,51.665],[11.949,51.667],[11.946,51.645],[11.933,51.64],[11.945,51.631],[11.915,51.626],[11.968,51.627],[11.952,51.62],[11.953,51.601],[11.983,51.601],[11.992,51.585],[11.98,51.575],[12.02,51.58],[12.023,51.592],[12.046,51.584],[12.165,51.576],[12.168,51.551]],[[5.658,51.192],[5.739,51.202],[5.748,51.196],[5.688,51.168],[5.658,51.192]],[[5.707,52.641],[5.736,52.677],[5.778,52.692],[5.838,52.683],[5.86,52.64],[5.707,52.641]],[[5.772,51.212],[5.794,51.235],[5.816,51.205],[5.795,51.195],[5.776,51.201],[5.772,51.212]],[[5.808,51.177],[5.848,51.193],[5.851,51.205],[5.869,51.207],[5.871,51.214],[5.835,51.241],[5.848,51.245],[5.851,51.245],[5.841,51.25],[5.834,51.274],[5.844,51.278],[5.858,51.311],[5.906,51.294],[5.906,51.3],[5.925,51.309],[6.009,51.278],[6.007,51.255],[5.999,51.249],[6.006,51.231],[5.968,51.22],[5.977,51.202],[5.934,51.188],[5.917,51.174],[5.923,51.172],[5.872,51.168],[5.858,51.181],[5.865,51.164],[5.852,51.141],[5.824,51.168],[5.813,51.167],[5.808,51.177]],[[6.085,50.757],[6.096,50.77],[6.112,50.771],[6.123,50.756],[6.119,50.738],[6.108,50.728],[6.085,50.757]],[[6.117,52.851],[6.207,52.891],[6.25,52.924],[6.292,52.93],[6.338,52.908],[6.413,52.945],[6.434,52.976],[6.364,53.026],[6.358,53.066],[6.305,53.082],[6.312,53.092],[6.362,53.096],[6.381,53.15],[6.416,53.18],[6.481,53.209],[6.532,53.212],[6.549,53.251],[6.595,53.256],[6.622,53.228],[6.759,53.149],[6.77,53.101],[7.035,52.922],[7.059,52.864],[7.087,52.85],[7.093,52.838],[7.072,52.81],[7.056,52.643],[7.042,52.633],[7.012,52.639],[7.074,52.62],[7.142,52.588],[7.146,52.542],[7.146,52.572],[7.254,52.582],[7.407,52.61],[7.391,52.647],[7.395,52.701],[7.427,52.751],[7.515,52.831],[7.639,52.916],[7.781,52.984],[7.864,53.001],[7.903,52.973],[7.921,52.925],[7.955,52.926],[7.962,52.97],[8.003,53.002],[8.042,53.003],[8.047,52.968],[8.087,52.948],[8.087,52.934],[8.157,52.925],[8.157,52.905],[8.227,52.87],[8.259,52.874],[8.284,52.852],[8.166,52.784],[7.997,52.716],[7.959,52.693],[7.947,52.677],[7.92,52.677],[7.879,52.7],[7.874,52.714],[7.818,52.716],[7.794,52.687],[7.775,52.682],[7.684,52.688],[7.66,52.698],[7.608,52.658],[7.608,52.609],[7.621,52.583],[7.615,52.572],[7.62,52.537],[7.612,52.505],[7.618,52.5],[7.609,52.474],[7.683,52.458],[7.693,52.433],[7.693,52.411],[7.714,52.401],[7.807,52.371],[7.843,52.369],[7.892,52.381],[7.943,52.359],[7.941,52.349],[7.952,52.349],[7.948,52.339],[7.966,52.324],[7.991,52.309],[7.989,52.303],[7.932,52.3],[7.932,52.29],[7.954,52.27],[7.927,52.265],[7.926,52.225],[7.901,52.205],[7.909,52.19],[7.936,52.177],[7.975,52.171],[8.007,52.176],[8.026,52.164],[8,52.154],[8.008,52.116],[7.972,52.116],[7.959,52.106],[7.888,52.086],[7.848,52.096],[7.82,52.091],[7.794,52.104],[7.74,52.097],[7.706,52.119],[7.705,52.13],[7.723,52.143],[7.714,52.181],[7.654,52.205],[7.646,52.218],[7.511,52.251],[7.481,52.246],[7.469,52.236],[7.416,52.242],[7.373,52.276],[7.317,52.28],[7.299,52.264],[7.156,52.266],[7.113,52.255],[7.105,52.245],[7.066,52.241],[7.042,52.256],[7.026,52.283],[7.071,52.351],[7.072,52.374],[7.057,52.399],[7.036,52.403],[7.009,52.433],[6.992,52.467],[6.981,52.467],[6.962,52.444],[6.942,52.435],[6.853,52.45],[6.854,52.46],[6.753,52.464],[6.698,52.486],[6.705,52.521],[6.685,52.553],[6.711,52.549],[6.728,52.563],[6.767,52.564],[6.719,52.589],[6.725,52.619],[6.71,52.628],[6.742,52.645],[6.702,52.628],[6.708,52.649],[6.601,52.672],[6.517,52.647],[6.522,52.618],[6.382,52.614],[6.333,52.661],[6.152,52.688],[6.134,52.734],[6.213,52.772],[6.215,52.798],[6.181,52.804],[6.117,52.851]],[[6.433,46.929],[6.497,46.974],[6.505,46.966],[6.609,46.983],[6.69,47.009],[6.712,47.022],[6.714,47.044],[6.723,47.047],[6.695,47.063],[6.707,47.074],[6.703,47.082],[6.739,47.091],[6.747,47.099],[6.741,47.11],[6.806,47.131],[6.854,47.161],[6.842,47.172],[6.874,47.185],[6.88,47.2],[6.955,47.243],[6.93,47.258],[6.935,47.27],[6.924,47.275],[6.928,47.281],[6.956,47.292],[7.003,47.289],[7.01,47.297],[7.015,47.317],[6.971,47.318],[6.967,47.325],[7.046,47.326],[7.062,47.344],[7.046,47.363],[7.014,47.372],[6.976,47.361],[6.879,47.356],[6.884,47.373],[6.91,47.385],[6.913,47.405],[6.938,47.406],[6.942,47.434],[6.996,47.45],[7.006,47.458],[7.002,47.469],[7.011,47.484],[7.037,47.498],[7.075,47.488],[7.13,47.503],[7.162,47.49],[7.203,47.491],[7.187,47.483],[7.17,47.443],[7.2,47.435],[7.231,47.439],[7.249,47.421],[7.282,47.435],[7.333,47.441],[7.376,47.433],[7.376,47.414],[7.438,47.413],[7.449,47.415],[7.456,47.428],[7.438,47.446],[7.421,47.446],[7.43,47.459],[7.443,47.461],[7.456,47.449],[7.53,47.462],[7.536,47.514],[7.523,47.519],[7.53,47.53],[7.501,47.529],[7.5,47.54],[7.555,47.564],[7.565,47.557],[7.556,47.544],[7.581,47.544],[7.594,47.519],[7.614,47.521],[7.605,47.47],[7.627,47.463],[7.614,47.436],[7.582,47.429],[7.575,47.438],[7.572,47.417],[7.53,47.414],[7.519,47.388],[7.48,47.388],[7.478,47.402],[7.444,47.401],[7.437,47.379],[7.46,47.37],[7.524,47.371],[7.572,47.326],[7.532,47.295],[7.487,47.284],[7.471,47.266],[7.416,47.253],[7.422,47.242],[7.341,47.217],[7.346,47.207],[7.339,47.195],[7.357,47.184],[7.361,47.171],[7.389,47.158],[7.386,47.148],[7.376,47.141],[7.366,47.144],[7.374,47.149],[7.37,47.159],[7.344,47.153],[7.326,47.162],[7.294,47.161],[7.241,47.128],[7.2,47.134],[7.137,47.107],[7.142,47.098],[7.128,47.089],[7.135,47.084],[7.088,47.06],[7.033,47.033],[7.035,47.014],[7.027,47.006],[7.038,46.98],[7.002,46.988],[6.779,46.854],[6.754,46.87],[6.738,46.871],[6.741,46.895],[6.719,46.904],[6.722,46.934],[6.654,46.914],[6.63,46.889],[6.484,46.847],[6.461,46.855],[6.465,46.89],[6.436,46.921],[6.433,46.929]],[[6.508,51.36],[6.515,51.37],[6.537,51.367],[6.575,51.348],[6.594,51.322],[6.549,51.309],[6.53,51.325],[6.531,51.338],[6.513,51.351],[6.508,51.36]],[[6.508,51.444],[6.525,51.453],[6.535,51.47],[6.558,51.478],[6.561,51.496],[6.574,51.505],[6.568,51.517],[6.613,51.521],[6.63,51.541],[6.625,51.55],[6.574,51.55],[6.572,51.569],[6.558,51.579],[6.598,51.591],[6.601,51.572],[6.625,51.56],[6.674,51.563],[6.666,51.527],[6.675,51.509],[6.723,51.512],[6.716,51.497],[6.694,51.492],[6.68,51.479],[6.719,51.466],[6.723,51.454],[6.71,51.442],[6.739,51.415],[6.744,51.395],[6.713,51.375],[6.674,51.369],[6.645,51.383],[6.615,51.376],[6.614,51.398],[6.578,51.4],[6.569,51.416],[6.539,51.408],[6.534,51.437],[6.509,51.437],[6.508,51.444]],[[6.589,47.675],[6.628,47.687],[6.664,47.665],[6.686,47.661],[6.692,47.633],[6.68,47.626],[6.686,47.613],[6.721,47.607],[6.748,47.584],[6.732,47.56],[6.755,47.541],[6.787,47.533],[6.802,47.547],[6.835,47.544],[6.891,47.555],[6.91,47.546],[6.918,47.531],[6.912,47.525],[6.954,47.512],[6.953,47.48],[6.937,47.483],[6.931,47.499],[6.915,47.498],[6.908,47.489],[6.912,47.476],[6.884,47.467],[6.843,47.472],[6.838,47.482],[6.799,47.485],[6.779,47.482],[6.774,47.473],[6.728,47.481],[6.714,47.471],[6.693,47.462],[6.669,47.471],[6.678,47.486],[6.676,47.507],[6.686,47.515],[6.654,47.54],[6.669,47.556],[6.654,47.57],[6.664,47.578],[6.654,47.587],[6.669,47.596],[6.655,47.617],[6.626,47.626],[6.61,47.662],[6.589,47.675]],[[6.615,47.473],[6.618,47.484],[6.639,47.491],[6.66,47.478],[6.647,47.466],[6.63,47.463],[6.615,47.473]],[[6.787,47.419],[6.794,47.454],[6.83,47.453],[6.833,47.439],[6.812,47.417],[6.793,47.41],[6.787,47.419]],[[6.813,51.482],[6.922,51.497],[6.975,51.51],[7.002,51.534],[7.032,51.514],[7.091,51.504],[7.114,51.465],[7.081,51.452],[7.089,51.431],[7.084,51.435],[7.096,51.41],[7.119,51.392],[7.117,51.381],[7.036,51.347],[6.991,51.359],[6.967,51.347],[6.952,51.349],[6.897,51.389],[6.925,51.406],[6.926,51.429],[6.946,51.44],[6.911,51.43],[6.883,51.449],[6.885,51.463],[6.875,51.473],[6.813,51.482]],[[7.015,49.582],[7.601,49.582],[7.51,49.914],[7.761,49.914],[7.849,49.714],[7.864,49.714],[7.865,49.716],[7.869,49.714],[7.885,49.714],[7.892,49.718],[7.903,49.715],[7.902,49.714],[8.202,49.714],[8.197,49.722],[8.216,49.73],[8.291,49.744],[8.338,49.737],[8.338,49.724],[8.27,49.724],[8.209,49.714],[8.267,49.714],[8.3,49.616],[8.374,49.616],[8.39,49.628],[8.418,49.628],[8.443,49.613],[8.487,49.614],[8.516,49.623],[8.532,49.619],[8.573,49.634],[8.562,49.604],[8.591,49.6],[8.59,49.592],[8.554,49.586],[8.513,49.587],[8.495,49.573],[8.464,49.59],[8.423,49.584],[8.414,49.559],[8.423,49.541],[8.394,49.55],[8.376,49.54],[8.372,49.547],[8.353,49.552],[8.359,49.558],[8.321,49.551],[8.355,49.449],[8.606,49.449],[8.774,49.316],[8.275,49.25],[8.113,48.985],[7.862,49.051],[7.86,49.117],[7.859,49.12],[7.85,49.133],[7.845,49.134],[7.848,49.136],[7.688,49.383],[7.583,49.341],[7.584,49.335],[7.564,49.311],[7.575,49.291],[7.568,49.276],[7.556,49.273],[7.528,49.299],[7.526,49.318],[7.357,49.25],[7.015,49.582]],[[7.519,47.674],[7.549,47.681],[7.562,47.665],[7.549,47.661],[7.542,47.646],[7.519,47.674]],[[7.551,47.744],[7.574,47.776],[7.614,47.775],[7.616,47.755],[7.63,47.737],[7.628,47.725],[7.58,47.735],[7.551,47.744]],[[7.926,50.576],[7.971,50.601],[7.991,50.594],[7.993,50.575],[8.026,50.573],[8.04,50.553],[7.996,50.525],[7.967,50.536],[7.969,50.552],[7.956,50.563],[7.933,50.565],[7.926,50.576]],[[7.927,49.878],[7.96,49.87],[7.93,49.865],[7.927,49.878]],[[8.029,49.831],[8.04,49.84],[8.058,49.836],[8.063,49.817],[8.05,49.801],[8.03,49.809],[8.029,49.831]],[[8.15,50.413],[8.164,50.421],[8.176,50.418],[8.178,50.409],[8.162,50.407],[8.15,50.413]],[[8.154,49.773],[8.217,49.777],[8.233,49.763],[8.193,49.749],[8.166,49.751],[8.171,49.758],[8.155,49.76],[8.154,49.773]],[[8.215,49.819],[8.224,49.822],[8.271,49.805],[8.33,49.83],[8.332,49.811],[8.385,49.817],[8.4,49.803],[8.355,49.783],[8.259,49.788],[8.215,49.819]],[[8.226,49.787],[8.244,49.793],[8.258,49.788],[8.248,49.778],[8.226,49.787]],[[8.235,49.829],[8.238,49.841],[8.279,49.842],[8.279,49.833],[8.261,49.823],[8.235,49.829]],[[8.3,52.453],[8.307,52.46],[8.366,52.443],[8.431,52.449],[8.652,52.531],[8.672,52.517],[8.683,52.519],[8.691,52.51],[8.684,52.5],[8.698,52.487],[8.711,52.466],[8.703,52.444],[8.717,52.432],[8.705,52.417],[8.711,52.406],[8.706,52.395],[8.729,52.398],[8.747,52.388],[8.789,52.399],[8.853,52.389],[8.884,52.396],[8.892,52.406],[8.935,52.405],[8.962,52.425],[8.98,52.428],[8.982,52.451],[9.017,52.46],[9.025,52.479],[9.039,52.48],[9.053,52.5],[9.097,52.498],[9.113,52.486],[9.135,52.483],[9.138,52.475],[9.123,52.475],[9.126,52.468],[9.103,52.457],[9.095,52.443],[9.111,52.434],[9.112,52.421],[9.123,52.423],[9.125,52.412],[9.121,52.401],[9.1,52.389],[9.097,52.371],[9.099,52.373],[9.123,52.37],[9.138,52.378],[9.162,52.411],[9.202,52.416],[9.226,52.434],[9.278,52.44],[9.267,52.451],[9.277,52.457],[9.276,52.47],[9.307,52.487],[9.356,52.499],[9.423,52.466],[9.407,52.462],[9.416,52.449],[9.403,52.433],[9.368,52.433],[9.367,52.424],[9.336,52.415],[9.334,52.408],[9.355,52.409],[9.346,52.395],[9.376,52.396],[9.405,52.41],[9.427,52.388],[9.446,52.387],[9.451,52.379],[9.45,52.368],[9.401,52.328],[9.414,52.293],[9.36,52.294],[9.344,52.275],[9.313,52.276],[9.311,52.254],[9.33,52.243],[9.314,52.219],[9.332,52.201],[9.367,52.19],[9.387,52.167],[9.364,52.154],[9.353,52.138],[9.325,52.142],[9.315,52.13],[9.286,52.135],[9.265,52.159],[9.255,52.145],[9.235,52.143],[9.222,52.123],[9.175,52.117],[9.165,52.101],[9.138,52.096],[9.133,52.098],[9.139,52.108],[9.159,52.12],[9.143,52.135],[9.091,52.136],[9.071,52.143],[9.071,52.149],[9.018,52.132],[9.012,52.14],[9.018,52.148],[9.012,52.162],[9.022,52.172],[8.989,52.196],[8.984,52.193],[8.988,52.181],[8.928,52.185],[8.9,52.165],[8.875,52.166],[8.861,52.179],[8.863,52.192],[8.854,52.208],[8.827,52.22],[8.798,52.209],[8.794,52.197],[8.784,52.195],[8.783,52.179],[8.755,52.155],[8.743,52.15],[8.735,52.159],[8.715,52.162],[8.705,52.157],[8.71,52.149],[8.674,52.14],[8.672,52.17],[8.641,52.178],[8.651,52.193],[8.601,52.2],[8.563,52.217],[8.572,52.236],[8.557,52.257],[8.568,52.267],[8.562,52.289],[8.526,52.323],[8.507,52.328],[8.5,52.341],[8.504,52.353],[8.453,52.366],[8.437,52.362],[8.394,52.385],[8.323,52.401],[8.312,52.408],[8.322,52.411],[8.316,52.415],[8.318,52.43],[8.309,52.438],[8.304,52.434],[8.3,52.453]],[[8.344,51.731],[8.351,51.742],[8.368,51.751],[8.363,51.811],[8.442,51.848],[8.455,51.874],[8.51,51.894],[8.506,51.915],[8.512,51.92],[8.583,51.92],[8.607,51.927],[8.615,51.93],[8.675,51.919],[8.719,51.892],[8.762,51.848],[8.767,51.819],[8.791,51.798],[8.861,51.799],[8.913,51.813],[8.933,51.81],[8.94,51.813],[8.938,51.837],[8.975,51.836],[8.996,51.844],[9.016,51.86],[9.012,51.877],[9.024,51.88],[9.051,51.872],[9.131,51.911],[9.123,51.899],[9.137,51.87],[9.157,51.874],[9.177,51.86],[9.213,51.852],[9.219,51.852],[9.219,51.863],[9.269,51.865],[9.302,51.85],[9.323,51.855],[9.366,51.865],[9.406,51.856],[9.461,51.86],[9.433,51.839],[9.442,51.831],[9.428,51.815],[9.44,51.804],[9.436,51.797],[9.448,51.794],[9.415,51.776],[9.402,51.759],[9.384,51.758],[9.375,51.744],[9.394,51.729],[9.387,51.722],[9.4,51.707],[9.399,51.697],[9.382,51.687],[9.387,51.688],[9.396,51.673],[9.381,51.667],[9.377,51.65],[9.437,51.648],[9.443,51.643],[9.427,51.631],[9.337,51.615],[9.37,51.591],[9.318,51.55],[9.309,51.512],[9.286,51.514],[9.264,51.498],[9.224,51.488],[9.216,51.46],[9.185,51.467],[9.16,51.444],[9.145,51.442],[9.136,51.45],[9.094,51.445],[9.079,51.463],[9.092,51.494],[9.077,51.503],[9.039,51.502],[9.02,51.519],[8.894,51.483],[8.868,51.491],[8.846,51.468],[8.767,51.447],[8.752,51.466],[8.72,51.46],[8.654,51.481],[8.601,51.483],[8.573,51.468],[8.548,51.468],[8.52,51.491],[8.512,51.53],[8.485,51.534],[8.489,51.539],[8.473,51.565],[8.482,51.566],[8.475,51.573],[8.488,51.587],[8.508,51.586],[8.512,51.595],[8.578,51.619],[8.587,51.617],[8.573,51.659],[8.552,51.67],[8.46,51.689],[8.424,51.668],[8.393,51.695],[8.402,51.719],[8.35,51.723],[8.344,51.731]],[[9.19,51.955],[9.195,51.962],[9.211,51.96],[9.219,51.974],[9.257,51.978],[9.274,51.974],[9.284,51.956],[9.263,51.946],[9.279,51.94],[9.269,51.931],[9.216,51.911],[9.194,51.92],[9.206,51.935],[9.19,51.955]],[[9.245,49.61],[9.249,49.624],[9.265,49.632],[9.261,49.646],[9.294,49.655],[9.351,49.634],[9.331,49.61],[9.31,49.618],[9.293,49.615],[9.298,49.59],[9.345,49.548],[9.309,49.533],[9.275,49.568],[9.264,49.578],[9.269,49.584],[9.248,49.595],[9.255,49.602],[9.245,49.61]],[[9.304,50.55],[9.316,50.557],[9.319,50.575],[9.365,50.581],[9.367,50.568],[9.376,50.566],[9.367,50.55],[9.347,50.54],[9.311,50.543],[9.304,50.55]],[[9.334,50.304],[9.353,50.319],[9.397,50.315],[9.431,50.286],[9.449,50.284],[9.436,50.272],[9.419,50.281],[9.379,50.275],[9.376,50.271],[9.397,50.262],[9.392,50.241],[9.382,50.239],[9.351,50.243],[9.337,50.275],[9.334,50.304]],[[9.367,50.395],[9.392,50.39],[9.438,50.41],[9.464,50.398],[9.448,50.384],[9.467,50.356],[9.417,50.342],[9.386,50.346],[9.369,50.373],[9.367,50.395]],[[9.38,49.607],[9.403,49.64],[9.42,49.639],[9.436,49.664],[9.444,49.665],[9.486,49.658],[9.484,49.647],[9.509,49.651],[9.524,49.621],[9.538,49.623],[9.548,49.61],[9.565,49.611],[9.567,49.604],[9.539,49.582],[9.534,49.567],[9.511,49.566],[9.491,49.579],[9.463,49.563],[9.439,49.561],[9.441,49.573],[9.422,49.59],[9.404,49.587],[9.38,49.607]],[[9.448,52.127],[9.482,52.16],[9.48,52.168],[9.505,52.171],[9.526,52.16],[9.556,52.167],[9.59,52.148],[9.565,52.137],[9.561,52.129],[9.581,52.122],[9.551,52.101],[9.514,52.108],[9.479,52.119],[9.453,52.113],[9.458,52.12],[9.452,52.118],[9.448,52.127]],[[9.527,50.19],[9.544,50.201],[9.564,50.196],[9.576,50.232],[9.582,50.222],[9.604,50.222],[9.667,50.24],[9.682,50.231],[9.685,50.209],[9.7,50.203],[9.683,50.176],[9.616,50.18],[9.529,50.168],[9.527,50.19]],[[9.536,50.35],[9.581,50.348],[9.614,50.36],[9.641,50.355],[9.631,50.352],[9.644,50.341],[9.635,50.339],[9.641,50.329],[9.609,50.326],[9.602,50.319],[9.61,50.301],[9.567,50.298],[9.577,50.326],[9.536,50.35]],[[9.566,53.753],[9.646,53.776],[9.66,53.8],[9.677,53.851],[9.658,53.855],[9.649,53.881],[9.674,53.889],[9.752,53.893],[9.763,53.873],[9.824,53.846],[9.821,53.826],[9.845,53.817],[9.842,53.825],[9.851,53.83],[9.881,53.812],[9.884,53.802],[9.867,53.782],[9.9,53.772],[9.897,53.751],[9.927,53.75],[9.968,53.769],[9.99,53.751],[10,53.713],[9.987,53.655],[9.993,53.637],[9.97,53.622],[9.966,53.606],[9.984,53.599],[9.962,53.582],[9.939,53.582],[9.934,53.571],[9.913,53.582],[9.913,53.542],[9.676,53.565],[9.633,53.583],[9.663,53.596],[9.643,53.663],[9.616,53.667],[9.599,53.701],[9.58,53.7],[9.584,53.715],[9.569,53.718],[9.582,53.724],[9.566,53.753]],[[9.687,49.317],[9.701,49.327],[9.719,49.324],[9.705,49.335],[9.711,49.34],[9.738,49.338],[9.73,49.352],[9.761,49.343],[9.752,49.362],[9.78,49.383],[9.811,49.379],[9.836,49.386],[9.84,49.379],[9.83,49.373],[9.842,49.373],[9.849,49.349],[9.839,49.344],[9.864,49.326],[9.841,49.314],[9.798,49.333],[9.756,49.318],[9.687,49.317]],[[9.752,49.204],[9.754,49.211],[9.787,49.206],[9.789,49.19],[9.781,49.188],[9.762,49.193],[9.752,49.204]],[[10.074,50.879],[10.094,50.893],[10.111,50.893],[10.137,50.907],[10.143,50.894],[10.17,50.902],[10.179,50.883],[10.198,50.88],[10.211,50.894],[10.22,50.888],[10.19,50.873],[10.185,50.866],[10.21,50.863],[10.189,50.853],[10.143,50.857],[10.114,50.869],[10.1,50.866],[10.092,50.874],[10.076,50.872],[10.074,50.879]],[[10.28,50.809],[10.284,50.816],[10.324,50.818],[10.338,50.795],[10.312,50.78],[10.294,50.785],[10.293,50.801],[10.28,50.809]],[[10.368,51.543],[10.368,51.557],[10.378,51.562],[10.374,51.588],[10.426,51.592],[10.487,51.573],[10.486,51.557],[10.473,51.551],[10.48,51.548],[10.493,51.554],[10.512,51.548],[10.504,51.562],[10.532,51.568],[10.534,51.597],[10.517,51.61],[10.527,51.623],[10.541,51.615],[10.583,51.615],[10.567,51.61],[10.581,51.586],[10.567,51.58],[10.571,51.565],[10.591,51.57],[10.586,51.583],[10.627,51.571],[10.646,51.559],[10.66,51.561],[10.663,51.58],[10.638,51.584],[10.632,51.604],[10.647,51.609],[10.638,51.619],[10.681,51.63],[10.676,51.638],[10.702,51.641],[10.668,51.67],[10.666,51.695],[10.706,51.694],[10.707,51.682],[10.738,51.671],[10.765,51.669],[10.78,51.68],[10.783,51.661],[10.762,51.657],[10.763,51.649],[10.812,51.639],[10.818,51.625],[10.862,51.632],[10.893,51.606],[10.864,51.579],[10.868,51.562],[10.858,51.552],[10.866,51.538],[10.897,51.536],[10.902,51.524],[10.897,51.522],[10.908,51.509],[10.922,51.509],[10.927,51.497],[10.94,51.501],[10.959,51.492],[10.983,51.479],[10.994,51.462],[10.97,51.458],[10.851,51.485],[10.822,51.498],[10.826,51.514],[10.801,51.523],[10.776,51.518],[10.779,51.512],[10.755,51.505],[10.754,51.489],[10.786,51.477],[10.77,51.45],[10.778,51.441],[10.769,51.437],[10.774,51.426],[10.796,51.427],[10.805,51.416],[10.779,51.407],[10.767,51.391],[10.717,51.4],[10.694,51.396],[10.682,51.384],[10.717,51.365],[10.701,51.332],[10.664,51.357],[10.633,51.362],[10.645,51.369],[10.623,51.374],[10.627,51.382],[10.606,51.375],[10.607,51.366],[10.585,51.367],[10.579,51.379],[10.591,51.385],[10.574,51.388],[10.565,51.386],[10.577,51.374],[10.572,51.367],[10.56,51.385],[10.547,51.371],[10.529,51.366],[10.504,51.384],[10.505,51.399],[10.488,51.427],[10.473,51.435],[10.466,51.456],[10.427,51.462],[10.434,51.477],[10.467,51.486],[10.464,51.497],[10.477,51.503],[10.48,51.518],[10.468,51.544],[10.368,51.543]],[[10.421,54.082],[10.427,54.09],[10.422,54.116],[10.441,54.125],[10.437,54.118],[10.479,54.104],[10.481,54.116],[10.495,54.123],[10.539,54.123],[10.541,54.134],[10.516,54.14],[10.483,54.174],[10.495,54.184],[10.528,54.188],[10.54,54.207],[10.538,54.219],[10.549,54.22],[10.54,54.228],[10.573,54.236],[10.61,54.231],[10.607,54.224],[10.62,54.227],[10.671,54.207],[10.674,54.189],[10.653,54.184],[10.651,54.173],[10.666,54.163],[10.664,54.153],[10.689,54.15],[10.697,54.121],[10.709,54.117],[10.724,54.127],[10.754,54.121],[10.756,54.107],[10.737,54.095],[10.707,54.092],[10.692,54.101],[10.677,54.09],[10.659,54.098],[10.628,54.094],[10.595,54.102],[10.598,54.07],[10.506,54.073],[10.484,54.059],[10.459,54.061],[10.421,54.082]],[[10.629,45.445],[10.64,45.502],[10.63,45.611],[10.843,45.832],[10.885,45.815],[10.873,45.788],[10.885,45.779],[10.843,45.718],[10.882,45.717],[10.921,45.701],[10.912,45.688],[10.937,45.673],[10.962,45.686],[10.972,45.702],[10.968,45.68],[10.998,45.697],[10.993,45.708],[11.008,45.71],[11.011,45.719],[11.018,45.719],[11.017,45.706],[11.026,45.705],[11.042,45.706],[11.056,45.718],[11.094,45.692],[11.114,45.697],[11.123,45.689],[11.139,45.697],[11.146,45.717],[11.178,45.736],[11.181,45.766],[11.173,45.786],[11.204,45.784],[11.189,45.813],[11.219,45.833],[11.218,45.844],[11.234,45.86],[11.236,45.88],[11.218,45.905],[11.223,45.927],[11.236,45.932],[11.348,45.892],[11.366,45.904],[11.358,45.944],[11.382,45.943],[11.372,45.975],[11.377,45.984],[11.447,45.981],[11.462,45.995],[11.511,46.012],[11.577,46.007],[11.588,45.969],[11.63,45.969],[11.628,45.961],[11.67,45.964],[11.685,45.971],[11.685,45.984],[11.704,45.977],[11.717,45.971],[11.712,45.957],[11.724,45.953],[11.728,45.939],[11.784,45.919],[11.78,45.888],[11.8,45.881],[11.79,45.868],[11.754,45.855],[11.742,45.834],[11.759,45.803],[11.804,45.796],[11.826,45.774],[11.83,45.75],[11.814,45.723],[11.82,45.687],[11.761,45.678],[11.711,45.681],[11.71,45.668],[11.685,45.658],[11.68,45.641],[11.648,45.635],[11.643,45.599],[11.673,45.593],[11.67,45.565],[11.656,45.55],[11.658,45.538],[11.676,45.541],[11.683,45.552],[11.707,45.543],[11.723,45.546],[11.721,45.56],[11.727,45.56],[11.758,45.524],[11.739,45.517],[11.729,45.521],[11.738,45.489],[11.748,45.487],[11.738,45.484],[11.744,45.471],[11.707,45.473],[11.71,45.463],[11.699,45.458],[11.697,45.44],[11.652,45.417],[11.614,45.384],[11.611,45.374],[11.626,45.358],[11.625,45.347],[11.616,45.342],[11.62,45.331],[11.613,45.316],[11.587,45.312],[11.58,45.297],[11.584,45.286],[11.617,45.267],[11.616,45.253],[11.602,45.244],[11.561,45.262],[11.487,45.265],[11.479,45.258],[11.451,45.261],[11.406,45.252],[11.401,45.23],[11.426,45.143],[11.411,45.122],[11.445,45.093],[11.426,45.066],[11.386,45.053],[11.358,45.064],[11.332,45.09],[11.186,45.112],[11.147,45.126],[11.138,45.124],[11.127,45.103],[11.102,45.113],[11.094,45.106],[11.097,45.096],[11.075,45.098],[11.029,45.127],[11.044,45.134],[11.047,45.153],[11.032,45.15],[11.028,45.159],[11.01,45.149],[10.993,45.153],[10.998,45.163],[10.993,45.184],[10.998,45.185],[10.984,45.201],[10.933,45.214],[10.936,45.233],[10.846,45.257],[10.817,45.295],[10.783,45.316],[10.737,45.287],[10.728,45.294],[10.731,45.316],[10.706,45.316],[10.715,45.333],[10.711,45.348],[10.723,45.352],[10.726,45.363],[10.697,45.38],[10.719,45.406],[10.71,45.423],[10.713,45.439],[10.643,45.462],[10.648,45.449],[10.629,45.445]],[[10.771,50.859],[10.804,50.887],[10.819,50.89],[10.821,50.921],[10.86,50.916],[10.862,50.88],[10.874,50.878],[10.862,50.851],[10.845,50.839],[10.787,50.843],[10.771,50.859]],[[10.781,50.986],[10.836,51.007],[10.889,50.995],[10.915,51.004],[10.911,51.021],[10.87,51.028],[10.869,51.058],[10.831,51.073],[10.838,51.095],[10.88,51.098],[10.884,51.084],[10.91,51.089],[10.95,51.101],[10.948,51.116],[10.957,51.119],[10.951,51.125],[10.97,51.124],[10.981,51.097],[10.964,51.086],[10.988,51.036],[11.025,51.031],[11.028,51.059],[11.02,51.06],[11.023,51.066],[11.041,51.065],[11.044,51.08],[11.081,51.074],[11.085,51.065],[11.128,51.082],[11.126,51.06],[11.147,51.066],[11.159,51.057],[11.177,51.07],[11.206,51.036],[11.195,51.021],[11.214,51.006],[11.237,51.007],[11.226,50.997],[11.241,50.985],[11.266,50.985],[11.267,50.971],[11.221,50.95],[11.232,50.946],[11.221,50.931],[11.253,50.889],[11.246,50.875],[11.208,50.882],[11.206,50.865],[11.181,50.879],[11.172,50.875],[11.188,50.872],[11.178,50.867],[11.152,50.877],[11.127,50.902],[11.113,50.893],[11.036,50.88],[11.024,50.859],[11.005,50.864],[10.995,50.874],[11.007,50.895],[11.055,50.896],[11.055,50.91],[10.98,50.904],[10.97,50.922],[11.023,50.929],[11.026,50.938],[11.002,50.939],[11,50.948],[10.953,50.938],[10.939,50.947],[10.912,50.941],[10.916,50.93],[10.905,50.923],[10.876,50.927],[10.868,50.942],[10.897,50.945],[10.894,50.961],[10.855,50.963],[10.852,50.952],[10.827,50.951],[10.832,50.99],[10.814,50.98],[10.781,50.986]],[[11.061,51.15],[11.086,51.151],[11.085,51.169],[11.115,51.174],[11.115,51.185],[11.128,51.18],[11.122,51.172],[11.157,51.163],[11.174,51.128],[11.175,51.106],[11.138,51.092],[11.093,51.112],[11.102,51.118],[11.097,51.128],[11.064,51.129],[11.061,51.15]],[[11.226,51.071],[11.266,51.073],[11.272,51.061],[11.257,51.055],[11.263,51.052],[11.273,51.052],[11.28,51.062],[11.312,51.054],[11.296,51.032],[11.274,51.026],[11.229,51.049],[11.226,51.071]],[[11.255,51.103],[11.256,51.131],[11.287,51.127],[11.294,51.126],[11.282,51.102],[11.255,51.103]],[[11.271,48.343],[11.308,48.364],[11.32,48.341],[11.284,48.331],[11.271,48.343]],[[11.289,50.867],[11.32,50.873],[11.353,50.895],[11.357,50.911],[11.338,50.924],[11.381,50.925],[11.395,50.902],[11.418,50.898],[11.399,50.89],[11.379,50.865],[11.409,50.857],[11.405,50.833],[11.364,50.832],[11.358,50.815],[11.335,50.819],[11.307,50.804],[11.289,50.867]],[[11.337,48.411],[11.374,48.421],[11.403,48.409],[11.391,48.403],[11.394,48.393],[11.36,48.388],[11.337,48.411]],[[11.405,42.447],[11.405,42.483],[11.594,42.676],[11.643,42.696],[11.7,42.686],[11.718,42.664],[11.711,42.658],[11.667,42.655],[11.612,42.622],[11.601,42.57],[11.588,42.566],[11.586,42.536],[11.566,42.516],[11.608,42.487],[11.607,42.46],[11.599,42.445],[11.498,42.434],[11.475,42.422],[11.405,42.447]],[[11.532,42.824],[11.554,42.847],[11.602,42.85],[11.61,42.815],[11.747,42.798],[11.774,42.781],[11.79,42.755],[11.762,42.752],[11.732,42.737],[11.7,42.687],[11.546,42.77],[11.532,42.824]],[[11.543,48.438],[11.56,48.455],[11.613,48.433],[11.567,48.395],[11.552,48.398],[11.563,48.422],[11.543,48.438]],[[11.867,51.741],[11.879,51.739],[11.877,51.75],[11.884,51.751],[11.909,51.74],[11.91,51.733],[11.907,51.727],[11.87,51.734],[11.867,51.741]],[[12.025,48.197],[12.091,48.221],[12.102,48.197],[12.094,48.185],[12.057,48.173],[12.029,48.178],[12.025,48.197]],[[12.252,51.762],[12.288,51.789],[12.293,51.78],[12.282,51.775],[12.299,51.767],[12.287,51.768],[12.289,51.763],[12.301,51.766],[12.291,51.754],[12.307,51.756],[12.301,51.748],[12.307,51.75],[12.31,51.736],[12.293,51.729],[12.29,51.718],[12.268,51.718],[12.274,51.736],[12.268,51.735],[12.252,51.762]],[[12.488,51.519],[12.499,51.526],[12.511,51.515],[12.49,51.509],[12.488,51.519]],[[12.78,47.604],[12.78,47.634],[12.822,47.657],[12.832,47.643],[12.851,47.646],[12.837,47.666],[12.853,47.679],[12.885,47.682],[12.898,47.692],[12.952,47.706],[12.979,47.691],[12.989,47.694],[13.008,47.722],[13.018,47.723],[13.074,47.692],[13.098,47.642],[13.096,47.63],[13.063,47.6],[13.07,47.586],[13.043,47.583],[13.041,47.576],[13.058,47.561],[13.032,47.537],[13.045,47.526],[13.047,47.492],[13.03,47.487],[13.009,47.465],[12.995,47.471],[12.995,47.478],[12.975,47.484],[12.969,47.474],[12.921,47.493],[12.884,47.521],[12.851,47.532],[12.847,47.546],[12.82,47.545],[12.798,47.554],[12.781,47.574],[12.793,47.593],[12.78,47.604]],[[12.848,51.644],[12.865,51.64],[12.865,51.629],[12.852,51.626],[12.848,51.644]],[[13.082,51.544],[13.123,51.563],[13.151,51.531],[13.117,51.519],[13.112,51.529],[13.097,51.526],[13.082,51.544]],[[13.288,48.338],[13.357,48.369],[13.376,48.357],[13.32,48.319],[13.288,48.338]],[[13.974,46.177],[13.995,46.207],[14.006,46.226],[14.059,46.26],[14.111,46.261],[14.192,46.332],[14.253,46.304],[14.268,46.275],[14.313,46.262],[14.332,46.249],[14.311,46.181],[14.351,46.146],[14.269,46.018],[14.235,45.997],[14.141,45.993],[14.115,45.978],[14.05,46.011],[14.034,46.066],[14.015,46.073],[14.001,46.091],[14.006,46.106],[14.025,46.115],[14.018,46.128],[14.063,46.143],[14.074,46.166],[14.013,46.171],[13.996,46.161],[13.974,46.177]],[[17.948,50.07],[17.959,50.093],[17.951,50.108],[17.974,50.127],[18.015,50.13],[18.065,50.113],[18.087,50.103],[18.103,50.072],[18.123,50.065],[18.095,50.06],[18.081,50.092],[18.077,50.068],[18.076,50.083],[18.05,50.081],[18.005,50.05],[17.991,50.051],[17.987,50.064],[17.948,50.07]]],[[[5.124,52.579],[5.146,52.559],[5.182,52.585],[5.124,52.579]]],[[[5.624,49.182],[5.65,49.124],[5.669,49.137],[5.704,49.141],[5.707,49.158],[5.658,49.17],[5.68,49.179],[5.68,49.189],[5.652,49.192],[5.627,49.181],[5.624,49.182]]],[[[5.657,49.108],[5.679,49.059],[5.74,49.076],[5.74,49.086],[5.725,49.094],[5.7,49.091],[5.662,49.108],[5.657,49.108]]],[[[5.707,49.421],[5.732,49.398],[5.802,49.398],[5.833,49.412],[5.855,49.44],[5.838,49.45],[5.818,49.443],[5.799,49.448],[5.77,49.434],[5.739,49.438],[5.707,49.421]]],[[[5.858,51.181],[5.876,51.182],[5.893,51.217],[5.893,51.233],[5.887,51.219],[5.892,51.216],[5.858,51.181]]],[[[5.869,49.375],[5.89,49.354],[5.889,49.344],[5.919,49.373],[5.897,49.383],[5.869,49.375]]],[[[8.119,44.09],[8.134,44.085],[8.142,44.092],[8.141,44.093],[8.151,44.102],[8.139,44.104],[8.135,44.092],[8.119,44.09]]],[[[8.307,49.594],[8.319,49.558],[8.325,49.561],[8.317,49.568],[8.325,49.582],[8.344,49.596],[8.338,49.601],[8.307,49.594]]],[[[8.588,44.526],[8.612,44.548],[8.6,44.553],[8.601,44.546],[8.588,44.526]]],[[[8.599,44.566],[8.6,44.558],[8.619,44.577],[8.623,44.597],[8.617,44.6],[8.621,44.589],[8.607,44.583],[8.599,44.566]]],[[[8.687,53.777],[8.691,53.766],[8.709,53.77],[8.713,53.736],[8.769,53.691],[8.765,53.682],[8.827,53.68],[8.859,53.652],[8.893,53.645],[8.904,53.651],[8.938,53.634],[8.948,53.638],[8.955,53.659],[8.936,53.665],[8.963,53.697],[8.961,53.766],[8.848,53.75],[8.687,53.777]]],[[[8.779,54.132],[8.833,54.066],[8.918,54.028],[8.964,54.035],[8.983,54.05],[8.985,54.063],[8.958,54.064],[8.98,54.069],[8.95,54.089],[8.932,54.124],[8.903,54.13],[8.855,54.115],[8.852,54.124],[8.821,54.137],[8.818,54.151],[8.779,54.132]]],[[[8.952,51.808],[8.964,51.784],[8.983,51.796],[9.01,51.797],[8.975,51.813],[8.952,51.808]]],[[[8.989,52.313],[9.019,52.331],[9.023,52.338],[8.998,52.326],[8.989,52.314],[8.989,52.313]]],[[[9.305,51.676],[9.367,51.685],[9.35,51.687],[9.305,51.676]]],[[[9.666,49.929],[9.706,49.907],[9.687,49.9],[9.735,49.914],[9.72,49.93],[9.666,49.929]]],[[[9.676,49.693],[9.736,49.688],[9.737,49.689],[9.727,49.691],[9.711,49.727],[9.724,49.744],[9.701,49.717],[9.677,49.716],[9.676,49.693]]],[[[9.682,50.755],[9.693,50.735],[9.72,50.745],[9.728,50.753],[9.712,50.767],[9.69,50.766],[9.682,50.755]]],[[[9.741,50.807],[9.749,50.804],[9.744,50.778],[9.777,50.752],[9.787,50.752],[9.796,50.77],[9.81,50.778],[9.807,50.796],[9.81,50.795],[9.799,50.806],[9.807,50.814],[9.791,50.82],[9.741,50.807]]],[[[9.764,50.074],[9.766,50.061],[9.793,50.054],[9.799,50.076],[9.78,50.081],[9.764,50.074]]],[[[9.838,49.918],[9.89,49.926],[9.89,49.965],[9.857,49.969],[9.856,49.938],[9.838,49.918]]],[[[9.857,50.552],[9.858,50.542],[9.874,50.539],[9.878,50.529],[9.896,50.521],[9.909,50.526],[9.924,50.518],[9.929,50.543],[9.908,50.542],[9.898,50.548],[9.902,50.556],[9.987,50.582],[9.997,50.574],[9.982,50.603],[9.997,50.619],[10.026,50.618],[10.043,50.604],[10.037,50.613],[10.057,50.626],[10.081,50.62],[10.083,50.634],[10.113,50.651],[10.079,50.636],[10.051,50.674],[9.999,50.676],[9.954,50.666],[9.949,50.658],[9.968,50.641],[9.959,50.625],[9.961,50.59],[9.943,50.58],[9.918,50.584],[9.917,50.605],[9.897,50.597],[9.917,50.58],[9.914,50.563],[9.892,50.561],[9.868,50.574],[9.858,50.567],[9.867,50.554],[9.857,50.552]]],[[[9.864,50.449],[9.871,50.431],[9.924,50.413],[9.884,50.399],[9.958,50.424],[9.993,50.452],[9.996,50.461],[9.957,50.485],[9.938,50.472],[9.922,50.475],[9.877,50.463],[9.864,50.449]]],[[[9.872,50.796],[9.887,50.79],[9.888,50.777],[9.918,50.769],[9.949,50.777],[9.955,50.786],[9.944,50.794],[9.957,50.81],[9.952,50.821],[9.899,50.817],[9.892,50.811],[9.896,50.79],[9.881,50.796],[9.872,50.796]]],[[[9.899,50.841],[9.937,50.837],[9.944,50.845],[9.905,50.86],[9.899,50.841]]],[[[9.9,49.671],[9.932,49.667],[9.916,49.647],[9.928,49.623],[9.953,49.623],[9.963,49.658],[9.951,49.675],[9.963,49.686],[10.031,49.676],[10.024,49.697],[9.949,49.709],[9.93,49.685],[9.906,49.685],[9.9,49.671]]],[[[10.042,49.719],[10.06,49.715],[10.061,49.703],[10.098,49.716],[10.113,49.734],[10.105,49.742],[10.042,49.728],[10.042,49.719]]],[[[10.072,49.588],[10.174,49.582],[10.165,49.569],[10.169,49.554],[10.179,49.547],[10.231,49.558],[10.263,49.554],[10.292,49.566],[10.325,49.564],[10.314,49.548],[10.321,49.534],[10.359,49.534],[10.4,49.488],[10.372,49.483],[10.387,49.465],[10.412,49.474],[10.432,49.504],[10.415,49.504],[10.384,49.525],[10.384,49.542],[10.397,49.542],[10.395,49.552],[10.491,49.596],[10.537,49.596],[10.524,49.62],[10.486,49.632],[10.561,49.677],[10.605,49.677],[10.609,49.697],[10.588,49.695],[10.589,49.709],[10.567,49.709],[10.558,49.717],[10.511,49.71],[10.48,49.706],[10.395,49.673],[10.404,49.666],[10.441,49.662],[10.457,49.648],[10.458,49.633],[10.397,49.607],[10.383,49.614],[10.376,49.643],[10.347,49.67],[10.381,49.684],[10.35,49.69],[10.304,49.694],[10.252,49.668],[10.226,49.665],[10.228,49.651],[10.184,49.652],[10.162,49.622],[10.174,49.598],[10.202,49.604],[10.201,49.593],[10.223,49.584],[10.072,49.588]]],[[[10.09,50.569],[10.1,50.555],[10.109,50.564],[10.129,50.564],[10.176,50.544],[10.194,50.555],[10.231,50.532],[10.221,50.539],[10.233,50.545],[10.235,50.555],[10.26,50.548],[10.263,50.571],[10.235,50.59],[10.187,50.593],[10.192,50.605],[10.182,50.617],[10.144,50.618],[10.141,50.599],[10.132,50.592],[10.146,50.588],[10.14,50.579],[10.09,50.569]]],[[[10.097,49.655],[10.148,49.649],[10.179,49.687],[10.123,49.696],[10.128,49.69],[10.114,49.687],[10.097,49.655]]],[[[10.121,50.449],[10.149,50.442],[10.177,50.445],[10.121,50.449]]],[[[10.121,50.556],[10.139,50.543],[10.151,50.552],[10.121,50.564],[10.121,50.556]]],[[[10.129,49.901],[10.141,49.869],[10.187,49.873],[10.172,49.904],[10.129,49.901]]],[[[10.167,50.028],[10.212,50.009],[10.235,50.014],[10.249,50.019],[10.239,50.023],[10.241,50.039],[10.276,50.058],[10.26,50.059],[10.267,50.067],[10.257,50.086],[10.295,50.112],[10.269,50.132],[10.31,50.129],[10.323,50.14],[10.281,50.147],[10.275,50.139],[10.262,50.14],[10.237,50.122],[10.222,50.091],[10.229,50.085],[10.225,50.066],[10.205,50.073],[10.195,50.068],[10.182,50.053],[10.19,50.043],[10.167,50.028]]],[[[10.2,50.5],[10.205,50.47],[10.211,50.487],[10.229,50.496],[10.252,50.484],[10.257,50.463],[10.258,50.454],[10.269,50.477],[10.303,50.486],[10.301,50.494],[10.23,50.516],[10.23,50.511],[10.2,50.5]]],[[[10.269,49.897],[10.274,49.885],[10.313,49.884],[10.292,49.92],[10.279,49.916],[10.283,49.902],[10.269,49.897]]],[[[10.272,49.853],[10.275,49.834],[10.29,49.832],[10.313,49.845],[10.299,49.858],[10.272,49.853]]],[[[10.281,47.737],[10.288,47.707],[10.302,47.709],[10.316,47.697],[10.338,47.719],[10.333,47.733],[10.343,47.738],[10.337,47.762],[10.281,47.737]]],[[[10.284,49.798],[10.317,49.733],[10.299,49.778],[10.366,49.79],[10.357,49.792],[10.37,49.816],[10.356,49.824],[10.32,49.819],[10.308,49.806],[10.284,49.798]]],[[[10.365,49.244],[10.38,49.224],[10.403,49.23],[10.427,49.223],[10.466,49.206],[10.5,49.211],[10.486,49.202],[10.491,49.192],[10.578,49.177],[10.564,49.201],[10.581,49.249],[10.537,49.262],[10.516,49.258],[10.477,49.267],[10.479,49.277],[10.463,49.276],[10.456,49.284],[10.44,49.278],[10.439,49.258],[10.39,49.261],[10.372,49.244],[10.365,49.244]]],[[[10.397,49.748],[10.418,49.731],[10.473,49.729],[10.488,49.718],[10.519,49.731],[10.523,49.743],[10.477,49.76],[10.481,49.776],[10.463,49.786],[10.489,49.787],[10.503,49.8],[10.567,49.774],[10.609,49.774],[10.594,49.788],[10.605,49.807],[10.631,49.801],[10.634,49.813],[10.65,49.821],[10.635,49.828],[10.629,49.844],[10.601,49.856],[10.627,49.876],[10.626,49.891],[10.6,49.89],[10.6,49.876],[10.587,49.875],[10.578,49.859],[10.556,49.865],[10.567,49.884],[10.53,49.883],[10.49,49.868],[10.462,49.875],[10.437,49.847],[10.443,49.838],[10.407,49.78],[10.424,49.757],[10.414,49.74],[10.397,49.748]]],[[[10.431,49.424],[10.479,49.407],[10.478,49.397],[10.585,49.392],[10.587,49.412],[10.543,49.415],[10.536,49.409],[10.524,49.416],[10.545,49.426],[10.542,49.437],[10.559,49.451],[10.47,49.451],[10.431,49.424]]],[[[10.437,50.17],[10.471,50.178],[10.47,50.187],[10.45,50.196],[10.437,50.17]]],[[[10.452,43.768],[10.501,43.753],[10.511,43.757],[10.507,43.756],[10.452,43.768]]],[[[10.52,50.088],[10.538,50.069],[10.574,50.062],[10.574,50.051],[10.613,50.051],[10.622,50.039],[10.659,50.041],[10.685,50.048],[10.686,50.069],[10.663,50.074],[10.653,50.07],[10.655,50.056],[10.647,50.058],[10.62,50.078],[10.632,50.083],[10.595,50.097],[10.58,50.087],[10.551,50.095],[10.52,50.088]]],[[[10.536,49.018],[10.611,48.919],[10.671,48.907],[10.613,48.97],[10.591,48.969],[10.587,48.998],[10.604,49],[10.606,49.009],[10.583,49.032],[10.551,49.033],[10.539,49.027],[10.536,49.018]]],[[[10.578,50.16],[10.586,50.146],[10.596,50.148],[10.595,50.161],[10.578,50.16]]],[[[10.58,49.156],[10.585,49.127],[10.622,49.122],[10.631,49.103],[10.647,49.117],[10.672,49.113],[10.69,49.135],[10.66,49.197],[10.61,49.179],[10.647,49.164],[10.58,49.156]]],[[[10.621,49.235],[10.679,49.231],[10.718,49.247],[10.735,49.245],[10.774,49.259],[10.78,49.28],[10.766,49.288],[10.742,49.283],[10.735,49.301],[10.69,49.31],[10.652,49.299],[10.653,49.286],[10.671,49.287],[10.655,49.252],[10.628,49.246],[10.621,49.235]]],[[[10.667,49.053],[10.668,49.045],[10.684,49.043],[10.695,49.028],[10.744,49.028],[10.734,49.051],[10.742,49.058],[10.699,49.071],[10.676,49.065],[10.68,49.056],[10.667,49.053]]],[[[10.682,49.465],[10.71,49.465],[10.729,49.455],[10.747,49.456],[10.734,49.488],[10.713,49.494],[10.703,49.473],[10.683,49.472],[10.682,49.465]]],[[[10.713,48.899],[10.944,48.853],[10.947,48.857],[10.936,48.857],[10.955,48.881],[10.942,48.906],[10.99,48.927],[11.027,48.985],[10.914,49.03],[10.911,49.03],[10.905,49.025],[10.916,49.012],[10.88,48.998],[10.906,48.971],[10.909,48.945],[10.889,48.934],[10.806,48.94],[10.796,48.916],[10.745,48.919],[10.713,48.899]]],[[[10.771,50.204],[10.827,50.214],[10.837,50.221],[10.771,50.204]]],[[[10.787,49.212],[10.806,49.209],[10.811,49.218],[10.791,49.222],[10.787,49.212]]],[[[10.796,49.92],[10.802,49.885],[10.845,49.908],[10.796,49.92]]],[[[10.842,49.183],[10.86,49.179],[10.872,49.16],[10.901,49.163],[10.906,49.151],[10.927,49.152],[10.968,49.093],[10.996,49.093],[11.02,49.077],[11.06,49.083],[11.073,49.099],[11.088,49.088],[11.192,49.104],[11.189,49.108],[11.222,49.15],[11.264,49.116],[11.277,49.118],[11.278,49.25],[11.225,49.25],[11.228,49.248],[11.203,49.226],[11.215,49.211],[11.067,49.154],[11.05,49.175],[11.017,49.173],[11.01,49.159],[10.985,49.159],[10.972,49.149],[10.966,49.157],[10.985,49.187],[10.933,49.198],[10.917,49.191],[10.879,49.213],[10.844,49.201],[10.842,49.183]]],[[[10.854,49.135],[10.858,49.13],[10.873,49.134],[10.912,49.127],[10.921,49.134],[10.882,49.153],[10.854,49.135]]],[[[10.867,49.687],[10.874,49.673],[10.887,49.667],[10.901,49.672],[10.903,49.682],[10.885,49.69],[10.867,49.687]]],[[[10.881,49.074],[10.884,49.06],[10.915,49.064],[10.89,49.087],[10.881,49.074]]],[[[10.932,49.062],[10.977,49.07],[10.967,49.076],[10.937,49.075],[10.932,49.062]]],[[[10.933,49.353],[10.947,49.35],[10.936,49.333],[10.962,49.326],[10.999,49.336],[10.968,49.347],[10.972,49.36],[10.996,49.371],[10.993,49.395],[10.975,49.396],[10.973,49.379],[10.954,49.384],[10.937,49.377],[10.933,49.353]]],[[[10.936,49.208],[10.972,49.208],[11.03,49.232],[10.994,49.265],[10.948,49.249],[10.947,49.227],[10.937,49.223],[10.936,49.208]]],[[[10.971,49.521],[10.973,49.523],[10.985,49.52],[10.989,49.497],[11.012,49.494],[11.018,49.481],[11.012,49.459],[11.028,49.433],[11.028,49.449],[11.279,49.515],[11.222,49.697],[11.191,49.691],[11.201,49.681],[11.197,49.672],[11.141,49.649],[11.164,49.646],[11.198,49.654],[11.2,49.647],[11.173,49.612],[11.2,49.607],[11.177,49.59],[11.128,49.587],[11.122,49.581],[11.011,49.583],[11.025,49.569],[11.022,49.556],[10.989,49.553],[10.971,49.521]]],[[[11.015,49.412],[11.026,49.394],[11.025,49.378],[11.028,49.376],[11.028,49.413],[11.015,49.412]]],[[[11.108,51.035],[11.124,51.021],[11.147,51.017],[11.144,51.009],[11.151,51.004],[11.188,51.022],[11.155,51.037],[11.108,51.035]]],[[[11.12,50.918],[11.134,50.905],[11.147,50.908],[11.176,50.896],[11.19,50.903],[11.191,50.91],[11.153,50.919],[11.12,50.918]]],[[[11.17,50.94],[11.188,50.938],[11.188,50.948],[11.172,50.956],[11.17,50.94]]],[[[11.181,49.737],[11.19,49.723],[11.212,49.729],[11.212,49.731],[11.199,49.746],[11.181,49.737]]],[[[11.192,49.845],[11.196,49.801],[11.212,49.794],[11.21,49.785],[11.295,49.807],[11.26,49.873],[11.276,49.887],[11.262,49.899],[11.225,49.9],[11.192,49.891],[11.2,49.879],[11.234,49.874],[11.229,49.841],[11.192,49.845]]],[[[11.26,50.006],[11.28,49.972],[11.346,49.95],[11.376,49.931],[11.354,49.917],[11.372,49.892],[11.391,49.888],[11.387,49.896],[11.408,49.896],[11.414,49.886],[11.488,49.858],[11.493,49.859],[11.491,49.861],[11.504,49.957],[11.642,50.078],[11.625,50.088],[11.643,50.103],[11.65,50.138],[11.607,50.143],[11.595,50.119],[11.58,50.116],[11.545,50.125],[11.542,50.149],[11.507,50.149],[11.45,50.171],[11.437,50.186],[11.413,50.176],[11.398,50.179],[11.383,50.194],[11.36,50.176],[11.363,50.159],[11.399,50.161],[11.386,50.149],[11.385,50.131],[11.367,50.126],[11.358,50.095],[11.32,50.077],[11.33,50.073],[11.319,50.062],[11.325,50.05],[11.285,50.035],[11.29,50.023],[11.264,50.017],[11.26,50.006]]],[[[11.375,50.233],[11.378,50.224],[11.409,50.216],[11.419,50.202],[11.459,50.226],[11.451,50.24],[11.386,50.246],[11.375,50.233]]],[[[11.536,50.266],[11.575,50.257],[11.547,50.238],[11.543,50.222],[11.557,50.217],[11.553,50.2],[11.571,50.192],[11.553,50.182],[11.542,50.149],[11.578,50.153],[11.607,50.175],[11.605,50.196],[11.626,50.207],[11.605,50.225],[11.613,50.236],[11.598,50.259],[11.536,50.266]]],[[[11.68,51.956],[11.694,51.95],[11.691,51.931],[11.712,51.929],[11.714,51.944],[11.722,51.946],[11.734,51.937],[11.792,51.943],[11.8,51.94],[11.793,51.945],[11.795,51.962],[11.766,51.963],[11.767,51.992],[11.766,51.977],[11.696,51.967],[11.68,51.956]]],[[[11.812,52.216],[11.843,52.206],[11.858,52.182],[11.893,52.172],[11.928,52.182],[11.931,52.167],[11.927,52.198],[11.993,52.199],[11.993,52.215],[11.951,52.217],[11.945,52.234],[11.971,52.247],[11.947,52.27],[11.916,52.28],[11.888,52.269],[11.869,52.258],[11.87,52.249],[11.847,52.229],[11.825,52.229],[11.812,52.216]]],[[[11.837,52.037],[11.881,52.021],[11.885,52.015],[11.899,52.017],[11.886,52.024],[11.881,52.027],[11.898,52.029],[11.908,52.041],[11.896,52.045],[11.895,52.053],[11.854,52.052],[11.837,52.037]]],[[[12.062,52.212],[12.1,52.207],[12.121,52.226],[12.094,52.233],[12.07,52.23],[12.062,52.212]]],[[[12.073,52.17],[12.097,52.167],[12.113,52.147],[12.109,52.124],[12.149,52.146],[12.142,52.159],[12.166,52.151],[12.183,52.168],[12.127,52.188],[12.073,52.17]]],[[[12.134,52.265],[12.136,52.253],[12.147,52.249],[12.146,52.229],[12.158,52.219],[12.218,52.22],[12.257,52.233],[12.334,52.222],[12.347,52.211],[12.398,52.195],[12.435,52.196],[12.443,52.189],[12.434,52.165],[12.423,52.154],[12.427,52.155],[12.448,52.178],[12.463,52.175],[12.409,52.309],[12.373,52.303],[12.339,52.314],[12.342,52.34],[12.308,52.345],[12.244,52.266],[12.206,52.279],[12.134,52.265]]],[[[12.358,52.137],[12.415,52.152],[12.365,52.144],[12.358,52.137]]],[[[12.362,52.438],[12.366,52.429],[12.388,52.432],[12.394,52.391],[12.406,52.401],[12.445,52.386],[12.458,52.399],[12.477,52.395],[12.452,52.364],[12.438,52.364],[12.421,52.348],[12.469,52.33],[12.464,52.318],[12.49,52.318],[12.493,52.452],[12.438,52.467],[12.432,52.458],[12.405,52.456],[12.362,52.438]]],[[[12.779,52.094],[12.825,52.089],[12.829,52.081],[12.84,52.085],[12.847,52.069],[12.838,52.056],[12.844,52.052],[12.827,52.042],[12.876,52.02],[12.904,52.036],[12.976,52.025],[12.962,52.043],[12.909,52.064],[12.939,52.107],[12.993,52.096],[12.986,52.116],[12.797,52.116],[12.792,52.101],[12.779,52.094]]],[[[12.929,51.962],[12.992,51.961],[12.968,51.962],[12.97,51.975],[12.957,51.978],[12.931,51.972],[12.929,51.962]]],[[[13.165,51.884],[13.222,51.878],[13.232,51.869],[13.221,51.858],[13.228,51.838],[13.258,51.82],[13.283,51.825],[13.306,51.82],[13.31,51.831],[13.301,51.84],[13.314,51.845],[13.314,51.847],[13.303,51.862],[13.273,51.876],[13.269,51.895],[13.271,51.915],[13.266,51.895],[13.233,51.895],[13.23,51.878],[13.165,51.884]]],[[[13.437,48.637],[13.491,48.574],[13.483,48.6],[13.502,48.609],[13.532,48.606],[13.536,48.63],[13.437,48.637]]],[[[13.659,48.898],[13.676,48.879],[13.707,48.879],[13.659,48.898]]],[[[13.749,48.862],[13.768,48.833],[13.793,48.829],[13.796,48.815],[13.815,48.797],[13.804,48.781],[13.84,48.772],[13.873,48.768],[13.939,48.723],[14,48.709],[13.937,48.787],[13.749,48.862]]],[[[13.777,53.949],[13.822,53.844],[13.823,53.844],[13.848,53.845],[13.88,53.839],[14.029,53.865],[14.068,53.843],[14.205,53.813],[14.174,53.907],[14.07,53.918],[13.778,54.044],[13.777,53.949]]],[[[14.015,48.638],[14.043,48.629],[14.043,48.615],[14.054,48.604],[14.069,48.604],[14.068,48.595],[14.09,48.599],[14.046,48.653],[14.027,48.653],[14.015,48.638]]],[[[14.149,48.593],[14.164,48.589],[14.191,48.593],[14.242,48.578],[14.267,48.581],[14.325,48.562],[14.331,48.553],[14.353,48.563],[14.36,48.575],[14.375,48.569],[14.39,48.574],[14.392,48.594],[14.432,48.59],[14.453,48.623],[14.149,48.593]]],[[[14.227,53.91],[14.248,53.816],[14.334,53.83],[14.459,53.819],[14.473,53.877],[14.425,53.915],[14.227,53.91]]],[[[14.357,48.276],[14.439,48.252],[14.458,48.236],[14.499,48.246],[14.583,48.227],[14.626,48.189],[14.621,48.231],[14.531,48.29],[14.425,48.305],[14.357,48.276]]],[[[14.467,53.91],[14.473,53.877],[14.483,53.819],[14.557,53.76],[14.565,53.694],[14.539,53.669],[14.582,53.622],[14.601,53.557],[14.634,53.534],[14.731,53.557],[14.826,53.568],[14.851,53.504],[14.902,53.438],[15.042,53.36],[15.075,53.296],[15.25,53.259],[15.257,53.26],[15.44,53.53],[15.781,53.462],[15.704,53.665],[15.794,53.732],[16.049,53.665],[15.982,54.071],[16.146,54.045],[16.156,54.047],[16.132,54.057],[16.068,54.111],[15.969,54.072],[15.768,53.954],[15.733,53.898],[15.732,53.877],[15.717,53.869],[15.683,53.88],[15.623,53.875],[15.601,53.865],[15.579,53.872],[15.572,53.887],[15.536,53.888],[15.508,53.913],[15.578,53.994],[15.433,54.039],[15.416,54.079],[15.417,54.081],[15.312,54.071],[15.08,54.003],[14.886,53.98],[14.467,53.91]]],[[[14.496,48.627],[14.501,48.619],[14.548,48.614],[14.559,48.604],[14.609,48.628],[14.626,48.605],[14.646,48.61],[14.654,48.604],[14.665,48.582],[14.704,48.584],[14.721,48.602],[14.714,48.617],[14.72,48.64],[14.714,48.649],[14.496,48.627]]],[[[14.673,47.955],[14.692,47.945],[14.714,47.905],[14.703,47.857],[14.748,47.815],[14.788,47.823],[14.774,47.858],[14.807,47.885],[14.811,47.927],[14.882,47.93],[14.888,47.961],[14.83,48.011],[14.785,48.019],[14.676,47.983],[14.673,47.955]]],[[[14.73,48.077],[14.735,48.06],[14.77,48.066],[14.762,48.082],[14.73,48.077]]],[[[14.858,48.828],[14.87,48.838],[14.879,48.869],[14.858,48.828]]],[[[14.9,48.909],[14.943,48.891],[14.992,48.898],[14.976,48.969],[14.981,48.981],[14.941,48.985],[14.9,48.909]]],[[[15.159,48.95],[15.162,48.942],[15.188,48.944],[15.226,48.96],[15.168,48.965],[15.17,48.963],[15.159,48.95]]],[[[15.322,48.265],[15.337,48.239],[15.381,48.255],[15.418,48.317],[15.506,48.349],[15.531,48.378],[15.502,48.409],[15.386,48.418],[15.322,48.265]]],[[[15.576,48.189],[15.662,48.176],[15.675,48.214],[15.592,48.23],[15.576,48.189]]],[[[15.707,48.343],[15.762,48.331],[15.785,48.375],[15.723,48.38],[15.707,48.343]]],[[[16.019,48.334],[16.029,48.31],[16.07,48.305],[16.118,48.369],[16.09,48.374],[16.061,48.338],[16.019,48.334]]],[[[16.233,54.271],[16.265,54.235],[16.386,54.149],[16.42,54.134],[16.523,54.131],[16.52,54.114],[16.545,54.083],[16.553,54.085],[16.55,54.092],[16.58,54.103],[16.615,54.087],[16.654,54.053],[16.648,54.033],[16.665,54.024],[16.683,54.031],[16.706,54.012],[16.688,54.039],[16.99,54.19],[17.111,54.13],[17.747,54.433],[17.658,54.685],[16.976,54.549],[16.473,54.415],[16.233,54.271]]],[[[16.314,53.8],[16.485,53.8],[16.652,53.856],[16.62,53.862],[16.633,53.874],[16.62,53.886],[16.616,53.906],[16.563,53.904],[16.427,53.969],[16.401,53.974],[16.397,53.973],[16.314,53.8]]],[[[16.475,48.181],[16.557,48.145],[16.611,48.226],[16.558,48.255],[16.502,48.246],[16.475,48.181]]],[[[16.668,53.832],[16.695,53.761],[16.809,53.635],[16.809,53.852],[16.8,53.843],[16.791,53.849],[16.789,53.81],[16.766,53.804],[16.753,53.817],[16.73,53.822],[16.692,53.812],[16.696,53.817],[16.686,53.828],[16.668,53.832]]],[[[16.728,53.911],[16.747,53.879],[16.773,53.868],[16.794,53.881],[16.77,53.917],[16.761,53.906],[16.728,53.911]]],[[[16.921,48.701],[16.942,48.683],[16.972,48.687],[16.972,48.691],[16.94,48.686],[16.927,48.704],[16.921,48.701]]],[[[17.681,48.86],[17.87,48.8],[18.114,48.854],[18.114,48.99],[18.223,48.99],[18.25,49.181],[18.35,49.321],[18.297,49.304],[18.231,49.293],[18.132,49.189],[18.133,49.16],[18.107,49.134],[18.119,49.124],[18.111,49.114],[18.116,49.093],[18.092,49.058],[18.069,49.037],[18.024,49.021],[17.991,49.028],[17.977,49.026],[17.938,48.985],[17.905,48.976],[17.884,48.927],[17.781,48.925],[17.781,48.915],[17.706,48.862],[17.681,48.86]]]]}},{"type":"Feature","properties":{"NAME":"County of Flanders","SUBJECTO":"France","PARTOF":"France"},"geometry":{"type":"Polygon","coordinates":[[[3.781,50.736],[3.836,50.742],[3.83,50.746],[3.781,50.736]]]}},{"type":"Feature","properties":{"NAME":"County of Artois","SUBJECTO":"France","PARTOF":"France"},"geometry":{"type":"MultiPolygon","coordinates":[[[[2.173,50.215],[2.265,50.213],[2.203,50.219],[2.173,50.215]]],[[[2.708,50.123],[2.776,50.107],[2.708,50.127],[2.708,50.123]]]]}},{"type":"Feature","properties":{"NAME":"Samis","ABBREVN":"Samis","SUBJECTO":"Samis","BORDERPRECISION":1,"PARTOF":"Samis"},"geometry":{"type":"MultiPolygon","coordinates":[[[[17.261,64.206],[17.731,64.559],[17.33,64.826],[18.534,66.432],[18.4,67.235],[18.959,68.294],[19.821,69.37],[20.158,69.748],[20.286,69.786],[20.358,69.71],[20.278,69.582],[20.197,69.318],[20.553,69.522],[20.734,69.779],[21.103,69.818],[21.412,70.015],[21.609,69.963],[21.908,69.804],[22.163,70.093],[22.306,70.216],[22.746,70.171],[23.204,69.943],[23.292,70.011],[23.508,70.279],[23.827,70.479],[23.955,70.502],[24.208,70.472],[24.36,70.61],[24.571,70.741],[24.849,70.827],[25.389,70.905],[25.832,70.898],[25.231,70.558],[25.122,70.435],[25.074,70.144],[25.263,70.107],[25.574,70.367],[26.263,70.791],[26.607,70.915],[26.619,70.799],[26.617,70.392],[26.934,70.469],[27.131,70.577],[27.516,70.97],[27.948,71.017],[28.211,71.018],[28.308,70.949],[28.136,70.833],[27.985,70.717],[28.019,70.609],[27.875,70.425],[28.29,70.372],[28.389,70.572],[28.795,70.865],[28.984,70.857],[29.741,70.605],[30.041,70.544],[30.462,70.537],[30.754,70.43],[30.799,70.308],[30.252,70.131],[29.735,70.115],[28.73,70.136],[29.08,69.961],[29.556,69.833],[29.729,69.698],[30.056,69.721],[30.361,69.767],[30.735,69.752],[31.054,69.64],[31.331,69.663],[31.782,69.777],[32.072,69.883],[32.076,69.815],[32.191,69.642],[32.352,69.514],[32.596,69.424],[33.01,69.387],[33.281,69.342],[33.316,69.071],[33.628,69.215],[33.818,69.192],[34.305,69.171],[34.699,69.164],[34.934,69.149],[35.437,69.15],[36.018,69.024],[37.246,68.793],[37.689,68.63],[38.406,68.243],[38.668,68.146],[39.918,67.94],[40.826,67.66],[40.973,67.534],[40.951,67.335],[41.017,67.202],[41.209,67.069],[41.255,66.937],[41.147,66.782],[40.836,66.561],[40.345,66.319],[39.978,66.201],[39.19,66.039],[38.782,66.001],[38.048,66.007],[37.422,66.094],[36.505,66.172],[35.772,66.259],[35.168,66.412],[34.153,66.63],[33.437,66.702],[33.158,66.914],[32.991,66.988],[32.644,67.046],[32.219,66.994],[32.425,66.891],[32.754,66.649],[32.971,66.583],[33.47,66.313],[33.844,66.182],[34.258,66.11],[34.544,66.001],[34.726,65.797],[34.726,65.615],[34.601,65.484],[34.293,65.396],[30.604,64.938],[27.232,63.354],[23.131,63.783],[23.58,64.082],[24.094,64.377],[24.47,64.636],[24.932,64.816],[25.325,64.802],[25.352,64.939],[25.293,65.004],[25.133,65.076],[25.252,65.417],[25.104,65.54],[24.591,65.583],[24.215,65.786],[23.844,65.798],[23.406,65.725],[23.204,65.681],[22.798,65.855],[22.646,65.935],[22.49,65.883],[22.202,65.715],[21.957,65.446],[21.819,65.38],[21.522,65.372],[21.277,65.212],[21.424,65.104],[21.489,65.017],[21.329,64.894],[20.921,64.714],[21.064,64.592],[21.237,64.521],[21.386,64.385],[21.049,64.219],[20.873,64.033],[17.261,64.206]]]]}},{"type":"Feature","properties":{"NAME":null,"ABBREVN":null,"SUBJECTO":null,"BORDERPRECISION":1,"PARTOF":null},"geometry":{"type":"MultiPolygon","coordinates":[[[[19.334,57.956],[19.287,57.937],[19.257,57.949],[19.163,57.927],[19.142,57.908],[19.126,57.84],[19.078,57.858],[19.034,57.901],[19.036,57.919],[19.089,57.97],[19.105,57.975],[19.296,57.977],[19.332,57.965],[19.334,57.956]]]]}},{"type":"Feature","properties":{"NAME":"Byzantine Empire","ABBREVN":"Byzantine E.","SUBJECTO":"Byzantine Empire","BORDERPRECISION":1,"PARTOF":"Byzantine Empire"},"geometry":{"type":"MultiPolygon","coordinates":[[[[19.339,40.589],[19.494,40.403],[19.484,40.296],[19.38,40.324],[19.369,40.26],[19.804,40.017],[20.029,39.814],[20.091,39.603],[20.212,39.405],[20.678,39.08],[20.901,39.062],[21.007,39.113],[21.16,39.005],[21.105,38.922],[21.007,38.871],[20.893,38.896],[20.772,38.851],[21.172,38.348],[21.364,38.412],[21.661,38.438],[21.826,38.464],[22.334,38.427],[22.441,38.383],[22.427,38.418],[22.399,38.451],[22.398,38.468],[22.483,38.599],[22.516,38.678],[22.574,38.706],[22.917,38.746],[22.899,38.767],[22.723,38.793],[22.602,38.856],[22.49,38.877],[22.784,38.94],[22.871,39.024],[22.835,39.166],[22.766,39.203],[22.72,39.287],[22.851,39.366],[22.981,39.329],[23.045,39.271],[23.1,39.187],[23.052,39.103],[23.158,39.14],[23.236,39.203],[23.074,39.413],[22.813,39.603],[22.754,39.818],[22.695,39.834],[22.555,39.987],[22.526,40.064],[22.467,40.118],[22.49,40.231],[22.602,40.397],[22.492,40.498],[22.701,40.577],[22.77,40.667],[22.852,40.651],[22.875,40.596],[22.864,40.535],[22.748,40.482],[22.96,40.315],[23.141,40.266],[23.215,40.182],[23.276,40.05],[23.261,39.971],[23.597,39.934],[23.639,39.96],[23.592,40.002],[23.436,40.045],[23.367,40.108],[23.259,40.229],[23.293,40.245],[23.292,40.287],[23.349,40.282],[23.442,40.256],[23.596,40.192],[23.796,39.987],[23.907,39.997],[23.92,40.055],[23.869,40.161],[23.804,40.155],[23.652,40.229],[23.659,40.287],[23.627,40.345],[23.722,40.348],[23.775,40.393],[24.048,40.308],[24.055,40.261],[24.221,40.145],[24.295,40.176],[23.924,40.451],[23.785,40.477],[23.709,40.63],[23.633,40.713],[23.635,40.773],[23.748,40.804],[23.886,40.733],[24.025,40.746],[24.219,40.83],[24.354,40.971],[24.505,40.984],[24.519,40.873],[24.701,40.878],[24.812,40.933],[25.019,41.017],[25.046,40.952],[25.301,40.896],[25.993,40.852],[26.021,40.669],[26.124,40.603],[26.418,40.578],[26.455,40.584],[26.556,40.498],[26.458,40.435],[26.195,40.303],[26.223,40.224],[26.214,40.161],[26.141,40.045],[26.255,40.082],[26.376,40.213],[26.514,40.282],[26.614,40.398],[26.889,40.525],[27.264,40.667],[27.313,40.79],[27.474,40.963],[27.932,40.958],[28.026,41.026],[28.173,41.058],[28.596,40.947],[28.828,40.915],[28.964,40.989],[29.081,41.201],[29.012,41.255],[28.74,41.325],[28.371,41.433],[28.104,41.593],[28.07,41.625],[28.018,41.753],[28.026,41.882],[27.918,41.978],[27.913,42.078],[27.738,42.247],[27.723,42.316],[27.608,42.417],[27.495,42.401],[27.502,42.516],[27.654,42.684],[27.836,42.736],[27.87,42.8],[27.887,43.064],[26.648,42.553],[26.583,41.834],[26.06,42.095],[24.297,42.03],[21.489,42.879],[20.705,42.814],[19.607,41.762],[19.619,41.559],[19.499,41.524],[19.417,41.345],[19.53,41.218],[19.445,40.965],[19.527,40.866],[19.339,40.589]]],[[[21.614,37.281],[21.629,37.291],[21.644,37.319],[21.617,37.387],[21.627,37.307],[21.614,37.281]]],[[[22.035,36.979],[22.081,36.943],[22.092,36.982],[22.049,36.984],[22.035,36.979]]],[[[22.215,36.815],[22.309,36.658],[22.308,36.671],[22.273,36.735],[22.253,36.752],[22.247,36.79],[22.215,36.815]]],[[[22.628,36.744],[22.674,36.754],[22.762,36.715],[22.762,36.716],[22.741,36.763],[22.651,36.764],[22.629,36.757],[22.628,36.744]]],[[[22.87,38.837],[23.121,38.867],[23.463,38.624],[23.638,38.523],[23.6,38.457],[23.661,38.404],[24.025,38.386],[24.314,37.985],[24.527,37.967],[24.588,38.153],[24.292,38.195],[24.208,38.552],[24.132,38.653],[23.79,38.719],[23.242,39.044],[23.014,38.961],[22.87,38.837]]],[[[22.971,37.385],[23.012,37.374],[23.01,37.394],[22.976,37.387],[22.972,37.388],[22.971,37.385]]],[[[23.467,35.318],[23.513,35.276],[23.568,35.255],[23.786,35.263],[24.013,35.21],[24.324,35.208],[24.69,35.092],[24.716,35.035],[24.693,34.94],[25.591,35.016],[25.742,35.009],[25.899,35.045],[26.16,35.024],[26.243,35.145],[26.236,35.229],[26.274,35.313],[26.169,35.247],[26.099,35.216],[26.064,35.239],[25.935,35.213],[25.789,35.137],[25.742,35.137],[25.668,35.187],[25.714,35.327],[25.673,35.349],[25.512,35.295],[25.014,35.362],[24.997,35.421],[24.769,35.428],[24.388,35.373],[24.23,35.391],[24.22,35.449],[24.178,35.47],[24.073,35.496],[24.091,35.52],[24.136,35.522],[24.153,35.564],[24.082,35.612],[24.033,35.598],[24.039,35.562],[23.957,35.528],[23.879,35.552],[23.743,35.562],[23.734,35.627],[23.697,35.698],[23.665,35.667],[23.671,35.572],[23.529,35.57],[23.467,35.318]]],[[[23.627,37.889],[23.634,37.879],[23.672,37.871],[23.668,37.88],[23.627,37.889]]],[[[23.802,37.742],[23.836,37.685],[23.851,37.685],[23.849,37.686],[23.841,37.706],[23.85,37.743],[23.834,37.763],[23.82,37.762],[23.802,37.742]]],[[[24.261,37.541],[24.383,37.571],[24.398,37.667],[24.299,37.661],[24.261,37.541]]],[[[24.299,36.753],[24.466,36.649],[24.679,36.759],[24.588,36.869],[24.428,36.795],[24.299,36.753]]],[[[24.36,37.305],[24.489,37.396],[24.398,37.468],[24.36,37.396],[24.36,37.305]]],[[[24.428,37.208],[24.444,37.099],[24.535,37.117],[24.428,37.208]]],[[[24.649,37.014],[24.679,36.905],[24.786,36.948],[24.717,37.051],[24.649,37.014]]],[[[24.656,37.901],[24.923,37.691],[25.318,37.402],[25.47,37.438],[25.272,37.565],[24.763,38.003],[24.656,37.901]]],[[[24.824,36.637],[24.945,36.57],[24.976,36.637],[24.877,36.68],[24.824,36.661],[24.824,36.637]]],[[[24.846,37.366],[25.044,37.378],[24.945,37.51],[24.862,37.529],[24.846,37.366]]],[[[24.938,36.96],[25.113,36.941],[25.31,37.002],[25.31,37.196],[25.151,37.172],[24.938,36.96]]],[[[25.044,36.661],[25.059,36.619],[25.196,36.674],[25.166,36.741],[25.044,36.661]]],[[[25.242,36.753],[25.265,36.704],[25.386,36.637],[25.432,36.698],[25.295,36.808],[25.242,36.753]]],[[[25.318,36.399],[25.386,36.319],[25.493,36.331],[25.493,36.423],[25.371,36.497],[25.333,36.46],[25.318,36.399]]],[[[25.341,37.087],[25.363,37.008],[25.455,36.923],[25.546,36.96],[25.599,37.026],[25.607,37.124],[25.538,37.22],[25.341,37.087]]],[[[25.713,36.35],[25.766,36.338],[25.873,36.356],[25.789,36.405],[25.736,36.387],[25.713,36.35]]],[[[25.751,36.783],[25.835,36.783],[26.086,36.899],[26.025,36.96],[25.949,36.911],[25.858,36.838],[25.751,36.814],[25.751,36.783]]],[[[26.064,39.456],[26.139,39.44],[26.804,39.567],[26.958,39.548],[26.926,39.477],[26.854,39.461],[26.72,39.337],[26.602,39.256],[26.704,39.25],[26.708,39.182],[26.797,39.13],[26.871,39.056],[26.79,39.024],[26.785,38.94],[26.937,38.925],[27.004,38.885],[27.035,38.821],[26.966,38.77],[26.709,38.699],[26.696,38.641],[26.829,38.583],[26.82,38.527],[26.997,38.4],[26.742,38.278],[26.527,38.418],[26.469,38.445],[26.392,38.219],[26.393,38.104],[26.512,38.066],[26.679,38.105],[26.961,37.946],[27.14,37.889],[27.18,37.774],[27.141,37.647],[27.123,37.494],[27.16,37.36],[27.365,37.329],[27.493,37.24],[27.526,37.131],[27.269,37.042],[27.308,36.921],[27.999,36.909],[28.051,36.833],[27.942,36.756],[27.912,36.699],[28.014,36.527],[28.267,36.712],[28.47,36.738],[28.814,36.535],[29.002,36.695],[30.591,37.782],[30.73,39.663],[31.984,39.663],[34.492,40.917],[34.663,41.876],[34.304,41.894],[33.897,41.951],[33.556,41.983],[33.155,41.95],[32.688,41.846],[32.419,41.749],[31.666,41.395],[31.386,41.285],[31.404,41.164],[31.218,41.054],[30.745,41.04],[30.256,41.185],[30.138,41.132],[29.578,41.153],[29.161,41.216],[29.015,40.979],[29.29,40.807],[29.32,40.741],[29.683,40.752],[29.883,40.746],[29.713,40.694],[29.525,40.688],[28.902,40.62],[28.778,40.525],[28.873,40.472],[29.084,40.456],[29.122,40.414],[29.052,40.335],[28.756,40.376],[28.478,40.395],[27.908,40.351],[28.006,40.451],[27.954,40.488],[27.808,40.504],[27.679,40.461],[27.8,40.403],[27.83,40.345],[27.764,40.287],[27.526,40.297],[27.45,40.31],[27.329,40.356],[27.272,40.451],[27.056,40.43],[26.996,40.372],[26.765,40.377],[26.482,40.187],[26.403,40.176],[26.32,39.992],[26.186,39.997],[26.128,39.879],[26.142,39.661],[26.085,39.604],[26.064,39.456]]]]}},{"type":"Feature","properties":{"NAME":null,"ABBREVN":null,"SUBJECTO":null,"BORDERPRECISION":1,"PARTOF":null},"geometry":{"type":"Polygon","coordinates":[[[-4.569,53.388],[-4.567,53.273],[-4.494,53.189],[-4.402,53.126],[-4.351,53.124],[-4.326,53.145],[-4.218,53.2],[-4.153,53.226],[-4.09,53.255],[-4.047,53.303],[-4.222,53.322],[-4.277,53.398],[-4.314,53.412],[-4.429,53.424],[-4.56,53.397],[-4.569,53.388]]]}},{"type":"Feature","properties":{"NAME":null,"ABBREVN":null,"SUBJECTO":null,"BORDERPRECISION":1,"PARTOF":null},"geometry":{"type":"MultiPolygon","coordinates":[[[[-5.104,55.439],[-5.232,55.43],[-5.34,55.475],[-5.4,55.601],[-5.381,55.669],[-5.295,55.717],[-5.239,55.714],[-5.16,55.679],[-5.085,55.557],[-5.076,55.455],[-5.104,55.439]]]]}},{"type":"Feature","properties":{"NAME":null,"ABBREVN":null,"SUBJECTO":null,"BORDERPRECISION":1,"PARTOF":null},"geometry":{"type":"MultiPolygon","coordinates":[[[[-6.122,55.879],[-6.098,55.797],[-6.088,55.784],[-6.052,55.767],[-6.03,55.721],[-6.025,55.681],[-6.077,55.65],[-6.274,55.573],[-6.326,55.587],[-6.322,55.615],[-6.286,55.707],[-6.253,55.764],[-6.251,55.771],[-6.265,55.778],[-6.338,55.78],[-6.38,55.728],[-6.449,55.68],[-6.485,55.669],[-6.509,55.682],[-6.495,55.734],[-6.45,55.849],[-6.442,55.854],[-6.37,55.869],[-6.31,55.864],[-6.137,55.934],[-6.119,55.922],[-6.122,55.879]]]]}},{"type":"Feature","properties":{"NAME":null,"ABBREVN":null,"SUBJECTO":null,"BORDERPRECISION":1,"PARTOF":null},"geometry":{"type":"MultiPolygon","coordinates":[[[[-5.947,55.83],[-5.972,55.788],[-6.027,55.792],[-6.063,55.804],[-6.076,55.816],[-6.088,55.877],[-6.079,55.906],[-5.968,56.024],[-5.809,56.11],[-5.711,56.15],[-5.694,56.147],[-5.685,56.126],[-5.691,56.107],[-5.746,56.064],[-5.947,55.83]]]]}},{"type":"Feature","properties":{"NAME":null,"ABBREVN":null,"SUBJECTO":null,"BORDERPRECISION":1,"PARTOF":null},"geometry":{"type":"MultiPolygon","coordinates":[[[[-7.467,56.941],[-7.55,56.947],[-7.56,56.96],[-7.44,57.054],[-7.419,57.044],[-7.378,56.982],[-7.435,56.945],[-7.467,56.941]]]]}},{"type":"Feature","properties":{"NAME":null,"ABBREVN":null,"SUBJECTO":null,"BORDERPRECISION":1,"PARTOF":null},"geometry":{"type":"MultiPolygon","coordinates":[[[[-7.223,57.337],[-7.252,57.327],[-7.285,57.336],[-7.288,57.322],[-7.259,57.152],[-7.215,57.114],[-7.226,57.097],[-7.287,57.106],[-7.356,57.099],[-7.381,57.109],[-7.417,57.182],[-7.425,57.382],[-7.368,57.401],[-7.336,57.396],[-7.272,57.375],[-7.223,57.337]]]]}},{"type":"Feature","properties":{"NAME":null,"ABBREVN":null,"SUBJECTO":null,"BORDERPRECISION":1,"PARTOF":null},"geometry":{"type":"MultiPolygon","coordinates":[[[[-7.269,57.399],[-7.314,57.4],[-7.388,57.424],[-7.409,57.448],[-7.406,57.464],[-7.351,57.489],[-7.244,57.476],[-7.205,57.461],[-7.202,57.419],[-7.269,57.399]]]]}},{"type":"Feature","properties":{"NAME":null,"ABBREVN":null,"SUBJECTO":null,"BORDERPRECISION":1,"PARTOF":null},"geometry":{"type":"MultiPolygon","coordinates":[[[[-7.189,57.687],[-7.067,57.637],[-7.154,57.509],[-7.321,57.505],[-7.325,57.544],[-7.412,57.568],[-7.477,57.562],[-7.543,57.591],[-7.491,57.646],[-7.473,57.655],[-7.275,57.656],[-7.245,57.677],[-7.189,57.687]]]]}},{"type":"Feature","properties":{"NAME":null,"ABBREVN":null,"SUBJECTO":null,"BORDERPRECISION":1,"PARTOF":null},"geometry":{"type":"MultiPolygon","coordinates":[[[[-7.006,57.881],[-7.074,57.878],[-7.077,57.893],[-7.033,57.916],[-6.994,57.919],[-6.997,57.891],[-7.006,57.881]]]]}},{"type":"Feature","properties":{"NAME":null,"ABBREVN":null,"SUBJECTO":null,"BORDERPRECISION":1,"PARTOF":null},"geometry":{"type":"MultiPolygon","coordinates":[[[[-6.802,58.203],[-6.869,58.204],[-6.89,58.252],[-6.854,58.25],[-6.81,58.229],[-6.794,58.218],[-6.791,58.207],[-6.802,58.203]]]]}},{"type":"Feature","properties":{"NAME":null,"ABBREVN":null,"SUBJECTO":null,"BORDERPRECISION":1,"PARTOF":null},"geometry":{"type":"MultiPolygon","coordinates":[[[[-6.204,58.356],[-6.232,58.318],[-6.324,58.264],[-6.328,58.238],[-6.325,58.232],[-6.277,58.223],[-6.221,58.234],[-6.168,58.261],[-6.148,58.256],[-6.158,58.218],[-6.172,58.207],[-6.225,58.184],[-6.264,58.177],[-6.329,58.183],[-6.367,58.159],[-6.382,58.13],[-6.497,58.097],[-6.62,58.082],[-6.497,58.087],[-6.396,58.105],[-6.354,58.033],[-6.458,57.968],[-6.474,57.94],[-6.571,57.911],[-6.662,57.924],[-6.699,57.967],[-6.706,58.008],[-6.697,58.021],[-6.653,58.048],[-6.594,58.046],[-6.6,58.054],[-6.684,58.057],[-6.761,57.998],[-6.726,57.954],[-6.685,57.934],[-6.661,57.885],[-6.735,57.826],[-6.973,57.725],[-7.124,57.821],[-7.127,57.833],[-7.118,57.838],[-7.066,57.821],[-6.83,57.901],[-6.879,57.932],[-6.935,57.95],[-6.985,57.959],[-7.036,57.953],[-7.075,57.962],[-7.113,57.984],[-7.084,58.008],[-7.056,58.02],[-7.058,58.036],[-7.094,58.071],[-7.128,58.13],[-7.094,58.182],[-7.041,58.233],[-7.001,58.234],[-6.908,58.213],[-6.908,58.206],[-6.936,58.188],[-6.862,58.104],[-6.873,58.179],[-6.805,58.196],[-6.75,58.185],[-6.745,58.197],[-6.787,58.229],[-6.808,58.26],[-6.818,58.28],[-6.798,58.302],[-6.673,58.349],[-6.652,58.349],[-6.647,58.342],[-6.55,58.363],[-6.293,58.488],[-6.267,58.512],[-6.223,58.496],[-6.166,58.425],[-6.204,58.356]]]]}},{"type":"Feature","properties":{"NAME":null,"ABBREVN":null,"SUBJECTO":null,"BORDERPRECISION":1,"PARTOF":null},"geometry":{"type":"MultiPolygon","coordinates":[[[[-2.918,58.732],[-2.948,58.731],[-2.971,58.742],[-3.037,58.818],[-3.004,58.833],[-2.916,58.839],[-2.886,58.832],[-2.878,58.824],[-2.918,58.732]]]]}},{"type":"Feature","properties":{"NAME":null,"ABBREVN":null,"SUBJECTO":null,"BORDERPRECISION":1,"PARTOF":null},"geometry":{"type":"MultiPolygon","coordinates":[[[[-3.231,58.776],[-3.301,58.778],[-3.431,58.871],[-3.418,58.904],[-3.398,58.917],[-3.336,58.927],[-3.228,58.885],[-3.136,58.804],[-3.142,58.785],[-3.231,58.776]]]]}},{"type":"Feature","properties":{"NAME":null,"ABBREVN":null,"SUBJECTO":null,"BORDERPRECISION":1,"PARTOF":null},"geometry":{"type":"MultiPolygon","coordinates":[[[[-2.793,58.951],[-2.756,58.918],[-2.824,58.879],[-2.97,58.939],[-3.057,58.936],[-3.195,58.911],[-3.346,58.966],[-3.368,59.01],[-3.351,59.106],[-3.317,59.129],[-3.219,59.149],[-3.077,59.122],[-2.998,59.07],[-2.996,59.056],[-2.947,58.998],[-2.852,58.976],[-2.793,58.951]]]]}},{"type":"Feature","properties":{"NAME":null,"ABBREVN":null,"SUBJECTO":null,"BORDERPRECISION":1,"PARTOF":null},"geometry":{"type":"MultiPolygon","coordinates":[[[[-2.681,59.196],[-2.686,59.184],[-2.694,59.197],[-2.684,59.221],[-2.593,59.291],[-2.556,59.303],[-2.407,59.314],[-2.39,59.283],[-2.496,59.245],[-2.621,59.236],[-2.681,59.196]]]]}},{"type":"Feature","properties":{"NAME":null,"ABBREVN":null,"SUBJECTO":null,"BORDERPRECISION":1,"PARTOF":null},"geometry":{"type":"MultiPolygon","coordinates":[[[[-2.89,59.295],[-2.85,59.268],[-2.853,59.249],[-2.877,59.229],[-2.877,59.259],[-2.937,59.284],[-2.972,59.287],[-2.977,59.273],[-2.999,59.261],[-3.076,59.331],[-2.89,59.295]]]]}},{"type":"Feature","properties":{"NAME":null,"ABBREVN":null,"SUBJECTO":null,"BORDERPRECISION":1,"PARTOF":null},"geometry":{"type":"MultiPolygon","coordinates":[[[[-1.296,60.491],[-1.287,60.471],[-1.037,60.444],[-1.101,60.276],[-1.164,60.258],[-1.187,60.27],[-1.201,60.263],[-1.186,60.231],[-1.126,60.152],[-1.147,60.132],[-1.171,60.137],[-1.212,60.103],[-1.221,60.022],[-1.26,59.862],[-1.269,59.851],[-1.307,59.857],[-1.372,59.892],[-1.378,59.902],[-1.332,59.997],[-1.306,60.013],[-1.263,60.107],[-1.262,60.131],[-1.291,60.241],[-1.41,60.255],[-1.364,60.23],[-1.353,60.209],[-1.358,60.192],[-1.449,60.151],[-1.52,60.181],[-1.527,60.187],[-1.52,60.201],[-1.665,60.231],[-1.693,60.28],[-1.691,60.288],[-1.655,60.303],[-1.427,60.321],[-1.346,60.34],[-1.32,60.356],[-1.446,60.461],[-1.554,60.476],[-1.61,60.474],[-1.593,60.508],[-1.547,60.536],[-1.416,60.605],[-1.302,60.637],[-1.287,60.613],[-1.296,60.491]]]]}},{"type":"Feature","properties":{"NAME":null,"ABBREVN":null,"SUBJECTO":null,"BORDERPRECISION":1,"PARTOF":null},"geometry":{"type":"MultiPolygon","coordinates":[[[[-1.029,60.496],[-1.127,60.486],[-1.14,60.489],[-1.17,60.527],[-1.184,60.603],[-1.179,60.633],[-1.11,60.726],[-1.099,60.73],[-0.991,60.72],[-0.982,60.656],[-1.029,60.496]]]]}},{"type":"Feature","properties":{"NAME":null,"ABBREVN":null,"SUBJECTO":null,"BORDERPRECISION":1,"PARTOF":null},"geometry":{"type":"MultiPolygon","coordinates":[[[[-0.82,60.689],[-0.835,60.673],[-0.936,60.674],[-0.966,60.688],[-0.939,60.794],[-0.878,60.844],[-0.806,60.841],[-0.768,60.829],[-0.758,60.818],[-0.764,60.793],[-0.82,60.689]]]]}},{"type":"Feature","properties":{"NAME":null,"ABBREVN":null,"SUBJECTO":null,"BORDERPRECISION":1,"PARTOF":null},"geometry":{"type":"MultiPolygon","coordinates":[[[[-6.655,61.389],[-6.719,61.407],[-6.846,61.468],[-6.958,61.599],[-6.963,61.619],[-6.945,61.637],[-6.889,61.645],[-6.724,61.573],[-6.709,61.558],[-6.642,61.401],[-6.655,61.389]]],[[[-6.604,61.822],[-6.63,61.761],[-6.652,61.743],[-6.705,61.777],[-6.841,61.817],[-6.866,61.837],[-6.909,61.901],[-6.905,61.908],[-6.864,61.907],[-6.783,61.897],[-6.661,61.859],[-6.604,61.822]]],[[[-7.05,62.068],[-7.063,62.049],[-7.202,62.019],[-7.192,62.04],[-7.227,62.064],[-7.251,62.043],[-7.346,62.052],[-7.378,62.065],[-7.431,62.116],[-7.435,62.14],[-7.223,62.159],[-7.163,62.129],[-7.045,62.094],[-7.04,62.088],[-7.05,62.068]]],[[[-6.707,61.937],[-6.725,61.934],[-6.773,61.95],[-6.869,61.997],[-6.961,62.047],[-7.035,62.112],[-7.13,62.126],[-7.232,62.172],[-7.234,62.193],[-7.211,62.285],[-7.196,62.305],[-7.135,62.304],[-7.066,62.282],[-7.045,62.243],[-6.991,62.193],[-6.841,62.124],[-6.725,62.035],[-6.696,61.979],[-6.707,61.937]]],[[[-6.62,62.23],[-6.686,62.245],[-6.712,62.294],[-6.721,62.331],[-6.626,62.253],[-6.62,62.23]]],[[[-6.657,62.092],[-6.657,62.056],[-6.922,62.167],[-7.025,62.238],[-7.062,62.296],[-7.06,62.314],[-6.95,62.338],[-6.807,62.29],[-6.601,62.197],[-6.588,62.134],[-6.657,62.092]]],[[[-6.419,62.184],[-6.518,62.169],[-6.572,62.212],[-6.588,62.24],[-6.551,62.251],[-6.549,62.301],[-6.574,62.35],[-6.542,62.357],[-6.522,62.318],[-6.493,62.291],[-6.392,62.258],[-6.389,62.251],[-6.407,62.192],[-6.419,62.184]]],[[[-6.586,62.256],[-6.62,62.267],[-6.664,62.322],[-6.661,62.372],[-6.632,62.371],[-6.566,62.296],[-6.566,62.265],[-6.586,62.256]]],[[[-6.406,62.284],[-6.48,62.298],[-6.547,62.384],[-6.519,62.397],[-6.489,62.381],[-6.392,62.297],[-6.406,62.284]]]]}},{"type":"Feature","properties":{"NAME":null,"ABBREVN":null,"SUBJECTO":null,"BORDERPRECISION":1,"PARTOF":null},"geometry":{"type":"Polygon","coordinates":[[[-4.789,54.063],[-4.778,54.056],[-4.705,54.08],[-4.624,54.069],[-4.491,54.127],[-4.394,54.186],[-4.309,54.293],[-4.354,54.411],[-4.368,54.417],[-4.443,54.398],[-4.527,54.367],[-4.553,54.344],[-4.578,54.297],[-4.618,54.254],[-4.714,54.214],[-4.789,54.063]]]}},{"type":"Feature","properties":{"NAME":"Grand Duchy of Moscow","ABBREVN":"Muscovy","SUBJECTO":"Grand Duchy of Moscow","BORDERPRECISION":1,"PARTOF":"Grand Duchy of Moscow"},"geometry":{"type":"MultiPolygon","coordinates":[[[[37.796,56.24],[38.677,55.846],[37.84,55.323],[36.981,55.895],[37.796,56.24]]]]}},{"type":"Feature","properties":{"NAME":"Denmark","ABBREVN":"Denmark","SUBJECTO":"Denmark","BORDERPRECISION":1,"PARTOF":"Denmark"},"geometry":{"type":"MultiPolygon","coordinates":[[[[8.035,55.476],[8.214,55.399],[8.319,55.481],[8.481,55.349],[8.56,55.356],[8.645,55.069],[8.596,54.761],[8.742,54.608],[8.951,54.419],[8.852,54.332],[8.554,54.275],[8.581,54.194],[8.832,54.223],[8.829,54.242],[8.84,54.265],[8.872,54.264],[8.993,54.332],[8.982,54.361],[9.001,54.376],[9.021,54.379],[9.04,54.367],[9.075,54.363],[9.092,54.37],[9.131,54.351],[9.151,54.334],[9.143,54.329],[9.147,54.32],[9.16,54.318],[9.163,54.318],[9.165,54.32],[9.167,54.319],[9.172,54.319],[9.163,54.329],[9.176,54.335],[9.197,54.329],[9.194,54.316],[9.215,54.326],[9.224,54.322],[9.228,54.34],[9.22,54.346],[9.263,54.343],[9.263,54.33],[9.278,54.324],[9.271,54.308],[9.259,54.308],[9.284,54.29],[9.29,54.275],[9.363,54.281],[9.365,54.293],[9.394,54.289],[9.409,54.261],[9.422,54.264],[9.443,54.246],[9.443,54.238],[9.442,54.238],[9.449,54.189],[9.674,54.189],[9.739,54.276],[9.827,54.276],[9.885,54.254],[10.142,54.337],[10.065,54.434],[9.865,54.411],[9.978,54.49],[9.987,54.592],[9.864,54.726],[9.61,54.88],[9.421,54.976],[9.518,55.129],[9.517,55.223],[9.544,55.351],[9.63,55.459],[9.704,55.483],[9.768,55.467],[9.811,55.437],[9.887,55.342],[9.897,55.28],[10.006,55.193],[10.099,55.188],[10.119,55.179],[10.153,55.133],[10.151,55.122],[10.135,55.117],[10.153,55.084],[10.529,55.029],[10.616,55.061],[10.733,55.064],[10.783,55.122],[10.812,55.186],[10.835,55.294],[10.791,55.363],[10.744,55.497],[10.627,55.617],[10.611,55.617],[10.603,55.607],[10.617,55.564],[10.606,55.486],[10.469,55.437],[10.426,55.439],[10.416,55.453],[10.452,55.482],[10.485,55.532],[10.406,55.586],[10.31,55.617],[10.213,55.599],[10.149,55.574],[10,55.541],[9.905,55.506],[9.856,55.512],[9.838,55.522],[9.835,55.54],[9.824,55.547],[9.738,55.534],[9.69,55.605],[9.976,55.62],[10.007,55.73],[10.147,55.765],[10.23,55.951],[10.175,56.076],[10.293,56.137],[10.442,56.151],[10.496,56.034],[10.751,56.097],[10.889,56.369],[10.826,56.443],[10.314,56.469],[10.23,56.605],[10.216,56.85],[9.835,56.89],[9.37,56.882],[9.322,56.719],[9.312,56.481],[9.136,56.46],[9.003,56.657],[8.869,56.616],[8.675,56.358],[8.452,56.412],[8.309,56.479],[8.183,56.431],[8.124,56.207],[8.117,56.092],[8.317,55.849],[8.32,55.768],[8.125,55.636],[8.035,55.476]]],[[[8.183,56.798],[8.471,56.597],[8.507,56.647],[8.666,56.7],[8.778,56.798],[8.847,56.986],[8.971,57],[9.079,57.037],[9.141,57.009],[9.334,57.023],[9.503,56.975],[10.257,57.006],[10.333,57.171],[10.463,57.242],[10.451,57.458],[10.401,57.506],[10.558,57.745],[10.479,57.759],[10.39,57.661],[10.29,57.672],[9.849,57.582],[9.449,57.228],[9.302,57.166],[8.661,57.104],[8.534,57.141],[8.359,57.023],[8.183,56.798]]],[[[10.991,54.787],[11.032,54.756],[11.262,54.707],[11.35,54.659],[11.456,54.619],[11.579,54.663],[11.723,54.651],[11.785,54.64],[11.834,54.661],[11.858,54.689],[11.862,54.746],[11.845,54.77],[11.709,54.875],[11.649,54.907],[11.642,54.901],[11.643,54.878],[11.564,54.822],[11.514,54.83],[11.393,54.868],[11.351,54.892],[11.331,54.919],[11.276,54.95],[11.24,54.957],[11.164,54.957],[11.071,54.941],[11.014,54.896],[11.025,54.814],[10.991,54.787]]],[[[11.102,55.634],[11.23,55.337],[11.285,55.189],[11.585,55.162],[11.767,55.176],[11.97,54.954],[12.077,54.995],[12.301,55.17],[12.43,55.245],[12.158,55.379],[12.409,55.548],[12.469,55.711],[12.444,55.968],[12.238,55.988],[12.088,55.967],[12.053,55.703],[11.962,55.581],[11.728,55.662],[11.568,55.885],[11.296,55.675],[11.102,55.634]]],[[[11.709,54.937],[11.752,54.859],[11.802,54.839],[11.899,54.719],[11.878,54.688],[11.872,54.651],[11.929,54.573],[11.969,54.562],[11.98,54.57],[11.96,54.648],[11.963,54.685],[11.981,54.71],[12.055,54.775],[12.12,54.806],[12.169,54.836],[12.168,54.842],[12.104,54.89],[12.02,54.896],[11.847,54.956],[11.751,54.961],[11.709,54.937]]],[[[12.414,56.243],[12.699,55.905],[12.986,55.667],[12.859,55.533],[12.888,55.452],[12.802,55.417],[12.802,55.353],[13.302,55.301],[13.823,55.422],[14.117,55.347],[14.286,55.515],[14.126,55.667],[14.259,55.899],[14.492,56.018],[14.605,55.981],[14.653,56.121],[15.221,56.08],[15.497,56.167],[15.696,56.061],[15.771,56.033],[16.063,56.396],[15.427,56.766],[14.485,56.68],[14.175,56.813],[13.432,56.524],[13.381,56.668],[12.812,56.584],[12.872,56.512],[12.805,56.401],[12.615,56.436],[12.652,56.296],[12.414,56.243]]],[[[13.117,54.339],[13.156,54.306],[13.25,54.258],[13.319,54.249],[13.393,54.221],[13.429,54.238],[13.426,54.252],[13.413,54.265],[13.357,54.26],[13.359,54.275],[13.508,54.343],[13.689,54.348],[13.713,54.321],[13.711,54.297],[13.696,54.281],[13.715,54.272],[13.731,54.276],[13.744,54.331],[13.714,54.378],[13.676,54.401],[13.617,54.404],[13.584,54.442],[13.576,54.462],[13.585,54.483],[13.67,54.522],[13.679,54.542],[13.677,54.565],[13.634,54.586],[13.456,54.573],[13.407,54.589],[13.391,54.607],[13.383,54.639],[13.397,54.652],[13.429,54.66],[13.442,54.671],[13.438,54.68],[13.263,54.667],[13.225,54.64],[13.245,54.559],[13.311,54.573],[13.375,54.61],[13.384,54.578],[13.426,54.57],[13.459,54.551],[13.503,54.55],[13.517,54.513],[13.503,54.493],[13.484,54.484],[13.447,54.489],[13.378,54.558],[13.367,54.58],[13.304,54.55],[13.147,54.546],[13.167,54.513],[13.232,54.486],[13.229,54.465],[13.165,54.434],[13.208,54.428],[13.239,54.411],[13.268,54.383],[13.223,54.369],[13.134,54.372],[13.117,54.339]]],[[[14.68,55.1],[14.747,55.065],[14.942,55.013],[15.043,54.995],[15.077,55.001],[15.103,55.021],[15.148,55.082],[15.149,55.129],[15.134,55.144],[14.997,55.187],[14.82,55.261],[14.77,55.306],[14.744,55.292],[14.699,55.215],[14.68,55.1]]],[[[23.948,59.169],[24.52,58.708],[25.313,59.152],[26.458,59.118],[26.546,58.663],[27.663,58.956],[27.702,59.298],[27.265,59.338],[26.999,59.318],[26.862,59.372],[26.343,59.447],[25.721,59.46],[25.49,59.42],[25.449,59.494],[25.248,59.362],[24.751,59.448],[24.714,59.352],[24.571,59.374],[24.538,59.323],[24.342,59.369],[24.282,59.284],[24.03,59.235],[24.032,59.176],[23.948,59.169]]]]}},{"type":"Feature","properties":{"NAME":"Sweden","ABBREVN":"Sweden","SUBJECTO":"Sweden","BORDERPRECISION":1,"PARTOF":"Sweden"},"geometry":{"type":"MultiPolygon","coordinates":[[[[18.785,63.138],[18.487,62.981],[18.389,62.853],[18.303,62.789],[17.967,62.775],[17.868,62.789],[17.936,62.548],[17.718,62.357],[17.29,62.441],[17.387,62.201],[17.497,62.088],[17.387,61.658],[17.163,61.63],[17.065,61.538],[17.15,61.198],[17.146,60.953],[17.318,60.753],[17.188,60.674],[17.605,60.638],[17.706,60.554],[17.931,60.59],[18.224,60.323],[18.417,60.182],[18.804,60.108],[18.893,59.926],[19.037,59.863],[19.044,59.712],[18.868,59.712],[18.639,59.567],[18.03,59.359],[17.795,59.364],[17.73,59.416],[17.368,59.468],[17.071,59.546],[16.786,59.577],[16.724,59.531],[16.523,59.583],[16.408,59.447],[16.776,59.479],[17,59.359],[17.266,59.339],[17.358,59.245],[17.575,59.214],[17.584,59.271],[17.862,59.24],[17.978,59.328],[18.111,59.323],[18.328,59.37],[18.43,59.333],[18.441,59.401],[18.515,59.401],[18.611,59.333],[18.598,59.297],[18.273,59.287],[18.372,59.157],[18.016,59.038],[17.94,58.908],[17.766,58.872],[17.726,58.914],[17.745,58.986],[17.739,59.11],[17.623,59.1],[17.582,58.893],[17.357,58.743],[17.245,58.717],[17.083,58.748],[17.081,58.65],[16.443,58.634],[16.513,58.428],[16.744,58.312],[16.774,58.038],[16.725,57.889],[16.598,57.866],[16.46,57.895],[16.477,57.702],[16.607,57.666],[16.55,57.545],[16.659,57.443],[16.494,57.279],[16.395,57.074],[16.376,56.822],[16.063,56.396],[15.427,56.766],[14.485,56.68],[14.175,56.813],[13.432,56.524],[13.381,56.668],[12.812,56.584],[12.786,56.617],[12.657,56.611],[12.526,56.78],[12.289,56.88],[12.005,57.325],[11.877,57.325],[11.881,57.509],[11.766,57.673],[11.736,57.698],[12.488,58.563],[12.423,60.039],[12.436,60.278],[12.548,60.434],[12.431,60.626],[12.174,60.956],[12.597,61.029],[12.792,61.33],[13.155,62.024],[15.05,63.526],[16.661,63.756],[17.261,64.206],[20.873,64.033],[20.701,63.818],[19.67,63.389],[19.465,63.481],[19.318,63.445],[19.076,63.202],[18.785,63.138]]]]}},{"type":"Feature","properties":{"NAME":"Aragón","ABBREVN":"Aragón","SUBJECTO":"Aragón","BORDERPRECISION":1,"PARTOF":"Aragón"},"geometry":{"type":"MultiPolygon","coordinates":[[[[-2.301,40.238],[-1.997,40.086],[-1.997,39.972],[-1.807,39.858],[-1.997,39.743],[-1.997,39.591],[-1.807,39.477],[-1.807,39.173],[-2.035,39.249],[-2.035,38.602],[-1.807,38.526],[-1.807,38.26],[-1.655,38.184],[-1.655,37.918],[-1.883,37.956],[-2.035,37.842],[-1.921,37.651],[-2.149,37.233],[-1.94,36.952],[-1.817,37.292],[-1.626,37.439],[-1.365,37.548],[-0.918,37.57],[-0.803,37.615],[-0.872,37.76],[-0.665,38.177],[-0.564,38.215],[-0.435,38.43],[0.173,38.738],[0.126,38.821],[-0.166,38.954],[-0.236,39.062],[-0.395,39.434],[-0.161,39.886],[0.238,40.24],[0.505,40.593],[0.788,40.657],[0.827,40.727],[0.71,40.785],[0.734,40.875],[0.879,41.022],[1.311,41.157],[2.081,41.298],[2.201,41.446],[2.628,41.62],[3.129,41.857],[3.157,42.076],[3.086,42.121],[3.087,42.369],[3.002,42.771],[3.039,42.869],[2.949,42.883],[2.825,42.85],[2.701,42.73],[2.49,42.719],[2.481,42.686],[2.272,42.69],[2.103,42.615],[1.728,42.501],[1.729,42.516],[1.726,42.505],[1.711,42.492],[1.667,42.5],[1.655,42.467],[1.599,42.467],[1.579,42.45],[1.56,42.458],[1.552,42.433],[1.517,42.429],[1.452,42.437],[1.443,42.444],[1.448,42.46],[1.439,42.477],[1.42,42.485],[1.465,42.508],[1.451,42.54],[1.414,42.537],[1.423,42.556],[1.444,42.569],[1.427,42.586],[1.445,42.604],[1.473,42.61],[1.47,42.622],[1.456,42.619],[1.32,42.605],[1.307,42.635],[0.744,42.772],[0.584,42.772],[0.592,42.628],[0.348,42.635],[0.196,42.608],[0.18,42.663],[-0.166,42.649],[-0.216,42.717],[-0.41,42.786],[-0.469,42.751],[-0.587,42.765],[-0.612,42.731],[-0.84,42.909],[-0.907,42.881],[-1.664,42.125],[-1.605,41.769],[-2.13,41.817],[-2.149,41.493],[-2.301,41.493],[-2.301,41.265],[-2.035,41.227],[-1.921,40.618],[-2.301,40.39],[-2.301,40.238]]],[[[1.728,42.601],[1.731,42.588],[1.784,42.575],[1.792,42.579],[1.755,42.597],[1.73,42.604],[1.728,42.601]]]]}}],"metadata":{"source":"historical-basemaps (aourednik)","sourceUrl":"https://github.com/aourednik/historical-basemaps","license":"GPL-3.0","commit":"62d8f1a03a71f2d3ff17f2d166f7553f256bce68","borderPrecision":"概略（出典が全境界を概略と宣言）"}}