{"type":"FeatureCollection","features":[{"type":"Feature","properties":{"NAME":"Cyprus","ABBREVN":"Cyprus","SUBJECTO":"Cyprus","BORDERPRECISION":1,"PARTOF":"Cyprus"},"geometry":{"type":"MultiPolygon","coordinates":[[[[33.78,35.208],[33.773,35.129],[33.925,34.953],[33.792,34.957],[33.733,34.909],[33.686,34.935],[33.539,34.944],[33.484,34.796],[33.131,34.68],[32.959,34.659],[32.915,34.636],[32.915,34.541],[32.817,34.539],[32.784,34.625],[32.603,34.615],[32.357,34.68],[32.271,34.72],[32.271,34.814],[32.199,34.861],[32.144,35.043],[32.18,35.058],[32.234,35.014],[32.301,35.016],[32.483,35.153],[32.597,35.156],[32.745,35.114],[32.78,35.153],[32.819,35.282],[32.795,35.361],[33.077,35.319],[33.374,35.306],[33.539,35.332],[33.907,35.437],[34.217,35.574],[34.458,35.645],[34.245,35.512],[34.048,35.408],[33.78,35.208]]]]}},{"type":"Feature","properties":{"NAME":"England","ABBREVN":"England","SUBJECTO":"England","BORDERPRECISION":1,"PARTOF":"England"},"geometry":{"type":"MultiPolygon","coordinates":[[[[-10.497,52.102],[-9.964,52.092],[-10.294,51.978],[-10.217,51.758],[-9.835,51.803],[-9.795,51.605],[-9.819,51.435],[-9.243,51.473],[-8.848,51.6],[-8.565,51.615],[-8.159,51.84],[-7.862,51.968],[-7.751,52.033],[-7.372,52.092],[-6.973,52.11],[-6.978,52.113],[-6.958,52.145],[-6.919,52.178],[-6.937,52.192],[-6.956,52.231],[-6.986,52.251],[-6.985,52.275],[-7.007,52.277],[-7.039,52.257],[-7.085,52.253],[-7.169,52.28],[-7.197,52.252],[-7.219,52.245],[-7.239,52.262],[-7.277,52.276],[-7.285,52.298],[-7.307,52.321],[-7.363,52.34],[-7.388,52.357],[-7.397,52.367],[-7.384,52.419],[-7.426,52.455],[-7.464,52.471],[-7.421,52.51],[-7.427,52.519],[-7.451,52.507],[-7.462,52.52],[-7.452,52.575],[-7.48,52.601],[-7.475,52.612],[-7.514,52.648],[-7.548,52.701],[-7.647,52.735],[-7.698,52.827],[-7.734,52.853],[-7.721,52.873],[-7.725,52.884],[-7.662,52.93],[-7.7,52.937],[-7.732,52.956],[-7.708,52.98],[-7.707,53.009],[-7.685,53.031],[-7.659,53.041],[-7.65,53.055],[-7.609,53.075],[-7.589,53.104],[-7.643,53.149],[-7.623,53.171],[-7.583,53.17],[-7.542,53.181],[-7.506,53.3],[-7.423,53.334],[-7.403,53.33],[-7.368,53.341],[-7.346,53.362],[-7.28,53.392],[-7.28,53.4],[-7.218,53.405],[-7.209,53.422],[-7.195,53.424],[-7.142,53.404],[-7.143,53.397],[-7.086,53.38],[-7.071,53.397],[-7.032,53.411],[-7.006,53.438],[-6.962,53.453],[-6.923,53.44],[-6.913,53.424],[-6.88,53.414],[-6.79,53.417],[-6.78,53.426],[-6.743,53.427],[-6.659,53.398],[-6.6,53.398],[-6.553,53.381],[-6.5,53.375],[-6.487,53.363],[-6.458,53.357],[-6.423,53.369],[-6.405,53.36],[-6.364,53.36],[-6.333,53.345],[-6.251,53.348],[-6.148,53.338],[-6.172,53.439],[-6.335,53.786],[-6.443,53.899],[-6.343,53.94],[-6.072,53.974],[-5.912,54.027],[-5.731,54.175],[-5.662,54.322],[-5.8,54.523],[-5.764,54.657],[-5.785,54.737],[-6.018,55.093],[-6.117,55.16],[-6.279,55.14],[-6.454,55.187],[-6.645,55.206],[-6.997,55.172],[-7.225,55.104],[-7.498,55.05],[-7.657,55.117],[-7.756,55.253],[-8.118,55.177],[-8.345,55.095],[-8.476,54.88],[-8.504,54.75],[-8.76,54.701],[-8.829,54.634],[-8.211,54.634],[-8.301,54.489],[-8.687,54.364],[-8.59,54.203],[-9.086,54.258],[-9.323,54.275],[-9.474,54.241],[-9.892,54.326],[-10.16,54.133],[-10.179,53.912],[-9.913,53.97],[-9.696,53.873],[-9.872,53.768],[-9.81,53.632],[-10.151,53.576],[-10.021,53.512],[-10.16,53.374],[-9.885,53.297],[-9.803,53.345],[-9.617,53.346],[-9.441,53.266],[-9.297,53.28],[-9.158,53.221],[-9.002,53.3],[-8.924,53.161],[-8.997,53.12],[-9.309,53.115],[-9.526,52.905],[-9.442,52.833],[-9.616,52.637],[-9.134,52.681],[-9.193,52.554],[-9.504,52.541],[-9.736,52.48],[-9.784,52.341],[-9.802,52.241],[-9.891,52.194],[-10.469,52.207],[-10.497,52.102]]],[[[-6.092,52.747],[-6.071,52.767],[-6.059,52.822],[-6.063,52.82],[-6.087,52.79],[-6.092,52.747]]],[[[-5.778,50.134],[-5.429,50.068],[-5.282,49.964],[-4.967,50.212],[-4.541,50.358],[-4.303,50.324],[-4.243,50.391],[-4.004,50.314],[-3.882,50.2],[-3.715,50.219],[-3.563,50.361],[-3.521,50.617],[-3.111,50.657],[-2.961,50.722],[-2.551,50.57],[-2.432,50.646],[-2.024,50.57],[-2.085,50.703],[-1.373,50.766],[-1.103,50.817],[-0.839,50.722],[-0.336,50.817],[0.192,50.731],[0.673,50.931],[0.888,50.893],[0.886,50.982],[1.335,51.121],[1.365,51.353],[1.189,51.405],[1.03,51.359],[0.804,51.378],[0.254,51.454],[0.686,51.56],[1.031,51.813],[1.512,52.026],[1.657,52.212],[1.692,52.311],[1.586,52.65],[1.376,52.809],[1.013,52.888],[0.742,52.901],[0.505,52.848],[0.327,52.707],[0.006,52.787],[0.251,53.04],[0.268,53.127],[0.175,53.293],[0.081,53.386],[-0.319,53.579],[-0.235,53.799],[-0.296,54.033],[-0.605,54.3],[-0.871,54.547],[-1.192,54.595],[-1.389,54.68],[-1.556,54.922],[-1.696,55.273],[-1.666,55.38],[-1.719,55.454],[-1.942,55.556],[-1.982,55.59],[-3.319,54.886],[-3.153,54.838],[-3.43,54.643],[-3.569,54.415],[-3.479,54.275],[-3.261,54.141],[-2.886,54.169],[-2.865,54.028],[-2.98,53.821],[-3.057,53.514],[-2.914,53.267],[-3.33,53.233],[-3.957,53.205],[-4.318,53.091],[-4.492,52.991],[-4.621,52.831],[-4.468,52.811],[-4.148,52.832],[-4.094,52.746],[-4.124,52.373],[-4.295,52.2],[-4.619,52.094],[-5.061,52.006],[-5.249,51.86],[-5.179,51.787],[-4.999,51.702],[-4.159,51.677],[-3.499,51.46],[-3.173,51.467],[-2.75,51.644],[-2.895,51.394],[-3.033,51.33],[-3.066,51.178],[-3.483,51.181],[-3.825,51.235],[-4.281,51.187],[-4.277,51.064],[-4.443,50.969],[-4.552,50.997],[-4.605,50.779],[-4.815,50.604],[-5.017,50.561],[-5.238,50.346],[-5.778,50.134]]]]}},{"type":"Feature","properties":{"NAME":"Scotland","ABBREVN":"Scottland","SUBJECTO":"Scottland","BORDERPRECISION":1,"PARTOF":"Scottland"},"geometry":{"type":"MultiPolygon","coordinates":[[[[-3.319,54.886],[-3.577,54.924],[-3.908,54.79],[-4.122,54.762],[-4.461,54.862],[-4.5,54.775],[-4.6,54.688],[-4.903,54.734],[-5.111,54.794],[-5.067,54.948],[-4.91,55.11],[-4.638,55.428],[-4.771,55.488],[-4.908,55.664],[-4.895,55.772],[-4.758,55.82],[-4.623,55.908],[-4.711,56.131],[-4.848,56.097],[-5.135,55.893],[-5.334,55.88],[-5.57,55.751],[-5.633,55.94],[-5.497,56.177],[-5.3,56.429],[-5.271,56.544],[-5.458,56.632],[-5.547,56.652],[-5.645,56.516],[-5.822,56.4],[-6.044,56.475],[-5.909,56.733],[-5.666,56.938],[-5.625,56.999],[-5.726,57.258],[-5.562,57.299],[-5.461,57.388],[-5.763,57.62],[-5.568,57.777],[-5.23,57.71],[-5.056,57.751],[-5.346,58.093],[-4.907,58.169],[-5.113,58.395],[-4.926,58.567],[-4.51,58.403],[-4.139,58.445],[-3.831,58.507],[-3.441,58.529],[-3.165,58.522],[-3.028,58.406],[-3.166,58.275],[-3.943,57.958],[-4.15,57.835],[-4.249,57.636],[-4.148,57.555],[-3.796,57.542],[-3.401,57.576],[-3.093,57.577],[-2.854,57.543],[-2.15,57.572],[-1.945,57.402],[-2.108,57.21],[-2.203,57.065],[-2.159,57.014],[-2.413,56.717],[-2.515,56.667],[-2.667,56.471],[-2.981,56.354],[-3.152,56.337],[-2.949,56.253],[-2.721,56.178],[-2.773,56.171],[-2.895,56.086],[-3.17,56.062],[-3.294,55.974],[-3.895,55.985],[-3.713,55.885],[-3.577,55.885],[-3.356,55.843],[-3.161,55.846],[-2.928,55.946],[-2.742,55.957],[-2.54,55.885],[-2.245,55.811],[-1.982,55.59],[-3.319,54.886]]],[[[-5.756,55.477],[-5.689,55.628],[-5.518,55.668],[-5.482,55.443],[-5.62,55.33],[-5.698,55.331],[-5.756,55.477]]]]}},{"type":"Feature","properties":{"NAME":"Portugal","ABBREVN":"Portugal","SUBJECTO":"Portugal","BORDERPRECISION":1,"PARTOF":"Portugal"},"geometry":{"type":"Polygon","coordinates":[[[-9.549,38.775],[-9.522,38.69],[-9.362,38.671],[-9.176,38.732],[-9.041,38.92],[-8.961,38.818],[-8.942,38.742],[-9.069,38.643],[-9.285,38.619],[-9.237,38.417],[-8.854,38.5],[-8.789,38.436],[-8.847,38.385],[-8.823,38.206],[-8.933,37.962],[-8.851,37.91],[-8.842,37.525],[-9.017,37.07],[-8.991,36.99],[-8.667,37.121],[-8.541,37.089],[-8.28,37.089],[-8.034,37.009],[-7.836,37.032],[-7.603,37.163],[-7.492,37.208],[-7.351,37.644],[-7.243,37.811],[-6.845,38.1],[-7.028,38.24],[-7.394,38.295],[-7.317,38.5],[-7.089,38.795],[-6.933,38.961],[-7.211,39.298],[-7.431,39.521],[-7.301,39.579],[-7.084,39.599],[-6.878,39.702],[-6.859,39.792],[-6.884,40.214],[-6.825,40.657],[-6.857,40.862],[-6.834,41.061],[-6.797,41.093],[-6.241,41.32],[-6.112,41.417],[-6.139,41.526],[-6.518,41.749],[-6.586,41.858],[-6.709,41.96],[-6.86,41.985],[-7.098,41.868],[-7.919,41.889],[-8.157,42.087],[-8.405,42.002],[-8.806,41.889],[-8.921,41.767],[-8.855,41.597],[-8.852,41.408],[-8.694,40.992],[-8.97,40.19],[-8.916,40.138],[-9.118,39.644],[-9.299,39.418],[-9.415,39.367],[-9.398,39.23],[-9.46,38.953],[-9.549,38.775]]]}},{"type":"Feature","properties":{"NAME":"Papal States","ABBREVN":"Papal States","SUBJECTO":"Papal States","BORDERPRECISION":1,"PARTOF":"Papal States"},"geometry":{"type":"MultiPolygon","coordinates":[[[[11.14,44.34],[11.201,44.146],[11.204,44.159],[11.291,44.171],[11.309,44.186],[11.289,44.224],[11.455,44.274],[11.572,44.224],[11.555,44.191],[11.704,44.224],[11.688,44.257],[11.738,44.357],[11.804,44.34],[11.854,44.357],[11.904,44.324],[11.887,44.257],[11.905,44.196],[11.915,44.209],[11.974,44.255],[12.032,44.33],[12.043,44.328],[12.064,44.302],[12.108,44.288],[12.103,44.272],[12.174,44.243],[12.209,44.256],[12.201,44.23],[12.219,44.215],[12.263,44.232],[12.287,44.229],[12.347,44.192],[12.383,44.227],[12.409,44.235],[12.345,44.301],[12.281,44.55],[12.276,44.631],[12.269,44.63],[12.224,44.584],[12.178,44.564],[12.055,44.551],[12.029,44.559],[12.002,44.6],[11.994,44.6],[11.88,44.58],[11.852,44.556],[11.827,44.561],[11.789,44.555],[11.79,44.566],[11.77,44.565],[11.75,44.58],[11.786,44.585],[11.787,44.607],[11.805,44.624],[11.795,44.632],[11.8,44.635],[11.727,44.653],[11.723,44.636],[11.7,44.637],[11.688,44.63],[11.673,44.634],[11.632,44.673],[11.593,44.712],[11.582,44.708],[11.455,44.76],[11.402,44.767],[11.388,44.779],[11.355,44.77],[11.287,44.712],[11.258,44.712],[11.273,44.749],[11.26,44.767],[11.265,44.782],[11.287,44.803],[11.274,44.803],[11.256,44.789],[11.173,44.606],[11.289,44.456],[11.289,44.373],[11.14,44.34]]],[[[11.175,45.06],[11.176,45.06],[11.206,45.058],[11.175,45.063],[11.175,45.06]]],[[[11.211,45.058],[11.229,45.047],[11.216,45.057],[11.212,45.058],[11.211,45.058]]],[[[11.234,45.044],[11.236,45.043],[11.263,45.056],[11.244,45.047],[11.234,45.044]]],[[[11.255,44.947],[11.272,44.938],[11.272,44.939],[11.276,44.944],[11.271,44.941],[11.27,44.941],[11.255,44.947]]],[[[11.263,45.056],[11.268,45.052],[11.268,45.054],[11.266,45.054],[11.263,45.056]]],[[[11.276,44.944],[11.281,44.947],[11.277,44.945],[11.276,44.944]]],[[[11.279,45.017],[11.304,45.016],[11.303,45.017],[11.279,45.017]]],[[[11.301,44.961],[11.306,44.962],[11.302,44.962],[11.301,44.961]]],[[[11.306,45.016],[11.33,44.993],[11.422,44.965],[11.329,44.994],[11.306,45.016]]],[[[11.327,44.875],[11.344,44.874],[11.348,44.873],[11.369,44.841],[11.35,44.874],[11.327,44.875]]],[[[11.357,44.95],[11.375,44.957],[11.389,44.953],[11.372,44.958],[11.357,44.95]]],[[[11.397,44.951],[11.404,44.948],[11.406,44.948],[11.397,44.951]]],[[[11.658,44.958],[11.724,44.944],[11.744,44.958],[11.787,44.964],[11.811,44.978],[11.839,44.973],[11.849,44.997],[11.835,45.013],[11.89,45.03],[11.927,44.996],[12.003,45.012],[11.999,44.998],[12.023,45.007],[12.06,44.977],[12.091,44.989],[12.068,45.007],[12.075,45.019],[12.217,44.98],[12.136,45.104],[12.037,45.137],[12.053,45.021],[11.97,45.038],[11.887,45.087],[11.771,45.071],[11.658,44.958]]],[[[11.933,44.144],[11.946,44.122],[11.945,44.14],[11.933,44.144]]],[[[11.963,42.005],[12.395,41.73],[12.642,41.531],[12.977,41.371],[13.271,41.314],[13.299,41.313],[13.314,41.326],[13.306,41.333],[13.29,41.327],[13.274,41.347],[13.262,41.366],[13.259,41.397],[13.324,41.407],[13.366,41.397],[13.387,41.404],[13.424,41.397],[13.438,41.424],[13.428,41.454],[13.445,41.467],[13.441,41.481],[13.477,41.505],[13.494,41.506],[13.526,41.481],[13.544,41.501],[13.544,41.525],[13.53,41.533],[13.54,41.544],[13.539,41.556],[13.507,41.575],[13.52,41.588],[13.543,41.59],[13.553,41.599],[13.539,41.619],[13.542,41.629],[13.562,41.641],[13.554,41.654],[13.526,41.67],[13.504,41.722],[13.522,41.78],[13.507,41.8],[13.471,41.806],[13.453,41.823],[13.409,41.837],[13.398,41.835],[13.391,41.819],[13.376,41.821],[13.36,41.871],[13.384,41.904],[13.364,41.925],[13.345,41.923],[13.309,41.952],[13.285,41.953],[13.231,41.983],[13.2,41.987],[13.141,42.016],[13.101,42.027],[13.102,42.009],[13.055,42.017],[13.019,42.076],[13.034,42.108],[13.032,42.123],[13.044,42.117],[13.088,42.147],[13.088,42.178],[13.073,42.183],[13.054,42.21],[13.068,42.252],[13.059,42.253],[13.062,42.266],[12.999,42.294],[12.991,42.326],[12.961,42.354],[12.929,42.357],[12.915,42.381],[12.897,42.39],[12.906,42.397],[12.907,42.439],[12.865,42.457],[12.872,42.464],[12.866,42.482],[12.907,42.49],[12.927,42.508],[12.927,42.52],[12.912,42.532],[12.915,42.545],[12.9,42.552],[12.881,42.609],[12.896,42.616],[12.932,42.605],[12.938,42.616],[12.954,42.62],[13.006,42.616],[13.027,42.64],[13.038,42.629],[13.065,42.625],[13.11,42.643],[13.121,42.659],[13.131,42.66],[13.147,42.647],[13.175,42.667],[13.175,42.691],[13.191,42.711],[13.189,42.734],[13.255,42.722],[13.266,42.74],[13.287,42.74],[13.354,42.695],[13.39,42.687],[13.424,42.705],[13.438,42.7],[13.447,42.731],[13.489,42.734],[13.505,42.748],[13.504,42.775],[13.528,42.795],[13.534,42.815],[13.57,42.801],[13.623,42.816],[13.636,42.804],[13.664,42.807],[13.698,42.822],[13.707,42.849],[13.722,42.853],[13.726,42.834],[13.752,42.814],[13.775,42.848],[13.772,42.859],[13.878,42.895],[13.904,42.895],[13.792,43.123],[13.732,43.374],[13.651,43.474],[13.542,43.435],[13.336,43.466],[13.305,43.546],[13.348,43.599],[13.327,43.612],[13.258,43.583],[13.239,43.593],[13.239,43.604],[13.244,43.615],[13.262,43.62],[13.297,43.616],[13.336,43.652],[12.729,43.921],[12.728,43.92],[12.732,43.901],[12.723,43.881],[12.734,43.871],[12.726,43.863],[12.682,43.851],[12.681,43.828],[12.622,43.825],[12.588,43.884],[12.564,43.883],[12.562,43.871],[12.541,43.865],[12.518,43.881],[12.499,43.873],[12.487,43.896],[12.488,43.898],[12.478,43.897],[12.453,43.895],[12.462,43.888],[12.446,43.872],[12.401,43.873],[12.394,43.861],[12.398,43.826],[12.383,43.814],[12.367,43.812],[12.353,43.801],[12.316,43.806],[12.286,43.795],[12.29,43.787],[12.283,43.765],[12.327,43.751],[12.37,43.713],[12.37,43.707],[12.356,43.704],[12.33,43.704],[12.336,43.678],[12.331,43.674],[12.316,43.678],[12.321,43.694],[12.31,43.73],[12.301,43.72],[12.306,43.698],[12.299,43.688],[12.273,43.676],[12.244,43.681],[12.25,43.669],[12.24,43.661],[12.186,43.642],[12.214,43.611],[12.137,43.532],[12.114,43.524],[12.117,43.502],[12.13,43.496],[12.134,43.481],[12.122,43.474],[12.219,43.344],[12.302,43.344],[12.302,43.278],[12.219,43.228],[12.153,43.062],[12.169,42.912],[12.186,42.912],[12.153,42.696],[12.169,42.63],[12.053,42.53],[12.07,42.298],[12.003,42.248],[12.02,42.099],[11.963,42.005]]],[[[11.969,44.178],[11.97,44.179],[11.969,44.183],[11.969,44.178]]],[[[12.03,43.921],[12.04,43.92],[12.045,43.919],[12.046,43.92],[12.039,43.922],[12.03,43.925],[12.03,43.921]]],[[[12.043,43.935],[12.049,43.919],[12.048,43.923],[12.051,43.928],[12.044,43.936],[12.043,43.935]]],[[[12.062,43.954],[12.093,43.956],[12.063,43.955],[12.062,43.954]]],[[[12.068,43.889],[12.083,43.89],[12.088,43.867],[12.083,43.892],[12.068,43.889]]],[[[12.071,43.905],[12.087,43.913],[12.084,43.914],[12.078,43.909],[12.071,43.905]]],[[[12.088,43.867],[12.09,43.867],[12.09,43.865],[12.122,43.875],[12.088,43.867]]],[[[12.093,43.898],[12.113,43.9],[12.117,43.902],[12.093,43.898]]],[[[12.093,43.898],[12.098,43.908],[12.095,43.909],[12.095,43.912],[12.093,43.898]]],[[[12.108,43.911],[12.118,43.902],[12.119,43.903],[12.109,43.913],[12.108,43.911]]],[[[12.116,43.754],[12.124,43.749],[12.136,43.753],[12.127,43.753],[12.116,43.754]]],[[[12.118,43.92],[12.125,43.92],[12.128,43.922],[12.118,43.92]]],[[[12.132,43.925],[12.148,43.937],[12.136,43.934],[12.132,43.925]]],[[[12.133,43.935],[12.149,43.959],[12.158,43.959],[12.15,43.961],[12.133,43.935]]],[[[12.138,43.753],[12.149,43.757],[12.162,43.762],[12.138,43.753]]],[[[12.153,43.922],[12.169,43.924],[12.172,43.93],[12.167,43.925],[12.157,43.923],[12.153,43.922]]],[[[12.158,43.94],[12.174,43.934],[12.158,43.942],[12.158,43.94]]],[[[12.159,43.948],[12.165,43.957],[12.159,43.959],[12.16,43.958],[12.159,43.948]]],[[[12.165,43.759],[12.166,43.758],[12.172,43.749],[12.183,43.743],[12.165,43.759]]],[[[12.193,43.737],[12.196,43.735],[12.209,43.757],[12.193,43.737]]],[[[12.29,44.696],[12.294,44.684],[12.378,44.732],[12.365,44.753],[12.304,44.763],[12.29,44.696]]],[[[12.404,43.955],[12.406,43.95],[12.424,43.956],[12.435,43.957],[12.404,43.955]]],[[[12.408,43.921],[12.415,43.929],[12.408,43.922],[12.408,43.921]]],[[[12.409,43.915],[12.41,43.902],[12.411,43.902],[12.409,43.915]]],[[[12.44,43.906],[12.451,43.897],[12.443,43.906],[12.44,43.906]]],[[[12.473,43.975],[12.511,43.989],[12.508,43.991],[12.473,43.975]]],[[[12.506,43.958],[12.515,43.94],[12.516,43.941],[12.508,43.965],[12.506,43.958]]],[[[12.512,43.98],[12.516,43.986],[12.513,43.988],[12.514,43.987],[12.512,43.98]]],[[[13.556,41.413],[13.564,41.401],[13.629,41.415],[13.645,41.425],[13.673,41.42],[13.686,41.429],[13.702,41.412],[13.71,41.418],[13.713,41.409],[13.735,41.426],[13.731,41.446],[13.696,41.47],[13.641,41.495],[13.597,41.505],[13.593,41.491],[13.611,41.481],[13.605,41.469],[13.589,41.459],[13.594,41.44],[13.556,41.413]]]]}},{"type":"Feature","properties":{"NAME":"France","ABBREVN":"France","SUBJECTO":"France","BORDERPRECISION":1,"PARTOF":"France"},"geometry":{"type":"Polygon","coordinates":[[[-2.576,47.325],[-2.494,47.247],[-2.264,47.183],[-2.109,47.124],[-2.005,47.043],[-2.13,46.851],[-1.942,46.706],[-1.711,46.449],[-1.403,46.404],[-1.256,46.307],[-1.166,46.184],[-1.075,46.015],[-1.237,45.8],[-1.247,45.688],[-0.855,45.321],[-0.728,45.019],[-0.814,45.122],[-0.9,45.294],[-1.123,45.432],[-1.175,45.501],[-1.276,45.129],[-1.332,44.614],[-1.23,44.73],[-1.136,44.6],[-1.314,44.559],[-1.561,43.524],[-1.746,43.36],[-1.915,43.305],[-1.702,43.196],[-1.491,43.21],[-1.466,43.155],[-1.558,43.045],[-1.515,42.998],[-1.448,42.984],[-1.397,43.032],[-0.907,42.881],[-0.84,42.909],[-0.612,42.731],[-0.587,42.765],[-0.469,42.751],[-0.41,42.786],[-0.216,42.717],[-0.166,42.649],[0.18,42.663],[0.196,42.608],[0.348,42.635],[0.592,42.628],[0.584,42.772],[0.744,42.772],[1.307,42.635],[1.32,42.605],[1.456,42.619],[1.47,42.622],[1.468,42.631],[1.48,42.651],[1.516,42.646],[1.549,42.656],[1.567,42.646],[1.577,42.648],[1.667,42.622],[1.683,42.625],[1.715,42.615],[1.736,42.618],[1.73,42.604],[1.755,42.597],[1.792,42.579],[1.784,42.575],[1.787,42.574],[1.774,42.569],[1.74,42.557],[1.738,42.55],[1.729,42.516],[1.728,42.501],[2.103,42.615],[2.272,42.69],[2.481,42.686],[2.49,42.719],[2.701,42.73],[2.825,42.85],[2.949,42.883],[3.039,42.869],[3.002,42.771],[3.068,42.945],[3.318,43.196],[3.479,43.312],[3.807,43.467],[4.078,43.487],[4.417,43.346],[4.647,43.321],[4.751,43.353],[4.91,43.366],[5.052,43.328],[5.434,43.104],[5.647,43.033],[5.829,43.021],[6.523,43.151],[6.923,43.448],[7.202,43.611],[7.123,43.624],[7.122,43.773],[7.068,43.788],[7.042,43.818],[6.928,43.792],[6.887,43.798],[6.801,43.777],[6.736,43.793],[6.691,43.818],[6.729,43.866],[6.818,43.881],[6.772,43.922],[6.879,43.999],[6.872,44.036],[6.901,44.07],[6.877,44.093],[6.704,44.063],[6.667,44.112],[6.688,44.166],[6.611,44.219],[6.522,44.214],[6.5,44.233],[6.514,44.358],[6.478,44.397],[6.459,44.445],[6.606,44.488],[6.612,44.523],[6.678,44.545],[6.741,44.531],[6.78,44.538],[6.785,44.544],[6.783,44.548],[6.925,44.715],[7.003,44.72],[6.943,44.869],[6.665,44.955],[6.517,45.106],[6.511,45.109],[6.479,45.095],[6.487,45.056],[6.452,45.052],[6.436,45.063],[6.396,45.061],[6.365,45.07],[6.375,45.084],[6.363,45.103],[6.336,45.121],[6.296,45.108],[6.259,45.128],[6.267,45.139],[6.25,45.149],[6.221,45.143],[6.189,45.167],[6.157,45.15],[6.147,45.158],[6.163,45.191],[6.134,45.23],[6.131,45.286],[6.157,45.31],[6.185,45.318],[6.192,45.338],[6.145,45.322],[6.083,45.372],[6.033,45.334],[6.058,45.223],[5.947,45.26],[5.935,45.322],[5.823,45.396],[5.808,45.428],[5.793,45.438],[5.74,45.439],[5.733,45.473],[5.623,45.613],[5.603,45.621],[5.556,45.679],[5.545,45.713],[5.52,45.739],[5.51,45.769],[5.422,45.808],[5.417,45.825],[5.425,45.85],[5.411,45.862],[5.371,45.874],[5.357,45.879],[5.35,45.881],[5.303,45.842],[5.291,45.808],[5.236,45.772],[5.19,45.768],[5.167,45.787],[5.192,45.834],[5.232,45.878],[5.283,45.905],[5.271,45.943],[5.217,45.955],[5.21,45.981],[5.301,46.05],[5.267,46.085],[5.214,46.181],[5.164,46.185],[5.175,46.096],[5.109,46.098],[5.066,46.135],[4.927,46.154],[4.931,46.197],[4.816,46.25],[4.822,46.292],[4.853,46.318],[4.879,46.364],[4.878,46.399],[4.901,46.426],[4.918,46.489],[4.937,46.509],[5.111,46.497],[5.2,46.5],[5.223,46.465],[5.264,46.449],[5.317,46.449],[5.318,46.431],[5.302,46.423],[5.296,46.408],[5.301,46.401],[5.295,46.384],[5.307,46.376],[5.308,46.373],[5.416,46.524],[5.646,46.457],[5.725,46.48],[5.74,46.598],[5.626,46.649],[5.646,46.85],[5.757,46.887],[5.794,46.997],[5.667,47.108],[5.737,47.234],[5.779,47.359],[5.793,47.512],[5.918,47.595],[5.82,47.735],[5.96,47.804],[5.96,47.985],[6.057,47.957],[6.099,48.027],[6.252,47.957],[6.238,48.291],[5.946,48.347],[6.015,48.653],[5.834,48.778],[6.001,48.904],[5.876,49.071],[5.723,48.959],[5.612,49.21],[5.904,49.196],[5.909,49.201],[5.361,49.697],[4.255,49.887],[3.82,50.039],[3.483,49.92],[2.907,49.943],[2.677,50.151],[2.401,50.197],[2.148,50.059],[1.987,50.082],[1.987,50.22],[1.826,50.243],[1.796,50.921],[1.589,50.822],[1.528,50.578],[1.552,50.229],[1.416,50.11],[1.275,50.004],[0.529,49.826],[0.189,49.681],[0.115,49.602],[0.09,49.511],[0.331,49.455],[0.033,49.334],[-0.239,49.285],[-0.465,49.351],[-1.023,49.398],[-1.177,49.333],[-1.289,49.521],[-1.251,49.7],[-1.524,49.653],[-1.941,49.709],[-1.892,49.526],[-1.639,49.22],[-1.58,49.229],[-1.563,49.036],[-1.588,48.881],[-1.576,48.768],[-1.457,48.684],[-1.591,48.638],[-1.858,48.608],[-1.871,48.712],[-1.999,48.677],[-1.752,48.178],[-2.01,47.746],[-2.576,47.325]]]}},{"type":"Feature","properties":{"NAME":"Venice","ABBREVN":"Venice","SUBJECTO":"Venice","BORDERPRECISION":1,"PARTOF":"Venice"},"geometry":{"type":"MultiPolygon","coordinates":[[[[9.545,46.309],[9.553,46.304],[9.632,46.286],[9.679,46.302],[9.71,46.292],[9.726,46.313],[9.718,46.322],[9.723,46.341],[9.737,46.351],[9.779,46.335],[9.833,46.361],[9.868,46.362],[9.903,46.379],[9.885,46.403],[9.674,46.38],[9.642,46.325],[9.545,46.312],[9.545,46.309]]],[[[9.563,45.594],[9.597,45.57],[9.602,45.568],[9.846,45.704],[9.922,45.666],[9.998,45.401],[10.577,45.36],[10.58,45.364],[10.584,45.383],[10.638,45.386],[10.662,45.419],[10.702,45.423],[10.704,45.402],[10.696,45.385],[10.727,45.358],[10.72,45.353],[10.824,45.353],[10.831,45.282],[10.846,45.257],[10.936,45.233],[10.933,45.214],[10.991,45.196],[10.998,45.184],[10.993,45.153],[11.01,45.149],[11.028,45.159],[11.032,45.15],[11.05,45.15],[11.042,45.143],[11.044,45.134],[11.029,45.127],[11.04,45.114],[11.075,45.098],[11.095,45.1],[11.102,45.113],[11.127,45.103],[11.138,45.124],[11.147,45.126],[11.205,45.109],[11.204,45.1],[11.226,45.083],[11.268,45.093],[11.318,45.089],[11.322,45.08],[11.356,45.07],[11.36,45.058],[11.403,45.053],[11.446,45.069],[11.545,44.983],[11.658,44.958],[11.771,45.071],[11.887,45.087],[11.97,45.038],[12.053,45.021],[12.037,45.137],[12.136,45.104],[12.217,44.98],[12.237,44.974],[12.269,44.942],[12.293,44.93],[12.282,44.908],[12.294,44.861],[12.338,44.851],[12.354,44.816],[12.443,44.772],[12.392,44.748],[12.365,44.753],[12.378,44.732],[12.476,44.787],[12.523,44.883],[12.409,44.989],[12.322,45.042],[12.313,45.178],[12.176,45.214],[12.18,45.27],[12.251,45.29],[12.28,45.402],[12.483,45.462],[12.448,45.394],[12.899,45.558],[13.105,45.582],[13.156,45.727],[13.368,45.694],[13.5,45.94],[13.606,46.132],[13.621,46.421],[13.725,46.646],[13.709,46.839],[13.581,46.839],[13.516,47],[13.292,47.064],[12.698,46.951],[12.328,46.967],[12.218,46.884],[12.075,46.928],[11.74,46.752],[11.908,46.414],[11.571,46.245],[11.571,45.975],[11.335,46.009],[11.233,46.009],[11.166,45.739],[10.93,45.84],[10.795,45.638],[10.66,45.807],[10.525,45.739],[10.457,46.212],[10.558,46.313],[10.558,46.373],[10.541,46.363],[10.54,46.355],[10.52,46.356],[10.513,46.335],[10.498,46.335],[10.471,46.355],[10.446,46.348],[10.367,46.293],[10.331,46.288],[10.318,46.277],[10.291,46.221],[10.178,46.173],[10.161,46.158],[10.154,46.135],[10.183,46.08],[10.17,46.057],[10.097,46.057],[10.097,46.091],[9.927,46.063],[9.889,46.045],[9.75,46.062],[9.626,46.052],[9.57,46.024],[9.582,45.893],[9.695,45.78],[9.563,45.594]]],[[[9.987,46.498],[10.053,46.463],[10.054,46.465],[10.043,46.478],[10.043,46.507],[10.054,46.523],[10.044,46.538],[10.068,46.55],[10.085,46.567],[10.083,46.575],[10.101,46.583],[10.102,46.61],[10.132,46.606],[10.188,46.626],[10.191,46.625],[10.151,46.662],[10.024,46.621],[9.987,46.498]]],[[[10.011,46.281],[10.035,46.275],[10.051,46.267],[10.059,46.253],[10.069,46.261],[10.109,46.258],[10.145,46.231],[10.151,46.24],[10.148,46.251],[10.172,46.267],[10.153,46.294],[10.116,46.316],[10.106,46.342],[10.108,46.351],[10.129,46.361],[10.129,46.379],[10.164,46.391],[10.165,46.409],[10.149,46.413],[10.143,46.428],[10.088,46.422],[10.011,46.281]]],[[[10.243,46.587],[10.246,46.575],[10.272,46.576],[10.287,46.57],[10.296,46.55],[10.325,46.552],[10.338,46.543],[10.355,46.555],[10.4,46.545],[10.419,46.551],[10.453,46.53],[10.458,46.511],[10.477,46.496],[10.546,46.493],[10.558,46.486],[10.558,46.718],[10.396,46.887],[10.339,46.748],[10.389,46.653],[10.372,46.566],[10.243,46.587]]],[[[13.527,45.454],[13.644,45.179],[13.672,45.05],[13.895,44.759],[13.991,44.783],[14.06,44.895],[14.189,44.943],[14.175,45.01],[14.239,45.062],[14.354,45.323],[14.076,45.276],[13.99,45.42],[14.219,45.477],[14.076,45.678],[13.673,45.715],[13.8,45.566],[13.749,45.494],[13.527,45.454]]],[[[15.494,43.888],[15.913,43.652],[16.059,43.433],[16.367,43.513],[16.549,43.461],[16.64,43.39],[16.712,43.771],[16.701,43.847],[16.185,43.908],[15.75,44.098],[15.494,43.888]]],[[[16.992,43.323],[17.075,43.223],[17.304,43.076],[17.326,43.337],[17.163,43.391],[17.054,43.473],[16.992,43.323]]],[[[11.176,45.088],[11.188,45.083],[11.186,45.084],[11.188,45.086],[11.176,45.088]]]]}},{"type":"Feature","properties":{"NAME":null,"ABBREVN":null,"SUBJECTO":null,"BORDERPRECISION":1,"PARTOF":null},"geometry":{"type":"MultiPolygon","coordinates":[[[[55.567,72],[55.721,71.642],[56.151,71.271],[56.379,71.132],[56.727,70.994],[57.251,70.818],[57.238,70.691],[56.059,70.731],[55.679,70.707],[55.266,70.561],[54.998,70.522],[54.694,70.744],[54.522,70.759],[54.032,70.719],[53.729,70.765],[53.715,70.927],[54.321,71.09],[54.353,71.198],[54.308,71.206],[53.234,71.514],[52.55,71.59],[52.402,71.52],[52.121,71.465],[51.815,71.48],[51.534,71.658],[51.482,71.845],[51.585,71.985],[51.613,72],[55.567,72]]]]}},{"type":"Feature","properties":{"NAME":"Georgia","ABBREVN":"Georgia","SUBJECTO":"Georgia","BORDERPRECISION":1,"PARTOF":"Georgia"},"geometry":{"type":"MultiPolygon","coordinates":[[[[45.297,42.676],[45.201,42.676],[45.138,42.719],[45.031,42.772],[44.978,42.772],[44.935,42.74],[44.872,42.666],[44.786,42.729],[44.669,42.761],[44.51,42.761],[44.414,42.729],[44.297,42.612],[44.17,42.612],[44.053,42.559],[43.957,42.591],[42.878,41.546],[42.694,41.564],[42.352,41.402],[42.25,41.369],[42.029,41.4],[41.484,41.437],[41.521,41.466],[41.666,41.729],[41.68,41.793],[41.652,42.121],[41.503,42.608],[41.41,42.788],[41.123,43.019],[41.31,43.557],[43.617,43.773],[45.382,42.623],[45.297,42.676]]]]}},{"type":"Feature","properties":{"NAME":"Teutonic Knights","ABBREVN":"TeutonicLand","SUBJECTO":"Teutonic Knights","BORDERPRECISION":1,"PARTOF":"Teutonic Knights"},"geometry":{"type":"Polygon","coordinates":[[[18.282,53.357],[18.59,53.1],[18.949,53.254],[19.206,53.254],[19.565,53.46],[20.078,53.665],[20.078,53.511],[20.386,53.511],[20.428,53.778],[20.709,53.758],[20.81,53.638],[21.105,53.819],[21.464,53.819],[22.234,54.127],[22.183,54.538],[22.08,54.589],[22.132,54.794],[21.926,54.948],[22.029,55.256],[21.67,55.513],[21.31,55.513],[21.142,56.127],[21.905,56.35],[24.715,56.34],[25.307,56.489],[26.245,55.896],[27.371,55.719],[27.651,56.28],[27.606,56.707],[27.823,56.725],[27.929,56.94],[27.633,57.096],[27.773,57.211],[27.795,57.466],[27.532,57.406],[27.511,57.611],[27.702,59.298],[27.265,59.338],[26.999,59.318],[26.862,59.372],[26.343,59.447],[25.721,59.46],[25.49,59.42],[25.449,59.494],[25.248,59.362],[24.751,59.448],[24.714,59.352],[24.571,59.374],[24.538,59.323],[24.342,59.369],[24.282,59.284],[24.03,59.235],[24.032,59.176],[23.416,59.119],[23.457,59.005],[23.338,58.972],[23.432,58.858],[23.361,58.767],[23.512,58.581],[23.69,58.665],[23.671,58.241],[23.908,58.224],[24.058,58.112],[24.331,58.308],[24.497,58.213],[24.414,58.106],[24.416,57.948],[24.236,57.728],[24.323,57.337],[24.346,57.16],[24.266,57.03],[24.158,56.975],[23.768,56.866],[23.414,56.892],[23.215,56.981],[23.175,57.048],[23.071,57.261],[22.881,57.334],[22.585,57.509],[22.564,57.616],[22.433,57.616],[22.285,57.565],[21.81,57.475],[21.677,57.464],[21.46,57.25],[21.34,57.177],[21.324,56.854],[21.022,56.684],[20.965,56.609],[20.916,56.097],[20.996,56.024],[21.018,55.634],[21.216,55.344],[21.201,55.261],[21.143,55.256],[21.224,55.111],[21.113,55.089],[21.192,54.96],[21.137,54.845],[20.985,54.812],[19.943,54.85],[19.863,54.752],[19.833,54.531],[19.882,54.525],[19.938,54.608],[20.006,54.547],[20.194,54.575],[20.327,54.564],[20.189,54.522],[19.733,54.31],[19.457,54.217],[19.328,54.161],[19.23,54.167],[19.232,54.222],[19.318,54.272],[19.758,54.459],[19.734,54.461],[19.255,54.277],[18.965,54.228],[18.685,54.254],[18.282,53.357]]]}},{"type":"Feature","properties":{"NAME":"Poland-Lithuania","ABBREVN":"Pol.-Lith.","SUBJECTO":"Poland-Lithuania","BORDERPRECISION":1,"PARTOF":"Poland-Lithuania"},"geometry":{"type":"MultiPolygon","coordinates":[[[[15.76,52.571],[15.765,52.265],[16.095,52.124],[16.506,52.004],[16.506,52.178],[16.855,51.917],[16.855,51.655],[17.204,51.611],[17.291,51.786],[17.553,51.655],[17.64,51.437],[18.14,50.988],[18.646,50.645],[18.769,50.177],[18.796,49.713],[18.896,49.713],[18.927,49.622],[19.108,49.592],[19.138,49.713],[19.381,49.803],[19.562,49.713],[19.562,49.531],[19.713,49.531],[19.895,49.471],[20.016,49.803],[20.349,49.743],[20.53,49.803],[20.681,49.652],[20.893,49.743],[20.803,49.834],[20.893,49.834],[20.984,49.743],[21.135,49.834],[21.287,49.773],[21.317,49.864],[21.771,49.743],[21.771,49.592],[23.889,49.259],[24.161,48.987],[25.275,48.769],[25.246,48.787],[25.342,48.919],[25.509,48.919],[25.981,48.654],[27.394,48.654],[27.538,48.456],[28.42,48.192],[28.57,48.06],[28.555,47.928],[28.878,47.862],[29.028,47.73],[28.93,47.598],[28.982,47.335],[29.222,47.269],[29.214,47.203],[29.363,47.072],[29.348,46.94],[29.579,46.809],[29.572,46.743],[28.886,46.48],[28.44,46.152],[28.508,46.021],[28.331,45.89],[28.31,45.693],[28.147,45.693],[28.119,45.431],[28.026,45.384],[28.026,45.356],[28.007,45.315],[28.368,45.331],[30.886,47.454],[32.007,46.906],[36.07,47.898],[37.502,48.441],[37.699,48.935],[38.136,49.049],[38.292,51.206],[37.601,51.403],[36.86,52.095],[36.824,52.39],[36.525,52.365],[36.34,51.963],[35.795,51.798],[35.349,51.924],[34.834,51.842],[34.871,51.456],[34.554,51.52],[34.192,51.505],[34.117,51.254],[33.693,51.342],[33.526,51.571],[33.05,51.375],[32.418,51.555],[31.994,51.379],[31.529,51.565],[30.854,51.541],[30.508,51.796],[30.786,51.903],[31.304,52.154],[31.889,52.138],[31.562,52.398],[31.371,53.065],[31.638,53.287],[31.87,53.097],[32.15,53.038],[32.555,53.319],[32.501,53.661],[32.635,53.97],[32.265,54.317],[32.208,54.864],[31.351,54.824],[31.365,54.944],[31.042,55.324],[31.723,55.549],[31.804,56.03],[30.902,55.9],[30.777,56.072],[30.689,55.896],[29.948,56.538],[29.06,56.538],[28.813,56.883],[28.093,56.792],[28.017,56.567],[27.823,56.725],[27.606,56.707],[27.651,56.28],[27.371,55.719],[26.245,55.896],[25.307,56.489],[24.715,56.34],[21.905,56.35],[21.142,56.127],[21.31,55.513],[21.67,55.513],[22.029,55.256],[21.926,54.948],[22.132,54.794],[22.08,54.589],[22.183,54.538],[22.234,54.127],[21.464,53.819],[21.105,53.819],[20.81,53.638],[20.709,53.758],[20.428,53.778],[20.386,53.511],[20.078,53.511],[20.078,53.665],[19.565,53.46],[19.206,53.254],[18.949,53.254],[18.59,53.1],[18.282,53.357],[18.685,54.254],[18.513,54.316],[18.454,54.525],[18.338,54.603],[18.363,54.669],[18.76,54.536],[18.279,54.724],[17.658,54.685],[17.747,54.433],[17.111,54.13],[16.99,54.19],[16.688,54.039],[16.809,53.858],[16.809,53.464],[16.658,53.858],[16.204,53.706],[16.416,53.525],[16.204,53.343],[16.053,52.716],[15.844,52.71],[15.816,52.571],[15.76,52.571]]],[[[25.947,46.814],[25.965,46.79],[25.967,46.809],[25.947,46.814]]],[[[26.383,46.222],[26.473,46.099],[26.478,46.152],[26.383,46.222]]]]}},{"type":"Feature","properties":{"NAME":"Imperial Hungary","ABBREVN":"Hungary","SUBJECTO":"Imperial Hungary","BORDERPRECISION":1,"PARTOF":"Imperial Hungary"},"geometry":{"type":"Polygon","coordinates":[[[14.354,45.323],[14.525,45.266],[14.815,45.078],[14.946,44.927],[14.907,44.723],[14.989,44.54],[15.286,44.329],[15.548,44.229],[15.149,44.24],[15.412,43.935],[15.494,43.888],[15.75,44.098],[16.185,43.908],[16.701,43.847],[16.865,44.245],[17.458,44.146],[17.754,44.393],[18.939,44.393],[19.785,44.936],[20.291,44.9],[20.801,44.932],[23.543,45.856],[24.18,45.856],[25.535,45.508],[25.536,45.509],[25.596,45.515],[25.625,45.499],[25.638,45.506],[25.648,45.527],[25.644,45.535],[25.675,45.526],[25.699,45.504],[25.7,45.483],[25.726,45.465],[25.766,45.465],[25.786,45.481],[25.812,45.466],[25.826,45.44],[25.823,45.431],[25.854,45.426],[25.868,45.424],[25.867,45.436],[25.889,45.448],[25.896,45.482],[25.89,45.485],[25.924,45.523],[25.938,45.513],[25.995,45.514],[26.014,45.49],[26.041,45.478],[26.065,45.485],[26.066,45.504],[26.096,45.518],[26.133,45.568],[26.24,45.366],[26.102,45.628],[26.421,45.752],[26.422,45.753],[26.418,45.769],[26.438,45.766],[26.44,45.761],[26.44,45.759],[26.473,46.099],[26.383,46.222],[25.942,46.546],[25.965,46.79],[25.947,46.814],[25.727,46.874],[25.669,47.137],[25.017,47.203],[25.034,47.401],[24.881,47.532],[24.905,47.796],[24.988,47.796],[25.012,48.06],[25.54,48.39],[25.559,48.588],[25.275,48.769],[24.161,48.987],[23.889,49.259],[21.771,49.592],[21.771,49.743],[21.317,49.864],[21.287,49.773],[21.135,49.834],[20.984,49.743],[20.893,49.834],[20.803,49.834],[20.893,49.743],[20.681,49.652],[20.53,49.803],[20.349,49.743],[20.016,49.803],[19.895,49.471],[19.713,49.531],[19.562,49.531],[19.562,49.713],[19.381,49.803],[19.138,49.713],[19.108,49.592],[18.927,49.622],[18.522,49.561],[18.25,49.181],[18.223,48.99],[18.114,48.99],[18.114,48.854],[17.87,48.8],[17.353,48.963],[17.19,48.447],[17.218,48.066],[17.462,48.066],[17.408,47.822],[16.796,47.843],[16.622,47.735],[16.557,47.495],[16.644,47.3],[16.557,47.191],[16.557,47.06],[16.448,46.93],[16.448,46.778],[16.514,46.626],[16.296,46.408],[16.535,46.365],[16.448,46.104],[16.209,46.147],[16.079,45.886],[16.209,45.734],[16.122,45.582],[15.47,45.734],[15.424,45.43],[14.88,45.484],[14.798,45.865],[14.527,45.783],[14.354,45.323]],[[17.127,46.107],[17.136,46.191],[17.173,46.188],[17.127,46.107]]]}},{"type":"Feature","properties":{"NAME":"Navarre","ABBREVN":"Navarre","SUBJECTO":"Navarre","BORDERPRECISION":1,"PARTOF":"Navarre"},"geometry":{"type":"Polygon","coordinates":[[[-2.675,42.423],[-2.199,42.244],[-2.08,42.066],[-2.318,42.066],[-2.259,41.828],[-1.605,41.769],[-1.664,42.125],[-0.907,42.881],[-1.397,43.032],[-1.448,42.984],[-1.515,42.998],[-1.558,43.045],[-1.466,43.155],[-1.491,43.21],[-1.702,43.196],[-1.915,43.305],[-2.066,43.333],[-2.143,43.331],[-2.14,43.136],[-2.556,43.076],[-2.675,42.423]]]}},{"type":"Feature","properties":{"NAME":"Castile","ABBREVN":"Castille","SUBJECTO":"Castille","BORDERPRECISION":1,"PARTOF":"Castille"},"geometry":{"type":"Polygon","coordinates":[[[-9.271,43.049],[-9.247,42.901],[-9.173,42.856],[-8.942,42.824],[-8.644,42.42],[-8.799,42.195],[-8.86,42.015],[-8.806,41.889],[-8.405,42.002],[-8.157,42.087],[-7.919,41.889],[-7.098,41.868],[-6.86,41.985],[-6.709,41.96],[-6.586,41.858],[-6.518,41.749],[-6.139,41.526],[-6.112,41.417],[-6.241,41.32],[-6.797,41.093],[-6.834,41.061],[-6.857,40.862],[-6.825,40.657],[-6.884,40.214],[-6.859,39.792],[-6.878,39.702],[-7.084,39.599],[-7.301,39.579],[-7.431,39.521],[-7.211,39.298],[-6.933,38.961],[-7.089,38.795],[-7.317,38.5],[-7.394,38.295],[-7.028,38.24],[-6.845,38.1],[-7.243,37.811],[-7.351,37.644],[-7.492,37.208],[-7.228,37.226],[-6.948,37.149],[-6.632,37.022],[-6.422,36.792],[-6.5,36.719],[-6.444,36.623],[-6.289,36.572],[-6.305,36.454],[-6.204,36.282],[-5.85,36.072],[-5.661,36.008],[-5.485,36.065],[-5.488,36.174],[-5.457,36.167],[-5.424,36.072],[-5.387,36.11],[-5.374,36.237],[-5.217,36.41],[-4.757,36.486],[-4.447,36.722],[-2.97,36.741],[-2.915,36.69],[-2.761,36.69],[-2.624,36.811],[-2.355,36.824],[-2.239,36.728],[-1.94,36.952],[-2.149,37.233],[-1.921,37.651],[-2.035,37.842],[-1.883,37.956],[-1.655,37.918],[-1.655,38.184],[-1.807,38.26],[-1.807,38.526],[-2.035,38.602],[-2.035,39.249],[-1.807,39.173],[-1.807,39.477],[-1.997,39.591],[-1.997,39.743],[-1.807,39.858],[-1.997,39.972],[-1.997,40.086],[-2.301,40.238],[-2.301,40.39],[-1.921,40.618],[-2.035,41.227],[-2.301,41.265],[-2.301,41.493],[-2.149,41.493],[-2.13,41.817],[-2.259,41.828],[-2.318,42.066],[-2.08,42.066],[-2.199,42.244],[-2.675,42.423],[-2.556,43.076],[-2.14,43.136],[-2.143,43.331],[-2.367,43.326],[-2.768,43.538],[-3.007,43.55],[-3.196,43.447],[-3.417,43.376],[-3.848,43.439],[-4.802,43.469],[-5.225,43.507],[-5.537,43.577],[-5.82,43.706],[-5.98,43.705],[-6.468,43.563],[-6.808,43.523],[-7.151,43.555],[-7.636,43.721],[-7.98,43.74],[-8.22,43.617],[-8.251,43.43],[-8.31,43.353],[-8.849,43.326],[-9.014,43.281],[-9.197,43.158],[-9.271,43.049]]]}},{"type":"Feature","properties":{"NAME":"Wattasid Caliphate","ABBREVN":"Wattasid C.","SUBJECTO":"Wattasid Caliphate","BORDERPRECISION":1,"PARTOF":"Wattasid Caliphate"},"geometry":{"type":"Polygon","coordinates":[[[-6.878,34],[-1.669,34],[-1.664,34.205],[-1.738,34.605],[-1.823,34.7],[-2.077,34.826],[-2.193,35.054],[-2.356,35.054],[-2.715,35.098],[-2.83,35.142],[-3.009,35.39],[-3.206,35.269],[-3.441,35.166],[-4.028,35.133],[-4.295,35.152],[-4.593,35.151],[-5.11,35.379],[-5.172,35.424],[-5.479,35.805],[-5.565,35.862],[-5.808,35.785],[-5.929,35.728],[-6.302,34.861],[-6.511,34.454],[-6.753,34.123],[-6.878,34]]]}},{"type":"Feature","properties":{"NAME":"Zayyanid Caliphate","ABBREVN":"Zayyanid C.","SUBJECTO":"Zayyanid Caliphate","BORDERPRECISION":1,"PARTOF":"Zayyanid Caliphate"},"geometry":{"type":"Polygon","coordinates":[[[-2.193,35.054],[-2.077,34.826],[-1.823,34.7],[-1.738,34.605],[-1.664,34.205],[-1.669,34],[6.633,34],[6.923,36.818],[6.771,36.862],[6.323,37.091],[6.047,36.842],[5.73,36.752],[5.383,36.675],[5.144,36.668],[4.777,36.743],[4.632,36.794],[4.395,36.838],[4.164,36.831],[3.741,36.837],[3.587,36.792],[3.324,36.651],[3.07,36.619],[2.81,36.714],[2.524,36.573],[2.294,36.541],[1.58,36.514],[1.058,36.462],[0.781,36.385],[0.474,36.225],[0.199,36.033],[0.015,35.804],[-0.092,35.74],[-0.283,35.758],[-0.429,35.86],[-0.917,35.668],[-1.147,35.629],[-1.329,35.489],[-1.495,35.234],[-1.738,35.119],[-2.035,35.055],[-2.193,35.054]]]}},{"type":"Feature","properties":{"NAME":"Hafsid Caliphate","ABBREVN":"Hafsid Cal.","SUBJECTO":"Hafsid Caliphate","BORDERPRECISION":1,"PARTOF":"Hafsid Caliphate"},"geometry":{"type":"Polygon","coordinates":[[[6.633,34],[10.071,34],[10.019,34.081],[10.116,34.234],[10.574,34.648],[10.839,34.801],[11.083,35.145],[11.125,35.241],[10.989,35.622],[10.831,35.679],[10.603,35.889],[10.511,36.086],[10.509,36.214],[10.633,36.424],[10.92,36.654],[11.039,36.909],[11.024,37.068],[10.843,36.991],[10.581,36.793],[10.393,36.717],[10.272,36.755],[10.159,36.996],[10.133,37.105],[10.021,37.2],[9.732,37.282],[9.416,37.275],[9.15,37.173],[8.866,36.968],[8.637,36.885],[7.913,36.775],[7.792,36.832],[7.719,36.953],[7.545,37.042],[7.307,37.061],[7.063,36.882],[6.923,36.818],[6.633,34]]]}},{"type":"Feature","properties":{"NAME":"Mamluke Sultanate","ABBREVN":"Mamluke Sul.","SUBJECTO":"Mamluke Sultanate","BORDERPRECISION":1,"PARTOF":"Mamluke Sultanate"},"geometry":{"type":"MultiPolygon","coordinates":[[[[35.526,34],[35.532,34.119],[35.716,34.312],[35.821,34.344],[35.873,34.422],[35.852,34.493],[35.751,34.747],[35.809,35.014],[35.841,35.043],[35.796,35.271],[35.607,35.418],[35.664,35.459],[35.68,35.528],[35.733,35.585],[35.691,35.685],[35.74,35.69],[35.856,35.835],[35.719,36.092],[35.665,36.134],[35.709,36.212],[35.817,36.301],[36.095,36.482],[36.105,36.561],[36.082,36.622],[35.957,36.747],[35.891,36.771],[36.789,37.001],[36.494,37.369],[38.61,38.368],[39.206,38.208],[38.984,37.618],[37.952,37.323],[37.952,37.102],[38.395,36.586],[38.1,35.996],[38.906,36.006],[38.036,34.597],[37.559,34],[35.526,34]]]]}},{"type":"Feature","properties":{"NAME":null,"ABBREVN":null,"SUBJECTO":null,"BORDERPRECISION":1,"PARTOF":null},"geometry":{"type":"MultiPolygon","coordinates":[[[[24.716,35.035],[24.69,35.092],[24.324,35.208],[24.013,35.21],[23.786,35.263],[23.568,35.255],[23.513,35.276],[23.467,35.318],[23.529,35.57],[23.671,35.572],[23.665,35.667],[23.697,35.698],[23.734,35.627],[23.743,35.562],[23.879,35.552],[23.957,35.528],[24.039,35.562],[24.033,35.598],[24.082,35.612],[24.153,35.564],[24.136,35.522],[24.091,35.52],[24.073,35.496],[24.178,35.47],[24.22,35.449],[24.23,35.391],[24.388,35.373],[24.769,35.428],[24.997,35.421],[25.014,35.362],[25.512,35.295],[25.673,35.349],[25.714,35.327],[25.668,35.187],[25.742,35.137],[25.789,35.137],[25.935,35.213],[26.064,35.239],[26.099,35.216],[26.169,35.247],[26.274,35.313],[26.236,35.229],[26.243,35.145],[26.16,35.024],[25.899,35.045],[25.742,35.009],[25.591,35.016],[24.693,34.94],[24.716,35.035]]]]}},{"type":"Feature","properties":{"NAME":"Arabs","ABBREVN":"Arabs","SUBJECTO":"Arabs","BORDERPRECISION":1,"PARTOF":"Arabs"},"geometry":{"type":"MultiPolygon","coordinates":[[[[37.559,34],[38.036,34.597],[39.342,34.597],[40.029,34.391],[40.42,34],[37.559,34]]]]}},{"type":"Feature","properties":{"NAME":"Emirate of the White Sheep Turks","ABBREVN":"Turks","SUBJECTO":"Emirate of the White Sheep Turks","BORDERPRECISION":1,"PARTOF":"Emirate of the White Sheep Turks"},"geometry":{"type":"MultiPolygon","coordinates":[[[[40.42,34],[40.029,34.391],[39.342,34.597],[38.036,34.597],[38.906,36.006],[38.1,35.996],[38.395,36.586],[37.952,37.102],[37.952,37.323],[38.984,37.618],[39.206,38.208],[38.61,38.368],[39.148,38.622],[41.212,40.244],[41.484,41.437],[42.029,41.4],[42.25,41.369],[42.352,41.402],[42.694,41.564],[42.878,41.546],[43.957,42.591],[44.053,42.559],[44.17,42.612],[44.297,42.612],[44.414,42.729],[44.51,42.761],[44.669,42.761],[44.786,42.729],[44.872,42.666],[44.935,42.74],[44.978,42.772],[45.031,42.772],[45.138,42.719],[45.201,42.676],[45.297,42.676],[45.382,42.623],[45.478,42.549],[45.648,42.549],[45.808,42.538],[45.861,42.474],[45.808,42.389],[45.754,42.251],[45.914,42.123],[46.042,42.049],[46.159,42.006],[46.286,41.985],[46.393,41.995],[46.499,41.964],[46.556,41.878],[46.659,41.889],[46.669,41.815],[46.765,41.836],[46.85,41.836],[46.914,41.751],[47.127,41.623],[47.169,41.57],[47.222,41.57],[47.35,41.442],[47.35,41.304],[47.616,41.261],[47.818,41.198],[47.988,41.219],[48.063,41.315],[48.201,41.464],[48.224,41.471],[47.249,42.785],[47.195,43.376],[47.493,43.583],[47.52,43.511],[47.565,43.601],[47.61,43.754],[47.664,43.853],[47.736,43.862],[47.673,43.664],[47.574,43.502],[47.601,43.322],[47.655,43.277],[47.583,43.188],[47.565,43.008],[47.736,42.9],[47.79,42.855],[47.844,42.621],[47.97,42.594],[48.132,42.405],[48.222,42.279],[48.42,42.091],[48.5,41.929],[48.662,41.902],[48.683,41.836],[48.892,41.687],[48.999,41.517],[49.116,41.432],[49.244,41.293],[49.286,41.059],[49.35,40.953],[49.478,40.836],[49.605,40.762],[49.605,40.687],[49.807,40.581],[50.02,40.602],[50.19,40.57],[50.318,40.496],[50.424,40.411],[50.467,40.325],[50.467,40.262],[50.307,40.325],[50.126,40.347],[50.031,40.347],[49.914,40.325],[49.85,40.272],[49.669,40.24],[49.573,40.176],[49.552,40.091],[49.541,39.879],[49.446,39.655],[49.403,39.485],[49.499,39.379],[49.488,39.294],[49.382,39.326],[49.339,39.283],[49.275,39.017],[49.222,39.038],[49.18,39.145],[49.116,39.187],[49.041,39.145],[49.02,39.006],[49.052,38.932],[48.946,38.836],[48.988,38.719],[48.825,38.31],[48.832,38.306],[48.809,37.989],[48.745,37.727],[48.837,37.511],[49.06,37.398],[49.476,37.292],[49.848,37.268],[50.039,37.225],[50.111,37.098],[50.252,36.895],[50.561,36.686],[51.417,36.456],[51.796,36.432],[51.993,36.459],[52.602,36.577],[53.139,36.644],[53.8,36.679],[53.984,36.782],[55.466,34],[40.42,34]]]]}},{"type":"Feature","properties":{"NAME":"Holy Roman Empire","ABBREVN":"Holy Roman E","SUBJECTO":"Holy Roman Empire","BORDERPRECISION":1,"PARTOF":"Holy Roman Empire"},"geometry":{"type":"MultiPolygon","coordinates":[[[[1.796,50.921],[1.826,50.243],[1.987,50.22],[1.987,50.082],[2.148,50.059],[2.401,50.197],[2.677,50.151],[2.907,49.943],[3.483,49.92],[3.82,50.039],[4.255,49.887],[5.361,49.697],[5.909,49.201],[5.904,49.196],[5.612,49.21],[5.723,48.959],[5.876,49.071],[6.001,48.904],[5.834,48.778],[6.015,48.653],[5.946,48.347],[6.238,48.291],[6.252,47.957],[6.099,48.027],[6.057,47.957],[5.96,47.985],[5.96,47.804],[5.82,47.735],[5.918,47.595],[5.793,47.512],[5.779,47.359],[5.737,47.234],[5.667,47.108],[5.794,46.997],[5.757,46.887],[5.646,46.85],[5.626,46.649],[5.74,46.598],[5.725,46.48],[5.646,46.457],[5.416,46.524],[5.308,46.373],[5.314,46.355],[5.359,46.355],[5.392,46.345],[5.403,46.332],[5.394,46.283],[5.404,46.264],[5.425,46.249],[5.443,46.265],[5.453,46.297],[5.467,46.297],[5.474,46.314],[5.513,46.318],[5.546,46.332],[5.579,46.33],[5.587,46.318],[5.605,46.316],[5.644,46.346],[5.685,46.314],[5.715,46.309],[5.723,46.294],[5.715,46.283],[5.727,46.261],[5.759,46.268],[5.823,46.262],[5.864,46.271],[5.871,46.265],[5.895,46.286],[5.908,46.285],[5.926,46.314],[5.942,46.31],[5.984,46.363],[6.024,46.384],[6.061,46.418],[6.052,46.456],[6.106,46.475],[6.122,46.493],[6.133,46.517],[6.16,46.543],[6.111,46.576],[6.228,46.648],[6.279,46.69],[6.372,46.724],[6.37,46.73],[6.385,46.732],[6.395,46.748],[6.43,46.756],[6.452,46.774],[6.541,46.788],[6.568,46.78],[6.586,46.766],[6.6,46.737],[6.631,46.726],[6.633,46.746],[6.604,46.777],[6.616,46.79],[6.674,46.781],[6.796,46.829],[6.919,46.934],[7.033,46.856],[7.002,46.822],[6.967,46.814],[6.958,46.785],[6.969,46.766],[6.951,46.756],[6.869,46.754],[6.839,46.743],[6.819,46.72],[6.825,46.701],[6.855,46.689],[6.904,46.691],[6.95,46.711],[6.983,46.736],[7.03,46.727],[7.043,46.72],[7.213,47.122],[6.729,46.878],[6.546,46.958],[6.737,47.043],[6.715,47.088],[6.854,47.152],[6.868,47.187],[7.337,47.44],[7.469,47.485],[7.571,47.584],[7.725,47.604],[7.733,47.525],[8.509,47.599],[8.406,47.692],[8.531,47.806],[8.802,47.747],[8.897,47.653],[8.937,47.659],[9.006,47.695],[8.994,47.707],[8.94,47.726],[8.959,47.737],[9.014,47.72],[8.987,47.743],[9.101,47.702],[9.109,47.69],[9.084,47.69],[9.048,47.708],[9.043,47.693],[9.081,47.683],[9.113,47.686],[9.124,47.671],[9.218,47.666],[9.211,47.683],[9.188,47.699],[9.201,47.707],[9.18,47.705],[9.174,47.734],[9.067,47.78],[9.031,47.805],[9.043,47.818],[9.106,47.792],[9.132,47.772],[9.226,47.739],[9.237,47.711],[9.288,47.684],[9.348,47.661],[9.421,47.666],[9.466,47.648],[9.502,47.646],[9.534,47.597],[9.563,47.585],[9.601,47.585],[9.607,47.572],[9.628,47.57],[9.653,47.556],[9.68,47.556],[9.68,47.543],[9.712,47.551],[9.752,47.511],[9.743,47.505],[9.699,47.506],[9.678,47.489],[9.666,47.496],[9.648,47.488],[9.641,47.507],[9.617,47.496],[9.681,47.435],[9.571,47.267],[9.483,47.182],[9.52,47.073],[9.505,47.038],[9.498,46.793],[8.824,46.582],[9,46.309],[8.91,46.28],[8.936,46.209],[8.927,46.142],[8.984,46.114],[9.006,46.129],[9.053,46.122],[9.064,46.134],[9.079,46.121],[9.1,46.127],[9.161,46.171],[9.184,46.171],[9.194,46.178],[9.202,46.208],[9.214,46.211],[9.225,46.23],[9.249,46.234],[9.259,46.278],[9.285,46.297],[9.282,46.309],[9.3,46.327],[9.293,46.338],[9.298,46.352],[9.281,46.36],[9.277,46.372],[9.284,46.386],[9.276,46.395],[9.281,46.411],[9.248,46.433],[9.247,46.447],[9.278,46.462],[9.282,46.496],[9.321,46.505],[9.364,46.509],[9.373,46.504],[9.368,46.494],[9.391,46.473],[9.414,46.468],[9.434,46.498],[9.461,46.505],[9.461,46.485],[9.45,46.48],[9.463,46.481],[9.464,46.474],[9.454,46.421],[9.467,46.398],[9.465,46.374],[9.498,46.363],[9.518,46.327],[9.545,46.309],[9.545,46.312],[9.642,46.325],[9.674,46.38],[9.885,46.403],[9.903,46.379],[9.907,46.381],[9.924,46.367],[9.953,46.379],[9.964,46.364],[9.995,46.349],[9.98,46.323],[10,46.313],[10.001,46.302],[9.992,46.296],[9.997,46.284],[10.011,46.281],[10.088,46.422],[10.08,46.421],[10.042,46.443],[10.053,46.463],[9.987,46.498],[10.024,46.621],[10.151,46.662],[10.191,46.625],[10.215,46.617],[10.24,46.635],[10.256,46.608],[10.242,46.591],[10.243,46.587],[10.372,46.566],[10.389,46.653],[10.339,46.748],[10.396,46.887],[10.558,46.718],[10.558,46.486],[10.578,46.473],[10.601,46.469],[10.622,46.448],[10.618,46.417],[10.633,46.402],[10.608,46.379],[10.567,46.378],[10.558,46.373],[10.558,46.313],[10.457,46.212],[10.525,45.739],[10.66,45.807],[10.795,45.638],[10.93,45.84],[11.166,45.739],[11.233,46.009],[11.335,46.009],[11.571,45.975],[11.571,46.245],[11.908,46.414],[11.74,46.752],[12.075,46.928],[12.218,46.884],[12.328,46.967],[12.698,46.951],[13.292,47.064],[13.516,47],[13.581,46.839],[13.709,46.839],[13.725,46.646],[13.621,46.421],[13.606,46.132],[13.368,45.694],[13.438,45.638],[13.565,45.727],[14.076,45.678],[14.219,45.477],[13.99,45.42],[14.076,45.276],[14.354,45.323],[14.527,45.783],[14.798,45.865],[14.88,45.484],[15.424,45.43],[15.47,45.734],[16.122,45.582],[16.209,45.734],[16.079,45.886],[16.209,46.147],[16.448,46.104],[16.535,46.365],[16.296,46.408],[16.514,46.626],[16.448,46.778],[16.448,46.93],[16.557,47.06],[16.557,47.191],[16.644,47.3],[16.557,47.495],[16.622,47.735],[16.796,47.843],[17.408,47.822],[17.462,48.066],[17.218,48.066],[17.19,48.447],[17.353,48.963],[17.87,48.8],[18.114,48.854],[18.114,48.99],[18.223,48.99],[18.25,49.181],[18.522,49.561],[18.927,49.622],[18.896,49.713],[18.796,49.713],[18.769,50.177],[18.646,50.645],[18.14,50.988],[17.64,51.437],[17.553,51.655],[17.291,51.786],[17.204,51.611],[16.855,51.655],[16.855,51.917],[16.506,52.178],[16.506,52.004],[16.095,52.124],[15.765,52.265],[15.76,52.571],[15.816,52.571],[15.844,52.71],[16.053,52.716],[16.204,53.343],[16.416,53.525],[16.204,53.706],[16.658,53.858],[16.809,53.464],[16.809,53.858],[16.688,54.039],[16.99,54.19],[17.111,54.13],[17.747,54.433],[17.658,54.685],[16.976,54.549],[16.473,54.415],[16.115,54.2],[15.898,54.128],[15.312,54.071],[15.08,54.003],[14.886,53.98],[14.467,53.91],[14.473,53.877],[14.483,53.819],[14.557,53.76],[14.565,53.694],[14.495,53.625],[14.537,53.538],[14.433,53.594],[14.19,53.625],[14.177,53.683],[14.01,53.673],[13.85,53.729],[13.78,53.775],[13.738,54.03],[13.668,54.084],[13.431,54.03],[13.064,54.194],[13.026,54.265],[12.943,54.347],[12.765,54.27],[12.653,54.321],[12.312,54.202],[12.041,54.097],[11.565,54.035],[11.408,53.859],[11.202,53.857],[11.151,53.938],[10.859,53.877],[10.717,53.964],[11.016,54.097],[11.073,54.22],[11.039,54.313],[10.649,54.259],[10.446,54.292],[10.34,54.362],[10.213,54.372],[10.142,54.337],[9.885,54.254],[9.827,54.276],[9.739,54.276],[9.674,54.189],[9.449,54.189],[9.441,54.247],[9.296,54.247],[9.26,54.305],[9.216,54.29],[9.165,54.32],[9.136,54.298],[9.056,54.349],[8.962,54.276],[8.884,54.229],[8.853,54.168],[8.779,54.132],[8.833,54.066],[8.946,54.015],[8.819,53.969],[8.857,53.867],[9.125,53.79],[8.848,53.75],[8.54,53.801],[8.429,53.612],[8.502,53.449],[8.306,53.525],[8.189,53.531],[8.261,53.439],[8.242,53.352],[8.175,53.322],[8.029,53.373],[8.099,53.444],[7.969,53.638],[7.332,53.604],[7.166,53.592],[7.037,53.51],[6.981,53.317],[7.19,53.23],[7.16,53.164],[7.043,53.164],[7.009,53.245],[6.861,53.266],[6.751,53.39],[6.261,53.322],[5.966,53.335],[5.39,53.139],[5.332,53.011],[5.343,52.996],[5.358,52.938],[5.326,52.79],[5.653,52.75],[5.547,52.679],[5.556,52.587],[5.611,52.532],[5.817,52.521],[5.757,52.334],[5.574,52.283],[5.473,52.177],[4.95,52.278],[5.036,52.334],[5.006,52.557],[5.108,52.532],[5.235,52.623],[5.173,52.743],[5.008,52.856],[4.719,52.802],[4.641,52.756],[4.387,52.23],[4.264,52.071],[3.878,51.792],[3.52,51.579],[3.743,51.46],[3.775,51.388],[3.681,51.321],[3.472,51.314],[3.214,51.354],[2.995,51.313],[2.443,51.048],[2.03,51.007],[1.796,50.921]]],[[[5.808,45.428],[5.823,45.396],[5.935,45.322],[5.947,45.26],[6.058,45.223],[6.033,45.334],[6.083,45.372],[6.145,45.322],[6.192,45.338],[6.201,45.361],[6.176,45.395],[6.122,45.439],[6.096,45.432],[6.094,45.445],[6.049,45.438],[6.011,45.45],[6.009,45.473],[5.968,45.492],[5.915,45.477],[5.924,45.464],[5.92,45.444],[5.905,45.432],[5.897,45.4],[5.816,45.422],[5.808,45.428]]],[[[6.111,46.203],[6.115,46.199],[6.154,46.186],[6.155,46.178],[6.166,46.188],[6.172,46.182],[6.201,46.208],[6.222,46.216],[6.218,46.225],[6.192,46.236],[6.172,46.212],[6.148,46.207],[6.153,46.225],[6.128,46.228],[6.112,46.219],[6.118,46.216],[6.111,46.203]]],[[[6.142,46.272],[6.155,46.254],[6.16,46.253],[6.164,46.271],[6.153,46.276],[6.142,46.272]]],[[[6.246,46.256],[6.254,46.248],[6.247,46.227],[6.291,46.224],[6.31,46.244],[6.306,46.256],[6.298,46.255],[6.295,46.265],[6.266,46.249],[6.25,46.262],[6.246,46.256]]],[[[6.517,45.106],[6.665,44.955],[6.943,44.869],[7.003,44.72],[6.925,44.715],[6.783,44.548],[6.785,44.544],[6.839,44.609],[6.855,44.615],[6.858,44.63],[6.882,44.631],[6.916,44.66],[6.948,44.654],[6.963,44.678],[6.99,44.69],[7.029,44.692],[7.077,44.682],[7.065,44.714],[7.079,44.717],[7.074,44.716],[7.044,44.718],[7.024,44.74],[7.019,44.777],[7.001,44.792],[7.02,44.815],[7.02,44.825],[7.01,44.826],[7.001,44.842],[7.015,44.879],[6.795,45.014],[6.747,45.008],[6.722,45.022],[6.671,45.02],[6.647,45.027],[6.639,45.055],[6.608,45.052],[6.594,45.07],[6.558,45.08],[6.55,45.098],[6.532,45.098],[6.517,45.106]]],[[[6.569,46.51],[6.592,46.518],[6.689,46.5],[6.721,46.486],[6.743,46.489],[6.776,46.473],[6.832,46.467],[6.85,46.455],[6.884,46.487],[6.933,46.517],[7.009,46.458],[7.004,46.421],[7.021,46.404],[7.001,46.397],[6.987,46.398],[6.981,46.406],[6.949,46.401],[6.926,46.413],[6.931,46.408],[6.919,46.395],[6.861,46.396],[6.864,46.393],[6.866,46.377],[6.89,46.366],[6.892,46.349],[6.919,46.34],[6.947,46.306],[6.958,46.279],[6.998,46.254],[6.981,46.245],[6.959,46.212],[6.984,46.174],[6.982,46.123],[6.948,46.101],[6.933,46.074],[6.984,46.006],[7.008,45.999],[7.024,45.978],[7.011,45.967],[7.035,45.956],[7.043,45.923],[7.063,45.911],[7.064,45.9],[7.104,45.859],[7.118,45.859],[7.157,45.879],[7.173,45.864],[7.195,45.86],[7.202,45.876],[7.22,45.889],[7.259,45.891],[7.294,45.922],[7.324,45.91],[7.344,45.915],[7.386,45.897],[7.438,45.928],[7.257,46.44],[7.019,46.628],[7.013,46.628],[6.956,46.588],[6.932,46.588],[6.906,46.575],[6.829,46.581],[6.777,46.554],[6.737,46.544],[6.662,46.549],[6.601,46.562],[6.571,46.555],[6.569,46.51]]],[[[6.584,46.678],[6.598,46.618],[6.658,46.589],[6.671,46.599],[6.687,46.63],[6.75,46.631],[6.733,46.67],[6.704,46.673],[6.684,46.689],[6.631,46.688],[6.627,46.697],[6.592,46.69],[6.584,46.678]]],[[[7.105,44.723],[7.121,44.726],[7.125,44.732],[7.105,44.723]]],[[[7.468,43.825],[7.471,43.813],[7.485,43.822],[7.485,43.824],[7.468,43.825]]],[[[7.495,43.855],[7.504,43.835],[7.51,43.838],[7.508,43.842],[7.496,43.853],[7.498,43.871],[7.497,43.87],[7.495,43.855]]],[[[7.51,43.882],[7.559,43.897],[7.555,43.896],[7.554,43.896],[7.512,43.884],[7.51,43.882]]],[[[7.662,44.027],[7.663,44.025],[7.664,44.028],[7.662,44.027]]],[[[7.696,45.952],[7.71,45.948],[7.721,45.923],[7.735,45.924],[7.751,45.94],[7.797,45.919],[7.822,45.927],[7.86,45.92],[7.864,45.913],[7.877,45.926],[7.869,45.937],[7.877,45.964],[7.82,45.928],[7.696,45.952]]],[[[7.703,44.043],[7.712,44.06],[7.711,44.06],[7.703,44.043]]],[[[7.715,44.104],[7.717,44.104],[7.733,44.084],[7.716,44.106],[7.715,44.104]]],[[[7.732,45.322],[7.791,45.251],[7.848,45.228],[7.852,45.202],[7.873,45.183],[7.85,45.173],[7.827,45.14],[7.885,45.114],[7.898,45.139],[7.979,45.143],[7.993,45.162],[7.951,45.196],[8.045,45.199],[8.042,45.205],[8.004,45.217],[7.988,45.24],[7.98,45.262],[8.018,45.284],[7.973,45.285],[7.974,45.297],[7.958,45.3],[7.963,45.312],[7.92,45.314],[7.906,45.334],[7.866,45.343],[7.824,45.341],[7.806,45.361],[7.765,45.366],[7.738,45.342],[7.732,45.322]]],[[[7.733,44.084],[7.753,44.084],[7.755,44.085],[7.733,44.084]]],[[[7.8,44.038],[7.807,44.011],[7.81,44.009],[7.8,44.038]]],[[[7.808,44.127],[7.815,44.124],[7.882,44.114],[7.808,44.127]]],[[[7.828,43.997],[7.848,43.984],[7.85,43.973],[7.848,43.987],[7.828,43.997]]],[[[7.843,43.948],[7.845,43.945],[7.87,43.935],[7.873,43.936],[7.843,43.948]]],[[[7.861,45.91],[7.867,45.906],[7.868,45.905],[7.868,45.906],[7.861,45.91]]],[[[7.871,45.864],[7.872,45.852],[7.874,45.855],[7.871,45.864]]],[[[7.886,45.759],[7.888,45.758],[7.889,45.757],[7.93,45.74],[7.931,45.742],[7.886,45.759]]],[[[7.902,44.039],[7.925,44.025],[7.926,44.027],[7.902,44.039]]],[[[7.914,44.005],[7.926,43.999],[7.975,44.02],[7.927,44],[7.917,44.004],[7.924,44.021],[7.926,44.025],[7.914,44.005]]],[[[7.918,44.706],[8.008,44.733],[8.028,44.799],[8.022,44.804],[7.986,44.77],[7.99,44.74],[8.001,44.731],[7.918,44.706]]],[[[7.927,45.735],[7.938,45.725],[7.928,45.736],[7.927,45.735]]],[[[7.929,45.997],[7.989,45.996],[8.001,46.012],[8.013,46.016],[8.016,46.033],[8.034,46.044],[8.025,46.063],[7.974,46.025],[7.929,45.997]]],[[[7.971,44.113],[8.007,44.102],[8.012,44.111],[8.009,44.106],[8.005,44.103],[7.971,44.113]]],[[[7.979,44.136],[7.999,44.128],[7.98,44.138],[7.979,44.136]]],[[[7.98,44.138],[8.014,44.156],[7.983,44.141],[7.98,44.138]]],[[[8.003,44.117],[8.013,44.12],[8.01,44.122],[8.011,44.121],[8.008,44.119],[8.003,44.117]]],[[[8.005,44],[8.007,43.999],[8.009,44.001],[8.005,44]]],[[[8.005,44.114],[8.009,44.113],[8.006,44.115],[8.005,44.114]]],[[[8.021,45.11],[8.045,45.088],[8.05,45.088],[8.058,45.072],[8.03,45.131],[8.03,45.13],[8.022,45.124],[8.021,45.11]]],[[[8.043,44.143],[8.067,44.145],[8.068,44.146],[8.043,44.143]]],[[[8.063,44.253],[8.102,44.281],[8.089,44.275],[8.063,44.253]]],[[[8.067,44.215],[8.076,44.204],[8.068,44.227],[8.07,44.221],[8.067,44.215]]],[[[8.077,46.294],[8.089,46.269],[8.128,46.294],[8.077,46.294]]],[[[8.082,44.092],[8.084,44.089],[8.083,44.089],[8.098,44.074],[8.082,44.092]]],[[[8.086,46.109],[8.11,46.113],[8.115,46.13],[8.154,46.146],[8.151,46.165],[8.165,46.183],[8.153,46.191],[8.139,46.226],[8.115,46.236],[8.107,46.25],[8.096,46.253],[8.143,46.152],[8.086,46.109]]],[[[8.091,44.173],[8.151,44.165],[8.095,44.177],[8.092,44.173],[8.091,44.173]]],[[[8.096,45.738],[8.11,45.749],[8.12,45.753],[8.115,45.753],[8.096,45.738]]],[[[8.098,44.074],[8.117,44.072],[8.12,44.075],[8.098,44.074]]],[[[8.113,44.491],[8.174,44.502],[8.207,44.48],[8.244,44.474],[8.261,44.519],[8.113,44.491]]],[[[8.119,44.09],[8.134,44.085],[8.142,44.092],[8.141,44.093],[8.151,44.102],[8.139,44.104],[8.135,44.092],[8.119,44.09]]],[[[8.138,44.152],[8.151,44.141],[8.144,44.135],[8.153,44.142],[8.138,44.152]]],[[[8.138,44.152],[8.157,44.158],[8.152,44.16],[8.138,44.152]]],[[[8.143,44.126],[8.148,44.113],[8.144,44.135],[8.145,44.129],[8.143,44.126]]],[[[8.155,45.752],[8.163,45.75],[8.178,45.751],[8.182,45.751],[8.155,45.752]]],[[[8.158,46.297],[8.16,46.296],[8.199,46.302],[8.216,46.318],[8.158,46.297]]],[[[8.162,44.156],[8.175,44.141],[8.179,44.141],[8.165,44.155],[8.162,44.156]]],[[[8.169,44.139],[8.183,44.136],[8.173,44.14],[8.175,44.141],[8.169,44.139]]],[[[8.17,44.214],[8.178,44.197],[8.177,44.189],[8.179,44.202],[8.17,44.214]]],[[[8.177,44.189],[8.183,44.186],[8.185,44.182],[8.188,44.184],[8.177,44.189]]],[[[8.185,44.136],[8.191,44.129],[8.193,44.13],[8.192,44.133],[8.185,44.136]]],[[[8.232,44.295],[8.255,44.3],[8.267,44.352],[8.254,44.3],[8.232,44.295]]],[[[8.282,46.364],[8.284,46.364],[8.313,46.377],[8.316,46.398],[8.308,46.401],[8.289,46.39],[8.282,46.364]]],[[[8.289,44.367],[8.318,44.343],[8.316,44.345],[8.316,44.346],[8.289,44.367]]],[[[8.305,44.257],[8.313,44.262],[8.319,44.271],[8.305,44.257]]],[[[8.331,44.289],[8.338,44.299],[8.339,44.32],[8.331,44.289]]],[[[8.448,44.499],[8.462,44.488],[8.461,44.493],[8.448,44.499]]],[[[8.45,46.462],[8.462,46.451],[8.524,46.475],[8.539,46.467],[8.557,46.478],[8.558,46.491],[8.582,46.499],[8.703,46.474],[8.711,46.458],[8.705,46.445],[8.736,46.429],[8.744,46.406],[8.778,46.397],[8.655,46.531],[8.45,46.462]]],[[[8.472,44.519],[8.474,44.511],[8.48,44.511],[8.472,44.519]]],[[[8.48,44.511],[8.542,44.508],[8.55,44.504],[8.567,44.507],[8.576,44.507],[8.48,44.511]]],[[[8.538,41.948],[8.552,41.911],[8.557,41.918],[8.542,41.949],[8.538,41.948]]],[[[8.551,45.168],[8.554,45.16],[8.554,45.161],[8.557,45.167],[8.551,45.168]]],[[[8.554,45.16],[8.555,45.157],[8.58,45.153],[8.568,45.155],[8.554,45.16]]],[[[8.573,42.445],[8.598,42.455],[8.597,42.472],[8.573,42.445]]],[[[8.581,45.151],[8.592,45.131],[8.583,45.15],[8.581,45.151]]],[[[8.599,44.565],[8.6,44.556],[8.6,44.558],[8.599,44.565]]],[[[8.6,44.553],[8.61,44.546],[8.612,44.548],[8.6,44.554],[8.6,44.553]]],[[[8.6,44.558],[8.619,44.577],[8.621,44.585],[8.62,44.584],[8.6,44.558]]],[[[8.607,44.583],[8.617,44.587],[8.621,44.586],[8.623,44.597],[8.617,44.6],[8.621,44.589],[8.607,44.583]]],[[[8.608,44.628],[8.616,44.603],[8.616,44.605],[8.618,44.608],[8.612,44.617],[8.608,44.628]]],[[[8.637,45.067],[8.647,45.055],[8.647,45.056],[8.637,45.067]]],[[[8.638,45.049],[8.641,45.044],[8.64,45.046],[8.646,45.054],[8.647,45.055],[8.638,45.049]]],[[[8.646,42.064],[8.651,42.056],[8.659,42.061],[8.646,42.064]]],[[[8.694,44.582],[8.697,44.58],[8.725,44.579],[8.694,44.582]]],[[[8.725,44.579],[8.739,44.55],[8.749,44.55],[8.725,44.579]]],[[[8.727,41.561],[8.736,41.555],[8.732,41.564],[8.727,41.561]]],[[[8.749,44.55],[8.752,44.526],[8.765,44.53],[8.749,44.55]]],[[[8.765,44.53],[8.771,44.489],[8.786,44.488],[8.772,44.489],[8.765,44.53]]],[[[8.795,44.523],[8.8,44.502],[8.798,44.525],[8.828,44.546],[8.802,44.533],[8.795,44.523]]],[[[9.024,41.421],[9.039,41.369],[9.057,41.366],[9.043,41.383],[9.032,41.418],[9.024,41.421]]],[[[9.14,47.665],[9.189,47.651],[9.178,47.664],[9.14,47.665]]],[[[9.166,44.693],[9.2,44.686],[9.203,44.686],[9.166,44.693]]],[[[9.218,44.686],[9.243,44.687],[9.232,44.702],[9.239,44.687],[9.218,44.686]]],[[[9.271,42.883],[9.272,42.862],[9.276,42.869],[9.273,42.89],[9.271,42.883]]],[[[9.276,42.803],[9.279,42.753],[9.287,42.75],[9.287,42.786],[9.276,42.803]]],[[[9.285,42.926],[9.297,42.941],[9.295,42.957],[9.285,42.926]]],[[[9.366,44.69],[9.403,44.643],[9.399,44.655],[9.366,44.69]]],[[[9.396,44.61],[9.417,44.596],[9.421,44.574],[9.409,44.56],[9.423,44.575],[9.421,44.593],[9.397,44.613],[9.398,44.616],[9.406,44.634],[9.404,44.641],[9.404,44.642],[9.396,44.61]]],[[[9.442,44.419],[9.443,44.417],[9.464,44.425],[9.452,44.421],[9.442,44.419]]],[[[9.446,45.761],[9.457,45.745],[9.447,45.731],[9.459,45.702],[9.451,45.684],[9.486,45.667],[9.497,45.631],[9.515,45.626],[9.539,45.582],[9.56,45.596],[9.563,45.594],[9.695,45.78],[9.582,45.893],[9.57,46.024],[9.553,46.015],[9.491,46.012],[9.503,45.97],[9.53,45.961],[9.54,45.946],[9.51,45.876],[9.467,45.849],[9.475,45.841],[9.473,45.825],[9.493,45.807],[9.495,45.793],[9.484,45.793],[9.475,45.783],[9.45,45.783],[9.468,45.767],[9.446,45.761]]],[[[9.464,44.425],[9.479,44.409],[9.472,44.424],[9.466,44.423],[9.464,44.425]]],[[[9.48,44.563],[9.505,44.529],[9.49,44.55],[9.493,44.556],[9.48,44.563]]],[[[9.56,45.374],[9.59,45.355],[9.612,45.303],[9.603,45.296],[9.606,45.286],[9.625,45.298],[9.639,45.268],[9.659,45.292],[9.662,45.281],[9.651,45.275],[9.673,45.274],[9.683,45.266],[9.663,45.255],[9.686,45.265],[9.697,45.256],[9.734,45.271],[9.73,45.287],[9.737,45.302],[9.729,45.314],[9.735,45.33],[9.759,45.343],[9.787,45.346],[9.78,45.353],[9.791,45.355],[9.77,45.363],[9.767,45.377],[9.745,45.384],[9.749,45.405],[9.768,45.412],[9.771,45.437],[9.764,45.454],[9.73,45.478],[9.75,45.483],[9.756,45.5],[9.771,45.504],[9.768,45.515],[9.853,45.532],[9.877,45.475],[9.891,45.463],[9.886,45.371],[9.911,45.338],[10.008,45.295],[10.077,45.278],[10.126,45.247],[10.153,45.24],[10.222,45.229],[10.217,45.231],[10.227,45.24],[10.246,45.244],[10.251,45.253],[10.267,45.251],[10.284,45.228],[10.321,45.209],[10.312,45.199],[10.312,45.197],[10.309,45.192],[10.318,45.205],[10.344,45.204],[10.344,45.211],[10.361,45.215],[10.384,45.193],[10.374,45.185],[10.391,45.183],[10.404,45.169],[10.396,45.195],[10.423,45.184],[10.451,45.187],[10.458,45.174],[10.486,45.179],[10.479,45.188],[10.488,45.19],[10.483,45.194],[10.505,45.216],[10.495,45.219],[10.495,45.228],[10.513,45.241],[10.514,45.258],[10.504,45.275],[10.435,45.274],[10.424,45.297],[10.429,45.321],[10.466,45.325],[10.465,45.335],[10.504,45.305],[10.539,45.312],[10.577,45.36],[9.998,45.401],[9.922,45.666],[9.846,45.704],[9.602,45.568],[9.632,45.558],[9.673,45.564],[9.69,45.549],[9.695,45.507],[9.724,45.495],[9.699,45.46],[9.69,45.459],[9.682,45.441],[9.662,45.437],[9.642,45.457],[9.579,45.439],[9.585,45.423],[9.568,45.415],[9.56,45.374]]],[[[9.689,44.365],[9.699,44.366],[9.719,44.355],[9.729,44.328],[9.756,44.321],[9.781,44.294],[9.748,44.254],[9.759,44.234],[9.754,44.22],[9.765,44.212],[9.763,44.206],[9.802,44.206],[9.821,44.225],[9.825,44.198],[9.852,44.197],[9.866,44.183],[9.891,44.208],[9.909,44.208],[9.915,44.199],[9.933,44.196],[9.892,44.167],[9.974,44.167],[9.981,44.143],[9.975,44.138],[9.995,44.119],[9.994,44.105],[9.984,44.099],[9.993,44.093],[10.005,44.111],[10.028,44.119],[10.053,44.11],[10.047,44.115],[10.06,44.13],[10.137,44.119],[10.151,44.107],[10.19,44.122],[10.214,44.119],[10.233,44.107],[10.243,44.086],[10.224,44.052],[10.2,44.035],[10.185,44.039],[10.168,44.033],[10.149,44.012],[10.151,43.988],[10.096,43.959],[10.047,43.991],[10.039,43.993],[10.137,43.905],[10.205,43.817],[10.184,43.871],[10.167,43.893],[10.222,43.916],[10.279,43.962],[10.276,43.957],[10.356,43.975],[10.35,43.985],[10.364,43.994],[10.391,44.001],[10.418,43.991],[10.467,44.002],[10.473,44.011],[10.461,44.022],[10.467,44.028],[10.447,44.035],[10.428,44.024],[10.409,44.052],[10.436,44.074],[10.447,44.07],[10.462,44.046],[10.483,44.037],[10.497,44.04],[10.511,44.062],[10.53,44.074],[10.545,44.107],[10.573,44.12],[10.587,44.117],[10.58,44.13],[10.599,44.145],[10.559,44.167],[10.542,44.15],[10.527,44.156],[10.52,44.167],[10.523,44.175],[10.485,44.205],[10.484,44.223],[10.464,44.231],[10.427,44.229],[10.381,44.264],[10.318,44.276],[10.308,44.284],[10.251,44.272],[10.225,44.3],[10.208,44.303],[10.199,44.321],[10.185,44.321],[10.143,44.354],[10.099,44.346],[10.021,44.383],[9.99,44.404],[10.007,44.431],[10.001,44.444],[9.981,44.445],[9.971,44.465],[9.924,44.473],[9.819,44.466],[9.817,44.452],[9.756,44.407],[9.754,44.392],[9.76,44.39],[9.744,44.389],[9.745,44.381],[9.718,44.383],[9.689,44.365]]],[[[10.005,44.023],[10.006,44.023],[10.033,44.065],[10.032,44.064],[10.005,44.023]]],[[[10.036,44.067],[10.069,44.089],[10.069,44.091],[10.036,44.067]]],[[[10.061,44.104],[10.063,44.102],[10.067,44.097],[10.068,44.094],[10.067,44.099],[10.061,44.104]]],[[[10.212,43.808],[10.309,43.829],[10.327,43.825],[10.307,43.83],[10.212,43.808]]],[[[10.313,45.188],[10.356,45.165],[10.378,45.139],[10.364,45.162],[10.313,45.19],[10.313,45.188]]],[[[10.378,45.139],[10.389,45.143],[10.387,45.144],[10.378,45.139]]],[[[10.411,45.087],[10.415,45.074],[10.412,45.046],[10.417,45.088],[10.411,45.087]]],[[[10.412,45.044],[10.415,45.044],[10.42,45.041],[10.412,45.046],[10.412,45.044]]],[[[10.415,43.824],[10.419,43.828],[10.427,43.831],[10.439,43.808],[10.425,43.835],[10.415,43.824]]],[[[10.416,45.13],[10.418,45.13],[10.418,45.131],[10.416,45.13]]],[[[10.417,44.673],[10.448,44.719],[10.417,44.675],[10.417,44.673]]],[[[10.419,45.14],[10.42,45.137],[10.421,45.14],[10.437,45.144],[10.419,45.14]]],[[[10.42,45.041],[10.431,45.045],[10.445,45.046],[10.459,45.056],[10.42,45.041]]],[[[10.427,44.74],[10.448,44.719],[10.447,44.728],[10.428,44.741],[10.427,44.74]]],[[[10.43,44.766],[10.432,44.761],[10.435,44.754],[10.43,44.766]]],[[[10.439,43.808],[10.451,43.803],[10.44,43.79],[10.442,43.787],[10.453,43.805],[10.439,43.808]]],[[[10.448,45.146],[10.479,45.145],[10.458,45.148],[10.448,45.146]]],[[[10.452,43.767],[10.501,43.753],[10.509,43.756],[10.507,43.756],[10.452,43.767]]],[[[10.458,44.981],[10.511,44.983],[10.556,45.007],[10.567,45],[10.595,45.004],[10.561,44.994],[10.601,45.005],[10.602,45.012],[10.557,45.017],[10.558,45.024],[10.535,45.047],[10.534,45.045],[10.52,45.04],[10.511,45.018],[10.464,45.015],[10.458,44.981]]],[[[10.459,45.12],[10.492,45.132],[10.459,45.123],[10.459,45.12]]],[[[10.462,44.887],[10.472,44.877],[10.47,44.876],[10.491,44.883],[10.48,44.887],[10.489,44.904],[10.491,44.905],[10.49,44.905],[10.463,44.896],[10.462,44.887]]],[[[10.464,45.058],[10.488,45.056],[10.489,45.057],[10.494,45.057],[10.467,45.059],[10.464,45.058]]],[[[10.467,44.938],[10.477,44.936],[10.486,44.924],[10.472,44.944],[10.467,44.938]]],[[[10.473,44.945],[10.497,44.949],[10.484,44.947],[10.474,44.947],[10.473,44.945]]],[[[10.475,44.768],[10.49,44.787],[10.489,44.786],[10.485,44.784],[10.475,44.768]]],[[[10.479,44.853],[10.48,44.854],[10.483,44.854],[10.498,44.882],[10.479,44.853]]],[[[10.486,44.924],[10.503,44.917],[10.491,44.911],[10.491,44.905],[10.508,44.915],[10.511,44.914],[10.522,44.91],[10.486,44.924]]],[[[10.49,45.082],[10.494,45.057],[10.493,45.064],[10.495,45.068],[10.491,45.082],[10.49,45.082]]],[[[10.492,45.082],[10.498,45.075],[10.533,45.075],[10.492,45.082]]],[[[10.495,44.789],[10.529,44.799],[10.531,44.806],[10.495,44.789]]],[[[10.497,44.949],[10.51,44.972],[10.507,44.972],[10.497,44.949]]],[[[10.498,44.882],[10.583,44.877],[10.578,44.879],[10.498,44.882]]],[[[10.525,44.911],[10.529,44.91],[10.568,44.925],[10.525,44.911]]],[[[10.527,44.974],[10.561,44.994],[10.55,44.988],[10.531,44.981],[10.527,44.974]]],[[[10.53,44.817],[10.534,44.816],[10.538,44.831],[10.53,44.817]]],[[[10.531,45.051],[10.541,45.063],[10.533,45.075],[10.538,45.06],[10.531,45.051]]],[[[10.532,43.76],[10.556,43.75],[10.533,43.76],[10.532,43.76]]],[[[10.556,43.75],[10.597,43.76],[10.603,43.759],[10.61,43.755],[10.595,43.764],[10.556,43.75]]],[[[10.589,44.117],[10.604,44.114],[10.61,44.116],[10.589,44.117]]],[[[10.627,44.923],[10.631,44.924],[10.641,44.915],[10.647,44.906],[10.639,44.881],[10.649,44.903],[10.634,44.926],[10.636,44.93],[10.627,44.923]]],[[[10.631,44.116],[10.646,44.106],[10.665,44.11],[10.707,44.093],[10.723,44.082],[10.721,44.042],[10.736,44.038],[10.745,44.01],[10.727,43.984],[10.707,43.984],[10.689,43.995],[10.675,43.985],[10.71,43.955],[10.705,43.943],[10.662,43.927],[10.658,43.916],[10.673,43.87],[10.648,43.862],[10.651,43.854],[10.636,43.831],[10.671,43.815],[10.645,43.795],[10.662,43.806],[10.796,43.816],[10.899,44.064],[10.921,44.066],[10.943,44.081],[10.997,44.136],[11.017,44.134],[11.001,44.113],[11.008,44.104],[11.041,44.092],[11.09,44.09],[11.128,44.11],[11.246,44.098],[11.264,44.104],[11.255,44.119],[11.2,44.141],[11.201,44.146],[11.14,44.34],[11.289,44.373],[11.289,44.456],[11.173,44.606],[11.256,44.789],[11.274,44.803],[11.208,44.804],[11.134,44.787],[11.116,44.707],[11.074,44.648],[11.054,44.655],[11.049,44.642],[10.999,44.659],[10.985,44.657],[10.983,44.644],[10.991,44.638],[10.984,44.628],[11.005,44.629],[11.015,44.607],[11.043,44.587],[11.044,44.575],[11.057,44.571],[11.05,44.549],[11.066,44.5],[11.047,44.466],[10.99,44.44],[10.996,44.429],[11.038,44.427],[11.049,44.416],[11.025,44.369],[11.04,44.332],[11.034,44.315],[11.021,44.308],[10.953,44.297],[10.951,44.287],[10.97,44.26],[10.957,44.227],[10.94,44.225],[10.908,44.206],[10.897,44.207],[10.89,44.225],[10.85,44.228],[10.856,44.208],[10.821,44.182],[10.808,44.154],[10.813,44.116],[10.781,44.131],[10.758,44.153],[10.69,44.157],[10.663,44.153],[10.661,44.132],[10.641,44.129],[10.631,44.116]]],[[[10.639,44.881],[10.645,44.865],[10.644,44.86],[10.646,44.864],[10.639,44.881]]],[[[10.642,44.853],[10.686,44.878],[10.642,44.854],[10.642,44.853]]],[[[10.653,44.963],[10.693,44.977],[10.684,44.974],[10.654,44.966],[10.653,44.963]]],[[[10.686,44.878],[10.731,44.886],[10.744,44.897],[10.769,44.882],[10.743,44.898],[10.729,44.886],[10.686,44.878]]],[[[10.689,44.965],[10.7,44.964],[10.691,44.965],[10.689,44.965]]],[[[10.691,44.97],[10.697,44.977],[10.693,44.976],[10.693,44.977],[10.691,44.97]]],[[[10.696,42.923],[10.697,42.921],[10.735,42.978],[10.696,42.923]]],[[[10.7,44.964],[10.714,44.987],[10.7,44.965],[10.7,44.964]]],[[[10.71,45.316],[10.731,45.316],[10.728,45.292],[10.737,45.287],[10.783,45.316],[10.83,45.285],[10.831,45.282],[10.824,45.353],[10.72,45.353],[10.71,45.345],[10.71,45.316]]],[[[10.713,42.897],[10.724,42.88],[10.728,42.89],[10.713,42.897]]],[[[10.714,44.987],[10.727,44.991],[10.726,44.992],[10.714,44.987]]],[[[10.717,43.108],[10.739,43.146],[10.737,43.146],[10.717,43.108]]],[[[10.722,43.084],[10.737,43.071],[10.779,43.067],[10.733,43.075],[10.722,43.084]]],[[[10.742,44.977],[10.744,44.949],[10.835,44.936],[10.802,44.941],[10.8,44.943],[10.744,44.953],[10.742,44.977]]],[[[10.769,44.882],[10.77,44.882],[10.785,44.896],[10.787,44.898],[10.769,44.882]]],[[[10.813,44.894],[10.842,44.899],[10.874,44.905],[10.813,44.894]]],[[[10.835,44.936],[10.877,44.917],[10.875,44.918],[10.876,44.922],[10.864,44.93],[10.855,44.927],[10.835,44.936]]],[[[10.865,44.867],[10.872,44.866],[10.882,44.874],[10.865,44.867]]],[[[10.875,44.89],[10.882,44.874],[10.877,44.894],[10.875,44.89]]],[[[10.886,44.91],[10.917,44.924],[10.888,44.915],[10.886,44.91]]],[[[10.913,42.709],[10.949,42.679],[10.939,42.696],[10.913,42.709]]],[[[10.957,43.304],[10.988,43.275],[10.986,43.28],[10.957,43.304]]],[[[10.963,44.935],[10.968,44.936],[10.981,44.945],[10.963,44.935]]],[[[10.981,43.235],[10.995,43.253],[10.993,43.259],[10.99,43.247],[10.981,43.235]]],[[[10.99,44.952],[11.059,44.949],[11.073,44.963],[11.055,44.95],[10.997,44.955],[10.992,44.952],[10.99,44.952]]],[[[11.073,44.963],[11.12,44.954],[11.107,44.957],[11.104,44.958],[11.073,44.963]]],[[[11.151,44.934],[11.153,44.933],[11.246,44.951],[11.244,44.951],[11.151,44.934]]],[[[11.246,44.951],[11.261,44.934],[11.25,44.949],[11.247,44.95],[11.246,44.951]]],[[[11.289,44.224],[11.309,44.186],[11.334,44.207],[11.37,44.21],[11.396,44.234],[11.419,44.232],[11.496,44.166],[11.551,44.163],[11.572,44.174],[11.604,44.163],[11.611,44.152],[11.588,44.129],[11.634,44.118],[11.72,44.132],[11.729,44.167],[11.764,44.197],[11.789,44.187],[11.825,44.195],[11.89,44.174],[11.905,44.196],[11.887,44.257],[11.904,44.324],[11.854,44.357],[11.804,44.34],[11.738,44.357],[11.688,44.257],[11.704,44.224],[11.555,44.191],[11.572,44.224],[11.455,44.274],[11.289,44.224]]],[[[11.458,42.393],[11.497,42.376],[11.96,42.007],[12.02,42.099],[12.003,42.248],[12.07,42.298],[12.053,42.53],[12.169,42.63],[12.153,42.696],[12.186,42.912],[12.169,42.912],[12.153,43.062],[12.219,43.228],[12.302,43.278],[12.302,43.344],[12.219,43.344],[12.122,43.474],[12.057,43.437],[12.037,43.417],[12.075,43.407],[12.081,43.372],[12.133,43.357],[12.143,43.298],[12.169,43.296],[12.194,43.318],[12.203,43.318],[12.215,43.3],[12.213,43.291],[12.158,43.263],[12.122,43.26],[12.092,43.245],[12.037,43.255],[12.023,43.242],[12.006,43.194],[11.956,43.176],[11.961,43.166],[11.945,43.168],[11.922,43.138],[11.918,43.122],[11.93,43.069],[11.937,43.063],[11.958,43.075],[11.975,43.059],[11.972,43.022],[11.932,42.927],[11.951,42.893],[11.913,42.85],[11.892,42.843],[11.895,42.835],[11.841,42.836],[11.808,42.813],[11.775,42.821],[11.75,42.806],[11.747,42.798],[11.774,42.781],[11.79,42.755],[11.807,42.743],[11.789,42.711],[11.787,42.651],[11.754,42.643],[11.735,42.616],[11.699,42.602],[11.671,42.577],[11.613,42.561],[11.606,42.568],[11.605,42.587],[11.601,42.57],[11.588,42.566],[11.586,42.536],[11.566,42.516],[11.608,42.487],[11.607,42.46],[11.599,42.445],[11.498,42.434],[11.475,42.422],[11.477,42.423],[11.458,42.393]]],[[[11.909,43.947],[11.912,43.945],[11.912,43.94],[11.93,43.937],[11.909,43.947]]],[[[11.909,43.947],[11.916,43.952],[11.914,43.968],[11.913,43.95],[11.909,43.947]]],[[[11.91,44.128],[11.915,44.124],[11.917,44.116],[11.915,44.101],[11.924,44.092],[11.924,44.093],[11.914,44.129],[11.91,44.128]]],[[[11.922,44],[11.928,43.996],[11.926,44.001],[11.925,44.008],[11.922,44]]],[[[11.928,43.972],[11.936,43.962],[11.939,43.962],[11.928,43.972]]],[[[11.93,43.937],[11.932,43.926],[11.943,43.919],[11.93,43.937]]],[[[11.943,43.919],[11.945,43.916],[11.944,43.918],[11.943,43.919]]],[[[12.054,43.856],[12.063,43.847],[12.08,43.853],[12.087,43.855],[12.077,43.858],[12.056,43.863],[12.054,43.856]]],[[[12.098,43.511],[12.117,43.502],[12.114,43.524],[12.098,43.518],[12.098,43.511]]],[[[13.777,53.949],[13.828,53.83],[14.029,53.865],[14.068,53.843],[14.145,53.826],[14.205,53.813],[14.174,53.907],[14.07,53.918],[13.778,54.044],[13.777,53.949]]],[[[14.227,53.91],[14.248,53.816],[14.334,53.83],[14.459,53.819],[14.473,53.877],[14.425,53.915],[14.227,53.91]]],[[[17.127,46.107],[17.173,46.188],[17.136,46.191],[17.127,46.107]]],[[[11.946,43.909],[11.951,43.909],[11.948,43.913],[11.946,43.909]]],[[[11.947,44.049],[11.951,44.051],[11.948,44.052],[11.947,44.049]]],[[[11.984,43.907],[12.003,43.911],[12.005,43.915],[12.007,43.916],[11.984,43.907]]],[[[12.008,43.924],[12.015,43.938],[12.029,43.941],[12.03,43.925],[12.029,43.942],[12.011,43.939],[12.008,43.924]]],[[[12.104,43.792],[12.11,43.796],[12.105,43.795],[12.104,43.792]]],[[[12.143,43.863],[12.144,43.856],[12.153,43.868],[12.143,43.863]]],[[[12.146,43.842],[12.148,43.829],[12.151,43.838],[12.146,43.842]]]]}},{"type":"Feature","properties":{"NAME":null,"ABBREVN":null,"SUBJECTO":null,"BORDERPRECISION":1,"PARTOF":null},"geometry":{"type":"MultiPolygon","coordinates":[[[[19.334,57.956],[19.287,57.937],[19.257,57.949],[19.163,57.927],[19.142,57.908],[19.126,57.84],[19.078,57.858],[19.034,57.901],[19.036,57.919],[19.089,57.97],[19.105,57.975],[19.296,57.977],[19.332,57.965],[19.334,57.956]]]]}},{"type":"Feature","properties":{"NAME":"Swiss Confederation","ABBREVN":"Swiss Confederation","SUBJECTO":"Swiss Confederation","BORDERPRECISION":1,"PARTOF":"Swiss Confederation"},"geometry":{"type":"Polygon","coordinates":[[[6.546,46.958],[6.729,46.878],[7.213,47.122],[7.043,46.72],[7.066,46.709],[7.193,46.725],[7.25,46.72],[7.306,46.732],[7.347,46.724],[7.374,46.709],[7.386,46.686],[7.34,46.643],[7.331,46.619],[7.289,46.629],[7.25,46.66],[7.193,46.681],[7.152,46.684],[7.121,46.674],[7.081,46.637],[7.053,46.628],[7.019,46.628],[7.257,46.44],[7.438,45.928],[7.445,45.932],[7.475,45.937],[7.474,45.949],[7.499,45.962],[7.54,45.956],[7.547,45.985],[7.579,45.986],[7.589,45.971],[7.659,45.977],[7.681,45.957],[7.696,45.952],[7.82,45.928],[7.877,45.964],[7.88,45.975],[7.909,45.997],[7.929,45.997],[7.974,46.025],[8.025,46.063],[8.022,46.07],[8.036,46.101],[8.086,46.109],[8.143,46.152],[8.096,46.253],[8.085,46.256],[8.086,46.267],[8.089,46.269],[8.077,46.294],[8.128,46.294],[8.141,46.302],[8.158,46.297],[8.216,46.318],[8.222,46.323],[8.224,46.334],[8.266,46.352],[8.264,46.365],[8.282,46.364],[8.289,46.39],[8.308,46.401],[8.29,46.409],[8.304,46.423],[8.326,46.427],[8.367,46.452],[8.434,46.464],[8.45,46.462],[8.655,46.531],[8.778,46.397],[8.81,46.388],[8.829,46.378],[8.832,46.367],[8.852,46.35],[8.862,46.35],[8.848,46.327],[8.872,46.32],[8.885,46.305],[8.9,46.308],[8.91,46.28],[9,46.309],[8.824,46.582],[9.498,46.793],[9.505,47.038],[9.52,47.073],[9.483,47.182],[9.571,47.267],[9.681,47.435],[9.617,47.496],[9.598,47.487],[9.561,47.5],[9.53,47.481],[9.482,47.482],[9.466,47.496],[9.436,47.507],[9.437,47.519],[9.387,47.544],[9.382,47.571],[9.3,47.611],[9.189,47.651],[9.066,47.674],[8.976,47.666],[8.907,47.645],[8.86,47.657],[8.894,47.652],[8.937,47.659],[8.897,47.653],[8.802,47.747],[8.531,47.806],[8.406,47.692],[8.509,47.599],[7.733,47.525],[7.725,47.604],[7.571,47.584],[7.469,47.485],[7.337,47.44],[6.868,47.187],[6.854,47.152],[6.715,47.088],[6.737,47.043],[6.546,46.958]]]}},{"type":"Feature","properties":{"NAME":"Crimean Khanate","ABBREVN":"Crimean Khanate","SUBJECTO":"Ottoman Empire","BORDERPRECISION":1,"PARTOF":"Ottoman Empire","wikipedia":"https://en.wikipedia.org/wiki/Crimean_Khanate"},"geometry":{"type":"MultiPolygon","coordinates":[[[[31.994,46.842],[32.059,46.86],[32.094,46.927],[36.07,47.898],[37.502,48.441],[37.699,48.935],[38.136,49.049],[40.026,49.08],[42.587,50.91],[43.673,50.86],[44.364,49.429],[42.524,47.051],[41.123,43.019],[40.969,43.077],[40.557,43.147],[40.252,43.268],[38.924,44.212],[38.556,44.385],[38.277,44.423],[38.109,44.494],[37.88,44.719],[37.774,44.745],[37.622,44.673],[37.474,44.692],[37.318,44.924],[36.96,45.227],[37.228,45.312],[37.461,45.312],[37.661,45.345],[37.706,45.578],[37.868,45.793],[37.99,46.007],[38.227,46.02],[38.459,46.079],[38.265,46.319],[37.97,46.441],[37.757,46.603],[37.867,46.655],[38.032,46.669],[38.401,46.721],[38.723,46.878],[39.282,47.074],[39.194,47.243],[39.16,47.269],[38.8,47.229],[37.859,47.104],[37.422,47.077],[37.193,46.894],[36.865,46.809],[36.354,46.776],[35.851,46.664],[35.624,46.521],[35.416,46.495],[35.312,46.688],[35.336,46.34],[35.046,46.358],[34.907,46.273],[34.692,46.253],[34.496,46.279],[34.064,46.265],[33.839,46.193],[34.127,46.064],[35.008,45.612],[35.032,45.534],[34.99,45.45],[35.063,45.34],[35.317,45.321],[35.546,45.38],[35.85,45.445],[36.323,45.44],[36.521,45.388],[36.415,45.272],[36.367,45.161],[36.265,45.097],[36.005,45.044],[35.865,45.031],[35.6,45.102],[35.387,45.082],[35.067,44.862],[34.614,44.841],[34.516,44.756],[34.375,44.576],[34.138,44.429],[33.776,44.367],[33.395,44.6],[33.559,44.936],[33.517,45.124],[33.398,45.253],[33.225,45.181],[33.013,45.381],[32.926,45.388],[32.643,45.381],[32.575,45.361],[32.503,45.445],[32.902,45.673],[33.192,45.79],[33.539,45.875],[33.639,45.927],[33.528,46.134],[33.333,46.166],[32.516,46.126],[32.202,46.17],[32.114,46.216],[31.926,46.41],[31.594,46.502],[31.633,46.554],[32.263,46.472],[32.189,46.592],[31.96,46.687],[31.994,46.842]]]]}},{"type":"Feature","properties":{"NAME":"Britany","ABBREVN":"Britany","SUBJECTO":"Britany","BORDERPRECISION":1,"PARTOF":"Britany"},"geometry":{"type":"Polygon","coordinates":[[[-4.78,48.355],[-4.592,48.392],[-4.474,48.383],[-4.35,48.391],[-4.389,48.298],[-4.588,48.251],[-4.351,48.205],[-4.313,48.101],[-4.7,48.064],[-4.675,48.017],[-4.51,47.998],[-4.391,47.942],[-4.364,47.829],[-3.955,47.904],[-3.858,47.792],[-3.712,47.798],[-3.434,47.717],[-3.063,47.604],[-2.842,47.492],[-2.614,47.572],[-2.466,47.494],[-2.576,47.324],[-2.01,47.746],[-1.752,48.178],[-1.999,48.677],[-2.076,48.656],[-2.2,48.599],[-2.343,48.674],[-2.636,48.552],[-2.791,48.59],[-3.091,48.872],[-3.435,48.836],[-3.558,48.81],[-3.608,48.693],[-3.821,48.721],[-3.902,48.646],[-3.999,48.731],[-4.251,48.652],[-4.488,48.612],[-4.626,48.547],[-4.762,48.552],[-4.78,48.355]]]}},{"type":"Feature","properties":{"NAME":null,"ABBREVN":null,"SUBJECTO":null,"BORDERPRECISION":1,"PARTOF":null},"geometry":{"type":"Polygon","coordinates":[[[-4.569,53.388],[-4.567,53.273],[-4.494,53.189],[-4.402,53.126],[-4.351,53.124],[-4.326,53.145],[-4.218,53.2],[-4.153,53.226],[-4.09,53.255],[-4.047,53.303],[-4.222,53.322],[-4.277,53.398],[-4.314,53.412],[-4.429,53.424],[-4.56,53.397],[-4.569,53.388]]]}},{"type":"Feature","properties":{"NAME":null,"ABBREVN":null,"SUBJECTO":null,"BORDERPRECISION":1,"PARTOF":null},"geometry":{"type":"MultiPolygon","coordinates":[[[[-5.104,55.439],[-5.232,55.43],[-5.34,55.475],[-5.4,55.601],[-5.381,55.669],[-5.295,55.717],[-5.239,55.714],[-5.16,55.679],[-5.085,55.557],[-5.076,55.455],[-5.104,55.439]]]]}},{"type":"Feature","properties":{"NAME":null,"ABBREVN":null,"SUBJECTO":null,"BORDERPRECISION":1,"PARTOF":null},"geometry":{"type":"MultiPolygon","coordinates":[[[[-6.122,55.879],[-6.098,55.797],[-6.088,55.784],[-6.052,55.767],[-6.03,55.721],[-6.025,55.681],[-6.077,55.65],[-6.274,55.573],[-6.326,55.587],[-6.322,55.615],[-6.286,55.707],[-6.253,55.764],[-6.251,55.771],[-6.265,55.778],[-6.338,55.78],[-6.38,55.728],[-6.449,55.68],[-6.485,55.669],[-6.509,55.682],[-6.495,55.734],[-6.45,55.849],[-6.442,55.854],[-6.37,55.869],[-6.31,55.864],[-6.137,55.934],[-6.119,55.922],[-6.122,55.879]]]]}},{"type":"Feature","properties":{"NAME":null,"ABBREVN":null,"SUBJECTO":null,"BORDERPRECISION":1,"PARTOF":null},"geometry":{"type":"MultiPolygon","coordinates":[[[[-5.947,55.83],[-5.972,55.788],[-6.027,55.792],[-6.063,55.804],[-6.076,55.816],[-6.088,55.877],[-6.079,55.906],[-5.968,56.024],[-5.809,56.11],[-5.711,56.15],[-5.694,56.147],[-5.685,56.126],[-5.691,56.107],[-5.746,56.064],[-5.947,55.83]]]]}},{"type":"Feature","properties":{"NAME":null,"ABBREVN":null,"SUBJECTO":null,"BORDERPRECISION":1,"PARTOF":null},"geometry":{"type":"MultiPolygon","coordinates":[[[[-7.467,56.941],[-7.55,56.947],[-7.56,56.96],[-7.44,57.054],[-7.419,57.044],[-7.378,56.982],[-7.435,56.945],[-7.467,56.941]]]]}},{"type":"Feature","properties":{"NAME":null,"ABBREVN":null,"SUBJECTO":null,"BORDERPRECISION":1,"PARTOF":null},"geometry":{"type":"MultiPolygon","coordinates":[[[[-7.223,57.337],[-7.252,57.327],[-7.285,57.336],[-7.288,57.322],[-7.259,57.152],[-7.215,57.114],[-7.226,57.097],[-7.287,57.106],[-7.356,57.099],[-7.381,57.109],[-7.417,57.182],[-7.425,57.382],[-7.368,57.401],[-7.336,57.396],[-7.272,57.375],[-7.223,57.337]]]]}},{"type":"Feature","properties":{"NAME":null,"ABBREVN":null,"SUBJECTO":null,"BORDERPRECISION":1,"PARTOF":null},"geometry":{"type":"MultiPolygon","coordinates":[[[[-7.269,57.399],[-7.314,57.4],[-7.388,57.424],[-7.409,57.448],[-7.406,57.464],[-7.351,57.489],[-7.244,57.476],[-7.205,57.461],[-7.202,57.419],[-7.269,57.399]]]]}},{"type":"Feature","properties":{"NAME":null,"ABBREVN":null,"SUBJECTO":null,"BORDERPRECISION":1,"PARTOF":null},"geometry":{"type":"MultiPolygon","coordinates":[[[[-7.189,57.687],[-7.067,57.637],[-7.154,57.509],[-7.321,57.505],[-7.325,57.544],[-7.412,57.568],[-7.477,57.562],[-7.543,57.591],[-7.491,57.646],[-7.473,57.655],[-7.275,57.656],[-7.245,57.677],[-7.189,57.687]]]]}},{"type":"Feature","properties":{"NAME":null,"ABBREVN":null,"SUBJECTO":null,"BORDERPRECISION":1,"PARTOF":null},"geometry":{"type":"MultiPolygon","coordinates":[[[[-7.006,57.881],[-7.074,57.878],[-7.077,57.893],[-7.033,57.916],[-6.994,57.919],[-6.997,57.891],[-7.006,57.881]]]]}},{"type":"Feature","properties":{"NAME":null,"ABBREVN":null,"SUBJECTO":null,"BORDERPRECISION":1,"PARTOF":null},"geometry":{"type":"MultiPolygon","coordinates":[[[[-6.802,58.203],[-6.869,58.204],[-6.89,58.252],[-6.854,58.25],[-6.81,58.229],[-6.794,58.218],[-6.791,58.207],[-6.802,58.203]]]]}},{"type":"Feature","properties":{"NAME":null,"ABBREVN":null,"SUBJECTO":null,"BORDERPRECISION":1,"PARTOF":null},"geometry":{"type":"MultiPolygon","coordinates":[[[[-6.204,58.356],[-6.232,58.318],[-6.324,58.264],[-6.328,58.238],[-6.325,58.232],[-6.277,58.223],[-6.221,58.234],[-6.168,58.261],[-6.148,58.256],[-6.158,58.218],[-6.172,58.207],[-6.225,58.184],[-6.264,58.177],[-6.329,58.183],[-6.367,58.159],[-6.382,58.13],[-6.497,58.097],[-6.62,58.082],[-6.497,58.087],[-6.396,58.105],[-6.354,58.033],[-6.458,57.968],[-6.474,57.94],[-6.571,57.911],[-6.662,57.924],[-6.699,57.967],[-6.706,58.008],[-6.697,58.021],[-6.653,58.048],[-6.594,58.046],[-6.6,58.054],[-6.684,58.057],[-6.761,57.998],[-6.726,57.954],[-6.685,57.934],[-6.661,57.885],[-6.735,57.826],[-6.973,57.725],[-7.124,57.821],[-7.127,57.833],[-7.118,57.838],[-7.066,57.821],[-6.83,57.901],[-6.879,57.932],[-6.935,57.95],[-6.985,57.959],[-7.036,57.953],[-7.075,57.962],[-7.113,57.984],[-7.084,58.008],[-7.056,58.02],[-7.058,58.036],[-7.094,58.071],[-7.128,58.13],[-7.094,58.182],[-7.041,58.233],[-7.001,58.234],[-6.908,58.213],[-6.908,58.206],[-6.936,58.188],[-6.862,58.104],[-6.873,58.179],[-6.805,58.196],[-6.75,58.185],[-6.745,58.197],[-6.787,58.229],[-6.808,58.26],[-6.818,58.28],[-6.798,58.302],[-6.673,58.349],[-6.652,58.349],[-6.647,58.342],[-6.55,58.363],[-6.293,58.488],[-6.267,58.512],[-6.223,58.496],[-6.166,58.425],[-6.204,58.356]]]]}},{"type":"Feature","properties":{"NAME":"Kalmar Union","ABBREVN":"Kalmar Union","SUBJECTO":"Kalmar Union","BORDERPRECISION":1,"PARTOF":"Kalmar Union"},"geometry":{"type":"MultiPolygon","coordinates":[[[[-25,69.319],[-24.897,69.392],[-24.584,69.34],[-24.333,69.333],[-23.444,69.568],[-22.732,69.774],[-22.158,70.056],[-22.434,70.079],[-23.009,70.093],[-23.459,70.092],[-23.587,70.084],[-23.775,70.145],[-24.195,70.243],[-24.585,70.304],[-25,70.296],[-25,69.319]]],[[[-25,71.468],[-24.913,71.437],[-24.386,71.183],[-24.227,71.059],[-24.04,70.774],[-23.754,70.59],[-23.084,70.468],[-22.616,70.484],[-22.203,70.485],[-21.714,70.386],[-21.547,70.44],[-21.471,70.532],[-21.592,71.211],[-21.726,71.405],[-21.904,71.497],[-22.03,71.435],[-22.431,71.341],[-22.649,71.745],[-22.818,71.87],[-23.247,72],[-25,72],[-25,71.468]]],[[[-24.219,65.534],[-24.147,65.439],[-23.678,65.317],[-23.374,65.354],[-23.183,65.427],[-22.814,65.471],[-22.362,65.45],[-22.146,65.385],[-21.955,65.378],[-21.794,65.298],[-21.729,65.182],[-21.809,65.037],[-21.978,64.95],[-22.45,64.906],[-22.778,64.855],[-23.136,64.847],[-23.437,64.804],[-23.611,64.746],[-23.675,64.659],[-23.508,64.559],[-22.554,64.625],[-22.392,64.662],[-22.279,64.619],[-22.086,64.44],[-21.857,64.383],[-21.488,64.376],[-21.804,64.11],[-22.311,63.952],[-22.507,63.866],[-22.373,63.773],[-21.548,63.718],[-21.079,63.711],[-20.88,63.74],[-20.404,63.698],[-19.827,63.478],[-19.553,63.415],[-18.961,63.337],[-18.642,63.324],[-18.157,63.367],[-17.944,63.425],[-17.591,63.689],[-17.244,63.733],[-16.918,63.733],[-16.534,63.784],[-15.876,63.993],[-15.634,64.057],[-15.267,64.28],[-15.077,64.209],[-14.821,64.195],[-14.598,64.267],[-14.366,64.476],[-14.348,64.67],[-14.26,64.713],[-13.893,64.721],[-13.694,64.779],[-13.557,65.009],[-13.526,65.183],[-13.59,65.43],[-13.647,65.495],[-14.4,65.567],[-14.754,65.697],[-14.641,65.945],[-14.763,66.055],[-15.071,66.061],[-15.574,66.207],[-15.86,66.419],[-16.385,66.454],[-16.376,66.132],[-16.568,66.029],[-16.922,65.978],[-17.57,66.013],[-18.022,66.078],[-17.861,65.837],[-17.884,65.757],[-18.128,65.786],[-18.369,65.895],[-18.676,66.091],[-19.044,66.017],[-19.165,66.003],[-19.275,65.929],[-19.156,65.725],[-19.239,65.667],[-19.336,65.674],[-19.556,65.768],[-19.748,65.907],[-19.973,66.111],[-20.217,66.001],[-20.141,65.651],[-20.168,65.556],[-20.389,65.475],[-20.672,65.424],[-20.831,65.366],[-21.08,65.205],[-21.495,65.568],[-21.296,65.699],[-21.242,65.882],[-21.443,66.13],[-21.779,66.254],[-22.21,66.29],[-22.676,66.391],[-22.841,66.281],[-22.56,66.113],[-22.474,65.996],[-22.609,65.923],[-22.911,65.944],[-23.341,66.134],[-23.466,66.133],[-23.608,65.98],[-23.426,65.827],[-23.267,65.725],[-23.571,65.681],[-23.973,65.687],[-24.162,65.607],[-24.219,65.534]]],[[[-9.12,70.858],[-9.076,70.809],[-9.006,70.808],[-8.955,70.822],[-8.938,70.84],[-8.62,70.959],[-8.46,70.971],[-8.394,70.959],[-8.119,71.004],[-8.008,71.03],[-7.985,71.043],[-7.927,71.151],[-7.95,71.168],[-7.997,71.181],[-8.129,71.171],[-8.344,71.137],[-8.382,71.121],[-8.511,71.013],[-8.764,70.951],[-8.934,70.923],[-9.106,70.872],[-9.12,70.858]]],[[[-7.435,62.14],[-7.431,62.116],[-7.378,62.065],[-7.346,62.052],[-7.251,62.043],[-7.227,62.064],[-7.192,62.04],[-7.202,62.019],[-7.063,62.049],[-7.041,62.091],[-7.163,62.129],[-7.223,62.159],[-7.435,62.14]]],[[[-7.235,62.18],[-7.232,62.172],[-7.13,62.126],[-7.035,62.112],[-6.961,62.047],[-6.869,61.997],[-6.773,61.95],[-6.718,61.933],[-6.702,61.94],[-6.696,61.979],[-6.725,62.035],[-6.841,62.124],[-6.974,62.182],[-7.037,62.234],[-7.066,62.282],[-7.135,62.304],[-7.196,62.305],[-7.211,62.285],[-7.235,62.18]]],[[[-7.062,62.296],[-7.025,62.238],[-6.948,62.182],[-6.657,62.056],[-6.654,62.1],[-6.588,62.134],[-6.601,62.197],[-6.807,62.29],[-6.95,62.338],[-7.06,62.314],[-7.062,62.296]]],[[[-6.963,61.619],[-6.958,61.599],[-6.846,61.468],[-6.668,61.389],[-6.655,61.389],[-6.642,61.401],[-6.709,61.558],[-6.724,61.573],[-6.889,61.645],[-6.945,61.637],[-6.963,61.619]]],[[[-6.909,61.901],[-6.866,61.837],[-6.841,61.817],[-6.705,61.777],[-6.652,61.743],[-6.639,61.751],[-6.604,61.826],[-6.661,61.859],[-6.777,61.895],[-6.864,61.907],[-6.905,61.908],[-6.909,61.901]]],[[[-6.721,62.331],[-6.712,62.294],[-6.686,62.245],[-6.632,62.227],[-6.62,62.23],[-6.626,62.253],[-6.721,62.331]]],[[[-6.668,62.33],[-6.62,62.267],[-6.595,62.256],[-6.566,62.265],[-6.561,62.281],[-6.574,62.306],[-6.632,62.371],[-6.661,62.372],[-6.668,62.33]]],[[[-6.588,62.24],[-6.572,62.212],[-6.518,62.169],[-6.409,62.189],[-6.389,62.251],[-6.392,62.258],[-6.493,62.291],[-6.522,62.318],[-6.542,62.357],[-6.574,62.35],[-6.549,62.301],[-6.551,62.251],[-6.588,62.24]]],[[[-6.547,62.384],[-6.48,62.298],[-6.415,62.284],[-6.392,62.297],[-6.489,62.381],[-6.519,62.397],[-6.547,62.384]]],[[[-3.433,58.879],[-3.296,58.776],[-3.137,58.787],[-3.136,58.804],[-3.228,58.885],[-3.336,58.927],[-3.412,58.911],[-3.433,58.879]]],[[[-3.368,59.01],[-3.361,58.992],[-3.346,58.966],[-3.313,58.95],[-3.188,58.91],[-3.057,58.936],[-2.97,58.939],[-2.824,58.879],[-2.756,58.918],[-2.793,58.951],[-2.852,58.976],[-2.947,58.998],[-2.996,59.056],[-2.998,59.07],[-3.077,59.122],[-3.202,59.149],[-3.317,59.129],[-3.351,59.106],[-3.368,59.01]]],[[[-3.076,59.331],[-2.999,59.261],[-2.977,59.273],[-2.976,59.285],[-2.959,59.288],[-2.877,59.259],[-2.877,59.229],[-2.853,59.249],[-2.85,59.268],[-2.897,59.3],[-3.076,59.331]]],[[[-3.037,58.818],[-2.98,58.75],[-2.939,58.73],[-2.914,58.734],[-2.878,58.824],[-2.894,58.837],[-2.916,58.839],[-3.004,58.833],[-3.037,58.818]]],[[[-2.692,59.19],[-2.686,59.184],[-2.681,59.196],[-2.621,59.236],[-2.496,59.245],[-2.39,59.283],[-2.397,59.303],[-2.402,59.313],[-2.414,59.314],[-2.556,59.303],[-2.593,59.291],[-2.684,59.221],[-2.692,59.21],[-2.692,59.19]]],[[[-1.693,60.28],[-1.665,60.231],[-1.52,60.201],[-1.527,60.187],[-1.52,60.181],[-1.449,60.151],[-1.358,60.192],[-1.353,60.209],[-1.364,60.23],[-1.41,60.255],[-1.291,60.241],[-1.26,60.124],[-1.268,60.094],[-1.306,60.013],[-1.332,59.997],[-1.378,59.902],[-1.372,59.892],[-1.307,59.857],[-1.269,59.851],[-1.26,59.862],[-1.221,60.022],[-1.212,60.103],[-1.171,60.137],[-1.147,60.132],[-1.126,60.152],[-1.186,60.231],[-1.201,60.263],[-1.187,60.27],[-1.164,60.258],[-1.101,60.276],[-1.037,60.444],[-1.287,60.471],[-1.296,60.491],[-1.287,60.613],[-1.302,60.637],[-1.416,60.605],[-1.593,60.508],[-1.61,60.481],[-1.61,60.474],[-1.554,60.476],[-1.446,60.461],[-1.32,60.356],[-1.346,60.34],[-1.427,60.321],[-1.655,60.303],[-1.691,60.288],[-1.693,60.28]]],[[[-1.184,60.603],[-1.17,60.527],[-1.14,60.489],[-1.105,60.486],[-1.029,60.496],[-1.023,60.503],[-0.982,60.656],[-0.997,60.725],[-1.085,60.732],[-1.11,60.726],[-1.179,60.633],[-1.184,60.603]]],[[[-0.966,60.688],[-0.959,60.682],[-0.936,60.674],[-0.835,60.673],[-0.82,60.689],[-0.764,60.793],[-0.758,60.818],[-0.773,60.831],[-0.806,60.841],[-0.883,60.842],[-0.939,60.794],[-0.966,60.688]]],[[[4.98,60.689],[5.075,60.592],[5.255,60.564],[5.456,60.592],[5.551,60.509],[5.262,60.327],[5.096,60.264],[5.279,60.125],[5.525,60.168],[5.894,60.161],[5.806,59.949],[5.632,59.884],[5.543,59.824],[5.694,59.753],[5.91,59.753],[6.185,59.824],[5.97,59.711],[5.667,59.676],[5.741,59.628],[5.646,59.586],[5.449,59.658],[5.419,59.515],[5.383,59.711],[5.087,59.509],[5.177,59.307],[5.283,59.272],[5.35,59.39],[5.344,59.266],[5.529,59.266],[5.717,59.337],[5.683,59.414],[5.68,59.509],[5.8,59.432],[5.816,59.313],[6.113,59.527],[6.076,59.42],[5.877,59.313],[6.02,59.254],[6.238,59.284],[6.033,59.201],[5.772,59.076],[5.822,59.017],[5.94,58.934],[6.051,58.981],[6.266,58.993],[6.041,58.952],[5.984,58.887],[6.094,58.798],[5.794,58.916],[5.666,58.822],[5.627,58.964],[5.475,58.976],[5.531,58.881],[5.4,58.715],[5.615,58.455],[5.874,58.432],[6.231,58.278],[6.652,58.172],[6.479,58.09],[6.644,58.042],[6.726,58.137],[6.874,58.078],[6.959,57.972],[7.908,58.066],[8.03,58.066],[8.154,58.09],[8.175,58.172],[8.922,58.538],[9.372,58.786],[9.346,58.845],[9.698,58.999],[9.938,58.94],[10.172,58.987],[10.211,59.07],[10.363,59.213],[10.43,59.26],[10.379,59.367],[10.407,59.497],[10.57,59.581],[10.634,59.45],[10.549,59.379],[10.657,59.224],[10.769,59.118],[10.829,59.106],[11.112,59.165],[11.179,59.07],[11.039,58.91],[11.14,58.851],[11.221,58.308],[11.407,58.331],[11.431,58.202],[11.614,58.247],[11.802,58.178],[11.709,58.025],[11.61,57.807],[11.766,57.673],[11.881,57.509],[11.877,57.325],[12.005,57.325],[12.289,56.88],[12.526,56.78],[12.657,56.611],[12.786,56.617],[12.872,56.512],[12.805,56.401],[12.615,56.436],[12.652,56.296],[12.414,56.243],[12.699,55.905],[12.986,55.667],[12.859,55.533],[12.888,55.452],[12.802,55.417],[12.802,55.353],[13.302,55.301],[13.823,55.422],[14.117,55.347],[14.286,55.515],[14.126,55.667],[14.259,55.899],[14.492,56.018],[14.605,55.981],[14.653,56.121],[15.221,56.08],[15.497,56.167],[15.696,56.061],[15.771,56.033],[16.031,56.353],[16.376,56.822],[16.395,57.074],[16.494,57.279],[16.659,57.443],[16.55,57.545],[16.607,57.666],[16.477,57.702],[16.46,57.895],[16.598,57.866],[16.725,57.889],[16.774,58.038],[16.744,58.312],[16.513,58.428],[16.443,58.634],[17.081,58.65],[17.083,58.748],[17.245,58.717],[17.357,58.743],[17.582,58.893],[17.623,59.1],[17.739,59.11],[17.745,58.986],[17.726,58.914],[17.766,58.872],[17.94,58.908],[18.016,59.038],[18.372,59.157],[18.273,59.287],[18.598,59.297],[18.611,59.333],[18.515,59.401],[18.441,59.401],[18.43,59.333],[18.328,59.37],[18.111,59.323],[17.978,59.328],[17.862,59.24],[17.584,59.271],[17.575,59.214],[17.358,59.245],[17.266,59.339],[17,59.359],[16.776,59.479],[16.408,59.447],[16.523,59.583],[16.724,59.531],[16.786,59.577],[17.071,59.546],[17.368,59.468],[17.73,59.416],[17.795,59.364],[18.03,59.359],[18.639,59.567],[18.868,59.712],[19.044,59.712],[19.037,59.863],[18.893,59.926],[18.804,60.108],[18.417,60.182],[18.224,60.323],[17.931,60.59],[17.706,60.554],[17.605,60.638],[17.188,60.674],[17.318,60.753],[17.146,60.953],[17.15,61.198],[17.065,61.538],[17.163,61.63],[17.387,61.658],[17.497,62.088],[17.387,62.201],[17.29,62.441],[17.718,62.357],[17.936,62.548],[17.868,62.789],[17.967,62.775],[18.303,62.789],[18.389,62.853],[18.487,62.981],[18.785,63.138],[19.076,63.202],[19.318,63.445],[19.465,63.481],[19.67,63.389],[20.701,63.818],[20.866,64.026],[21.049,64.219],[21.386,64.385],[21.237,64.521],[21.064,64.592],[20.921,64.714],[21.329,64.894],[21.489,65.017],[21.424,65.104],[21.277,65.212],[21.522,65.372],[21.819,65.38],[21.957,65.446],[22.202,65.715],[22.49,65.883],[22.646,65.935],[22.798,65.855],[23.204,65.681],[23.406,65.725],[23.844,65.798],[24.215,65.786],[24.591,65.583],[25.104,65.54],[25.252,65.417],[25.133,65.076],[25.293,65.004],[25.352,64.939],[25.325,64.802],[24.932,64.816],[24.47,64.636],[24.094,64.377],[23.131,63.783],[22.826,63.581],[22.704,63.581],[22.569,63.723],[22.476,63.602],[22.429,63.395],[22.292,63.203],[22.075,63.103],[21.666,63.187],[21.495,63.123],[21.546,62.974],[21.481,62.889],[21.195,62.761],[21.062,62.612],[21.034,62.477],[21.2,62.435],[21.338,62.344],[21.346,62.167],[21.211,61.871],[21.405,61.702],[21.561,61.485],[21.521,61.38],[21.498,61.183],[21.427,61.015],[21.443,60.694],[21.56,60.512],[21.747,60.408],[21.931,60.381],[22.221,60.259],[22.421,60.293],[22.392,60.121],[22.625,60.201],[23.005,60.209],[22.882,60.056],[22.982,59.932],[23.201,59.818],[23.665,59.836],[23.961,59.932],[23.979,59.881],[24.281,59.938],[24.421,59.87],[24.516,59.989],[24.969,60.087],[24.993,60.03],[25.146,60.11],[25.45,60.138],[25.581,60.262],[25.846,60.115],[25.89,60.236],[26.323,60.27],[26.443,60.333],[26.552,60.571],[26.526,60.396],[26.613,60.348],[26.922,60.316],[26.946,60.376],[27.178,60.442],[27.406,60.345],[27.474,60.426],[28.011,60.511],[28.522,60.623],[28.551,60.533],[28.435,60.337],[28.569,60.198],[28.692,60.15],[28.969,60.109],[29.511,60.145],[29.687,60.131],[29.953,59.986],[30.127,59.806],[29.963,59.737],[29.765,59.736],[29.414,59.86],[29.076,59.908],[28.936,59.825],[28.796,59.672],[28.663,59.644],[28.444,59.734],[28.309,59.664],[28.351,59.602],[28.266,59.562],[28.163,59.591],[28.094,59.665],[27.942,59.648],[27.897,59.534],[27.973,59.517],[28.016,59.454],[27.894,59.346],[27.702,59.298],[27.661,58.938],[27.771,58.891],[28.266,59.087],[29.282,59.116],[29.886,59.11],[30.228,58.838],[30.661,59.253],[31.654,59.526],[31.606,60.134],[30.929,61.1],[30.179,61.373],[29.727,61.848],[31.06,62.307],[31.395,62.543],[32.267,62.662],[32.223,62.848],[31.284,62.959],[31.181,63.33],[30.434,63.416],[30.445,63.715],[30.869,64.162],[30.065,64.56],[30.397,65.159],[30.407,65.79],[30.997,65.762],[31.155,65.914],[30.789,66.23],[30.867,66.751],[31.116,67.067],[30.469,67.486],[27.098,66.834],[26.479,65.572],[26.429,65.629],[25.626,66.7],[21.879,66.967],[18.534,66.432],[18.4,67.235],[18.959,68.294],[19.821,69.37],[19.58,69.181],[19.289,69.211],[18.985,69.315],[18.553,69.247],[18.319,69.359],[18.097,69.058],[18.052,69.028],[17.928,69.005],[17.895,69.035],[17.566,68.974],[17.449,68.887],[17.407,68.772],[17.04,68.659],[16.855,68.558],[17.126,68.416],[17.033,68.338],[16.719,68.311],[16.522,68.341],[16.649,68.046],[16.412,67.874],[16.233,67.911],[16.071,68.045],[15.92,68.049],[15.854,67.925],[15.572,67.821],[15.762,67.676],[15.746,67.597],[15.58,67.583],[15.385,67.464],[15.227,67.509],[14.976,67.523],[14.699,67.374],[14.569,67.329],[14.616,67.245],[14.778,67.217],[14.639,67.123],[14.373,67.093],[14.055,66.975],[13.859,66.959],[13.747,66.922],[13.992,66.687],[13.592,66.657],[13.383,66.679],[13.242,66.569],[13.169,66.458],[13.255,66.393],[13.403,66.349],[13.581,66.188],[13.152,66.136],[13.109,66.034],[13.087,65.88],[12.709,65.909],[12.479,65.617],[12.284,65.435],[12.496,65.384],[12.526,65.109],[12.222,65.101],[12.112,65.13],[11.896,64.913],[11.69,64.776],[11.47,64.675],[11.407,64.617],[11.508,64.517],[11.364,64.416],[11.214,64.416],[10.997,64.494],[10.891,64.473],[10.74,64.386],[10.066,64.056],[9.87,63.876],[9.832,63.684],[9.441,63.498],[9.216,63.284],[9.154,63.319],[8.957,63.404],[8.606,63.325],[8.472,63.176],[8.258,63.054],[8.231,62.841],[7.989,62.94],[7.606,62.904],[7.088,62.91],[6.982,62.846],[7.102,62.705],[7.547,62.599],[7.289,62.486],[6.989,62.542],[6.613,62.583],[6.533,62.336],[6.308,62.286],[6.053,62.335],[5.824,62.179],[5.565,62.15],[5.47,62.094],[5.426,62.009],[5.528,61.933],[5.719,61.88],[5.834,61.819],[5.797,61.77],[5.592,61.79],[5.149,61.741],[5.101,61.699],[5.141,61.39],[5.018,61.305],[5.12,61.137],[5.387,61.026],[5.109,60.906],[4.98,60.689]]],[[[8.035,55.476],[8.214,55.399],[8.319,55.481],[8.481,55.349],[8.56,55.356],[8.645,55.069],[8.596,54.761],[8.742,54.608],[8.951,54.419],[8.852,54.332],[8.554,54.275],[8.581,54.194],[8.884,54.229],[8.962,54.276],[9.056,54.349],[9.136,54.298],[9.165,54.32],[9.216,54.29],[9.26,54.305],[9.296,54.247],[9.441,54.247],[9.449,54.189],[9.674,54.189],[9.739,54.276],[9.827,54.276],[9.885,54.254],[10.142,54.337],[10.065,54.434],[9.865,54.411],[9.978,54.49],[9.987,54.592],[9.864,54.726],[9.61,54.88],[9.421,54.976],[9.518,55.129],[9.517,55.223],[9.544,55.351],[9.63,55.459],[9.704,55.483],[9.768,55.467],[9.811,55.437],[9.887,55.342],[9.897,55.28],[10.006,55.193],[10.099,55.188],[10.119,55.179],[10.153,55.133],[10.151,55.122],[10.135,55.117],[10.153,55.084],[10.498,55.029],[10.529,55.029],[10.616,55.061],[10.74,55.067],[10.783,55.122],[10.812,55.186],[10.835,55.294],[10.791,55.363],[10.744,55.497],[10.627,55.617],[10.611,55.617],[10.603,55.607],[10.617,55.564],[10.606,55.486],[10.469,55.437],[10.426,55.439],[10.416,55.453],[10.452,55.482],[10.485,55.532],[10.406,55.586],[10.31,55.617],[10.213,55.599],[10.149,55.574],[10,55.541],[9.905,55.506],[9.856,55.512],[9.838,55.522],[9.835,55.54],[9.824,55.547],[9.738,55.534],[9.69,55.605],[9.976,55.62],[10.007,55.73],[10.147,55.765],[10.23,55.951],[10.175,56.076],[10.293,56.137],[10.442,56.151],[10.496,56.034],[10.751,56.097],[10.889,56.369],[10.826,56.443],[10.314,56.469],[10.23,56.605],[10.216,56.85],[9.835,56.89],[9.37,56.882],[9.322,56.719],[9.312,56.481],[9.136,56.46],[9.003,56.657],[8.869,56.616],[8.675,56.358],[8.452,56.412],[8.309,56.479],[8.183,56.431],[8.124,56.207],[8.117,56.092],[8.317,55.849],[8.32,55.768],[8.125,55.636],[8.035,55.476]]],[[[8.183,56.798],[8.471,56.597],[8.507,56.647],[8.666,56.7],[8.778,56.798],[8.847,56.986],[8.971,57],[9.079,57.037],[9.141,57.009],[9.334,57.023],[9.503,56.975],[10.257,57.006],[10.333,57.171],[10.463,57.242],[10.451,57.458],[10.401,57.506],[10.558,57.745],[10.479,57.759],[10.39,57.661],[10.29,57.672],[9.849,57.582],[9.449,57.228],[9.302,57.166],[8.661,57.104],[8.534,57.141],[8.359,57.023],[8.183,56.798]]],[[[10.991,54.787],[11.032,54.756],[11.262,54.707],[11.35,54.659],[11.456,54.619],[11.588,54.664],[11.785,54.64],[11.834,54.661],[11.858,54.689],[11.862,54.746],[11.849,54.766],[11.709,54.875],[11.657,54.904],[11.644,54.906],[11.643,54.878],[11.564,54.822],[11.514,54.83],[11.393,54.868],[11.351,54.892],[11.336,54.916],[11.276,54.95],[11.24,54.957],[11.136,54.954],[11.058,54.935],[11.014,54.896],[11.025,54.814],[10.991,54.787]]],[[[11.102,55.634],[11.23,55.337],[11.285,55.189],[11.585,55.162],[11.767,55.176],[11.97,54.954],[12.077,54.995],[12.301,55.17],[12.43,55.245],[12.158,55.379],[12.409,55.548],[12.469,55.711],[12.444,55.968],[12.238,55.988],[12.088,55.967],[12.053,55.703],[11.962,55.581],[11.728,55.662],[11.568,55.885],[11.296,55.675],[11.102,55.634]]],[[[11.709,54.937],[11.752,54.859],[11.802,54.839],[11.899,54.719],[11.878,54.688],[11.872,54.651],[11.929,54.573],[11.969,54.562],[11.98,54.57],[11.96,54.648],[11.963,54.685],[11.981,54.71],[12.055,54.775],[12.12,54.806],[12.169,54.836],[12.168,54.842],[12.104,54.89],[12.02,54.896],[11.847,54.956],[11.751,54.961],[11.709,54.937]]],[[[14.68,55.1],[14.747,55.065],[14.882,55.029],[15.043,54.995],[15.077,55.001],[15.103,55.021],[15.148,55.082],[15.149,55.129],[15.123,55.149],[15.065,55.162],[14.887,55.229],[14.825,55.257],[14.77,55.306],[14.76,55.304],[14.744,55.292],[14.699,55.215],[14.68,55.1]]],[[[16.392,56.465],[16.403,56.274],[16.411,56.225],[16.421,56.211],[16.474,56.224],[16.496,56.241],[16.576,56.361],[16.571,56.394],[16.636,56.519],[16.77,56.796],[16.808,56.824],[16.841,56.832],[16.927,57.038],[17.051,57.187],[17.124,57.321],[17.106,57.348],[17.057,57.359],[17.022,57.345],[16.973,57.305],[16.959,57.274],[16.963,57.229],[16.848,57.064],[16.749,56.94],[16.617,56.874],[16.543,56.776],[16.42,56.586],[16.393,56.529],[16.392,56.465]]],[[[18.11,57.496],[18.142,57.409],[18.158,57.316],[18.148,57.235],[18.173,57.142],[18.254,57.079],[18.257,57.032],[18.158,56.942],[18.14,56.915],[18.216,56.913],[18.302,56.937],[18.347,56.999],[18.336,57.017],[18.341,57.074],[18.391,57.13],[18.456,57.157],[18.515,57.169],[18.712,57.242],[18.788,57.448],[18.769,57.467],[18.76,57.508],[18.809,57.704],[18.849,57.721],[18.929,57.74],[19.033,57.827],[19.005,57.909],[18.725,57.923],[18.682,57.914],[18.467,57.812],[18.382,57.719],[18.295,57.646],[18.179,57.588],[18.119,57.531],[18.11,57.496]]],[[[19.511,60.175],[19.543,60.128],[19.575,60.122],[19.604,60.153],[19.673,60.15],[19.677,60.157],[19.666,60.193],[19.627,60.244],[19.589,60.257],[19.565,60.249],[19.536,60.225],[19.511,60.175]]],[[[19.648,60.257],[19.699,60.159],[19.751,60.095],[19.772,60.081],[19.848,60.076],[19.868,60.077],[19.875,60.095],[19.918,60.093],[19.944,60.043],[19.948,60.079],[19.958,60.089],[20.044,60.086],[20.053,60.096],[20.026,60.154],[19.937,60.184],[19.914,60.217],[20.025,60.311],[20.062,60.301],[20.12,60.24],[20.123,60.226],[20.101,60.216],[20.082,60.179],[20.092,60.17],[20.172,60.164],[20.277,60.274],[20.085,60.35],[19.906,60.4],[19.857,60.404],[19.808,60.377],[19.78,60.349],[19.862,60.312],[19.883,60.342],[19.899,60.34],[19.937,60.295],[19.931,60.277],[19.809,60.185],[19.796,60.187],[19.761,60.238],[19.777,60.261],[19.783,60.293],[19.749,60.305],[19.648,60.257]]],[[[19.999,60.055],[20.137,59.992],[20.211,59.98],[20.227,60.003],[20.212,60.06],[20.123,60.081],[20.103,60.096],[20.094,60.093],[20.008,60.067],[19.999,60.055]]],[[[20.199,60.091],[20.205,60.081],[20.263,60.054],[20.271,60.057],[20.298,60.11],[20.292,60.125],[20.269,60.141],[20.223,60.142],[20.216,60.139],[20.199,60.091]]],[[[20.343,60.247],[20.345,60.231],[20.387,60.193],[20.409,60.204],[20.442,60.248],[20.436,60.258],[20.376,60.267],[20.343,60.247]]]]}},{"type":"Feature","properties":{"NAME":"Timurid Emirates","ABBREVN":"Timurid Em.","SUBJECTO":"Timurid Emirates","BORDERPRECISION":1,"PARTOF":"Timurid Emirates"},"geometry":{"type":"MultiPolygon","coordinates":[[[[60,34],[55.466,34],[53.984,36.782],[54.067,36.942],[54.009,37.349],[54.015,37.348],[53.928,37.824],[53.88,38.025],[53.937,38.159],[53.937,38.571],[53.985,38.657],[54.071,38.897],[55.642,40.05],[58.879,43.849],[59.019,43.861],[59.008,43.979],[59.126,44.002],[59.248,43.854],[59.505,43.914],[59.716,43.669],[60,43.622],[60,34]]]]}},{"type":"Feature","properties":{"NAME":"Aragón","ABBREVN":"Aragón","SUBJECTO":"Aragón","BORDERPRECISION":1,"PARTOF":"Aragón"},"geometry":{"type":"MultiPolygon","coordinates":[[[[-2.301,40.238],[-1.997,40.086],[-1.997,39.972],[-1.807,39.858],[-1.997,39.743],[-1.997,39.591],[-1.807,39.477],[-1.807,39.173],[-2.035,39.249],[-2.035,38.602],[-1.807,38.526],[-1.807,38.26],[-1.655,38.184],[-1.655,37.918],[-1.883,37.956],[-2.035,37.842],[-1.921,37.651],[-2.149,37.233],[-1.94,36.952],[-1.817,37.292],[-1.626,37.439],[-1.365,37.548],[-0.918,37.57],[-0.803,37.615],[-0.872,37.76],[-0.665,38.177],[-0.564,38.215],[-0.435,38.43],[0.173,38.738],[0.126,38.821],[-0.166,38.954],[-0.236,39.062],[-0.395,39.434],[-0.161,39.886],[0.238,40.24],[0.505,40.593],[0.788,40.657],[0.827,40.727],[0.71,40.785],[0.734,40.875],[0.879,41.022],[1.311,41.157],[2.081,41.298],[2.201,41.446],[2.628,41.62],[3.129,41.857],[3.157,42.076],[3.086,42.121],[3.087,42.369],[3.002,42.771],[3.039,42.869],[2.949,42.883],[2.825,42.85],[2.701,42.73],[2.49,42.719],[2.481,42.686],[2.272,42.69],[2.103,42.615],[1.728,42.501],[1.729,42.516],[1.726,42.505],[1.711,42.492],[1.667,42.5],[1.655,42.467],[1.599,42.467],[1.579,42.45],[1.56,42.458],[1.552,42.433],[1.517,42.429],[1.452,42.437],[1.443,42.444],[1.448,42.46],[1.439,42.477],[1.42,42.485],[1.465,42.508],[1.451,42.54],[1.414,42.537],[1.423,42.556],[1.444,42.569],[1.427,42.586],[1.445,42.604],[1.473,42.61],[1.47,42.622],[1.456,42.619],[1.32,42.605],[1.307,42.635],[0.744,42.772],[0.584,42.772],[0.592,42.628],[0.348,42.635],[0.196,42.608],[0.18,42.663],[-0.166,42.649],[-0.216,42.717],[-0.41,42.786],[-0.469,42.751],[-0.587,42.765],[-0.612,42.731],[-0.84,42.909],[-0.907,42.881],[-1.664,42.125],[-1.605,41.769],[-2.13,41.817],[-2.149,41.493],[-2.301,41.493],[-2.301,41.265],[-2.035,41.227],[-1.921,40.618],[-2.301,40.39],[-2.301,40.238]]],[[[1.567,42.646],[1.6,42.626],[1.637,42.63],[1.66,42.621],[1.667,42.622],[1.577,42.648],[1.567,42.646]]],[[[1.728,42.601],[1.731,42.588],[1.784,42.575],[1.792,42.579],[1.755,42.597],[1.73,42.604],[1.728,42.601]]],[[[8.159,40.785],[8.202,40.663],[8.428,40.465],[8.488,40.209],[8.508,39.946],[8.465,39.64],[8.374,39.308],[8.417,39.212],[8.582,39.066],[8.696,38.996],[8.82,38.977],[8.931,39.054],[8.999,39.175],[9.063,39.22],[9.296,39.233],[9.479,39.144],[9.648,39.457],[9.698,39.693],[9.631,40.096],[9.696,40.314],[9.788,40.442],[9.794,40.564],[9.591,40.903],[9.306,41.184],[8.918,40.94],[8.766,40.863],[8.241,40.855],[8.159,40.785]]],[[[12.454,37.766],[12.532,37.639],[12.637,37.582],[13.012,37.525],[13.868,37.157],[14.216,37.049],[14.622,36.776],[14.942,36.739],[15.027,36.745],[15.221,37],[15.301,37.058],[15.116,37.287],[15.112,37.459],[15.181,37.682],[15.423,38.053],[15.473,38.11],[15.454,38.167],[15.387,38.206],[14.766,38.058],[14.134,37.973],[13.81,37.966],[13.628,38.03],[13.322,38.221],[13.066,38.067],[12.783,38.117],[12.664,38.072],[12.517,37.919],[12.454,37.766]]],[[[14.709,41.143],[14.726,41.13],[14.711,41.115],[14.714,41.105],[14.76,41.1],[14.774,41.091],[14.799,41.091],[14.811,41.102],[14.831,41.093],[14.834,41.103],[14.866,41.12],[14.87,41.134],[14.855,41.149],[14.843,41.15],[14.854,41.163],[14.848,41.164],[14.832,41.188],[14.816,41.187],[14.816,41.193],[14.796,41.2],[14.791,41.215],[14.749,41.222],[14.742,41.205],[14.75,41.198],[14.738,41.19],[14.724,41.194],[14.721,41.169],[14.713,41.163],[14.717,41.149],[14.709,41.143]]],[[[17.4,40.293],[17.402,40.292],[17.407,40.292],[17.4,40.293]]],[[[18.357,39.752],[18.365,39.747],[18.368,39.754],[18.357,39.752]]],[[[18.455,39.945],[18.47,39.977],[18.46,39.965],[18.455,39.945]]]]}},{"type":"Feature","properties":{"NAME":"Sámi","ABBREVN":"Sámi","SUBJECTO":"Sámi","BORDERPRECISION":1,"PARTOF":"Sámi"},"geometry":{"type":"MultiPolygon","coordinates":[[[[32.159,69.69],[30.144,69.262],[28.902,68.356],[30.109,67.719],[30.469,67.486],[27.098,66.834],[26.479,65.572],[26.429,65.629],[25.626,66.7],[21.879,66.967],[18.534,66.432],[18.4,67.235],[18.959,68.294],[19.821,69.37],[20.158,69.748],[20.286,69.786],[20.358,69.71],[20.278,69.582],[20.197,69.318],[20.553,69.522],[20.734,69.779],[21.103,69.818],[21.412,70.015],[21.609,69.963],[21.908,69.804],[22.163,70.093],[22.306,70.216],[22.746,70.171],[23.204,69.943],[23.292,70.011],[23.508,70.279],[23.827,70.479],[23.955,70.502],[24.208,70.472],[24.36,70.61],[24.571,70.741],[24.849,70.827],[25.389,70.905],[25.832,70.898],[25.231,70.558],[25.122,70.435],[25.074,70.144],[25.263,70.107],[25.574,70.367],[26.263,70.791],[26.607,70.915],[26.619,70.799],[26.617,70.392],[26.934,70.469],[27.131,70.577],[27.516,70.97],[27.948,71.017],[28.211,71.018],[28.308,70.949],[28.136,70.833],[27.985,70.717],[28.019,70.609],[27.875,70.425],[28.29,70.372],[28.389,70.572],[28.795,70.865],[28.984,70.857],[29.741,70.605],[30.041,70.544],[30.462,70.537],[30.754,70.43],[30.799,70.308],[30.252,70.131],[29.735,70.115],[28.73,70.136],[29.08,69.961],[29.556,69.833],[29.729,69.698],[30.056,69.721],[30.361,69.767],[30.735,69.752],[31.054,69.64],[31.331,69.663],[31.782,69.777],[32.072,69.883],[32.076,69.815],[32.159,69.69]]]]}},{"type":"Feature","properties":{"NAME":"White Horde","ABBREVN":"White Horde","SUBJECTO":"White Horde","BORDERPRECISION":1,"PARTOF":"White Horde"},"geometry":{"type":"MultiPolygon","coordinates":[[[[56.372,57.364],[58.581,57.58],[60,58.095],[60,46.21],[59.815,46.181],[59.801,46.255],[59.779,46.301],[59.749,46.322],[59.531,46.343],[59.481,46.317],[59.546,46.239],[59.55,45.994],[59.431,45.803],[59.287,45.835],[59.301,45.88],[59.36,45.933],[59.366,45.99],[59.329,46.026],[59.198,46.023],[59.143,46.007],[59.07,46.001],[58.957,45.968],[58.881,45.956],[58.815,45.931],[58.721,45.848],[58.681,45.784],[58.655,45.716],[58.628,45.6],[58.611,45.585],[58.589,45.537],[58.56,45.457],[58.514,45.386],[58.449,45.322],[58.404,45.253],[58.378,45.178],[58.272,44.982],[58.238,44.903],[58.232,44.851],[58.251,44.786],[58.295,44.708],[58.297,44.638],[58.257,44.577],[58.199,44.52],[58.23,44.452],[58.242,44.359],[58.4,44.167],[58.345,43.866],[58.367,43.737],[58.596,43.757],[58.78,43.747],[58.827,43.844],[58.879,43.849],[55.642,40.05],[54.071,38.897],[54.033,38.993],[53.918,39.05],[53.775,39.136],[53.679,39.251],[53.66,39.318],[53.583,39.318],[53.334,39.385],[53.248,39.299],[53.209,39.405],[53.248,39.452],[53.315,39.567],[53.372,39.52],[53.545,39.539],[53.794,39.491],[53.813,39.548],[53.669,39.644],[53.554,39.654],[53.516,39.778],[53.593,39.893],[53.688,39.979],[53.506,39.998],[53.363,39.96],[53.19,39.96],[53.047,39.998],[52.989,39.931],[52.912,40.046],[52.845,40.18],[52.845,40.334],[52.826,40.468],[52.903,40.563],[52.951,40.707],[52.97,40.822],[53.056,41.052],[53.181,40.841],[53.257,40.765],[53.439,40.803],[53.612,40.745],[53.66,40.813],[53.65,40.88],[53.698,40.88],[53.765,40.87],[53.794,40.726],[53.842,40.64],[53.976,40.65],[54.11,40.678],[54.225,40.726],[54.416,40.659],[54.455,40.717],[54.387,40.803],[54.368,40.899],[54.455,40.918],[54.502,40.851],[54.608,40.813],[54.818,40.88],[54.828,40.985],[54.751,41.138],[54.598,41.244],[54.359,41.387],[54.167,41.483],[54.138,41.627],[54.119,41.78],[54.024,41.857],[54.024,42.048],[53.985,42.106],[53.736,42.134],[53.458,42.096],[53.267,42.086],[53.066,42.029],[52.98,41.904],[52.941,41.77],[52.999,41.684],[52.932,41.378],[52.96,41.272],[52.97,41.138],[52.855,41.387],[52.692,41.531],[52.711,41.607],[52.683,41.694],[52.559,41.758],[52.601,41.938],[52.574,42.019],[52.52,42.073],[52.583,42.189],[52.673,42.279],[52.736,42.423],[52.754,42.558],[52.835,42.648],[52.763,42.756],[52.583,42.828],[52.376,42.801],[52.295,42.873],[52.07,42.828],[51.98,42.909],[51.881,43.053],[51.738,43.179],[51.423,43.17],[51.423,43.259],[51.459,43.385],[51.369,43.556],[51.261,43.61],[51.171,43.718],[50.991,44.078],[50.955,44.204],[50.703,44.258],[50.389,44.294],[50.326,44.365],[50.335,44.563],[50.407,44.617],[50.542,44.644],[50.874,44.626],[51.333,44.482],[51.414,44.518],[51.576,44.554],[51.486,44.626],[51.189,44.77],[51.099,44.878],[51.216,45.04],[51.342,45.058],[51.378,45.175],[51.459,45.31],[51.513,45.373],[51.63,45.355],[51.773,45.391],[51.845,45.436],[51.998,45.382],[52.61,45.4],[53.059,45.337],[53.284,45.328],[53.059,45.453],[52.844,45.507],[52.835,45.642],[52.924,45.732],[53.05,45.831],[53.149,45.957],[53.203,46.191],[53.257,46.317],[53.185,46.425],[53.122,46.497],[53.167,46.586],[53.284,46.676],[53.23,46.73],[53.185,46.865],[53.023,46.919],[52.854,46.938],[56.372,57.364]]]]}},{"type":"Feature","properties":{"NAME":null,"ABBREVN":null,"SUBJECTO":null,"BORDERPRECISION":1,"PARTOF":null},"geometry":{"type":"Polygon","coordinates":[[[52.784,46.949],[52.854,46.938],[56.372,57.364],[56.344,57.359],[52.784,46.949]]]}},{"type":"Feature","properties":{"NAME":"Ryazan","ABBREVN":"Ryazan","SUBJECTO":"Ryazan","BORDERPRECISION":1,"PARTOF":"Ryazan"},"geometry":{"type":"MultiPolygon","coordinates":[[[[39.126,55.171],[39.356,55.026],[39.598,55.026],[39.698,54.788],[40.207,54.587],[40.921,54.526],[41.001,54.796],[41.16,54.998],[41.363,54.935],[41.228,54.528],[40.983,54.116],[40.514,53.852],[39.576,53.891],[38.792,53.983],[38.176,53.973],[38.32,54.594],[38.215,55.148],[38.907,55.138],[39.126,55.171]]]]}},{"type":"Feature","properties":{"NAME":"Golden Horde","ABBREVN":"Golden Horde","SUBJECTO":"Golden Horde","BORDERPRECISION":1,"PARTOF":"Golden Horde"},"geometry":{"type":"MultiPolygon","coordinates":[[[[40.316,51.993],[41.3,52.305],[42.07,52.292],[43.268,52.311],[43.991,52.619],[44.337,53.113],[44.435,53.719],[43.958,53.774],[43.654,53.837],[43.559,53.984],[43.863,54.296],[43.631,54.541],[43.974,54.823],[44.887,55.018],[44.904,55.092],[45.718,55.348],[46.677,56.26],[46.715,56.53],[46.875,56.445],[49.747,56.731],[51.694,57.03],[54.596,57.069],[56.344,57.359],[52.784,46.949],[52.556,46.982],[52.466,46.91],[52.376,46.874],[52.142,46.838],[51.935,46.892],[51.791,47.009],[51.675,47.036],[51.369,47.09],[51.117,47.063],[50.82,46.919],[50.632,46.91],[50.272,46.685],[49.948,46.56],[49.723,46.533],[49.535,46.542],[49.313,46.353],[49.238,46.263],[49.058,46.137],[48.887,46.083],[48.833,46.083],[48.833,45.921],[48.77,45.885],[48.635,45.975],[48.303,45.768],[48.015,45.714],[47.871,45.678],[47.754,45.714],[47.673,45.75],[47.628,45.732],[47.601,45.66],[47.655,45.543],[47.556,45.453],[47.394,45.175],[47.251,44.986],[47.17,44.86],[47.026,44.788],[46.873,44.68],[46.81,44.536],[46.846,44.446],[46.999,44.356],[47.143,44.339],[47.224,44.204],[47.332,44.186],[47.565,43.844],[47.538,43.673],[47.493,43.583],[47.195,43.376],[47.249,42.785],[48.224,41.471],[48.201,41.464],[48.063,41.315],[47.988,41.219],[47.818,41.198],[47.616,41.261],[47.35,41.304],[47.35,41.442],[47.222,41.57],[47.169,41.57],[47.127,41.623],[46.914,41.751],[46.85,41.836],[46.765,41.836],[46.669,41.815],[46.659,41.889],[46.556,41.878],[46.499,41.964],[46.393,41.995],[46.286,41.985],[46.159,42.006],[46.042,42.049],[45.914,42.123],[45.754,42.251],[45.808,42.389],[45.861,42.474],[45.808,42.538],[45.648,42.549],[45.478,42.549],[45.382,42.623],[43.617,43.773],[41.31,43.557],[42.524,47.051],[44.364,49.429],[43.673,50.86],[42.587,50.91],[40.026,49.08],[38.136,49.049],[38.292,51.206],[37.601,51.403],[36.86,52.095],[37.699,52.736],[39.64,51.748],[40.316,51.993]]]]}},{"type":"Feature","properties":{"NAME":"Novgorod-Seversky","ABBREVN":"Novgorod-Seversky","SUBJECTO":"Novgorod-Seversky","BORDERPRECISION":1,"PARTOF":"Novgorod-Seversky"},"geometry":{"type":"MultiPolygon","coordinates":[[[[32.907,52.401],[33.259,52.419],[33.655,52.363],[33.621,52.071],[33.396,51.78],[32.943,51.897],[32.688,52.206],[32.907,52.401]]]]}},{"type":"Feature","properties":{"NAME":"Grand Duchy of Moscow","ABBREVN":"Muscovy","SUBJECTO":"Grand Duchy of Moscow","BORDERPRECISION":1,"PARTOF":"Grand Duchy of Moscow"},"geometry":{"type":"MultiPolygon","coordinates":[[[[27.581,58.231],[27.973,58.133],[28.379,58.212],[28.383,58.179],[29.873,58.114],[29.92,57.763],[30.486,57.376],[31.007,57.259],[31.17,57.112],[30.991,56.811],[30.643,56.954],[30.576,56.808],[31.107,56.41],[31.229,56.166],[30.777,56.072],[30.902,55.9],[31.804,56.03],[31.723,55.549],[31.042,55.324],[31.365,54.944],[31.351,54.824],[32.208,54.864],[32.265,54.317],[32.635,53.97],[32.501,53.661],[32.555,53.319],[32.15,53.038],[31.87,53.097],[31.638,53.287],[31.371,53.065],[31.562,52.398],[31.889,52.138],[31.304,52.154],[30.786,51.903],[30.508,51.796],[30.854,51.541],[31.529,51.565],[31.994,51.379],[32.418,51.555],[33.05,51.375],[33.526,51.571],[33.693,51.342],[34.117,51.254],[34.192,51.505],[34.554,51.52],[34.871,51.456],[34.834,51.842],[35.349,51.924],[35.795,51.798],[36.34,51.963],[36.525,52.365],[36.824,52.39],[36.86,52.095],[37.699,52.736],[39.64,51.748],[40.316,51.993],[41.3,52.305],[42.07,52.292],[43.268,52.311],[43.991,52.619],[44.337,53.113],[44.435,53.719],[43.958,53.774],[43.654,53.837],[43.559,53.984],[43.863,54.296],[43.631,54.541],[43.974,54.823],[44.887,55.018],[44.904,55.092],[45.718,55.348],[46.677,56.26],[46.715,56.53],[46.875,56.445],[49.747,56.731],[51.694,57.03],[54.596,57.069],[56.344,57.361],[58.581,57.58],[60,58.095],[60,68.6],[59.925,68.581],[59.892,68.402],[59.762,68.297],[59.502,68.289],[59.218,68.349],[59.12,68.393],[59.062,68.497],[59.346,68.7],[59.199,68.774],[58.77,68.856],[58.409,68.833],[57.959,68.705],[57.526,68.495],[57.364,68.457],[57.024,68.449],[56.54,68.553],[56.195,68.567],[55.723,68.536],[55.335,68.483],[55.126,68.401],[54.996,68.207],[54.877,68.11],[54.752,68.05],[54.648,68.072],[54.576,68.161],[54.38,68.161],[53.626,68.048],[53.317,68.136],[53.316,68.233],[53.396,68.3],[53.782,68.338],[53.808,68.607],[53.889,68.787],[53.502,68.816],[53.179,68.756],[53.006,68.681],[52.939,68.471],[52.72,68.351],[52.463,68.299],[52.337,68.336],[52.245,68.545],[51.831,68.409],[51.139,68.266],[50.496,68.153],[49.63,67.936],[49.186,67.839],[48.635,67.652],[48.081,67.562],[47.953,67.377],[47.706,66.89],[47.571,66.816],[46.973,66.778],[46.402,66.719],[46.077,66.762],[45.715,66.85],[45.386,67.099],[44.957,67.231],[44.871,67.312],[45.093,67.542],[45.463,67.639],[46.634,67.701],[46.439,67.908],[46.162,68.108],[45.863,68.383],[45.58,68.443],[44.668,68.389],[44.012,68.492],[43.853,68.469],[43.822,68.327],[44.169,68.097],[44.261,67.83],[44.216,67.718],[43.704,67.266],[43.838,67.163],[44.219,67.09],[44.362,66.906],[44.384,66.612],[44.122,66.267],[44.053,66.041],[44.029,66.011],[43.876,66.011],[43.241,66.251],[42.211,66.41],[42.133,66.388],[41.623,66.065],[41.354,65.955],[40.681,65.794],[39.951,65.581],[39.823,65.436],[39.979,65.153],[40.366,64.858],[40.462,64.75],[40.44,64.564],[40.322,64.463],[39.997,64.541],[39.622,64.476],[39.193,64.511],[38.253,64.703],[37.604,64.853],[37.102,65.068],[36.884,65.068],[36.569,64.765],[36.997,64.407],[37.262,64.314],[37.463,64.3],[37.668,64.343],[37.88,64.308],[38.054,64.129],[38.054,63.986],[37.945,63.85],[37.591,63.807],[37.411,63.749],[36.988,63.841],[36.421,63.876],[36.24,63.919],[36.015,64.197],[35.623,64.254],[35.082,64.288],[34.885,64.367],[34.815,64.46],[34.773,64.682],[34.426,65.107],[34.332,65.346],[34.293,65.396],[34.601,65.484],[34.726,65.615],[34.726,65.797],[34.544,66.001],[34.258,66.11],[33.844,66.182],[33.47,66.313],[32.971,66.583],[32.754,66.649],[32.425,66.891],[32.219,66.994],[32.644,67.046],[32.991,66.988],[33.158,66.914],[33.437,66.702],[34.153,66.63],[35.168,66.412],[35.772,66.259],[36.505,66.172],[37.422,66.094],[38.048,66.007],[38.782,66.001],[39.19,66.039],[39.978,66.201],[40.345,66.319],[40.836,66.561],[41.147,66.782],[41.255,66.937],[41.209,67.069],[41.017,67.202],[40.951,67.335],[40.973,67.534],[40.826,67.66],[39.918,67.94],[38.668,68.146],[38.406,68.243],[37.689,68.63],[37.246,68.793],[36.018,69.024],[35.437,69.15],[34.934,69.149],[34.699,69.164],[34.305,69.171],[33.818,69.192],[33.628,69.215],[33.316,69.071],[33.281,69.342],[33.01,69.387],[32.596,69.424],[32.352,69.514],[32.191,69.642],[32.159,69.69],[30.144,69.262],[28.902,68.356],[30.109,67.719],[31.116,67.067],[30.867,66.751],[30.789,66.23],[31.155,65.914],[30.997,65.762],[30.407,65.79],[30.397,65.159],[30.065,64.56],[30.869,64.162],[30.445,63.715],[30.434,63.416],[31.181,63.33],[31.284,62.959],[32.223,62.848],[32.267,62.662],[31.395,62.543],[31.06,62.307],[29.727,61.848],[30.179,61.373],[30.929,61.1],[31.606,60.134],[31.654,59.526],[30.661,59.253],[30.228,58.838],[29.886,59.11],[29.282,59.116],[28.266,59.087],[27.65,58.843],[27.581,58.231]],[[32.688,52.206],[32.907,52.401],[33.259,52.419],[33.655,52.363],[33.621,52.071],[33.396,51.78],[32.943,51.897],[32.688,52.206]],[[38.176,53.973],[38.32,54.594],[38.215,55.148],[38.907,55.138],[39.126,55.171],[39.356,55.026],[39.598,55.026],[39.698,54.788],[40.207,54.587],[40.921,54.526],[41.001,54.796],[41.16,54.998],[41.363,54.935],[41.228,54.528],[40.983,54.116],[40.514,53.852],[39.576,53.891],[38.792,53.983],[38.176,53.973]]],[[[48.212,69.056],[48.216,68.895],[48.226,68.883],[48.59,68.729],[48.776,68.723],[48.913,68.736],[49.452,68.811],[49.678,68.873],[49.806,68.952],[49.959,69.076],[50.13,69.138],[50.189,69.152],[50.224,69.15],[50.182,69.096],[50.119,69.041],[50.113,68.995],[50.143,68.993],[50.312,69.101],[50.331,69.125],[50.32,69.151],[50.194,69.241],[50.104,69.281],[49.725,69.378],[49.347,69.488],[49.244,69.506],[48.943,69.507],[48.833,69.489],[48.608,69.435],[48.414,69.348],[48.313,69.279],[48.289,69.254],[48.269,69.215],[48.266,69.123],[48.212,69.056]]],[[[58.409,70.25],[58.517,70.18],[58.582,70.18],[58.609,70.137],[58.571,70.078],[58.621,70.037],[59.018,69.854],[59.113,69.854],[59.128,69.866],[59.085,69.888],[58.941,69.931],[58.942,69.937],[59.003,69.934],[59.276,69.884],[59.384,69.891],[59.439,69.881],[59.611,69.814],[59.626,69.79],[59.621,69.783],[59.611,69.777],[59.557,69.782],[59.534,69.754],[59.602,69.712],[59.766,69.69],[59.859,69.692],[59.912,69.666],[59.931,69.692],[60,69.718],[60,70.081],[59.815,70.125],[59.764,70.168],[59.641,70.196],[59.43,70.293],[59.334,70.361],[59.044,70.447],[59.035,70.453],[59.045,70.467],[59.033,70.479],[58.757,70.394],[58.632,70.326],[58.648,70.297],[58.788,70.254],[58.825,70.218],[58.821,70.214],[58.673,70.23],[58.594,70.259],[58.49,70.27],[58.436,70.269],[58.409,70.25]]]]}},{"type":"Feature","properties":{"NAME":"Pskov","ABBREVN":"Pskov","SUBJECTO":"Pskov","BORDERPRECISION":1,"PARTOF":"Pskov"},"geometry":{"type":"MultiPolygon","coordinates":[[[[27.771,58.891],[27.65,58.843],[27.661,58.938],[27.771,58.891]]],[[[27.823,56.725],[27.929,56.94],[27.633,57.096],[27.773,57.211],[27.795,57.466],[27.532,57.406],[27.511,57.611],[27.581,58.231],[27.973,58.133],[28.379,58.212],[28.383,58.179],[29.873,58.114],[29.92,57.763],[30.486,57.376],[31.007,57.259],[31.17,57.112],[30.991,56.811],[30.643,56.954],[30.576,56.808],[31.107,56.41],[31.229,56.166],[30.777,56.072],[30.689,55.896],[29.948,56.538],[29.06,56.538],[28.813,56.883],[28.093,56.792],[28.017,56.567],[27.823,56.725]]]]}},{"type":"Feature","properties":{"NAME":"Ottoman Empire","ABBREVN":"Ottoman Emp.","SUBJECTO":"Ottoman Empire","BORDERPRECISION":1,"PARTOF":"Ottoman Empire"},"geometry":{"type":"MultiPolygon","coordinates":[[[[16.64,43.39],[16.992,43.323],[17.054,43.473],[17.163,43.391],[17.326,43.337],[17.304,43.076],[17.596,42.889],[18.001,42.694],[18.249,42.527],[18.529,42.353],[18.91,42.218],[19.136,42],[19.143,41.932],[19.338,41.862],[19.458,41.798],[19.607,41.762],[19.619,41.559],[19.499,41.524],[19.417,41.345],[19.53,41.218],[19.445,40.965],[19.527,40.866],[19.339,40.589],[19.494,40.403],[19.484,40.296],[19.38,40.324],[19.369,40.26],[19.804,40.017],[20.029,39.814],[20.091,39.603],[20.212,39.405],[20.678,39.08],[20.901,39.062],[21.007,39.113],[21.16,39.005],[21.105,38.922],[21.007,38.871],[20.893,38.896],[20.772,38.851],[21.172,38.348],[21.364,38.412],[21.661,38.438],[21.826,38.464],[22.334,38.427],[22.876,38.205],[23.116,38.157],[22.899,37.998],[22.747,37.953],[21.997,38.251],[21.906,38.27],[21.714,38.135],[21.44,38.18],[21.228,37.905],[21.221,37.828],[21.296,37.727],[21.517,37.536],[21.614,37.415],[21.627,37.307],[21.531,37.115],[21.588,36.981],[21.781,36.823],[21.984,37.02],[22.191,36.855],[22.39,36.524],[22.524,36.722],[22.674,36.754],[22.983,36.615],[22.887,37.047],[22.793,37.139],[22.813,37.212],[22.726,37.289],[22.639,37.492],[22.642,37.585],[22.713,37.543],[22.942,37.518],[23.025,37.48],[22.971,37.385],[23.11,37.347],[23.186,37.375],[23.185,37.427],[23.418,37.469],[23.312,37.548],[23.322,37.637],[23.221,37.602],[23.151,37.59],[23.049,37.643],[23.04,37.858],[22.898,37.9],[22.981,37.958],[23.196,38.005],[23.419,38.068],[23.496,38.068],[23.634,37.879],[23.734,37.858],[23.836,37.685],[23.918,37.685],[23.987,37.763],[23.88,38.115],[23.967,38.152],[23.961,38.21],[23.804,38.347],[23.556,38.352],[23.494,38.483],[23.356,38.49],[23.191,38.61],[23.169,38.667],[23.1,38.672],[22.984,38.667],[22.899,38.767],[22.723,38.793],[22.602,38.856],[22.49,38.877],[22.784,38.94],[22.871,39.024],[22.835,39.166],[22.766,39.203],[22.72,39.287],[22.851,39.366],[22.981,39.329],[23.045,39.271],[23.1,39.187],[23.052,39.103],[23.158,39.14],[23.236,39.203],[23.074,39.413],[22.813,39.603],[22.754,39.818],[22.695,39.834],[22.555,39.987],[22.526,40.064],[22.467,40.118],[22.49,40.231],[22.602,40.397],[22.492,40.498],[22.701,40.577],[22.77,40.667],[22.852,40.651],[22.875,40.596],[22.864,40.535],[22.748,40.482],[22.96,40.315],[23.141,40.266],[23.215,40.182],[23.276,40.05],[23.261,39.971],[23.597,39.934],[23.639,39.96],[23.592,40.002],[23.436,40.045],[23.367,40.108],[23.259,40.229],[23.293,40.245],[23.292,40.287],[23.349,40.282],[23.442,40.256],[23.596,40.192],[23.796,39.987],[23.907,39.997],[23.92,40.055],[23.869,40.161],[23.804,40.155],[23.652,40.229],[23.659,40.287],[23.627,40.345],[23.722,40.348],[23.775,40.393],[24.048,40.308],[24.055,40.261],[24.221,40.145],[24.295,40.176],[23.924,40.451],[23.785,40.477],[23.709,40.63],[23.633,40.713],[23.635,40.773],[23.748,40.804],[23.886,40.733],[24.025,40.746],[24.219,40.83],[24.354,40.971],[24.505,40.984],[24.519,40.873],[24.701,40.878],[24.812,40.933],[25.019,41.017],[25.046,40.952],[25.301,40.896],[25.993,40.852],[26.021,40.669],[26.124,40.603],[26.418,40.578],[26.455,40.584],[26.556,40.498],[26.458,40.435],[26.195,40.303],[26.223,40.224],[26.214,40.161],[26.141,40.045],[26.255,40.082],[26.376,40.213],[26.514,40.282],[26.614,40.398],[26.889,40.525],[27.264,40.667],[27.313,40.79],[27.474,40.963],[27.932,40.958],[28.026,41.026],[28.173,41.058],[28.596,40.947],[28.828,40.915],[28.964,40.989],[29.081,41.201],[29.012,41.255],[28.74,41.325],[28.371,41.433],[28.104,41.593],[28.07,41.625],[28.018,41.753],[28.026,41.882],[27.918,41.978],[27.913,42.078],[27.738,42.247],[27.723,42.316],[27.608,42.417],[27.495,42.401],[27.502,42.516],[27.654,42.684],[27.836,42.736],[27.87,42.8],[27.887,43.064],[28.035,43.392],[28.187,43.45],[28.328,43.438],[28.446,43.476],[28.481,43.592],[28.53,43.843],[28.573,44.198],[28.686,44.488],[28.918,44.766],[29.09,44.876],[29.458,44.915],[29.579,45.058],[29.711,45.258],[29.683,45.375],[29.536,45.452],[29.5,45.523],[29.63,45.75],[29.73,45.77],[30.069,45.861],[30.52,46.251],[30.833,46.577],[31.087,46.636],[31.515,46.608],[31.85,46.63],[31.874,46.809],[32.007,46.906],[30.886,47.454],[28.368,45.331],[28.007,45.315],[27.995,45.288],[28.043,45.26],[28.12,45.254],[28.127,45.23],[28.112,45.22],[28.095,45.189],[28.153,45.165],[28.197,45.136],[28.172,45.124],[28.174,45.106],[28.131,45.104],[28.125,45.092],[28.15,45.034],[28.132,45.015],[28.137,44.994],[28.156,44.959],[28.138,44.911],[28.122,44.896],[28.117,44.861],[28.093,44.822],[28.096,44.812],[28.084,44.8],[28.086,44.779],[28.07,44.762],[28.031,44.749],[28.042,44.773],[28.035,44.795],[28.007,44.768],[27.944,44.791],[27.92,44.789],[27.882,44.765],[27.871,44.725],[27.89,44.703],[27.942,44.679],[27.973,44.676],[28.018,44.647],[28.035,44.612],[28.014,44.583],[28.014,44.572],[28.036,44.549],[28.053,44.51],[28.088,44.491],[28.11,44.435],[28.076,44.416],[28.028,44.37],[28.009,44.32],[27.935,44.25],[27.914,44.247],[27.848,44.258],[27.776,44.232],[27.723,44.196],[27.637,44.206],[27.596,44.197],[27.525,44.169],[27.452,44.124],[27.394,44.132],[27.36,44.127],[27.315,44.14],[27.23,44.115],[27.066,44.149],[26.992,44.134],[26.917,44.138],[26.763,44.078],[26.702,44.078],[26.601,44.052],[26.336,44.033],[26.197,43.985],[26.144,43.983],[26.107,43.97],[26.073,43.926],[26.03,43.918],[25.964,43.925],[25.933,43.912],[25.925,43.883],[25.954,43.859],[25.888,43.793],[25.865,43.782],[25.864,43.769],[25.839,43.767],[25.809,43.748],[25.78,43.709],[25.73,43.69],[25.667,43.69],[25.561,43.648],[25.492,43.649],[25.394,43.618],[25.343,43.63],[25.243,43.686],[25.18,43.698],[25.112,43.684],[25.09,43.687],[25.021,43.71],[25.008,43.725],[24.966,43.722],[24.918,43.738],[24.907,43.759],[24.858,43.759],[24.827,43.746],[24.846,43.709],[24.778,43.706],[24.724,43.707],[24.611,43.745],[24.501,43.762],[24.35,43.697],[24.294,43.698],[24.175,43.681],[24.087,43.703],[24.058,43.719],[23.979,43.743],[23.852,43.759],[23.818,43.771],[23.778,43.8],[23.702,43.806],[23.607,43.792],[23.554,43.804],[23.495,43.834],[23.414,43.853],[23.268,43.846],[23.138,43.805],[23.065,43.796],[22.9,43.826],[22.869,43.837],[22.836,43.876],[22.88,43.983],[22.944,44.007],[23.006,44.011],[23.042,44.053],[23.043,44.075],[23.03,44.087],[22.993,44.098],[22.924,44.1],[22.864,44.137],[22.789,44.166],[22.758,44.193],[22.688,44.208],[22.672,44.222],[22.683,44.249],[22.681,44.278],[22.661,44.288],[22.612,44.293],[22.558,44.31],[22.529,44.337],[22.509,44.372],[22.499,44.411],[22.456,44.468],[22.457,44.477],[22.474,44.482],[22.539,44.48],[22.557,44.499],[22.563,44.534],[22.588,44.552],[22.635,44.55],[22.695,44.518],[22.763,44.539],[22.757,44.562],[22.702,44.608],[22.602,44.622],[22.468,44.714],[22.472,44.724],[22.464,44.744],[22.429,44.761],[22.422,44.795],[22.486,44.883],[22.482,44.903],[22.494,44.921],[22.485,44.935],[22.509,44.962],[22.502,44.98],[22.531,44.996],[22.569,45.039],[22.593,45.048],[22.656,45.105],[22.65,45.125],[22.577,45.138],[22.56,45.16],[22.603,45.214],[22.673,45.239],[22.701,45.257],[22.73,45.253],[22.772,45.27],[22.778,45.261],[22.834,45.285],[22.84,45.276],[22.875,45.265],[22.909,45.278],[22.973,45.271],[23.001,45.282],[23.087,45.284],[23.097,45.292],[23.144,45.282],[23.176,45.298],[23.231,45.301],[23.249,45.309],[23.291,45.31],[23.312,45.301],[23.331,45.314],[23.336,45.329],[23.357,45.339],[23.401,45.337],[23.431,45.308],[23.46,45.323],[23.494,45.316],[23.589,45.356],[23.586,45.367],[23.602,45.387],[23.591,45.4],[23.594,45.421],[23.575,45.428],[23.594,45.45],[23.598,45.477],[23.596,45.491],[23.575,45.509],[23.591,45.513],[23.615,45.507],[23.631,45.512],[23.625,45.521],[23.641,45.527],[23.649,45.527],[23.662,45.509],[23.688,45.518],[23.709,45.504],[23.708,45.486],[23.691,45.471],[23.693,45.437],[23.702,45.425],[23.743,45.431],[23.824,45.476],[23.862,45.473],[23.879,45.459],[23.932,45.458],[23.939,45.496],[23.981,45.486],[23.986,45.495],[23.98,45.533],[24.001,45.526],[24.023,45.53],[24.085,45.513],[24.171,45.515],[24.203,45.523],[24.23,45.547],[24.257,45.545],[24.287,45.561],[24.385,45.584],[24.433,45.581],[24.446,45.591],[24.481,45.574],[24.511,45.586],[24.522,45.581],[24.556,45.586],[24.571,45.577],[24.598,45.596],[24.626,45.603],[24.673,45.594],[24.696,45.605],[24.74,45.604],[24.771,45.611],[24.794,45.603],[24.83,45.606],[24.838,45.591],[24.917,45.594],[24.938,45.582],[24.959,45.593],[24.998,45.586],[25.034,45.592],[25.078,45.581],[25.106,45.583],[25.192,45.522],[25.214,45.526],[25.237,45.516],[25.242,45.499],[25.238,45.477],[25.257,45.452],[25.274,45.443],[25.273,45.432],[25.288,45.439],[25.31,45.431],[25.309,45.392],[25.322,45.381],[25.368,45.391],[25.405,45.388],[25.411,45.428],[25.515,45.472],[25.511,45.502],[25.526,45.499],[25.535,45.508],[24.18,45.856],[23.543,45.856],[20.801,44.932],[20.291,44.9],[19.785,44.936],[18.939,44.393],[17.754,44.393],[17.458,44.146],[16.865,44.245],[16.701,43.847],[16.712,43.771],[16.64,43.39]]],[[[22.87,38.837],[23.121,38.867],[23.463,38.624],[23.638,38.523],[23.6,38.457],[23.661,38.404],[24.025,38.386],[24.314,37.985],[24.527,37.967],[24.588,38.153],[24.292,38.195],[24.208,38.552],[24.132,38.653],[23.79,38.719],[23.242,39.044],[23.014,38.961],[22.87,38.837]]],[[[24.261,37.541],[24.383,37.571],[24.398,37.667],[24.299,37.661],[24.261,37.541]]],[[[24.299,36.753],[24.466,36.649],[24.679,36.759],[24.588,36.869],[24.428,36.795],[24.299,36.753]]],[[[24.36,37.305],[24.489,37.396],[24.398,37.468],[24.36,37.396],[24.36,37.305]]],[[[24.428,37.208],[24.444,37.099],[24.535,37.117],[24.428,37.208]]],[[[24.649,37.014],[24.679,36.905],[24.786,36.948],[24.717,37.051],[24.649,37.014]]],[[[24.656,37.901],[24.923,37.691],[25.318,37.402],[25.47,37.438],[25.272,37.565],[24.763,38.003],[24.656,37.901]]],[[[24.824,36.637],[24.945,36.57],[24.976,36.637],[24.877,36.68],[24.824,36.661],[24.824,36.637]]],[[[24.846,37.366],[25.044,37.378],[24.945,37.51],[24.862,37.529],[24.846,37.366]]],[[[24.938,36.96],[25.113,36.941],[25.31,37.002],[25.31,37.196],[25.151,37.172],[24.938,36.96]]],[[[25.044,36.661],[25.059,36.619],[25.196,36.674],[25.166,36.741],[25.044,36.661]]],[[[25.242,36.753],[25.265,36.704],[25.386,36.637],[25.432,36.698],[25.295,36.808],[25.242,36.753]]],[[[25.318,36.399],[25.386,36.319],[25.493,36.331],[25.493,36.423],[25.371,36.497],[25.333,36.46],[25.318,36.399]]],[[[25.341,37.087],[25.363,37.008],[25.455,36.923],[25.546,36.96],[25.599,37.026],[25.607,37.124],[25.538,37.22],[25.341,37.087]]],[[[25.713,36.35],[25.766,36.338],[25.873,36.356],[25.789,36.405],[25.736,36.387],[25.713,36.35]]],[[[25.751,36.783],[25.835,36.783],[26.086,36.899],[26.025,36.96],[25.949,36.911],[25.858,36.838],[25.751,36.814],[25.751,36.783]]],[[[26.064,39.456],[26.139,39.44],[26.804,39.567],[26.958,39.548],[26.926,39.477],[26.854,39.461],[26.72,39.337],[26.602,39.256],[26.704,39.25],[26.708,39.182],[26.797,39.13],[26.871,39.056],[26.79,39.024],[26.785,38.94],[26.937,38.925],[27.004,38.885],[27.035,38.821],[26.966,38.77],[26.709,38.699],[26.696,38.641],[26.829,38.583],[26.82,38.527],[26.997,38.4],[26.742,38.278],[26.527,38.418],[26.469,38.445],[26.392,38.219],[26.393,38.104],[26.512,38.066],[26.679,38.105],[26.961,37.946],[27.14,37.889],[27.18,37.774],[27.141,37.647],[27.123,37.494],[27.16,37.36],[27.365,37.329],[27.493,37.24],[27.526,37.131],[27.269,37.042],[27.308,36.921],[27.999,36.909],[28.051,36.833],[27.942,36.756],[27.912,36.699],[28.014,36.527],[28.267,36.712],[28.47,36.738],[28.814,36.535],[29.002,36.695],[29.298,36.173],[29.472,36.091],[29.535,36.087],[29.531,36.088],[29.511,36.109],[29.457,36.116],[29.435,36.14],[29.433,36.156],[29.471,36.183],[29.487,36.186],[29.515,36.184],[29.545,36.16],[29.569,36.174],[29.607,36.176],[29.614,36.174],[29.61,36.156],[29.623,36.133],[29.637,36.136],[29.672,36.11],[29.685,36.087],[29.671,36.08],[30.166,36.188],[30.28,36.118],[30.395,36.118],[30.473,36.188],[30.54,36.647],[30.594,36.762],[30.905,36.794],[31.371,36.712],[31.902,36.497],[32.335,36.128],[32.64,36.008],[32.904,35.977],[33.171,35.971],[33.482,36.054],[33.753,36.147],[33.834,36.071],[33.836,36.107],[33.891,36.139],[33.954,36.16],[33.952,36.252],[34.103,36.38],[34.485,36.627],[34.662,36.648],[34.87,36.577],[35.071,36.488],[35.221,36.388],[35.354,36.414],[35.389,36.454],[35.417,36.433],[35.495,36.443],[35.548,36.54],[35.506,36.559],[35.568,36.587],[35.672,36.606],[35.891,36.771],[36.789,37.001],[36.494,37.369],[39.148,38.622],[41.212,40.244],[41.484,41.437],[41.293,41.286],[40.61,41.028],[40.361,40.963],[40.007,40.956],[39.663,41],[39.37,41.064],[39.139,41.044],[38.651,40.922],[38.314,40.921],[37.822,41.01],[37.253,41.028],[36.817,41.29],[36.641,41.315],[36.383,41.238],[36.161,41.353],[35.958,41.686],[35.678,41.621],[35.411,41.627],[35.286,41.671],[35.099,41.806],[35.002,42.043],[34.663,41.876],[34.304,41.894],[33.897,41.951],[33.556,41.983],[33.155,41.95],[32.688,41.846],[32.419,41.749],[31.666,41.395],[31.386,41.285],[31.404,41.164],[31.218,41.054],[30.745,41.04],[30.256,41.185],[30.138,41.132],[29.578,41.153],[29.161,41.216],[29.015,40.979],[29.29,40.807],[29.32,40.741],[29.683,40.752],[29.883,40.746],[29.713,40.694],[29.525,40.688],[28.902,40.62],[28.778,40.525],[28.873,40.472],[29.084,40.456],[29.122,40.414],[29.052,40.335],[28.756,40.376],[28.478,40.395],[27.908,40.351],[28.006,40.451],[27.954,40.488],[27.808,40.504],[27.679,40.461],[27.8,40.403],[27.83,40.345],[27.764,40.287],[27.526,40.297],[27.45,40.31],[27.329,40.356],[27.272,40.451],[27.056,40.43],[26.996,40.372],[26.765,40.377],[26.482,40.187],[26.403,40.176],[26.32,39.992],[26.186,39.997],[26.128,39.879],[26.142,39.661],[26.085,39.604],[26.064,39.456]],[[27.419,37.032],[27.42,37.039],[27.431,37.039],[27.432,37.028],[27.419,37.032]]],[[[26.769,37.169],[26.821,37.111],[26.864,37.095],[26.89,37.102],[26.855,37.183],[26.778,37.188],[26.769,37.169]]],[[[26.882,37.069],[26.919,36.947],[26.936,36.932],[26.976,36.924],[27.05,36.949],[27.048,36.994],[26.986,37.044],[26.891,37.076],[26.882,37.069]]],[[[26.919,36.716],[26.946,36.679],[26.971,36.672],[26.966,36.704],[26.971,36.736],[26.981,36.747],[27.243,36.827],[27.329,36.843],[27.356,36.865],[27.341,36.885],[27.284,36.901],[27.168,36.887],[26.922,36.761],[26.919,36.716]]]]}}],"metadata":{"source":"historical-basemaps (aourednik)","sourceUrl":"https://github.com/aourednik/historical-basemaps","license":"GPL-3.0","commit":"62d8f1a03a71f2d3ff17f2d166f7553f256bce68","borderPrecision":"概略（出典が全境界を概略と宣言）"}}