{"type":"FeatureCollection","features":[{"type":"Feature","properties":{"NAME":"Cyprus","ABBREVN":"Cyprus","INFO_UR":null,"SUBJECTO":"Cyprus","BORDERPRECISION":1,"PARTOF":"Cyprus"},"geometry":{"type":"Polygon","coordinates":[[[32.144,35.043],[32.199,34.861],[32.271,34.814],[32.271,34.72],[32.357,34.68],[32.603,34.615],[32.784,34.625],[32.817,34.539],[32.915,34.541],[32.915,34.636],[32.959,34.659],[33.131,34.68],[33.484,34.796],[33.539,34.944],[33.686,34.935],[33.733,34.909],[33.792,34.957],[33.925,34.953],[33.773,35.129],[33.78,35.208],[34.048,35.408],[34.245,35.512],[34.458,35.645],[34.217,35.574],[33.907,35.437],[33.539,35.332],[33.374,35.306],[33.077,35.319],[32.795,35.361],[32.819,35.282],[32.78,35.153],[32.745,35.114],[32.597,35.156],[32.483,35.153],[32.301,35.016],[32.234,35.014],[32.18,35.058],[32.144,35.043]]]}},{"type":"Feature","properties":{"NAME":"Sardinia","ABBREVN":"Sardinia","INFO_UR":null,"SUBJECTO":"Sardinia","BORDERPRECISION":1,"PARTOF":"Sardinia"},"geometry":{"type":"Polygon","coordinates":[[[8.159,40.785],[8.202,40.663],[8.428,40.465],[8.488,40.209],[8.508,39.946],[8.465,39.64],[8.374,39.308],[8.417,39.212],[8.582,39.066],[8.696,38.996],[8.82,38.977],[8.931,39.054],[8.999,39.175],[9.063,39.22],[9.296,39.233],[9.479,39.144],[9.648,39.457],[9.698,39.693],[9.631,40.096],[9.696,40.314],[9.788,40.442],[9.794,40.564],[9.591,40.903],[9.306,41.184],[8.918,40.94],[8.766,40.863],[8.241,40.855],[8.159,40.785]]]}},{"type":"Feature","properties":{"NAME":"Magyars","ABBREVN":"Magyars","INFO_UR":null,"SUBJECTO":"Magyars","BORDERPRECISION":1,"PARTOF":"Magyars"},"geometry":{"type":"Polygon","coordinates":[[[15.912,45.631],[16.808,44.935],[17.338,45.139],[17.827,45.139],[17.949,44.813],[19.785,44.936],[20.314,44.901],[20.705,44.642],[21.358,44.773],[22.077,44.446],[22.338,44.773],[22.664,44.642],[23.056,45.034],[26.517,45.818],[27.366,46.34],[27.628,46.928],[27.171,47.973],[24.297,48.757],[21.771,49.592],[21.771,49.614],[21.391,49.515],[21.386,49.449],[20.959,49.316],[20.212,49.383],[20.12,49.25],[19.611,49.118],[19.29,49.316],[19.039,49.316],[19.047,49.449],[18.716,49.515],[18.64,49.579],[18.522,49.561],[18.25,49.181],[18.223,48.99],[18.114,48.99],[18.114,48.854],[17.87,48.8],[17.353,48.963],[16.482,48.196],[16.557,47.495],[16.644,47.3],[16.557,47.191],[16.557,47.06],[16.448,46.93],[16.448,46.778],[16.514,46.626],[16.296,46.408],[16.535,46.365],[16.448,46.104],[16.209,46.147],[16.079,45.886],[16.209,45.734],[16.122,45.582],[15.912,45.631]]]}},{"type":"Feature","properties":{"NAME":"Venice","ABBREVN":"Venice","INFO_UR":null,"SUBJECTO":"Venice","BORDERPRECISION":1,"PARTOF":"Venice"},"geometry":{"type":"MultiPolygon","coordinates":[[[[11.971,45.436],[12.176,45.214],[12.18,45.27],[12.251,45.29],[12.28,45.402],[12.483,45.462],[12.448,45.394],[12.899,45.558],[13.105,45.582],[13.156,45.727],[13.368,45.694],[13.081,45.98],[12.645,45.915],[12.145,45.763],[11.971,45.436]]],[[[13.527,45.454],[13.644,45.179],[13.672,45.05],[13.895,44.759],[13.991,44.783],[14.06,44.895],[14.189,44.943],[14.175,45.01],[13.908,44.979],[13.799,45.306],[13.952,45.393],[13.995,45.458],[13.8,45.566],[13.749,45.494],[13.527,45.454]]]]}},{"type":"Feature","properties":{"NAME":"Corsica","ABBREVN":"Corsica","INFO_UR":null,"SUBJECTO":"Corsica","BORDERPRECISION":1,"PARTOF":"Corsica"},"geometry":{"type":"Polygon","coordinates":[[[8.5,42.36],[8.628,42.262],[8.517,42.208],[8.511,42.134],[8.626,42.097],[8.668,42.029],[8.59,41.958],[8.538,41.948],[8.562,41.882],[8.693,41.913],[8.742,41.882],[8.627,41.732],[8.823,41.688],[8.855,41.654],[8.727,41.561],[8.829,41.492],[9.013,41.458],[9.039,41.369],[9.173,41.35],[9.305,41.575],[9.357,41.901],[9.453,42.048],[9.487,42.406],[9.459,42.556],[9.405,42.581],[9.432,42.794],[9.414,42.91],[9.367,42.988],[9.303,42.983],[9.271,42.883],[9.28,42.728],[9.238,42.664],[9.149,42.711],[9.018,42.691],[9,42.635],[8.879,42.625],[8.609,42.487],[8.5,42.36]]]}},{"type":"Feature","properties":{"NAME":null,"ABBREVN":null,"INFO_UR":null,"SUBJECTO":null,"BORDERPRECISION":1,"PARTOF":null},"geometry":{"type":"Polygon","coordinates":[[[37.559,34],[40.42,34],[40.029,34.391],[38.372,35.141],[38.036,34.597],[37.559,34]]]}},{"type":"Feature","properties":{"NAME":"Ghaznavid Emirate","ABBREVN":"Ghaz.Emirate","INFO_UR":null,"SUBJECTO":"Ghaznavid Emirate","BORDERPRECISION":1,"PARTOF":"Ghaznavid Emirate"},"geometry":{"type":"Polygon","coordinates":[[[54.868,36.806],[55.611,35.939],[56.54,35.939],[58.226,34],[60,34],[60,39.619],[55.487,39.345],[54.929,39.159],[54.868,36.806]]]}},{"type":"Feature","properties":{"NAME":"Georgia","ABBREVN":"Georgia","INFO_UR":null,"SUBJECTO":"Georgia","BORDERPRECISION":1,"PARTOF":"Georgia"},"geometry":{"type":"Polygon","coordinates":[[[44.782,41.303],[44.891,41.329],[44.811,41.35],[44.782,41.303]]]}},{"type":"Feature","properties":{"NAME":"Armenia","ABBREVN":"Armenia","INFO_UR":null,"SUBJECTO":"Armenia","BORDERPRECISION":1,"PARTOF":"Armenia"},"geometry":{"type":"Polygon","coordinates":[[[41.007,38.341],[42.019,38.13],[44.463,36.824],[44.842,36.782],[45.516,37.034],[46.822,37.667],[46.907,37.919],[46.822,38.341],[46.148,39.689],[45.432,41.459],[44.782,41.303],[44.552,40.936],[44.029,41.122],[43.325,40.953],[42.693,40.701],[42.314,39.984],[42.019,39.184],[41.808,38.678],[41.007,38.341]]]}},{"type":"Feature","properties":{"NAME":"Buwayhid Emirates","ABBREVN":"Buwayhid Em.","INFO_UR":null,"SUBJECTO":"Buwayhid Emirates","BORDERPRECISION":1,"PARTOF":"Buwayhid Emirates"},"geometry":{"type":"MultiPolygon","coordinates":[[[[37.026,35.75],[40.029,34.391],[40.42,34],[58.226,34],[56.54,35.939],[55.611,35.939],[54.868,36.806],[54.067,36.942],[53.984,36.782],[53.8,36.679],[53.139,36.644],[52.602,36.577],[51.993,36.459],[51.796,36.432],[51.417,36.456],[50.561,36.686],[50.252,36.895],[50.111,37.098],[50.039,37.225],[49.848,37.268],[49.476,37.292],[49.06,37.398],[48.837,37.511],[48.745,37.727],[48.809,37.989],[48.832,38.306],[48.825,38.31],[48.988,38.719],[48.946,38.836],[49.052,38.932],[49.02,39.006],[49.041,39.145],[49.116,39.187],[49.18,39.145],[49.222,39.038],[49.275,39.017],[49.339,39.283],[49.382,39.326],[49.488,39.294],[49.499,39.379],[49.403,39.485],[49.075,39.478],[48.894,39.954],[48.534,40.062],[48.373,39.967],[47.939,39.674],[47.129,39.665],[47.062,40.441],[46.859,40.448],[46.738,40.026],[46.148,39.689],[46.822,38.341],[46.907,37.919],[46.822,37.667],[45.516,37.034],[44.842,36.782],[44.463,36.824],[42.019,38.13],[41.007,38.341],[39.617,37.835],[37.594,37.161],[37.384,36.613],[37.026,35.75]]],[[[46.738,41.712],[46.873,40.856],[47.031,40.795],[47.137,40.81],[46.861,40.935],[46.849,41.021],[47.849,41.179],[49.54,40.504],[49.659,40.659],[49.605,40.687],[49.605,40.762],[49.478,40.836],[49.35,40.953],[49.286,41.059],[49.244,41.293],[49.116,41.432],[48.999,41.517],[48.892,41.687],[48.683,41.836],[48.662,41.902],[48.5,41.929],[48.42,42.091],[48.222,42.279],[46.738,41.712]]]]}},{"type":"Feature","properties":{"NAME":"Dutchy of Benevento","ABBREVN":"Benevento","INFO_UR":null,"SUBJECTO":"Dutchy of Benevento","BORDERPRECISION":1,"PARTOF":"Dutchy of Benevento"},"geometry":{"type":"Polygon","coordinates":[[[13.253,41.663],[13.271,41.314],[13.498,41.302],[13.797,41.193],[13.853,41.091],[13.942,40.998],[14.051,40.768],[14.24,40.853],[14.37,40.851],[14.495,40.73],[14.35,40.643],[14.334,40.594],[14.743,40.705],[14.951,40.551],[14.992,40.372],[14.899,40.241],[15.027,40.212],[15.432,39.989],[15.516,40.066],[15.666,40.092],[15.767,40.574],[15.598,41.08],[15.449,41.857],[14.922,41.972],[14.739,42.047],[14.439,41.879],[13.387,41.852],[13.253,41.663]]]}},{"type":"Feature","properties":{"NAME":"Fatimid Caliphate","ABBREVN":"Fatimid Cal.","INFO_UR":null,"SUBJECTO":"Fatimid Caliphate","BORDERPRECISION":1,"PARTOF":"Fatimid Caliphate"},"geometry":{"type":"MultiPolygon","coordinates":[[[[0.991,34],[10.071,34],[10.019,34.081],[10.116,34.234],[10.574,34.648],[10.839,34.801],[11.083,35.145],[11.125,35.241],[10.989,35.622],[10.831,35.679],[10.603,35.889],[10.511,36.086],[10.509,36.214],[10.633,36.424],[10.92,36.654],[11.039,36.909],[11.024,37.068],[10.843,36.991],[10.581,36.793],[10.393,36.717],[10.272,36.755],[10.159,36.996],[10.133,37.105],[10.021,37.2],[9.732,37.282],[9.416,37.275],[9.15,37.173],[8.866,36.968],[8.637,36.885],[7.913,36.775],[7.792,36.832],[7.719,36.953],[7.545,37.042],[7.307,37.061],[7.063,36.882],[6.923,36.818],[6.771,36.862],[6.323,37.091],[6.047,36.842],[5.73,36.752],[5.383,36.675],[5.144,36.668],[4.777,36.743],[4.632,36.794],[4.395,36.838],[4.164,36.831],[3.741,36.837],[3.587,36.792],[3.324,36.651],[3.07,36.619],[2.81,36.714],[2.524,36.573],[2.294,36.541],[1.58,36.514],[1.237,35.886],[0.991,34]]],[[[35.526,34],[37.559,34],[38.036,34.597],[38.372,35.141],[37.026,35.75],[36.878,35.391],[35.852,34.493],[35.873,34.422],[35.821,34.344],[35.716,34.312],[35.532,34.119],[35.526,34]]]]}},{"type":"Feature","properties":{"NAME":"Burgandy","ABBREVN":"Burgandy","INFO_UR":null,"SUBJECTO":"Burgandy","BORDERPRECISION":1,"PARTOF":"Burgandy"},"geometry":{"type":"Polygon","coordinates":[[[5.268,46.318],[5.533,46.097],[5.533,46.009],[5.357,46.053],[5.357,45.876],[5.607,45.847],[5.823,45.396],[5.935,45.322],[5.947,45.26],[6.058,45.223],[6.033,45.334],[6.083,45.372],[6.145,45.322],[6.219,45.347],[6.268,45.322],[6.243,45.297],[6.28,45.199],[6.507,45.116],[6.665,44.955],[6.943,44.869],[7.003,44.72],[6.925,44.715],[6.783,44.548],[6.87,44.349],[6.787,44.297],[6.787,44.198],[6.836,44.112],[6.886,44.149],[6.935,44.136],[6.972,44.062],[6.997,44.05],[6.923,43.976],[6.96,43.914],[6.886,43.902],[6.923,43.815],[7.355,43.902],[7.397,43.764],[7.553,43.867],[7.689,43.887],[7.98,43.965],[8.186,44.126],[8.343,44.22],[8.289,44.568],[7.677,44.731],[7.514,45.383],[8.493,46.117],[8.411,47.462],[7.27,47.462],[6.781,47.951],[6.252,47.957],[6.099,48.027],[6.057,47.957],[5.96,47.985],[5.96,47.804],[5.82,47.735],[5.918,47.595],[5.793,47.512],[5.779,47.359],[5.737,47.234],[5.667,47.108],[5.794,46.997],[5.757,46.887],[5.646,46.85],[5.626,46.649],[5.74,46.598],[5.725,46.48],[5.646,46.457],[5.416,46.524],[5.268,46.318]],[[6.148,46.207],[6.171,46.296],[6.248,46.386],[6.274,46.39],[6.291,46.423],[6.347,46.461],[6.399,46.459],[6.449,46.474],[6.511,46.516],[6.559,46.507],[6.592,46.518],[6.689,46.5],[6.721,46.486],[6.743,46.489],[6.777,46.473],[6.832,46.467],[6.858,46.449],[6.901,46.44],[6.931,46.408],[6.919,46.395],[6.861,46.396],[6.857,46.385],[6.726,46.408],[6.637,46.407],[6.545,46.395],[6.515,46.405],[6.484,46.393],[6.477,46.376],[6.414,46.36],[6.389,46.34],[6.361,46.348],[6.344,46.37],[6.304,46.366],[6.278,46.35],[6.235,46.289],[6.199,46.264],[6.194,46.238],[6.172,46.212],[6.148,46.207]]]}},{"type":"Feature","properties":{"NAME":"Croatia","ABBREVN":"Croatia","INFO_UR":null,"SUBJECTO":"Croatia","BORDERPRECISION":1,"PARTOF":"Croatia"},"geometry":{"type":"Polygon","coordinates":[[[14.354,45.323],[14.525,45.266],[14.815,45.078],[14.946,44.927],[14.907,44.723],[14.989,44.54],[15.286,44.329],[15.548,44.229],[15.149,44.24],[15.412,43.935],[15.913,43.652],[16.059,43.433],[16.367,43.513],[16.549,43.461],[16.64,43.39],[16.712,43.771],[16.701,43.847],[16.865,44.245],[16.808,44.935],[15.912,45.631],[15.47,45.734],[15.424,45.43],[14.88,45.484],[14.798,45.865],[14.527,45.783],[14.354,45.323]]]}},{"type":"Feature","properties":{"NAME":"Celtic kingdoms","ABBREVN":"Celtic kingdoms","INFO_UR":null,"SUBJECTO":"Celtic kingdoms","BORDERPRECISION":1,"PARTOF":"Celtic kingdoms"},"geometry":{"type":"MultiPolygon","coordinates":[[[[-10.497,52.102],[-9.964,52.092],[-10.294,51.978],[-10.217,51.758],[-9.835,51.803],[-9.795,51.605],[-9.819,51.435],[-9.243,51.473],[-8.848,51.6],[-8.565,51.615],[-8.159,51.84],[-7.862,51.968],[-7.751,52.033],[-7.372,52.092],[-6.962,52.111],[-6.894,52.207],[-6.617,52.221],[-6.489,52.194],[-6.406,52.214],[-6.341,52.427],[-6.232,52.613],[-6.071,52.767],[-6.043,52.893],[-6.172,53.439],[-6.335,53.786],[-6.443,53.899],[-6.343,53.94],[-6.072,53.974],[-5.912,54.027],[-5.731,54.175],[-5.662,54.322],[-5.8,54.523],[-5.764,54.657],[-5.785,54.737],[-6.018,55.093],[-6.117,55.16],[-6.279,55.14],[-6.454,55.187],[-6.645,55.206],[-6.997,55.172],[-7.225,55.104],[-7.498,55.05],[-7.657,55.117],[-7.756,55.253],[-8.118,55.177],[-8.345,55.095],[-8.476,54.88],[-8.504,54.75],[-8.76,54.701],[-8.829,54.634],[-8.211,54.634],[-8.301,54.489],[-8.687,54.364],[-8.59,54.203],[-9.086,54.258],[-9.323,54.275],[-9.474,54.241],[-9.892,54.326],[-10.16,54.133],[-10.179,53.912],[-9.913,53.97],[-9.696,53.873],[-9.872,53.768],[-9.81,53.632],[-10.151,53.576],[-10.021,53.512],[-10.16,53.374],[-9.885,53.297],[-9.803,53.345],[-9.617,53.346],[-9.441,53.266],[-9.297,53.28],[-9.158,53.221],[-9.002,53.3],[-8.924,53.161],[-8.997,53.12],[-9.309,53.115],[-9.526,52.905],[-9.442,52.833],[-9.616,52.637],[-9.134,52.681],[-9.193,52.554],[-9.504,52.541],[-9.736,52.48],[-9.784,52.341],[-9.802,52.241],[-9.891,52.194],[-10.469,52.207],[-10.497,52.102]]],[[[-5.756,55.477],[-5.698,55.331],[-5.62,55.33],[-5.482,55.443],[-5.518,55.668],[-5.689,55.628],[-5.756,55.477]]],[[[-5.249,51.86],[-5.179,51.787],[-4.999,51.702],[-4.159,51.677],[-3.499,51.46],[-3.173,51.467],[-2.75,51.644],[-2.914,53.267],[-3.33,53.233],[-3.957,53.205],[-4.318,53.091],[-4.492,52.991],[-4.621,52.831],[-4.468,52.811],[-4.148,52.832],[-4.094,52.746],[-4.124,52.373],[-4.295,52.2],[-4.619,52.094],[-5.061,52.006],[-5.249,51.86]]]]}},{"type":"Feature","properties":{"NAME":"England","ABBREVN":"England","INFO_UR":null,"SUBJECTO":"England","BORDERPRECISION":1,"PARTOF":"England"},"geometry":{"type":"Polygon","coordinates":[[[-5.778,50.134],[-5.429,50.068],[-5.282,49.964],[-4.967,50.212],[-4.541,50.358],[-4.303,50.324],[-4.243,50.391],[-4.004,50.314],[-3.882,50.2],[-3.715,50.219],[-3.563,50.361],[-3.521,50.617],[-3.111,50.657],[-2.961,50.722],[-2.551,50.57],[-2.432,50.646],[-2.024,50.57],[-2.085,50.703],[-1.373,50.766],[-1.103,50.817],[-0.839,50.722],[-0.336,50.817],[0.192,50.731],[0.673,50.931],[0.888,50.893],[0.886,50.982],[1.335,51.121],[1.365,51.353],[1.189,51.405],[1.03,51.359],[0.804,51.378],[0.254,51.454],[0.686,51.56],[1.031,51.813],[1.512,52.026],[1.657,52.212],[1.692,52.311],[1.586,52.65],[1.376,52.809],[1.013,52.888],[0.742,52.901],[0.505,52.848],[0.327,52.707],[0.006,52.787],[0.251,53.04],[0.268,53.127],[0.175,53.293],[0.081,53.386],[-0.319,53.579],[-0.235,53.799],[-0.296,54.033],[-0.605,54.3],[-0.871,54.547],[-1.192,54.595],[-1.389,54.68],[-1.556,54.922],[-1.696,55.273],[-1.666,55.38],[-1.719,55.454],[-1.942,55.556],[-2.065,55.3],[-1.897,54.336],[-2.886,54.169],[-2.865,54.028],[-2.98,53.821],[-3.057,53.514],[-2.914,53.267],[-2.75,51.644],[-2.895,51.394],[-3.033,51.33],[-3.066,51.178],[-3.483,51.181],[-3.825,51.235],[-4.281,51.187],[-4.277,51.064],[-4.443,50.969],[-4.552,50.997],[-4.605,50.779],[-4.815,50.604],[-5.017,50.561],[-5.238,50.346],[-5.778,50.134]]]}},{"type":"Feature","properties":{"NAME":"Scotland","ABBREVN":"Scotland","INFO_UR":null,"SUBJECTO":"Scotland","BORDERPRECISION":1,"PARTOF":"Scotland"},"geometry":{"type":"Polygon","coordinates":[[[-4.915,56.935],[-4.622,56.348],[-4.122,54.762],[-3.908,54.79],[-3.577,54.924],[-3.309,54.885],[-3.153,54.838],[-3.43,54.643],[-3.569,54.415],[-3.479,54.275],[-3.261,54.141],[-2.886,54.169],[-1.897,54.336],[-2.065,55.3],[-1.942,55.556],[-2.245,55.811],[-2.54,55.885],[-2.742,55.957],[-2.928,55.946],[-3.161,55.846],[-3.356,55.843],[-3.577,55.885],[-3.713,55.885],[-3.895,55.985],[-3.294,55.974],[-3.17,56.062],[-2.895,56.086],[-2.773,56.171],[-2.721,56.178],[-2.949,56.253],[-3.152,56.337],[-2.981,56.354],[-2.667,56.471],[-2.515,56.667],[-2.413,56.717],[-2.159,57.014],[-2.203,57.065],[-2.108,57.21],[-1.945,57.402],[-2.15,57.572],[-2.854,57.543],[-3.093,57.577],[-3.401,57.576],[-3.796,57.542],[-4.148,57.555],[-4.249,57.636],[-4.15,57.835],[-4.831,57.774],[-4.915,56.935]]]}},{"type":"Feature","properties":{"NAME":null,"ABBREVN":null,"INFO_UR":null,"SUBJECTO":null,"BORDERPRECISION":1,"PARTOF":null},"geometry":{"type":"Polygon","coordinates":[[[-6.044,56.475],[-5.822,56.4],[-5.645,56.516],[-5.547,56.652],[-5.458,56.632],[-5.271,56.544],[-5.3,56.429],[-5.497,56.177],[-5.633,55.94],[-5.57,55.751],[-5.334,55.88],[-5.135,55.893],[-4.848,56.097],[-4.711,56.131],[-4.623,55.908],[-4.758,55.82],[-4.895,55.772],[-4.908,55.664],[-4.771,55.488],[-4.638,55.428],[-4.91,55.11],[-5.067,54.948],[-5.111,54.794],[-4.903,54.734],[-4.6,54.688],[-4.5,54.775],[-4.461,54.862],[-4.122,54.762],[-4.622,56.348],[-4.915,56.935],[-4.831,57.774],[-4.15,57.835],[-3.943,57.958],[-3.166,58.275],[-3.028,58.406],[-3.165,58.522],[-3.441,58.529],[-3.831,58.507],[-4.139,58.445],[-4.51,58.403],[-4.926,58.567],[-5.113,58.395],[-4.907,58.169],[-5.346,58.093],[-5.056,57.751],[-5.23,57.71],[-5.568,57.777],[-5.763,57.62],[-5.461,57.388],[-5.562,57.299],[-5.726,57.258],[-5.625,56.999],[-5.666,56.938],[-5.909,56.733],[-6.044,56.475]]]}},{"type":"Feature","properties":{"NAME":null,"ABBREVN":null,"INFO_UR":null,"SUBJECTO":null,"BORDERPRECISION":1,"PARTOF":null},"geometry":{"type":"Polygon","coordinates":[[[22.87,38.837],[23.121,38.867],[23.463,38.624],[23.638,38.523],[23.6,38.457],[23.661,38.404],[24.025,38.386],[24.314,37.985],[24.527,37.967],[24.588,38.153],[24.292,38.195],[24.208,38.552],[24.132,38.653],[23.79,38.719],[23.242,39.044],[23.014,38.961],[22.87,38.837]]]}},{"type":"Feature","properties":{"NAME":null,"ABBREVN":null,"INFO_UR":null,"SUBJECTO":null,"BORDERPRECISION":1,"PARTOF":null},"geometry":{"type":"MultiPolygon","coordinates":[[[[24.261,37.541],[24.383,37.571],[24.398,37.667],[24.299,37.661],[24.261,37.541]]],[[[24.299,36.753],[24.466,36.649],[24.679,36.759],[24.588,36.869],[24.428,36.795],[24.299,36.753]]],[[[24.36,37.305],[24.489,37.396],[24.398,37.468],[24.36,37.396],[24.36,37.305]]],[[[24.428,37.208],[24.444,37.099],[24.535,37.117],[24.428,37.208]]],[[[24.649,37.014],[24.679,36.905],[24.786,36.948],[24.717,37.051],[24.649,37.014]]],[[[24.656,37.901],[24.923,37.691],[25.318,37.402],[25.47,37.438],[25.272,37.565],[24.763,38.003],[24.656,37.901]]],[[[24.824,36.637],[24.945,36.57],[24.976,36.637],[24.877,36.68],[24.824,36.661],[24.824,36.637]]],[[[24.846,37.366],[25.044,37.378],[24.945,37.51],[24.862,37.529],[24.846,37.366]]],[[[24.938,36.96],[25.113,36.941],[25.31,37.002],[25.31,37.196],[25.151,37.172],[24.938,36.96]]],[[[25.044,36.661],[25.059,36.619],[25.196,36.674],[25.166,36.741],[25.044,36.661]]],[[[25.242,36.753],[25.265,36.704],[25.386,36.637],[25.432,36.698],[25.295,36.808],[25.242,36.753]]],[[[25.318,36.399],[25.386,36.319],[25.493,36.331],[25.493,36.423],[25.371,36.497],[25.333,36.46],[25.318,36.399]]],[[[25.341,37.087],[25.363,37.008],[25.455,36.923],[25.546,36.96],[25.599,37.026],[25.607,37.124],[25.538,37.22],[25.341,37.087]]],[[[25.713,36.35],[25.766,36.338],[25.873,36.356],[25.789,36.405],[25.736,36.387],[25.713,36.35]]],[[[25.751,36.783],[25.835,36.783],[26.086,36.899],[26.025,36.96],[25.949,36.911],[25.858,36.838],[25.751,36.814],[25.751,36.783]]]]}},{"type":"Feature","properties":{"NAME":"Sweden","ABBREVN":"Sweden","INFO_UR":null,"SUBJECTO":"Sweden","BORDERPRECISION":1,"PARTOF":"Sweden"},"geometry":{"type":"Polygon","coordinates":[[[19.034,57.901],[19.078,57.858],[19.126,57.84],[19.142,57.908],[19.163,57.927],[19.257,57.949],[19.287,57.937],[19.334,57.956],[19.332,57.965],[19.296,57.977],[19.105,57.975],[19.089,57.97],[19.036,57.919],[19.034,57.901]]]}},{"type":"Feature","properties":{"NAME":"Navarre","ABBREVN":"Navarre","INFO_UR":null,"SUBJECTO":"Navarre","BORDERPRECISION":1,"PARTOF":"Navarre"},"geometry":{"type":"Polygon","coordinates":[[[-3.356,43.395],[-3.196,42.398],[-2.717,42.425],[-2.583,41.359],[-1.004,41.919],[-0.603,42.416],[-0.524,42.758],[-0.587,42.765],[-0.612,42.731],[-0.84,42.909],[-0.907,42.881],[-1.397,43.032],[-1.448,42.984],[-1.515,42.998],[-1.558,43.045],[-1.466,43.155],[-1.491,43.21],[-1.702,43.196],[-1.915,43.305],[-2.066,43.333],[-2.367,43.326],[-2.768,43.538],[-3.007,43.55],[-3.196,43.447],[-3.356,43.395]]]}},{"type":"Feature","properties":{"NAME":"León","ABBREVN":"León","INFO_UR":null,"SUBJECTO":"León","BORDERPRECISION":1,"PARTOF":"León"},"geometry":{"type":"Polygon","coordinates":[[[-9.271,43.049],[-9.247,42.901],[-9.173,42.856],[-8.942,42.824],[-8.644,42.42],[-8.799,42.195],[-8.86,42.015],[-8.806,41.889],[-8.921,41.767],[-8.855,41.597],[-8.852,41.408],[-8.694,40.992],[-7.771,40.941],[-7.771,40.533],[-5.57,40.737],[-4.444,40.894],[-5.086,43.495],[-5.225,43.507],[-5.537,43.577],[-5.82,43.706],[-5.98,43.705],[-6.468,43.563],[-6.808,43.523],[-7.151,43.555],[-7.636,43.721],[-7.98,43.74],[-8.22,43.617],[-8.251,43.43],[-8.31,43.353],[-8.849,43.326],[-9.014,43.281],[-9.197,43.158],[-9.271,43.049]]]}},{"type":"Feature","properties":{"NAME":"Castile","ABBREVN":"Castilla","INFO_UR":null,"SUBJECTO":"Castilla","BORDERPRECISION":1,"PARTOF":"Castilla"},"geometry":{"type":"Polygon","coordinates":[[[-5.086,43.495],[-4.444,40.894],[-3.532,41.022],[-2.583,41.359],[-2.717,42.425],[-3.196,42.398],[-3.356,43.395],[-3.417,43.376],[-3.848,43.439],[-4.802,43.469],[-5.086,43.495]]]}},{"type":"Feature","properties":{"NAME":"Kingdom of France","ABBREVN":"Kingdom of France","INFO_UR":null,"SUBJECTO":"France","BORDERPRECISION":1,"PARTOF":"Kingdom of France"},"geometry":{"type":"Polygon","coordinates":[[[-4.78,48.355],[-4.592,48.392],[-4.474,48.383],[-4.35,48.391],[-4.389,48.298],[-4.588,48.251],[-4.351,48.205],[-4.313,48.101],[-4.7,48.064],[-4.675,48.017],[-4.51,47.998],[-4.391,47.942],[-4.364,47.829],[-3.955,47.904],[-3.858,47.792],[-3.712,47.798],[-3.434,47.717],[-3.063,47.604],[-2.842,47.492],[-2.614,47.572],[-2.466,47.494],[-2.576,47.325],[-2.494,47.247],[-2.264,47.183],[-2.109,47.124],[-2.005,47.043],[-2.13,46.851],[-1.942,46.706],[-1.711,46.449],[-1.403,46.404],[-1.256,46.307],[-1.166,46.184],[-1.075,46.015],[-1.237,45.8],[-1.247,45.688],[-0.855,45.321],[-0.728,45.019],[-0.814,45.122],[-0.9,45.294],[-1.123,45.432],[-1.175,45.501],[-1.276,45.129],[-1.332,44.614],[-1.23,44.73],[-1.136,44.6],[-1.314,44.559],[-1.561,43.524],[-1.746,43.36],[-1.915,43.305],[-1.702,43.196],[-1.491,43.21],[-1.466,43.155],[-1.558,43.045],[-1.515,42.998],[-1.448,42.984],[-1.397,43.032],[-0.907,42.881],[-0.84,42.909],[-0.612,42.731],[-0.587,42.765],[-0.469,42.751],[-0.41,42.786],[-0.216,42.717],[-0.166,42.649],[0.18,42.663],[0.196,42.608],[0.348,42.635],[0.592,42.628],[0.584,42.772],[0.744,42.772],[1.307,42.635],[1.349,42.539],[1.364,42.41],[0.942,41.894],[1.034,41.878],[1.442,41.18],[2.081,41.298],[2.201,41.446],[2.628,41.62],[3.129,41.857],[3.157,42.076],[3.086,42.121],[3.087,42.369],[3.002,42.771],[3.068,42.945],[3.318,43.196],[3.479,43.312],[3.807,43.467],[4.078,43.487],[4.417,43.346],[4.647,43.321],[4.751,43.353],[4.91,43.366],[5.052,43.328],[5.434,43.104],[5.647,43.033],[5.829,43.021],[6.523,43.151],[6.923,43.448],[7.298,43.667],[7.397,43.764],[7.355,43.902],[6.923,43.815],[6.886,43.902],[6.96,43.914],[6.923,43.976],[6.997,44.05],[6.972,44.062],[6.935,44.136],[6.886,44.149],[6.836,44.112],[6.787,44.198],[6.787,44.297],[6.87,44.349],[6.783,44.548],[6.925,44.715],[7.003,44.72],[6.943,44.869],[6.665,44.955],[6.507,45.116],[6.28,45.199],[6.243,45.297],[6.268,45.322],[6.219,45.347],[6.145,45.322],[6.083,45.372],[6.033,45.334],[6.058,45.223],[5.947,45.26],[5.935,45.322],[5.823,45.396],[5.607,45.847],[5.357,45.876],[5.357,46.053],[5.533,46.009],[5.533,46.097],[5.268,46.318],[5.416,46.524],[5.646,46.457],[5.725,46.48],[5.74,46.598],[5.626,46.649],[5.646,46.85],[5.757,46.887],[5.794,46.997],[5.667,47.108],[5.737,47.234],[5.779,47.359],[5.793,47.512],[5.918,47.595],[5.82,47.735],[5.96,47.804],[5.96,47.985],[6.057,47.957],[6.099,48.027],[6.252,47.957],[6.238,48.291],[5.946,48.347],[6.015,48.653],[5.834,48.778],[6.001,48.904],[5.876,49.071],[5.723,48.959],[5.612,49.21],[5.904,49.196],[5.909,49.201],[5.361,49.697],[4.255,49.887],[3.82,50.039],[3.438,51.008],[3.681,51.321],[3.472,51.314],[3.214,51.354],[2.995,51.313],[2.443,51.048],[2.03,51.007],[1.824,50.935],[1.589,50.822],[1.528,50.578],[1.552,50.229],[1.416,50.11],[1.275,50.004],[0.529,49.826],[0.189,49.681],[0.115,49.602],[0.09,49.511],[0.331,49.455],[0.033,49.334],[-0.239,49.285],[-0.465,49.351],[-1.023,49.398],[-1.177,49.333],[-1.289,49.521],[-1.251,49.7],[-1.524,49.653],[-1.941,49.709],[-1.892,49.526],[-1.639,49.22],[-1.58,49.229],[-1.563,49.036],[-1.588,48.881],[-1.576,48.768],[-1.457,48.684],[-1.591,48.638],[-1.858,48.608],[-1.871,48.712],[-2.076,48.656],[-2.2,48.599],[-2.343,48.674],[-2.636,48.552],[-2.791,48.59],[-3.091,48.872],[-3.435,48.836],[-3.558,48.81],[-3.608,48.693],[-3.821,48.721],[-3.902,48.646],[-3.999,48.731],[-4.251,48.652],[-4.488,48.612],[-4.626,48.547],[-4.762,48.552],[-4.78,48.355]]]}},{"type":"Feature","properties":{"NAME":"Aragón","ABBREVN":"Aragón","INFO_UR":null,"SUBJECTO":"Aragón","BORDERPRECISION":1,"PARTOF":"Aragón"},"geometry":{"type":"Polygon","coordinates":[[[-1.004,41.919],[0.341,42],[0.942,41.894],[1.367,42.409],[1.349,42.539],[1.307,42.635],[0.744,42.772],[0.584,42.772],[0.592,42.628],[0.348,42.635],[0.196,42.608],[0.18,42.663],[-0.166,42.649],[-0.216,42.717],[-0.41,42.786],[-0.469,42.751],[-0.524,42.758],[-0.603,42.416],[-1.004,41.919]]]}},{"type":"Feature","properties":{"NAME":"Caliphate of Córdoba","ABBREVN":"Caliphate of Córdoba","INFO_UR":null,"SUBJECTO":"Caliphate of Córdoba","BORDERPRECISION":1,"PARTOF":"Caliphate of Córdoba"},"geometry":{"type":"MultiPolygon","coordinates":[[[[-9.549,38.775],[-9.522,38.69],[-9.362,38.671],[-9.176,38.732],[-9.041,38.92],[-8.961,38.818],[-8.942,38.742],[-9.069,38.643],[-9.285,38.619],[-9.237,38.417],[-8.854,38.5],[-8.789,38.436],[-8.847,38.385],[-8.823,38.206],[-8.933,37.962],[-8.851,37.91],[-8.842,37.525],[-9.017,37.07],[-8.991,36.99],[-8.667,37.121],[-8.541,37.089],[-8.28,37.089],[-8.034,37.009],[-7.836,37.032],[-7.603,37.163],[-7.492,37.208],[-7.228,37.226],[-6.948,37.149],[-6.632,37.022],[-6.422,36.792],[-6.5,36.719],[-6.444,36.623],[-6.289,36.572],[-6.305,36.454],[-6.204,36.282],[-5.85,36.072],[-5.661,36.008],[-5.485,36.065],[-5.488,36.174],[-5.457,36.167],[-5.424,36.072],[-5.387,36.11],[-5.374,36.237],[-5.217,36.41],[-4.757,36.486],[-4.447,36.722],[-2.97,36.741],[-2.915,36.69],[-2.761,36.69],[-2.624,36.811],[-2.355,36.824],[-2.239,36.728],[-1.94,36.952],[-1.817,37.292],[-1.626,37.439],[-1.365,37.548],[-0.918,37.57],[-0.803,37.615],[-0.872,37.76],[-0.665,38.177],[-0.564,38.215],[-0.435,38.43],[0.173,38.738],[0.126,38.821],[-0.166,38.954],[-0.236,39.062],[-0.395,39.434],[-0.161,39.886],[0.238,40.24],[0.505,40.593],[0.788,40.657],[0.827,40.727],[0.71,40.785],[0.734,40.875],[0.879,41.022],[1.311,41.157],[1.442,41.18],[1.034,41.878],[0.341,42],[-1.004,41.919],[-3.532,41.022],[-5.57,40.737],[-7.771,40.533],[-7.771,40.941],[-8.694,40.992],[-8.97,40.19],[-8.916,40.138],[-9.118,39.644],[-9.299,39.418],[-9.415,39.367],[-9.398,39.23],[-9.46,38.953],[-9.549,38.775]]],[[[-6.878,34],[0.991,34],[1.237,35.886],[1.58,36.514],[1.058,36.462],[0.781,36.385],[0.474,36.225],[0.199,36.033],[0.015,35.804],[-0.092,35.74],[-0.283,35.758],[-0.429,35.86],[-0.917,35.668],[-1.147,35.629],[-1.329,35.489],[-1.495,35.234],[-1.738,35.119],[-2.035,35.055],[-2.356,35.054],[-2.715,35.098],[-2.83,35.142],[-3.009,35.39],[-3.206,35.269],[-3.441,35.166],[-4.028,35.133],[-4.295,35.152],[-4.593,35.151],[-5.11,35.379],[-5.172,35.424],[-5.479,35.805],[-5.565,35.862],[-5.808,35.785],[-5.929,35.728],[-6.302,34.861],[-6.511,34.454],[-6.753,34.123],[-6.878,34]]],[[[1.212,38.898],[1.223,38.874],[1.246,38.86],[1.277,38.88],[1.353,38.868],[1.368,38.851],[1.372,38.831],[1.406,38.846],[1.615,39.028],[1.605,39.092],[1.546,39.118],[1.52,39.118],[1.363,39.073],[1.294,39.031],[1.228,38.948],[1.212,38.898]]],[[[1.383,38.694],[1.39,38.643],[1.457,38.687],[1.494,38.676],[1.524,38.655],[1.569,38.654],[1.588,38.667],[1.573,38.691],[1.445,38.741],[1.399,38.738],[1.383,38.721],[1.383,38.694]]],[[[2.364,39.556],[2.389,39.525],[2.543,39.52],[2.656,39.564],[2.694,39.552],[2.754,39.508],[2.753,39.497],[2.728,39.473],[2.746,39.406],[2.786,39.365],[2.986,39.319],[3.064,39.264],[3.242,39.364],[3.306,39.502],[3.32,39.521],[3.378,39.553],[3.448,39.64],[3.464,39.661],[3.48,39.722],[3.44,39.75],[3.383,39.773],[3.344,39.776],[3.275,39.738],[3.241,39.736],[3.181,39.76],[3.138,39.787],[3.089,39.886],[3.097,39.911],[3.071,39.922],[2.988,39.911],[2.778,39.845],[2.684,39.794],[2.386,39.613],[2.364,39.556]]],[[[3.797,40.017],[3.827,39.922],[3.885,39.92],[3.938,39.932],[3.985,39.93],[4.08,39.899],[4.116,39.868],[4.257,39.811],[4.289,39.807],[4.314,39.832],[4.316,39.879],[4.273,39.961],[4.174,40.05],[3.836,40.056],[3.797,40.017]]]]}},{"type":"Feature","properties":{"NAME":"Paleo-Siberian hunter-gatherers","ABBREVN":"Paleo-Siberian hunter-gatherers","INFO_UR":null,"SUBJECTO":"Paleo-Siberian hunter-gatherers","BORDERPRECISION":1,"PARTOF":"Paleo-Siberian hunter-gatherers"},"geometry":{"type":"Polygon","coordinates":[[[59.094,56.432],[60,56.23],[60,56.56],[59.094,56.432]]]}},{"type":"Feature","properties":{"NAME":"Karelians","ABBREVN":"Karelians","INFO_UR":null,"SUBJECTO":"Karelians","BORDERPRECISION":1,"PARTOF":"Karelians"},"geometry":{"type":"Polygon","coordinates":[[[21.034,62.477],[21.2,62.435],[21.226,62.418],[29.019,61.771],[30.227,61.481],[30.22,61.5],[30.275,61.514],[30.404,61.49],[30.453,61.494],[30.424,61.525],[30.466,61.542],[30.582,61.546],[30.614,61.558],[30.563,61.578],[30.583,61.594],[30.674,61.608],[30.704,61.627],[30.672,61.652],[30.683,61.694],[30.737,61.755],[30.848,61.761],[31.014,61.712],[31.1,61.665],[31.106,61.62],[31.127,61.598],[31.163,61.599],[31.173,61.612],[31.155,61.653],[31.164,61.663],[31.26,61.606],[31.32,61.597],[31.379,61.621],[31.449,61.602],[31.529,61.539],[31.561,61.497],[31.546,61.477],[31.556,61.453],[31.627,61.404],[31.661,61.395],[31.659,61.416],[31.621,61.467],[31.679,61.444],[31.832,61.345],[32.061,61.253],[32.367,61.166],[32.505,61.104],[35.817,64.226],[35.623,64.254],[35.082,64.288],[34.885,64.367],[34.815,64.46],[34.773,64.682],[34.426,65.107],[34.332,65.346],[34.293,65.396],[30.604,64.938],[27.232,63.354],[23.131,63.783],[22.826,63.581],[22.704,63.581],[22.569,63.723],[22.476,63.602],[22.429,63.395],[22.292,63.203],[22.075,63.103],[21.666,63.187],[21.495,63.123],[21.546,62.974],[21.481,62.889],[21.195,62.761],[21.062,62.612],[21.034,62.477]]]}},{"type":"Feature","properties":{"NAME":"Emirate of Sicily","ABBREVN":"Emirate of Sicily","INFO_UR":null,"SUBJECTO":"Emirate of Sicily","BORDERPRECISION":1,"PARTOF":"Emirate of Sicily"},"geometry":{"type":"Polygon","coordinates":[[[12.454,37.766],[12.532,37.639],[12.637,37.582],[13.012,37.525],[13.868,37.157],[14.216,37.049],[14.622,36.776],[14.942,36.739],[15.027,36.745],[15.221,37],[15.301,37.058],[15.116,37.287],[15.112,37.459],[15.181,37.682],[15.423,38.053],[15.473,38.11],[15.454,38.167],[15.387,38.206],[14.766,38.058],[14.134,37.973],[13.81,37.966],[13.628,38.03],[13.322,38.221],[13.066,38.067],[12.783,38.117],[12.664,38.072],[12.517,37.919],[12.454,37.766]]]}},{"type":"Feature","properties":{"NAME":null,"ABBREVN":null,"INFO_UR":null,"SUBJECTO":null,"BORDERPRECISION":1,"PARTOF":null},"geometry":{"type":"Polygon","coordinates":[[[51.482,71.845],[51.534,71.658],[51.815,71.48],[52.121,71.465],[52.402,71.52],[52.55,71.59],[53.234,71.514],[54.308,71.206],[54.353,71.198],[54.321,71.09],[53.715,70.927],[53.729,70.765],[54.032,70.719],[54.522,70.759],[54.694,70.744],[54.998,70.522],[55.266,70.561],[55.679,70.707],[56.059,70.731],[57.238,70.691],[57.251,70.818],[56.727,70.994],[56.379,71.132],[56.151,71.271],[55.721,71.642],[55.567,72],[51.613,72],[51.585,71.985],[51.482,71.845]]]}},{"type":"Feature","properties":{"NAME":"Suomi","ABBREVN":"Suomi","INFO_UR":null,"SUBJECTO":"Suomi","BORDERPRECISION":1,"PARTOF":"Suomi"},"geometry":{"type":"Polygon","coordinates":[[[21.211,61.871],[21.405,61.702],[21.561,61.485],[21.521,61.38],[21.498,61.183],[21.427,61.015],[21.443,60.694],[21.56,60.512],[21.747,60.408],[21.931,60.381],[22.221,60.259],[22.421,60.293],[22.392,60.121],[22.625,60.201],[23.005,60.209],[22.882,60.056],[22.982,59.932],[23.201,59.818],[23.665,59.836],[23.961,59.932],[23.979,59.881],[24.281,59.938],[24.421,59.87],[24.516,59.989],[24.969,60.087],[24.993,60.03],[25.146,60.11],[25.45,60.138],[25.581,60.262],[25.846,60.115],[25.89,60.236],[26.323,60.27],[26.443,60.333],[26.552,60.571],[26.526,60.396],[26.613,60.348],[26.922,60.316],[26.946,60.376],[27.178,60.442],[27.406,60.345],[27.474,60.426],[28.011,60.511],[28.522,60.623],[28.538,60.574],[30.04,61.123],[29.819,61.213],[29.898,61.198],[29.867,61.217],[29.868,61.229],[29.904,61.234],[29.897,61.241],[29.824,61.26],[29.897,61.259],[29.883,61.28],[29.894,61.278],[29.892,61.291],[29.9,61.297],[29.921,61.299],[30.042,61.245],[30.079,61.239],[30.079,61.264],[30.127,61.284],[30.223,61.298],[30.238,61.319],[30.173,61.347],[30.168,61.376],[30.222,61.406],[30.239,61.448],[30.227,61.481],[29.019,61.771],[21.226,62.418],[21.338,62.344],[21.346,62.167],[21.211,61.871]]]}},{"type":"Feature","properties":{"NAME":"Chuds","ABBREVN":"Chuds","INFO_UR":null,"SUBJECTO":"Chuds","BORDERPRECISION":1,"PARTOF":"Chuds"},"geometry":{"type":"Polygon","coordinates":[[[28.435,60.337],[28.569,60.198],[28.692,60.15],[28.969,60.109],[29.511,60.145],[29.687,60.131],[29.953,59.986],[29.995,59.942],[31.007,60.187],[30.982,60.193],[30.889,60.294],[30.748,60.484],[30.636,60.589],[30.551,60.611],[30.514,60.669],[30.525,60.764],[30.437,60.879],[30.249,61.012],[30.04,61.123],[28.538,60.574],[28.551,60.533],[28.435,60.337]]]}},{"type":"Feature","properties":{"NAME":"Finno-Ugric taiga hunter-gatherers","ABBREVN":"Finno-Ugric taiga hunter-gatherers","INFO_UR":null,"SUBJECTO":"Finno-Ugric taiga hunter-gatherers","BORDERPRECISION":1,"PARTOF":"Finno-Ugric taiga hunter-gatherers"},"geometry":{"type":"Polygon","coordinates":[[[32.505,61.104],[32.537,61.089],[32.569,61.021],[32.629,60.962],[35.293,61.42],[34.904,61.523],[34.611,61.641],[34.414,61.771],[34.38,61.825],[34.508,61.803],[34.564,61.81],[34.548,61.846],[34.559,61.863],[34.598,61.859],[34.505,61.898],[34.598,61.897],[34.544,61.946],[34.372,62.047],[34.273,62.124],[34.249,62.177],[34.256,62.191],[34.295,62.167],[34.543,62.092],[34.73,62.022],[34.592,62.184],[34.59,62.22],[34.682,62.182],[34.719,62.182],[34.701,62.219],[34.488,62.417],[34.517,62.414],[34.713,62.289],[34.718,62.322],[34.533,62.512],[34.507,62.566],[34.639,62.484],[34.737,62.41],[34.799,62.346],[34.827,62.304],[34.816,62.272],[34.83,62.262],[34.841,62.286],[34.807,62.353],[34.815,62.351],[34.868,62.253],[34.87,62.231],[34.84,62.25],[34.847,62.229],[34.892,62.169],[34.977,62.103],[35.102,62.033],[35.178,62.011],[35.204,62.036],[35.168,62.099],[35.069,62.199],[35.108,62.218],[35.285,62.155],[35.432,62.151],[35.548,62.206],[35.547,62.315],[35.431,62.476],[35.363,62.543],[35.344,62.513],[35.238,62.535],[35.046,62.609],[34.961,62.633],[34.982,62.607],[34.95,62.598],[34.865,62.607],[34.862,62.578],[34.941,62.512],[35.005,62.444],[35.053,62.375],[34.919,62.48],[34.602,62.757],[34.686,62.836],[35.173,62.717],[35.418,62.645],[35.422,62.621],[35.457,62.59],[35.524,62.551],[35.538,62.551],[35.499,62.589],[35.501,62.613],[35.543,62.621],[35.559,62.609],[35.548,62.575],[35.593,62.554],[35.694,62.545],[35.776,62.509],[35.839,62.444],[35.822,62.319],[35.723,62.134],[35.733,62.012],[35.85,61.954],[35.89,61.906],[35.851,61.868],[35.875,61.832],[35.961,61.8],[36.009,61.756],[36.017,61.701],[36.078,61.626],[36.191,61.531],[36.298,61.469],[36.399,61.438],[36.451,61.402],[36.456,61.362],[36.429,61.325],[36.407,61.312],[48.608,57.709],[53.976,57.709],[53.924,57.601],[59.094,56.432],[60,56.56],[60,68.6],[59.925,68.581],[59.892,68.402],[59.762,68.297],[59.502,68.289],[59.218,68.349],[59.12,68.393],[59.062,68.497],[59.346,68.7],[59.199,68.774],[58.77,68.856],[58.409,68.833],[57.959,68.705],[57.526,68.495],[57.364,68.457],[57.024,68.449],[56.54,68.553],[56.195,68.567],[55.723,68.536],[55.335,68.483],[55.126,68.401],[54.996,68.207],[54.877,68.11],[54.752,68.05],[54.648,68.072],[54.576,68.161],[54.38,68.161],[53.626,68.048],[53.317,68.136],[53.316,68.233],[53.396,68.3],[53.782,68.338],[53.808,68.607],[53.889,68.787],[53.502,68.816],[53.179,68.756],[53.006,68.681],[52.939,68.471],[52.72,68.351],[52.463,68.299],[52.337,68.336],[52.245,68.545],[51.831,68.409],[51.139,68.266],[50.496,68.153],[49.63,67.936],[49.186,67.839],[48.635,67.652],[48.081,67.562],[47.953,67.377],[47.706,66.89],[47.571,66.816],[46.973,66.778],[46.402,66.719],[46.077,66.762],[45.715,66.85],[45.386,67.099],[44.957,67.231],[44.871,67.312],[45.093,67.542],[45.463,67.639],[46.634,67.701],[46.439,67.908],[46.162,68.108],[45.863,68.383],[45.58,68.443],[44.668,68.389],[44.012,68.492],[43.853,68.469],[43.822,68.327],[44.169,68.097],[44.261,67.83],[44.216,67.718],[43.704,67.266],[43.838,67.163],[44.219,67.09],[44.362,66.906],[44.384,66.612],[44.122,66.267],[44.053,66.041],[44.029,66.011],[43.876,66.011],[43.241,66.251],[42.211,66.41],[42.133,66.388],[41.623,66.065],[41.354,65.955],[40.681,65.794],[39.951,65.581],[39.823,65.436],[39.979,65.153],[40.366,64.858],[40.462,64.75],[40.44,64.564],[40.322,64.463],[39.997,64.541],[39.622,64.476],[39.193,64.511],[38.253,64.703],[37.604,64.853],[37.102,65.068],[36.884,65.068],[36.569,64.765],[36.997,64.407],[37.262,64.314],[37.463,64.3],[37.668,64.343],[37.88,64.308],[38.054,64.129],[38.054,63.986],[37.945,63.85],[37.591,63.807],[37.411,63.749],[36.988,63.841],[36.421,63.876],[36.24,63.919],[36.015,64.197],[35.817,64.226],[32.505,61.104]]]}},{"type":"Feature","properties":{"NAME":"Kurs","ABBREVN":"Kurs","INFO_UR":null,"SUBJECTO":"Kurs","BORDERPRECISION":1,"PARTOF":"Kurs"},"geometry":{"type":"Polygon","coordinates":[[[20.92,56.137],[22.631,56.276],[23.526,56.884],[23.414,56.892],[23.215,56.981],[23.175,57.048],[23.071,57.261],[22.881,57.334],[22.585,57.509],[22.564,57.616],[22.433,57.616],[22.285,57.565],[21.81,57.475],[21.677,57.464],[21.46,57.25],[21.34,57.177],[21.324,56.854],[21.022,56.684],[20.965,56.609],[20.92,56.137]]]}},{"type":"Feature","properties":{"NAME":"Pomerania","ABBREVN":"Pomerania","INFO_UR":null,"SUBJECTO":"Pomerania","BORDERPRECISION":1,"PARTOF":"Pomerania"},"geometry":{"type":"MultiPolygon","coordinates":[[[[13.435,54.031],[13.57,53.22],[13.607,52.316],[11.672,52.353],[11.55,52.639],[11.753,52.842],[10.571,53.046],[10.205,53.698],[10.142,54.337],[10.213,54.372],[10.34,54.362],[10.446,54.292],[10.649,54.259],[11.039,54.313],[11.073,54.22],[11.016,54.097],[10.717,53.964],[10.859,53.877],[11.151,53.938],[11.202,53.857],[11.408,53.859],[11.565,54.035],[12.041,54.097],[12.312,54.202],[12.653,54.321],[12.765,54.27],[12.943,54.347],[13.026,54.265],[13.064,54.194],[13.435,54.031]]]]}},{"type":"Feature","properties":{"NAME":null,"ABBREVN":null,"INFO_UR":null,"SUBJECTO":null,"BORDERPRECISION":1,"PARTOF":null},"geometry":{"type":"Polygon","coordinates":[[[-4.569,53.388],[-4.567,53.273],[-4.494,53.189],[-4.402,53.126],[-4.351,53.124],[-4.326,53.145],[-4.218,53.2],[-4.101,53.248],[-4.046,53.3],[-4.222,53.322],[-4.277,53.398],[-4.314,53.412],[-4.429,53.424],[-4.56,53.397],[-4.569,53.388]]]}},{"type":"Feature","properties":{"NAME":null,"ABBREVN":null,"INFO_UR":null,"SUBJECTO":null,"BORDERPRECISION":1,"PARTOF":null},"geometry":{"type":"Polygon","coordinates":[[[-5.401,55.609],[-5.342,55.477],[-5.293,55.451],[-5.232,55.43],[-5.172,55.429],[-5.093,55.442],[-5.074,55.459],[-5.084,55.553],[-5.155,55.673],[-5.198,55.699],[-5.252,55.716],[-5.295,55.717],[-5.378,55.672],[-5.401,55.609]]]}},{"type":"Feature","properties":{"NAME":null,"ABBREVN":null,"INFO_UR":null,"SUBJECTO":null,"BORDERPRECISION":1,"PARTOF":null},"geometry":{"type":"Polygon","coordinates":[[[-6.51,55.691],[-6.505,55.677],[-6.491,55.669],[-6.449,55.68],[-6.38,55.728],[-6.338,55.78],[-6.254,55.775],[-6.251,55.767],[-6.286,55.707],[-6.327,55.589],[-6.274,55.573],[-6.077,55.65],[-6.027,55.678],[-6.03,55.721],[-6.05,55.764],[-6.088,55.784],[-6.098,55.797],[-6.122,55.879],[-6.119,55.922],[-6.137,55.934],[-6.31,55.864],[-6.37,55.869],[-6.45,55.849],[-6.51,55.691]]]}},{"type":"Feature","properties":{"NAME":null,"ABBREVN":null,"INFO_UR":null,"SUBJECTO":null,"BORDERPRECISION":1,"PARTOF":null},"geometry":{"type":"Polygon","coordinates":[[[-6.088,55.877],[-6.071,55.808],[-6.027,55.792],[-5.972,55.788],[-5.904,55.883],[-5.746,56.064],[-5.691,56.107],[-5.684,56.122],[-5.694,56.147],[-5.711,56.15],[-5.809,56.11],[-5.968,56.024],[-6.079,55.906],[-6.088,55.877]]]}},{"type":"Feature","properties":{"NAME":null,"ABBREVN":null,"INFO_UR":null,"SUBJECTO":null,"BORDERPRECISION":1,"PARTOF":null},"geometry":{"type":"Polygon","coordinates":[[[-7.561,56.956],[-7.531,56.944],[-7.439,56.943],[-7.376,56.979],[-7.415,57.041],[-7.446,57.056],[-7.561,56.956]]]}},{"type":"Feature","properties":{"NAME":null,"ABBREVN":null,"INFO_UR":null,"SUBJECTO":null,"BORDERPRECISION":1,"PARTOF":null},"geometry":{"type":"Polygon","coordinates":[[[-7.425,57.382],[-7.419,57.187],[-7.387,57.115],[-7.363,57.1],[-7.287,57.106],[-7.23,57.095],[-7.215,57.11],[-7.259,57.152],[-7.288,57.322],[-7.285,57.336],[-7.252,57.327],[-7.223,57.337],[-7.272,57.375],[-7.336,57.396],[-7.368,57.401],[-7.425,57.382]]]}},{"type":"Feature","properties":{"NAME":null,"ABBREVN":null,"INFO_UR":null,"SUBJECTO":null,"BORDERPRECISION":1,"PARTOF":null},"geometry":{"type":"Polygon","coordinates":[[[-7.41,57.452],[-7.388,57.424],[-7.314,57.4],[-7.245,57.402],[-7.204,57.415],[-7.202,57.457],[-7.244,57.476],[-7.351,57.489],[-7.4,57.47],[-7.41,57.452]]]}},{"type":"Feature","properties":{"NAME":null,"ABBREVN":null,"INFO_UR":null,"SUBJECTO":null,"BORDERPRECISION":1,"PARTOF":null},"geometry":{"type":"Polygon","coordinates":[[[-7.543,57.591],[-7.477,57.562],[-7.412,57.568],[-7.325,57.544],[-7.321,57.505],[-7.168,57.508],[-7.147,57.515],[-7.066,57.633],[-7.197,57.687],[-7.245,57.677],[-7.271,57.659],[-7.484,57.652],[-7.543,57.591]]]}},{"type":"Feature","properties":{"NAME":null,"ABBREVN":null,"INFO_UR":null,"SUBJECTO":null,"BORDERPRECISION":1,"PARTOF":null},"geometry":{"type":"Polygon","coordinates":[[[-7.078,57.88],[-7.006,57.881],[-6.994,57.914],[-6.999,57.92],[-7.033,57.916],[-7.074,57.896],[-7.078,57.88]]]}},{"type":"Feature","properties":{"NAME":null,"ABBREVN":null,"INFO_UR":null,"SUBJECTO":null,"BORDERPRECISION":1,"PARTOF":null},"geometry":{"type":"Polygon","coordinates":[[[-6.89,58.249],[-6.873,58.206],[-6.794,58.203],[-6.794,58.218],[-6.854,58.25],[-6.882,58.254],[-6.89,58.249]]]}},{"type":"Feature","properties":{"NAME":null,"ABBREVN":null,"INFO_UR":null,"SUBJECTO":null,"BORDERPRECISION":1,"PARTOF":null},"geometry":{"type":"Polygon","coordinates":[[[-7.128,58.13],[-7.094,58.071],[-7.058,58.036],[-7.056,58.02],[-7.114,57.987],[-7.075,57.962],[-7.036,57.953],[-6.985,57.959],[-6.935,57.95],[-6.879,57.932],[-6.834,57.904],[-7.066,57.821],[-7.125,57.838],[-7.12,57.814],[-6.984,57.728],[-6.966,57.726],[-6.735,57.826],[-6.662,57.881],[-6.678,57.926],[-6.726,57.954],[-6.761,57.998],[-6.684,58.057],[-6.59,58.05],[-6.659,58.047],[-6.694,58.024],[-6.706,58.008],[-6.699,57.967],[-6.666,57.927],[-6.621,57.914],[-6.544,57.915],[-6.474,57.94],[-6.458,57.968],[-6.357,58.03],[-6.396,58.105],[-6.497,58.087],[-6.619,58.078],[-6.497,58.097],[-6.382,58.13],[-6.367,58.159],[-6.329,58.183],[-6.264,58.177],[-6.225,58.184],[-6.164,58.212],[-6.147,58.253],[-6.16,58.26],[-6.221,58.234],[-6.281,58.222],[-6.328,58.233],[-6.324,58.264],[-6.232,58.318],[-6.166,58.421],[-6.223,58.496],[-6.267,58.512],[-6.293,58.488],[-6.55,58.363],[-6.647,58.342],[-6.652,58.349],[-6.673,58.349],[-6.798,58.302],[-6.818,58.28],[-6.808,58.26],[-6.787,58.229],[-6.745,58.197],[-6.75,58.185],[-6.805,58.196],[-6.873,58.179],[-6.86,58.108],[-6.874,58.111],[-6.936,58.188],[-6.908,58.206],[-6.908,58.213],[-7.032,58.238],[-7.094,58.182],[-7.128,58.13]]]}},{"type":"Feature","properties":{"NAME":null,"ABBREVN":null,"INFO_UR":null,"SUBJECTO":null,"BORDERPRECISION":1,"PARTOF":null},"geometry":{"type":"Polygon","coordinates":[[[-3.037,58.818],[-2.98,58.75],[-2.939,58.73],[-2.918,58.732],[-2.877,58.82],[-2.894,58.837],[-2.916,58.839],[-3.004,58.833],[-3.037,58.818]]]}},{"type":"Feature","properties":{"NAME":null,"ABBREVN":null,"INFO_UR":null,"SUBJECTO":null,"BORDERPRECISION":1,"PARTOF":null},"geometry":{"type":"Polygon","coordinates":[[[-3.433,58.875],[-3.296,58.776],[-3.137,58.787],[-3.135,58.801],[-3.228,58.885],[-3.336,58.927],[-3.412,58.911],[-3.433,58.875]]]}},{"type":"Feature","properties":{"NAME":null,"ABBREVN":null,"INFO_UR":null,"SUBJECTO":null,"BORDERPRECISION":1,"PARTOF":null},"geometry":{"type":"Polygon","coordinates":[[[-3.368,59.01],[-3.346,58.966],[-3.188,58.91],[-3.057,58.936],[-2.97,58.939],[-2.824,58.879],[-2.756,58.918],[-2.793,58.951],[-2.852,58.976],[-2.947,58.998],[-2.996,59.056],[-2.995,59.067],[-3.073,59.119],[-3.202,59.149],[-3.278,59.14],[-3.317,59.129],[-3.35,59.11],[-3.368,59.01]]]}},{"type":"Feature","properties":{"NAME":null,"ABBREVN":null,"INFO_UR":null,"SUBJECTO":null,"BORDERPRECISION":1,"PARTOF":null},"geometry":{"type":"Polygon","coordinates":[[[-2.694,59.197],[-2.686,59.184],[-2.681,59.196],[-2.621,59.236],[-2.496,59.245],[-2.39,59.28],[-2.397,59.303],[-2.414,59.314],[-2.556,59.303],[-2.593,59.291],[-2.684,59.221],[-2.694,59.197]]]}},{"type":"Feature","properties":{"NAME":null,"ABBREVN":null,"INFO_UR":null,"SUBJECTO":null,"BORDERPRECISION":1,"PARTOF":null},"geometry":{"type":"Polygon","coordinates":[[[-3.076,59.331],[-3.003,59.264],[-2.992,59.262],[-2.977,59.273],[-2.972,59.287],[-2.959,59.288],[-2.877,59.259],[-2.877,59.229],[-2.853,59.249],[-2.85,59.268],[-2.897,59.3],[-3.076,59.331]]]}},{"type":"Feature","properties":{"NAME":null,"ABBREVN":null,"INFO_UR":null,"SUBJECTO":null,"BORDERPRECISION":1,"PARTOF":null},"geometry":{"type":"Polygon","coordinates":[[[-1.693,60.28],[-1.665,60.231],[-1.52,60.201],[-1.527,60.187],[-1.52,60.181],[-1.449,60.151],[-1.358,60.192],[-1.353,60.209],[-1.364,60.23],[-1.41,60.255],[-1.291,60.241],[-1.262,60.131],[-1.263,60.107],[-1.306,60.013],[-1.33,60],[-1.378,59.906],[-1.372,59.892],[-1.307,59.857],[-1.269,59.851],[-1.221,60.022],[-1.212,60.103],[-1.171,60.137],[-1.147,60.132],[-1.126,60.152],[-1.186,60.231],[-1.201,60.263],[-1.195,60.271],[-1.166,60.262],[-1.101,60.276],[-1.038,60.44],[-1.041,60.447],[-1.287,60.471],[-1.296,60.491],[-1.287,60.613],[-1.302,60.637],[-1.416,60.605],[-1.593,60.508],[-1.612,60.477],[-1.446,60.461],[-1.32,60.356],[-1.346,60.34],[-1.427,60.321],[-1.655,60.303],[-1.691,60.288],[-1.693,60.28]]]}},{"type":"Feature","properties":{"NAME":null,"ABBREVN":null,"INFO_UR":null,"SUBJECTO":null,"BORDERPRECISION":1,"PARTOF":null},"geometry":{"type":"Polygon","coordinates":[[[-1.184,60.603],[-1.17,60.527],[-1.143,60.492],[-1.105,60.486],[-1.029,60.496],[-0.983,60.651],[-0.991,60.72],[-1.057,60.731],[-1.11,60.726],[-1.177,60.637],[-1.184,60.603]]]}},{"type":"Feature","properties":{"NAME":null,"ABBREVN":null,"INFO_UR":null,"SUBJECTO":null,"BORDERPRECISION":1,"PARTOF":null},"geometry":{"type":"Polygon","coordinates":[[[-0.966,60.688],[-0.936,60.674],[-0.835,60.673],[-0.82,60.689],[-0.757,60.814],[-0.768,60.829],[-0.806,60.841],[-0.883,60.842],[-0.939,60.794],[-0.966,60.688]]]}},{"type":"Feature","properties":{"NAME":null,"ABBREVN":null,"INFO_UR":null,"SUBJECTO":null,"BORDERPRECISION":1,"PARTOF":null},"geometry":{"type":"MultiPolygon","coordinates":[[[[-7.435,62.14],[-7.431,62.116],[-7.382,62.068],[-7.346,62.052],[-7.251,62.043],[-7.227,62.064],[-7.194,62.043],[-7.192,62.031],[-7.202,62.019],[-7.063,62.049],[-7.041,62.083],[-7.041,62.091],[-7.056,62.099],[-7.163,62.129],[-7.223,62.159],[-7.435,62.14]]],[[[-7.235,62.18],[-7.232,62.172],[-7.13,62.126],[-7.035,62.112],[-6.961,62.047],[-6.869,61.997],[-6.773,61.95],[-6.718,61.933],[-6.702,61.94],[-6.696,61.975],[-6.725,62.035],[-6.841,62.124],[-6.991,62.193],[-7.042,62.24],[-7.071,62.285],[-7.135,62.304],[-7.192,62.308],[-7.211,62.285],[-7.235,62.18]]],[[[-7.062,62.296],[-7.025,62.238],[-6.948,62.182],[-6.67,62.059],[-6.657,62.056],[-6.654,62.1],[-6.588,62.134],[-6.598,62.194],[-6.807,62.29],[-6.958,62.339],[-7.06,62.314],[-7.062,62.296]]],[[[-6.963,61.619],[-6.958,61.599],[-6.846,61.468],[-6.668,61.389],[-6.642,61.397],[-6.709,61.558],[-6.724,61.573],[-6.889,61.645],[-6.945,61.637],[-6.963,61.619]]],[[[-6.909,61.901],[-6.866,61.837],[-6.841,61.817],[-6.705,61.777],[-6.652,61.743],[-6.63,61.761],[-6.604,61.822],[-6.661,61.859],[-6.783,61.897],[-6.864,61.907],[-6.905,61.908],[-6.909,61.901]]],[[[-6.721,62.331],[-6.712,62.294],[-6.686,62.245],[-6.624,62.227],[-6.626,62.253],[-6.721,62.331]]],[[[-6.668,62.334],[-6.613,62.261],[-6.586,62.256],[-6.566,62.265],[-6.566,62.296],[-6.632,62.371],[-6.661,62.372],[-6.668,62.334]]],[[[-6.588,62.24],[-6.572,62.212],[-6.518,62.169],[-6.412,62.185],[-6.389,62.255],[-6.489,62.288],[-6.522,62.318],[-6.542,62.357],[-6.574,62.35],[-6.549,62.301],[-6.551,62.251],[-6.588,62.24]]],[[[-6.547,62.384],[-6.48,62.298],[-6.415,62.284],[-6.392,62.297],[-6.489,62.381],[-6.519,62.397],[-6.547,62.384]]]]}},{"type":"Feature","properties":{"NAME":null,"ABBREVN":null,"INFO_UR":null,"SUBJECTO":null,"BORDERPRECISION":1,"PARTOF":null},"geometry":{"type":"Polygon","coordinates":[[[-4.789,54.063],[-4.778,54.056],[-4.705,54.08],[-4.624,54.069],[-4.491,54.127],[-4.394,54.186],[-4.309,54.293],[-4.353,54.409],[-4.368,54.417],[-4.485,54.387],[-4.527,54.367],[-4.553,54.344],[-4.578,54.297],[-4.618,54.254],[-4.71,54.217],[-4.789,54.063]]]}},{"type":"Feature","properties":{"NAME":"Kimek-Kipchak khaganate","ABBREVN":"Kimek-Kipchak khaganate","INFO_UR":null,"SUBJECTO":"Kimek-Kipchak khaganate","BORDERPRECISION":1,"PARTOF":"Kimek-Kipchak khaganate"},"geometry":{"type":"Polygon","coordinates":[[[55.062,51.15],[55.754,51.084],[60,49.577],[60,56.23],[55.709,57.198],[55.062,51.15]]]}},{"type":"Feature","properties":{"NAME":"Byzantine Empire","ABBREVN":"Byzantine E.","INFO_UR":null,"SUBJECTO":"Byzantine Empire","BORDERPRECISION":1,"PARTOF":"Byzantine Empire"},"geometry":{"type":"MultiPolygon","coordinates":[[[[15.449,41.857],[15.598,41.08],[15.767,40.574],[15.666,40.092],[15.757,39.934],[15.825,39.661],[15.99,39.428],[16.083,39.012],[16.177,38.931],[16.212,38.778],[16.152,38.701],[15.99,38.735],[15.827,38.623],[15.933,38.54],[15.791,38.296],[15.627,38.233],[15.627,38.004],[15.71,37.941],[15.785,37.91],[16.053,37.931],[16.331,38.321],[16.572,38.457],[16.522,38.725],[16.613,38.827],[16.798,38.926],[17.095,38.915],[17.181,39.022],[17.121,39.086],[17.107,39.28],[17.149,39.422],[16.532,39.698],[16.535,39.832],[16.624,39.968],[16.604,40.09],[16.728,40.184],[16.844,40.363],[16.949,40.481],[17.084,40.525],[17.243,40.496],[17.204,40.398],[17.402,40.292],[17.619,40.288],[17.85,40.243],[17.968,40.167],[18.017,39.948],[18.16,39.873],[18.365,39.747],[18.523,40.094],[18.384,40.308],[18.06,40.514],[18.034,40.597],[17.319,40.929],[16.946,41.094],[16.42,41.279],[15.991,41.406],[15.873,41.502],[15.989,41.635],[16.198,41.746],[16.187,41.841],[16.013,41.904],[15.449,41.857]]],[[[20.091,39.603],[20.212,39.405],[20.678,39.08],[20.901,39.062],[21.007,39.113],[21.16,39.005],[21.105,38.922],[21.007,38.871],[20.893,38.896],[20.772,38.851],[21.172,38.348],[21.364,38.412],[21.661,38.438],[21.826,38.464],[22.334,38.427],[22.876,38.205],[23.116,38.157],[22.899,37.998],[22.747,37.953],[21.997,38.251],[21.906,38.27],[21.714,38.135],[21.44,38.18],[21.228,37.905],[21.221,37.828],[21.296,37.727],[21.517,37.536],[21.614,37.415],[21.627,37.307],[21.531,37.115],[21.588,36.981],[21.781,36.823],[21.984,37.02],[22.191,36.855],[22.39,36.524],[22.524,36.722],[22.674,36.754],[22.983,36.615],[22.887,37.047],[22.793,37.139],[22.813,37.212],[22.726,37.289],[22.639,37.492],[22.642,37.585],[22.713,37.543],[22.942,37.518],[23.025,37.48],[22.971,37.385],[23.11,37.347],[23.186,37.375],[23.185,37.427],[23.418,37.469],[23.312,37.548],[23.322,37.637],[23.221,37.602],[23.151,37.59],[23.049,37.643],[23.04,37.858],[22.898,37.9],[22.981,37.958],[23.196,38.005],[23.419,38.068],[23.496,38.068],[23.634,37.879],[23.734,37.858],[23.836,37.685],[23.918,37.685],[23.987,37.763],[23.88,38.115],[23.967,38.152],[23.961,38.21],[23.804,38.347],[23.556,38.352],[23.494,38.483],[23.356,38.49],[23.191,38.61],[23.169,38.667],[23.1,38.672],[22.984,38.667],[22.899,38.767],[22.723,38.793],[22.602,38.856],[22.49,38.877],[22.784,38.94],[22.871,39.024],[22.835,39.166],[22.766,39.203],[22.72,39.287],[22.851,39.366],[22.981,39.329],[23.045,39.271],[23.1,39.187],[23.052,39.103],[23.158,39.14],[23.236,39.203],[23.074,39.413],[22.813,39.603],[22.754,39.818],[22.695,39.834],[21.582,39.689],[20.091,39.603]]],[[[22.492,40.498],[22.701,40.577],[22.77,40.667],[22.852,40.651],[22.875,40.596],[22.864,40.535],[22.748,40.482],[22.96,40.315],[23.141,40.266],[23.215,40.182],[23.276,40.05],[23.261,39.971],[23.597,39.934],[23.639,39.96],[23.592,40.002],[23.436,40.045],[23.367,40.108],[23.259,40.229],[23.293,40.245],[23.292,40.287],[23.349,40.282],[23.442,40.256],[23.596,40.192],[23.796,39.987],[23.907,39.997],[23.92,40.055],[23.869,40.161],[23.804,40.155],[23.652,40.229],[23.659,40.287],[23.627,40.345],[23.722,40.348],[23.775,40.393],[24.048,40.308],[24.055,40.261],[24.221,40.145],[24.295,40.176],[23.924,40.451],[23.785,40.477],[23.709,40.63],[23.633,40.713],[23.635,40.773],[23.748,40.804],[23.886,40.733],[24.025,40.746],[24.219,40.83],[24.354,40.971],[24.505,40.984],[24.519,40.873],[24.701,40.878],[24.812,40.933],[25.019,41.017],[25.046,40.952],[25.301,40.896],[25.993,40.852],[26.021,40.669],[26.124,40.603],[26.418,40.578],[26.455,40.584],[26.556,40.498],[26.458,40.435],[26.195,40.303],[26.223,40.224],[26.214,40.161],[26.141,40.045],[26.255,40.082],[26.376,40.213],[26.514,40.282],[26.614,40.398],[26.889,40.525],[27.264,40.667],[27.313,40.79],[27.474,40.963],[27.932,40.958],[28.026,41.026],[28.173,41.058],[28.596,40.947],[28.828,40.915],[28.964,40.989],[29.081,41.201],[29.012,41.255],[28.74,41.325],[28.371,41.433],[28.104,41.593],[28.07,41.625],[28.018,41.753],[28.026,41.882],[27.918,41.978],[27.913,42.078],[27.738,42.247],[27.723,42.316],[27.608,42.417],[27.495,42.401],[23.731,42.175],[23.267,42.049],[22.492,40.498]]],[[[23.467,35.318],[23.513,35.276],[23.568,35.255],[23.786,35.263],[24.013,35.21],[24.324,35.208],[24.69,35.092],[24.716,35.035],[24.693,34.94],[25.591,35.016],[25.742,35.009],[25.899,35.045],[26.16,35.024],[26.243,35.145],[26.236,35.229],[26.274,35.313],[26.169,35.247],[26.099,35.216],[26.064,35.239],[25.935,35.213],[25.789,35.137],[25.742,35.137],[25.668,35.187],[25.714,35.327],[25.673,35.349],[25.512,35.295],[25.014,35.362],[24.997,35.421],[24.769,35.428],[24.388,35.373],[24.23,35.391],[24.22,35.449],[24.178,35.47],[24.073,35.496],[24.091,35.52],[24.136,35.522],[24.153,35.564],[24.082,35.612],[24.033,35.598],[24.039,35.562],[23.957,35.528],[23.879,35.552],[23.743,35.562],[23.734,35.627],[23.697,35.698],[23.665,35.667],[23.671,35.572],[23.529,35.57],[23.467,35.318]]],[[[26.064,39.456],[26.139,39.44],[26.804,39.567],[26.958,39.548],[26.926,39.477],[26.854,39.461],[26.72,39.337],[26.602,39.256],[26.704,39.25],[26.708,39.182],[26.797,39.13],[26.871,39.056],[26.79,39.024],[26.785,38.94],[26.937,38.925],[27.004,38.885],[27.035,38.821],[26.966,38.77],[26.709,38.699],[26.696,38.641],[26.829,38.583],[26.82,38.527],[26.997,38.4],[26.742,38.278],[26.527,38.418],[26.469,38.445],[26.392,38.219],[26.393,38.104],[26.512,38.066],[26.679,38.105],[26.961,37.946],[27.14,37.889],[27.18,37.774],[27.141,37.647],[27.123,37.494],[27.16,37.36],[27.365,37.329],[27.493,37.24],[27.526,37.131],[27.269,37.042],[27.308,36.921],[27.999,36.909],[28.051,36.833],[27.942,36.756],[27.912,36.699],[28.014,36.527],[28.267,36.712],[28.47,36.738],[28.814,36.535],[29.002,36.695],[29.298,36.173],[29.472,36.091],[29.662,36.078],[30.166,36.188],[30.28,36.118],[30.395,36.118],[30.473,36.188],[30.54,36.647],[30.594,36.762],[30.905,36.794],[31.371,36.712],[31.902,36.497],[32.335,36.128],[32.64,36.008],[32.904,35.977],[33.171,35.971],[33.482,36.054],[33.753,36.147],[33.834,36.071],[33.836,36.107],[33.891,36.139],[33.954,36.16],[33.952,36.252],[34.103,36.38],[34.485,36.627],[34.662,36.648],[34.87,36.577],[35.071,36.488],[35.221,36.388],[35.354,36.414],[35.389,36.454],[35.417,36.433],[35.495,36.443],[35.548,36.54],[35.506,36.559],[35.568,36.587],[35.672,36.606],[35.891,36.771],[35.957,36.747],[36.082,36.622],[36.105,36.561],[36.095,36.482],[35.817,36.301],[35.709,36.212],[35.665,36.134],[35.719,36.092],[35.856,35.835],[35.74,35.69],[35.691,35.685],[35.733,35.585],[35.68,35.528],[35.664,35.459],[35.607,35.418],[35.796,35.271],[35.841,35.043],[35.809,35.014],[35.751,34.747],[35.852,34.493],[36.878,35.391],[37.384,36.613],[37.594,37.161],[39.617,37.835],[41.007,38.341],[41.808,38.678],[42.019,39.184],[42.314,39.984],[42.671,40.659],[41.516,41.462],[41.293,41.286],[40.61,41.028],[40.361,40.963],[40.007,40.956],[39.663,41],[39.37,41.064],[39.139,41.044],[38.651,40.922],[38.314,40.921],[37.822,41.01],[37.253,41.028],[36.817,41.29],[36.641,41.315],[36.383,41.238],[36.161,41.353],[35.958,41.686],[35.678,41.621],[35.411,41.627],[35.286,41.671],[35.099,41.806],[35.002,42.043],[34.663,41.876],[34.304,41.894],[33.897,41.951],[33.556,41.983],[33.155,41.95],[32.688,41.846],[32.419,41.749],[31.666,41.395],[31.386,41.285],[31.404,41.164],[31.218,41.054],[30.745,41.04],[30.256,41.185],[30.138,41.132],[29.578,41.153],[29.161,41.216],[29.015,40.979],[29.29,40.807],[29.32,40.741],[29.683,40.752],[29.883,40.746],[29.713,40.694],[29.525,40.688],[28.902,40.62],[28.778,40.525],[28.873,40.472],[29.084,40.456],[29.122,40.414],[29.052,40.335],[28.756,40.376],[28.478,40.395],[27.908,40.351],[28.006,40.451],[27.954,40.488],[27.808,40.504],[27.679,40.461],[27.8,40.403],[27.83,40.345],[27.764,40.287],[27.526,40.297],[27.45,40.31],[27.329,40.356],[27.272,40.451],[27.056,40.43],[26.996,40.372],[26.765,40.377],[26.482,40.187],[26.403,40.176],[26.32,39.992],[26.186,39.997],[26.128,39.879],[26.142,39.661],[26.085,39.604],[26.064,39.456]]],[[[33.395,44.6],[33.624,44.452],[33.956,44.381],[34.332,44.544],[34.372,44.757],[34.614,44.841],[35.067,44.862],[35.387,45.082],[35.6,45.102],[35.712,45.072],[35.663,45.405],[35.358,45.332],[35.426,45.295],[35.439,45.275],[35.399,45.255],[35.178,45.332],[35.063,45.34],[35.042,45.372],[33.528,44.872],[33.554,44.624],[33.395,44.6]]]]}},{"type":"Feature","properties":{"NAME":"Volga Bulgars","ABBREVN":"Volga Bulgars","INFO_UR":null,"SUBJECTO":"Volga Bulgars","BORDERPRECISION":1,"PARTOF":"Bulgars"},"geometry":{"type":"Polygon","coordinates":[[[40.028,52.478],[44.826,52.12],[55.062,51.15],[55.709,57.198],[53.924,57.601],[53.976,57.709],[48.608,57.709],[41.239,59.885],[42.171,56.399],[40.028,52.478]],[[48.378,54.231],[48.399,54.337],[48.416,54.597],[48.551,54.652],[48.745,54.675],[48.808,54.733],[48.864,54.871],[48.859,55.012],[49.159,55.163],[49.172,55.293],[49.104,55.353],[49.048,55.443],[49.059,55.483],[49.12,55.476],[49.189,55.381],[49.233,55.338],[49.303,55.323],[49.358,55.339],[49.328,55.379],[49.329,55.518],[49.367,55.544],[49.371,55.465],[49.455,55.404],[49.583,55.39],[49.788,55.383],[50,55.415],[50.09,55.463],[50.225,55.438],[50.379,55.431],[50.481,55.46],[50.675,55.451],[50.834,55.48],[51.126,55.501],[51.255,55.526],[51.331,55.499],[51.414,55.494],[51.469,55.511],[51.467,55.59],[51.398,55.685],[51.414,55.774],[51.448,55.812],[51.48,55.833],[51.461,55.701],[51.521,55.632],[51.635,55.646],[51.763,55.72],[51.937,55.699],[51.886,55.671],[51.8,55.684],[51.748,55.675],[51.728,55.643],[51.714,55.593],[51.615,55.565],[51.55,55.558],[51.524,55.503],[51.41,55.441],[51.206,55.489],[51.174,55.463],[51.198,55.441],[51.219,55.4],[51.184,55.357],[51.13,55.393],[51.071,55.415],[50.877,55.452],[50.764,55.429],[50.734,55.407],[49.892,55.294],[49.811,55.244],[49.692,55.191],[49.461,55.114],[49.446,55.052],[49.396,55.016],[49.32,55.014],[49.224,55.023],[49.008,54.97],[48.94,54.902],[48.969,54.828],[49.03,54.809],[49.098,54.8],[49.081,54.776],[48.986,54.728],[48.973,54.641],[48.896,54.582],[48.909,54.55],[48.863,54.501],[48.864,54.462],[48.787,54.447],[48.631,54.435],[48.53,54.394],[48.499,54.334],[48.549,54.241],[48.659,54.171],[48.756,54.15],[48.798,54.131],[48.809,54.099],[48.848,54.045],[49.02,54.015],[49.275,54.071],[49.563,54.179],[49.727,54.225],[49.742,54.191],[49.666,54.159],[49.537,54.127],[49.441,54.038],[49.218,53.934],[49.219,53.878],[49.27,53.818],[49.351,53.77],[49.372,53.73],[49.369,53.695],[49.345,53.698],[49.31,53.722],[49.279,53.728],[49.19,53.807],[49.127,53.825],[49.091,53.794],[49.072,53.713],[49.063,53.607],[49.087,53.534],[49.247,53.502],[49.882,53.486],[49.905,53.457],[49.852,53.426],[49.495,53.436],[49.316,53.402],[49.258,53.352],[49.23,53.284],[49.094,53.27],[48.801,53.281],[48.759,53.324],[48.925,53.309],[49.137,53.309],[49.206,53.338],[49.205,53.368],[48.992,53.44],[49.009,53.46],[48.865,53.648],[48.877,53.754],[48.903,53.828],[48.883,53.866],[48.813,53.939],[48.567,54.098],[48.468,54.124],[48.387,54.168],[48.378,54.231]]]}},{"type":"Feature","properties":{"NAME":"Duchy of Swabia","ABBREVN":"Swabia","INFO_UR":"https://en.wikipedia.org/wiki/Duchy_of_Swabia","SUBJECTO":"Holy Roman Empire","BORDERPRECISION":1,"PARTOF":"Holy Roman Empire"},"geometry":{"type":"Polygon","coordinates":[[[7.813,47.462],[8.411,47.462],[8.475,46.408],[10.063,46.476],[10.66,47.694],[9.991,48.816],[8.51,48.721],[7.813,47.462]],[[8.86,47.657],[8.894,47.652],[8.936,47.659],[8.995,47.684],[9.006,47.695],[8.994,47.707],[8.94,47.726],[8.959,47.737],[9.014,47.72],[8.987,47.743],[9.101,47.702],[9.109,47.69],[9.084,47.69],[9.048,47.708],[9.043,47.693],[9.081,47.683],[9.113,47.686],[9.124,47.671],[9.218,47.666],[9.211,47.683],[9.188,47.699],[9.201,47.707],[9.18,47.705],[9.174,47.734],[9.067,47.78],[9.031,47.805],[9.043,47.818],[9.106,47.792],[9.132,47.772],[9.226,47.739],[9.237,47.711],[9.288,47.684],[9.348,47.661],[9.421,47.666],[9.466,47.648],[9.502,47.646],[9.534,47.597],[9.563,47.585],[9.601,47.585],[9.607,47.572],[9.628,47.57],[9.653,47.556],[9.68,47.556],[9.68,47.543],[9.712,47.551],[9.752,47.511],[9.743,47.505],[9.699,47.506],[9.678,47.489],[9.666,47.496],[9.648,47.488],[9.641,47.507],[9.598,47.487],[9.561,47.5],[9.53,47.481],[9.482,47.482],[9.466,47.496],[9.436,47.507],[9.437,47.519],[9.387,47.544],[9.382,47.571],[9.3,47.611],[9.191,47.648],[9.178,47.664],[9.096,47.666],[9.09,47.673],[9.066,47.674],[8.984,47.67],[8.961,47.657],[8.907,47.645],[8.86,47.657]]]}},{"type":"Feature","properties":{"NAME":"Poland","ABBREVN":"Poland","INFO_UR":null,"SUBJECTO":"Poland","BORDERPRECISION":1,"PARTOF":"Poland"},"geometry":{"type":"MultiPolygon","coordinates":[[[[19.004,54.003],[19.355,54.071],[19.462,54.342],[18.687,54.41],[18.445,54.681],[18.459,54.885],[17.502,54.885],[16.443,54.613],[15.992,54.274],[15.036,54.206],[14.509,54.003],[14.5,53.732],[13.814,53.868],[13.81,53.732],[13.978,53.597],[13.888,53.462],[14.058,53.395],[14.054,53.26],[14.226,53.26],[14.221,53.125],[14.048,53.057],[14.042,52.855],[14.549,52.654],[14.544,52.519],[14.459,52.519],[14.537,52.318],[14.535,52.25],[14.786,52.116],[15.212,52.116],[15.28,51.647],[15.534,51.647],[15.529,51.513],[15.693,51.38],[15.68,51.046],[15.931,50.979],[15.923,50.779],[16.086,50.645],[16.339,50.645],[16.417,50.512],[17.084,50.379],[17.327,50.179],[17.579,50.179],[17.656,50.046],[18.323,49.98],[18.316,49.847],[18.716,49.515],[19.047,49.449],[19.039,49.316],[19.29,49.316],[19.611,49.118],[20.12,49.25],[20.212,49.383],[20.959,49.316],[21.386,49.449],[21.391,49.515],[22.158,49.714],[22.258,49.914],[22.862,50.113],[22.946,50.113],[22.915,50.712],[23.09,50.779],[23.108,50.979],[23.024,50.979],[23.042,51.179],[22.879,51.246],[22.995,51.58],[22.669,51.714],[22.687,51.915],[22.347,51.915],[22.104,52.049],[22.293,52.25],[22.422,52.721],[22.343,52.788],[22.429,52.788],[22.646,53.26],[22.303,53.26],[22.501,53.53],[22.17,53.665],[21.984,53.53],[21.818,53.597],[21.72,53.462],[21.381,53.53],[21.019,53.327],[20.584,53.26],[20.487,53.125],[19.972,53.125],[19.983,53.26],[19.563,53.395],[19.492,53.597],[18.98,53.665],[19.004,54.003]]]]}},{"type":"Feature","properties":{"NAME":"Prussians","ABBREVN":"Prussians","INFO_UR":null,"SUBJECTO":"Prussians","BORDERPRECISION":1,"PARTOF":"Prussians"},"geometry":{"type":"MultiPolygon","coordinates":[[[[18.98,53.665],[19.492,53.597],[19.544,53.448],[20.078,53.665],[20.078,53.511],[20.386,53.511],[20.428,53.778],[20.709,53.758],[20.81,53.638],[21.105,53.819],[21.464,53.819],[24.169,54.28],[25.198,54.831],[21.032,55.614],[21.216,55.344],[21.201,55.261],[21.143,55.256],[21.224,55.111],[21.113,55.089],[21.192,54.96],[21.137,54.845],[20.985,54.812],[19.943,54.85],[19.863,54.752],[19.833,54.531],[19.882,54.525],[19.938,54.608],[20.006,54.547],[20.194,54.575],[20.327,54.564],[20.189,54.522],[19.733,54.31],[19.404,54.194],[19.355,54.071],[19.004,54.003],[18.98,53.665]]],[[[19.43,54.345],[19.462,54.342],[19.458,54.332],[19.758,54.459],[19.734,54.461],[19.43,54.345]]]]}},{"type":"Feature","properties":{"NAME":"Baltic Tribes","ABBREVN":"Baltic Tribes","INFO_UR":null,"SUBJECTO":"Baltic Tribes","BORDERPRECISION":1,"PARTOF":"Baltic Tribes"},"geometry":{"type":"Polygon","coordinates":[[[20.916,56.097],[20.996,56.024],[21.018,55.634],[21.032,55.614],[25.198,54.831],[27.959,56.311],[27.713,58.011],[27.678,58.019],[27.624,58.014],[27.473,58.217],[27.425,58.303],[27.324,58.402],[27.237,58.452],[27.157,58.648],[26.966,58.806],[26.974,58.884],[27.107,58.954],[27.298,58.995],[27.524,59.007],[27.57,58.999],[27.525,59.314],[27.265,59.338],[26.999,59.318],[26.862,59.372],[26.343,59.447],[25.721,59.46],[25.49,59.42],[25.449,59.494],[25.248,59.362],[24.751,59.448],[24.714,59.352],[24.571,59.374],[24.538,59.323],[24.342,59.369],[24.282,59.284],[24.03,59.235],[24.032,59.176],[23.416,59.119],[23.457,59.005],[23.338,58.972],[23.432,58.858],[23.361,58.767],[23.512,58.581],[23.69,58.665],[23.671,58.241],[23.908,58.224],[24.058,58.112],[24.331,58.308],[24.497,58.213],[24.414,58.106],[24.416,57.948],[24.236,57.728],[24.323,57.337],[24.346,57.16],[24.266,57.03],[24.158,56.975],[23.768,56.866],[23.526,56.884],[22.631,56.276],[20.92,56.137],[20.916,56.097]]]}},{"type":"Feature","properties":{"NAME":null,"ABBREVN":null,"INFO_UR":null,"SUBJECTO":null,"BORDERPRECISION":1,"PARTOF":null},"geometry":{"type":"Polygon","coordinates":[[[23.058,58.608],[23.071,58.588],[23.227,58.53],[23.365,58.53],[23.399,58.559],[23.347,58.639],[23.216,58.678],[23.15,58.67],[23.069,58.622],[23.058,58.608]]]}},{"type":"Feature","properties":{"NAME":null,"ABBREVN":null,"INFO_UR":null,"SUBJECTO":null,"BORDERPRECISION":1,"PARTOF":null},"geometry":{"type":"Polygon","coordinates":[[[22.042,58.94],[22.064,58.924],[22.229,58.878],[22.277,58.889],[22.382,58.887],[22.45,58.831],[22.472,58.764],[22.47,58.704],[22.532,58.689],[22.624,58.691],[22.667,58.705],[22.721,58.782],[22.747,58.806],[22.776,58.819],[22.812,58.826],[22.829,58.818],[22.783,58.796],[22.777,58.79],[22.784,58.776],[22.848,58.774],[22.884,58.78],[22.889,58.811],[22.866,58.824],[22.884,58.833],[22.961,58.845],[23.022,58.821],[23.048,58.844],[22.952,58.967],[22.93,58.982],[22.861,59.002],[22.801,58.997],[22.72,59.004],[22.699,59.02],[22.699,59.051],[22.576,59.069],[22.468,58.978],[22.376,58.952],[22.065,58.952],[22.042,58.94]]]}},{"type":"Feature","properties":{"NAME":null,"ABBREVN":null,"INFO_UR":null,"SUBJECTO":null,"BORDERPRECISION":1,"PARTOF":null},"geometry":{"type":"Polygon","coordinates":[[[21.832,58.505],[21.868,58.478],[21.91,58.463],[21.996,58.381],[22.008,58.353],[21.956,58.343],[21.874,58.34],[21.844,58.299],[21.849,58.279],[21.884,58.252],[22.079,58.171],[22.177,58.159],[22.201,58.145],[22.151,58.086],[22.101,58.085],[22.082,58.077],[21.986,57.976],[21.981,57.958],[21.994,57.923],[22.038,57.908],[22.073,57.917],[22.202,57.986],[22.262,58.094],[22.276,58.142],[22.267,58.171],[22.289,58.188],[22.378,58.223],[22.475,58.242],[22.582,58.241],[22.649,58.23],[22.757,58.24],[23.029,58.358],[23.064,58.386],[23.077,58.414],[23.142,58.444],[23.198,58.45],[23.267,58.429],[23.328,58.434],[23.333,58.442],[23.32,58.462],[23.263,58.496],[23.091,58.564],[22.905,58.617],[22.808,58.616],[22.768,58.6],[22.624,58.593],[22.502,58.602],[22.327,58.577],[22.198,58.549],[22.112,58.492],[21.985,58.516],[21.925,58.517],[21.832,58.505]]]}},{"type":"Feature","properties":{"NAME":"Samis","ABBREVN":"Samis","INFO_UR":null,"SUBJECTO":"Samis","BORDERPRECISION":1,"PARTOF":"Samis"},"geometry":{"type":"Polygon","coordinates":[[[14.344,62.948],[16.193,62.756],[17.868,62.789],[17.967,62.775],[18.303,62.789],[18.389,62.853],[18.487,62.981],[18.785,63.138],[19.076,63.202],[19.318,63.445],[19.465,63.481],[19.67,63.389],[20.701,63.818],[20.866,64.026],[21.049,64.219],[21.386,64.385],[21.237,64.521],[21.064,64.592],[20.921,64.714],[21.329,64.894],[21.489,65.017],[21.424,65.104],[21.277,65.212],[21.522,65.372],[21.819,65.38],[21.957,65.446],[22.202,65.715],[22.49,65.883],[22.646,65.935],[22.798,65.855],[23.204,65.681],[23.406,65.725],[23.844,65.798],[24.215,65.786],[24.591,65.583],[25.104,65.54],[25.252,65.417],[25.133,65.076],[25.293,65.004],[25.352,64.939],[25.325,64.802],[24.932,64.816],[24.47,64.636],[24.094,64.377],[23.58,64.082],[23.131,63.783],[27.232,63.354],[30.604,64.938],[34.293,65.396],[34.601,65.484],[34.726,65.615],[34.726,65.797],[34.544,66.001],[34.258,66.11],[33.844,66.182],[33.47,66.313],[32.971,66.583],[32.754,66.649],[32.425,66.891],[32.219,66.994],[32.644,67.046],[32.991,66.988],[33.158,66.914],[33.437,66.702],[34.153,66.63],[35.168,66.412],[35.772,66.259],[36.505,66.172],[37.422,66.094],[38.048,66.007],[38.782,66.001],[39.19,66.039],[39.978,66.201],[40.345,66.319],[40.836,66.561],[41.147,66.782],[41.255,66.937],[41.209,67.069],[41.017,67.202],[40.951,67.335],[40.973,67.534],[40.826,67.66],[39.918,67.94],[38.668,68.146],[38.406,68.243],[37.689,68.63],[37.246,68.793],[36.018,69.024],[35.437,69.15],[34.934,69.149],[34.699,69.164],[34.305,69.171],[33.818,69.192],[33.628,69.215],[33.316,69.071],[33.281,69.342],[33.01,69.387],[32.596,69.424],[32.352,69.514],[32.191,69.642],[32.076,69.815],[32.072,69.883],[31.782,69.777],[31.331,69.663],[31.054,69.64],[30.735,69.752],[30.361,69.767],[30.056,69.721],[29.729,69.698],[29.556,69.833],[29.08,69.961],[28.73,70.136],[29.735,70.115],[30.252,70.131],[30.799,70.308],[30.754,70.43],[30.462,70.537],[30.041,70.544],[29.741,70.605],[28.984,70.857],[28.795,70.865],[28.389,70.572],[28.29,70.372],[27.875,70.425],[28.019,70.609],[27.985,70.717],[28.136,70.833],[28.308,70.949],[28.211,71.018],[27.948,71.017],[27.516,70.97],[27.131,70.577],[26.934,70.469],[26.617,70.392],[26.619,70.799],[26.607,70.915],[26.263,70.791],[25.574,70.367],[25.263,70.107],[25.074,70.144],[25.122,70.435],[25.231,70.558],[25.832,70.898],[25.389,70.905],[24.849,70.827],[24.571,70.741],[24.36,70.61],[24.208,70.472],[23.955,70.502],[23.827,70.479],[23.508,70.279],[23.292,70.011],[23.204,69.943],[22.746,70.171],[22.306,70.216],[22.163,70.093],[21.908,69.804],[21.609,69.963],[21.412,70.015],[21.103,69.818],[20.734,69.779],[20.553,69.522],[20.197,69.318],[20.278,69.582],[20.358,69.71],[20.286,69.786],[20.158,69.748],[19.821,69.37],[19.58,69.181],[17.009,67.248],[14.536,63.098],[14.344,62.948]]]}},{"type":"Feature","properties":{"NAME":"Kievan Rus","ABBREVN":"Rus","INFO_UR":null,"SUBJECTO":"Kyivan Rus","BORDERPRECISION":1,"PARTOF":"Rus"},"geometry":{"type":"MultiPolygon","coordinates":[[[[19.544,53.448],[19.563,53.395],[19.983,53.26],[19.972,53.125],[20.487,53.125],[20.584,53.26],[21.019,53.327],[21.381,53.53],[21.72,53.462],[21.818,53.597],[21.984,53.53],[22.17,53.665],[22.501,53.53],[22.303,53.26],[22.646,53.26],[22.429,52.788],[22.343,52.788],[22.422,52.721],[22.293,52.25],[22.104,52.049],[22.347,51.915],[22.687,51.915],[22.669,51.714],[22.995,51.58],[22.879,51.246],[23.042,51.179],[23.024,50.979],[23.108,50.979],[23.09,50.779],[22.915,50.712],[22.946,50.113],[22.862,50.113],[22.258,49.914],[22.158,49.714],[21.771,49.614],[21.771,49.592],[24.297,48.757],[27.171,47.973],[30.463,48.396],[30.445,48.44],[32.568,49.224],[32.408,49.302],[31.9,49.513],[31.888,49.554],[31.955,49.57],[32.114,49.541],[32.35,49.469],[32.461,49.426],[32.632,49.382],[32.682,49.401],[32.659,49.464],[32.665,49.537],[32.712,49.559],[32.754,49.485],[32.924,49.355],[39.302,51.709],[39.766,52.497],[40.028,52.478],[42.171,56.399],[41.239,59.885],[36.407,61.312],[36.371,61.29],[36.366,61.254],[36.415,61.217],[36.354,61.169],[36.185,61.112],[36.078,61.053],[36.033,60.993],[35.898,60.949],[35.672,60.922],[35.538,60.932],[35.498,60.977],[35.501,61],[35.548,60.998],[35.602,61.031],[35.665,61.099],[35.644,61.192],[35.539,61.309],[35.293,61.42],[32.629,60.962],[32.753,60.877],[32.812,60.807],[32.818,60.743],[32.856,60.69],[32.926,60.651],[32.949,60.613],[32.904,60.553],[32.85,60.524],[32.648,60.513],[32.611,60.482],[32.665,60.424],[32.666,60.384],[32.612,60.363],[32.598,60.326],[32.621,60.272],[32.614,60.229],[32.578,60.194],[32.48,60.163],[32.32,60.135],[32.215,60.142],[32.166,60.187],[32.035,60.218],[31.824,60.236],[31.657,60.203],[31.535,60.121],[31.495,60.057],[31.539,60.011],[31.553,59.972],[31.536,59.94],[31.418,59.924],[31.199,59.925],[31.074,59.933],[31.044,59.949],[31.05,59.976],[31.092,60.014],[31.097,60.069],[31.066,60.141],[31.028,60.182],[31.007,60.187],[29.995,59.942],[30.127,59.806],[29.963,59.737],[29.765,59.736],[29.414,59.86],[29.076,59.908],[28.936,59.825],[28.796,59.672],[28.663,59.644],[28.444,59.734],[28.309,59.664],[28.351,59.602],[28.266,59.562],[28.163,59.591],[28.094,59.665],[27.942,59.648],[27.897,59.534],[27.973,59.517],[28.013,59.458],[27.894,59.346],[27.702,59.298],[27.525,59.314],[27.57,58.999],[27.683,58.98],[27.748,58.912],[27.814,58.571],[27.821,58.485],[27.798,58.447],[27.748,58.43],[27.583,58.306],[27.561,58.257],[27.569,58.215],[27.592,58.175],[27.714,58.164],[27.865,58.173],[27.973,58.133],[28.097,58.044],[28.149,57.975],[28.169,57.915],[28.102,57.86],[27.992,57.868],[27.911,57.896],[27.875,57.92],[27.882,57.937],[27.803,57.99],[27.713,58.011],[27.959,56.311],[24.169,54.28],[21.464,53.819],[21.105,53.819],[20.81,53.638],[20.709,53.758],[20.428,53.778],[20.386,53.511],[20.078,53.511],[20.078,53.665],[19.544,53.448]],[[30.857,58.239],[31.019,58.32],[31.17,58.359],[31.252,58.425],[31.298,58.477],[31.374,58.429],[31.511,58.389],[31.518,58.373],[31.637,58.388],[31.653,58.369],[31.646,58.351],[31.647,58.308],[31.688,58.202],[31.631,58.207],[31.531,58.23],[31.446,58.206],[31.394,58.142],[30.876,58.214],[30.857,58.239]],[[37.151,58.849],[37.308,58.76],[37.372,58.731],[37.423,58.727],[37.41,58.67],[37.459,58.634],[37.538,58.613],[37.565,58.553],[37.609,58.545],[37.661,58.557],[37.667,58.572],[37.621,58.626],[37.632,58.636],[37.715,58.618],[37.768,58.618],[37.995,58.55],[38.074,58.542],[38.074,58.592],[38.103,58.619],[38.096,58.634],[37.988,58.672],[37.984,58.692],[37.945,58.72],[37.942,58.735],[37.961,58.744],[38.024,58.746],[37.996,58.862],[37.918,58.858],[37.869,58.897],[37.828,58.914],[37.777,58.926],[37.714,58.928],[37.642,58.919],[37.581,58.899],[37.501,58.845],[37.471,58.857],[37.466,58.875],[37.484,58.927],[37.499,58.944],[37.609,58.989],[37.673,59.025],[37.696,59.064],[37.676,59.102],[37.64,59.138],[37.645,59.157],[37.843,59.155],[37.987,59.177],[38.007,59.144],[38.027,59.128],[38.116,59.103],[38.159,59.102],[38.18,59.113],[38.18,59.132],[38.176,59.148],[38.124,59.203],[38.143,59.21],[38.183,59.203],[38.294,59.161],[38.415,59.173],[38.407,59.152],[38.332,59.093],[38.239,59.063],[38.171,59.065],[37.91,59.103],[37.866,59.094],[37.858,59.075],[37.92,59.042],[38.047,58.994],[38.119,58.955],[38.427,58.747],[38.753,58.547],[38.989,58.496],[39.004,58.476],[38.97,58.441],[39,58.387],[39.005,58.358],[38.871,58.331],[38.83,58.296],[38.812,58.251],[38.819,58.135],[38.805,58.122],[38.779,58.135],[38.692,58.207],[38.638,58.22],[38.619,58.201],[38.698,58.133],[38.704,58.113],[38.681,58.108],[38.383,58.122],[38.357,58.1],[38.437,58.036],[38.437,58.018],[38.415,58.016],[38.31,58.041],[38.259,58.071],[38.25,58.103],[38.251,58.199],[38.221,58.237],[38.149,58.249],[37.944,58.301],[37.897,58.292],[37.507,58.535],[37.417,58.613],[37.317,58.657],[37.155,58.695],[37.155,58.707],[37.169,58.726],[37.151,58.849]]],[[[35.689,45.326],[35.719,45.084],[35.789,45.051],[35.835,44.991],[36.129,45.021],[36.233,45.006],[36.457,45.081],[36.405,45.152],[36.433,45.275],[36.497,45.341],[36.617,45.331],[36.636,45.38],[36.606,45.419],[36.485,45.441],[36.291,45.465],[36.15,45.461],[36.071,45.429],[36.036,45.371],[35.933,45.37],[35.863,45.404],[35.689,45.326]]],[[[36.576,45.192],[36.622,45.129],[36.711,45.1],[36.831,45.093],[37.156,45.003],[37.276,44.931],[37.296,44.872],[37.354,44.787],[37.488,44.669],[37.814,44.636],[37.824,44.663],[37.788,44.725],[37.853,44.7],[37.988,44.594],[38.22,44.384],[38.269,44.427],[38.497,45.239],[37.893,45.836],[37.664,45.657],[37.706,45.622],[37.663,45.619],[37.607,45.655],[37.585,45.531],[37.603,45.415],[37.646,45.449],[37.637,45.579],[37.701,45.559],[37.713,45.296],[37.523,45.362],[37.398,45.316],[37.216,45.299],[37.315,45.27],[37.077,45.236],[37.094,45.341],[37.057,45.366],[36.896,45.424],[36.757,45.417],[36.669,45.326],[36.78,45.385],[36.969,45.307],[36.961,45.275],[36.729,45.203],[36.576,45.192]]],[[[41.563,47.903],[41.611,47.34],[42.637,47.324],[42.732,47.935],[42.207,48.237],[41.563,47.903]]]]}},{"type":"Feature","properties":{"NAME":"Sweden","ABBREVN":"Sweden","INFO_UR":null,"SUBJECTO":"Sweden","BORDERPRECISION":1,"PARTOF":"Sweden"},"geometry":{"type":"MultiPolygon","coordinates":[[[[11.736,57.698],[11.766,57.673],[11.881,57.509],[11.877,57.325],[12.318,57.68],[12.524,57.391],[12.731,57.432],[12.896,56.978],[13.226,57.102],[13.432,56.524],[14.175,56.813],[14.485,56.68],[15.427,56.766],[16.063,56.396],[16.376,56.822],[16.395,57.074],[16.494,57.279],[16.659,57.443],[16.55,57.545],[16.607,57.666],[16.477,57.702],[16.46,57.895],[16.598,57.866],[16.725,57.889],[16.774,58.038],[16.744,58.312],[16.513,58.428],[16.443,58.634],[17.081,58.65],[17.083,58.748],[17.245,58.717],[17.357,58.743],[17.582,58.893],[17.623,59.1],[17.739,59.11],[17.745,58.986],[17.726,58.914],[17.766,58.872],[17.94,58.908],[18.016,59.038],[18.372,59.157],[18.273,59.287],[18.598,59.297],[18.611,59.333],[18.515,59.401],[18.441,59.401],[18.43,59.333],[18.328,59.37],[18.111,59.323],[17.978,59.328],[17.862,59.24],[17.584,59.271],[17.575,59.214],[17.358,59.245],[17.266,59.339],[17,59.359],[16.776,59.479],[16.408,59.447],[16.523,59.583],[16.724,59.531],[16.786,59.577],[17.071,59.546],[17.368,59.468],[17.73,59.416],[17.795,59.364],[18.03,59.359],[18.639,59.567],[18.868,59.712],[19.044,59.712],[19.037,59.863],[18.893,59.926],[18.804,60.108],[18.417,60.182],[18.224,60.323],[17.931,60.59],[17.706,60.554],[17.605,60.638],[17.188,60.674],[17.318,60.753],[17.146,60.953],[17.15,61.198],[17.065,61.538],[17.163,61.63],[17.387,61.658],[17.497,62.088],[17.387,62.201],[17.29,62.441],[17.718,62.357],[17.936,62.548],[17.868,62.789],[16.193,62.756],[14.344,62.948],[13.155,62.024],[12.792,61.33],[12.597,61.029],[12.174,60.956],[12.431,60.626],[12.548,60.434],[12.436,60.278],[12.423,60.039],[12.488,58.563],[11.736,57.698]]],[[[16.392,56.465],[16.403,56.274],[16.411,56.225],[16.43,56.209],[16.474,56.224],[16.496,56.241],[16.576,56.361],[16.571,56.394],[16.77,56.796],[16.808,56.824],[16.837,56.827],[16.848,56.844],[16.927,57.038],[17.051,57.187],[17.124,57.321],[17.106,57.348],[17.057,57.359],[17.022,57.345],[16.983,57.316],[16.961,57.28],[16.966,57.242],[16.959,57.224],[16.848,57.064],[16.749,56.94],[16.612,56.868],[16.543,56.776],[16.42,56.586],[16.393,56.529],[16.392,56.465]]],[[[18.11,57.513],[18.142,57.409],[18.158,57.316],[18.148,57.235],[18.173,57.142],[18.254,57.079],[18.257,57.032],[18.158,56.942],[18.14,56.915],[18.216,56.913],[18.302,56.937],[18.347,56.999],[18.336,57.017],[18.341,57.074],[18.397,57.134],[18.712,57.242],[18.788,57.448],[18.769,57.467],[18.76,57.508],[18.809,57.704],[18.849,57.721],[18.929,57.74],[19.033,57.827],[19.005,57.909],[18.725,57.923],[18.682,57.914],[18.467,57.812],[18.356,57.696],[18.276,57.634],[18.179,57.588],[18.119,57.531],[18.11,57.513]]]]}},{"type":"Feature","properties":{"NAME":"Kingdom of Georgia","ABBREVN":"Georgia","INFO_UR":null,"SUBJECTO":"Kingdom of Georgia","BORDERPRECISION":1,"PARTOF":"Kingdom of Georgia"},"geometry":{"type":"Polygon","coordinates":[[[39.738,43.634],[40.252,43.268],[40.557,43.147],[40.969,43.077],[41.123,43.019],[41.41,42.788],[41.503,42.608],[41.652,42.121],[41.68,41.793],[41.666,41.729],[41.516,41.462],[42.671,40.659],[42.693,40.701],[43.325,40.953],[44.029,41.122],[44.552,40.936],[44.811,41.35],[44.891,41.329],[45.432,41.459],[45.515,41.708],[45.832,41.695],[45.868,42.063],[46.222,42.228],[45.979,42.424],[45.294,42.37],[45.26,42.439],[43.625,42.816],[43.058,43.026],[39.738,43.634]]]}},{"type":"Feature","properties":{"NAME":"Arran","ABBREVN":"","INFO_UR":null,"SUBJECTO":"Arran","BORDERPRECISION":1,"PARTOF":"Arran"},"geometry":{"type":"Polygon","coordinates":[[[46.424,40.934],[46.475,40.777],[46.495,40.593],[46.784,40.45],[47.062,40.441],[47.129,39.665],[47.939,39.674],[48.373,39.967],[48.339,39.946],[48.08,40.071],[46.874,40.847],[46.873,40.856],[46.816,40.878],[46.53,40.931],[46.534,40.943],[46.424,40.934]]]}},{"type":"Feature","properties":{"NAME":"Shirvan","ABBREVN":"Shirvan","INFO_UR":null,"SUBJECTO":"Shirvan","BORDERPRECISION":1,"PARTOF":"Shirvan"},"geometry":{"type":"Polygon","coordinates":[[[46.849,41.021],[46.861,40.935],[47.137,40.81],[47.031,40.795],[46.873,40.856],[46.874,40.847],[48.08,40.071],[48.339,39.946],[48.534,40.062],[48.894,39.954],[49.075,39.478],[49.403,39.487],[49.446,39.655],[49.541,39.879],[49.552,40.091],[49.573,40.176],[49.669,40.24],[49.85,40.272],[49.914,40.325],[50.031,40.347],[50.126,40.347],[50.307,40.325],[50.467,40.262],[50.467,40.325],[50.424,40.411],[50.318,40.496],[50.19,40.57],[50.02,40.602],[49.807,40.581],[49.659,40.659],[49.54,40.504],[47.849,41.179],[46.849,41.021]]]}},{"type":"Feature","properties":{"NAME":"Alans","ABBREVN":"","INFO_UR":null,"SUBJECTO":"Alans","BORDERPRECISION":1,"PARTOF":"Alans"},"geometry":{"type":"MultiPolygon","coordinates":[[[[27.171,47.973],[27.628,46.928],[27.615,46.9],[29.637,47.296],[29.88,48.321],[27.171,47.973]]],[[[42.4,44.306],[42.478,43.133],[43.058,43.026],[43.625,42.816],[45.26,42.439],[45.294,42.37],[45.979,42.424],[45.939,42.457],[47.099,42.964],[46.064,43.969],[42.4,44.306]]]]}},{"type":"Feature","properties":{"NAME":"Khazars","ABBREVN":"Khazars","INFO_UR":null,"SUBJECTO":"Khazars","BORDERPRECISION":1,"PARTOF":"Khazars"},"geometry":{"type":"Polygon","coordinates":[[[37.757,46.603],[37.97,46.441],[38.265,46.319],[38.459,46.079],[38.226,46.136],[38.149,46.022],[37.99,46.007],[37.893,45.836],[38.497,45.239],[38.269,44.427],[38.556,44.385],[38.924,44.212],[39.738,43.634],[42.478,43.133],[42.4,44.306],[46.064,43.969],[47.099,42.964],[45.939,42.457],[46.222,42.228],[45.868,42.063],[45.832,41.695],[45.515,41.708],[45.432,41.459],[46.148,39.689],[46.738,40.026],[46.859,40.448],[46.784,40.45],[46.495,40.593],[46.475,40.777],[46.424,40.934],[46.534,40.943],[46.53,40.931],[46.816,40.878],[46.873,40.856],[46.738,41.712],[48.222,42.279],[48.132,42.405],[47.97,42.594],[47.844,42.621],[47.79,42.855],[47.736,42.9],[47.565,43.008],[47.583,43.188],[47.655,43.277],[47.601,43.322],[47.574,43.502],[47.673,43.664],[47.736,43.862],[47.664,43.853],[47.61,43.754],[47.565,43.601],[47.52,43.511],[47.493,43.583],[47.538,43.673],[47.565,43.844],[47.439,44.033],[47.332,44.186],[47.224,44.204],[47.143,44.339],[46.999,44.356],[46.846,44.446],[46.81,44.536],[46.873,44.68],[47.026,44.788],[47.17,44.86],[47.251,44.986],[47.394,45.175],[47.556,45.453],[47.655,45.543],[47.601,45.66],[47.628,45.732],[47.673,45.75],[47.754,45.714],[47.871,45.678],[48.051,45.721],[45.088,48.122],[41.847,48.475],[39.202,47.228],[39.282,47.074],[38.723,46.878],[38.401,46.721],[38.032,46.669],[37.867,46.655],[37.757,46.603]],[[41.563,47.903],[42.207,48.237],[42.732,47.935],[42.637,47.324],[41.611,47.34],[41.563,47.903]]]}},{"type":"Feature","properties":{"NAME":"Serbia","ABBREVN":"Serbia","INFO_UR":null,"SUBJECTO":"Serbia","BORDERPRECISION":1,"PARTOF":"Serbia"},"geometry":{"type":"Polygon","coordinates":[[[16.64,43.39],[16.992,43.323],[17.075,43.223],[17.596,42.889],[18.001,42.694],[18.249,42.527],[18.529,42.353],[18.91,42.218],[19.136,42],[19.143,41.932],[19.338,41.862],[19.458,41.798],[19.52,41.783],[19.88,42.14],[18.9,42.482],[18.889,44.471],[16.817,44.82],[16.865,44.245],[16.701,43.847],[16.712,43.771],[16.64,43.39]]]}},{"type":"Feature","properties":{"NAME":null,"ABBREVN":null,"INFO_UR":null,"SUBJECTO":null,"BORDERPRECISION":1,"PARTOF":null},"geometry":{"type":"Polygon","coordinates":[[[52.826,40.468],[52.845,40.334],[52.845,40.18],[52.912,40.046],[52.989,39.931],[53.047,39.998],[53.19,39.96],[53.363,39.96],[53.506,39.998],[53.688,39.979],[53.593,39.893],[53.516,39.778],[53.554,39.654],[53.669,39.644],[53.813,39.548],[53.794,39.491],[53.545,39.539],[53.372,39.52],[53.315,39.567],[53.248,39.452],[53.209,39.405],[53.248,39.299],[53.334,39.385],[53.583,39.318],[53.66,39.318],[53.679,39.251],[53.775,39.136],[53.918,39.05],[54.033,38.993],[54.071,38.897],[53.985,38.657],[53.937,38.571],[53.937,38.159],[53.88,38.025],[53.928,37.824],[54.015,37.348],[54.009,37.349],[54.067,36.942],[54.868,36.806],[54.929,39.159],[55.487,39.345],[60,39.619],[60,42.948],[54.206,41.464],[54.359,41.387],[54.598,41.244],[54.751,41.138],[54.828,40.985],[54.818,40.88],[54.608,40.813],[54.502,40.851],[54.455,40.918],[54.368,40.899],[54.387,40.803],[54.455,40.717],[54.416,40.659],[54.225,40.726],[54.11,40.678],[53.976,40.65],[53.842,40.64],[53.794,40.726],[53.765,40.87],[53.65,40.88],[53.66,40.813],[53.612,40.745],[53.439,40.803],[53.257,40.765],[53.181,40.841],[53.056,41.052],[52.97,40.822],[52.951,40.707],[52.903,40.563],[52.826,40.468]]]}},{"type":"Feature","properties":{"NAME":"Peshemegs","ABBREVN":"Peshemegs","INFO_UR":null,"SUBJECTO":"Peshemegs","BORDERPRECISION":1,"PARTOF":"Peshemegs"},"geometry":{"type":"MultiPolygon","coordinates":[[[[59.046,44.955],[59.238,44.797],[59.461,45.055],[59.447,45.188],[59.285,45.275],[59.133,45.195],[59.046,44.955]]],[[[59.763,45.632],[59.793,45.59],[59.913,45.598],[60,45.648],[60,45.707],[59.901,45.696],[59.777,45.701],[59.763,45.632]]]]}},{"type":"Feature","properties":{"NAME":"Holy Roman Empire","ABBREVN":"Holy Roman Empire","INFO_UR":null,"SUBJECTO":"Holy Roman Empire","BORDERPRECISION":1,"PARTOF":"Holy Roman Empire"},"geometry":{"type":"Polygon","coordinates":[[[3.438,51.008],[3.82,50.039],[4.255,49.887],[5.361,49.697],[5.909,49.201],[5.904,49.196],[5.612,49.21],[5.723,48.959],[5.876,49.071],[6.001,48.904],[5.834,48.778],[6.015,48.653],[5.946,48.347],[6.238,48.291],[6.252,47.957],[6.781,47.951],[7.27,47.462],[7.813,47.462],[8.51,48.721],[9.991,48.816],[10.66,47.694],[10.063,46.476],[8.475,46.408],[8.493,46.117],[7.514,45.383],[7.677,44.731],[8.289,44.568],[8.343,44.22],[8.672,44.417],[8.897,44.437],[9.157,44.373],[9.692,44.22],[9.909,44.11],[10.137,43.905],[10.292,43.705],[10.488,43.236],[10.743,42.851],[11.105,42.549],[11.497,42.376],[11.96,42.007],[12.395,41.73],[12.642,41.531],[12.977,41.371],[13.271,41.314],[13.253,41.663],[13.387,41.852],[14.439,41.879],[14.739,42.047],[14.72,42.142],[14.519,42.23],[14.405,42.353],[14.093,42.61],[13.915,42.873],[13.792,43.123],[13.732,43.374],[13.601,43.535],[12.697,43.935],[12.345,44.301],[12.281,44.55],[12.274,44.673],[12.476,44.787],[12.523,44.883],[12.409,44.989],[12.322,45.042],[12.313,45.178],[12.176,45.214],[11.971,45.436],[12.145,45.763],[12.645,45.915],[13.081,45.98],[13.368,45.694],[13.438,45.638],[13.565,45.727],[13.673,45.715],[13.8,45.566],[13.995,45.458],[13.952,45.393],[13.799,45.306],[13.908,44.979],[14.175,45.01],[14.239,45.062],[14.354,45.323],[14.527,45.783],[14.798,45.865],[14.88,45.484],[15.424,45.43],[15.47,45.734],[16.122,45.582],[16.209,45.734],[16.079,45.886],[16.209,46.147],[16.448,46.104],[16.535,46.365],[16.296,46.408],[16.514,46.626],[16.448,46.778],[16.448,46.93],[16.557,47.06],[16.557,47.191],[16.644,47.3],[16.557,47.495],[16.482,48.196],[17.353,48.963],[17.87,48.8],[18.114,48.854],[18.114,48.99],[18.223,48.99],[18.25,49.181],[18.478,49.5],[18.522,49.561],[18.64,49.579],[18.316,49.847],[18.323,49.98],[17.656,50.046],[17.579,50.179],[17.327,50.179],[17.084,50.379],[16.417,50.512],[16.339,50.645],[16.086,50.645],[15.923,50.779],[15.931,50.979],[15.68,51.046],[15.693,51.38],[15.529,51.513],[15.534,51.647],[15.28,51.647],[15.212,52.116],[14.786,52.116],[14.535,52.25],[14.537,52.318],[14.459,52.519],[14.544,52.519],[14.549,52.654],[14.042,52.855],[14.048,53.057],[14.221,53.125],[14.226,53.26],[14.054,53.26],[14.058,53.395],[13.888,53.462],[13.978,53.597],[13.81,53.732],[13.81,53.755],[13.78,53.775],[13.738,54.03],[13.668,54.084],[13.435,54.031],[13.57,53.22],[13.60698615670561,52.31633822535483],[13.605252541730998,52.316033413930725],[11.672,52.353],[11.55,52.639],[11.753,52.842],[10.571,53.046],[10.205,53.698],[10.142,54.337],[9.885,54.254],[9.827,54.276],[9.739,54.276],[9.674,54.189],[9.449,54.189],[9.441,54.247],[9.296,54.247],[9.26,54.305],[9.216,54.29],[9.165,54.32],[9.136,54.298],[9.056,54.349],[8.962,54.276],[8.884,54.229],[8.853,54.168],[8.779,54.132],[8.833,54.066],[8.946,54.015],[8.819,53.969],[8.857,53.867],[9.125,53.79],[8.848,53.75],[8.54,53.801],[8.429,53.612],[8.502,53.449],[8.306,53.525],[8.189,53.531],[8.261,53.439],[8.242,53.352],[8.175,53.322],[8.029,53.373],[8.099,53.444],[7.969,53.638],[7.332,53.604],[7.166,53.592],[7.037,53.51],[6.981,53.317],[7.19,53.23],[7.16,53.164],[7.043,53.164],[7.009,53.245],[6.861,53.266],[6.751,53.39],[6.261,53.322],[5.966,53.335],[5.39,53.139],[5.332,53.011],[5.343,52.996],[5.358,52.938],[5.326,52.79],[5.653,52.75],[5.547,52.679],[5.556,52.587],[5.611,52.532],[5.817,52.521],[5.757,52.334],[5.574,52.283],[5.473,52.177],[4.95,52.278],[5.036,52.334],[5.006,52.557],[5.108,52.532],[5.235,52.623],[5.173,52.743],[5.008,52.856],[4.719,52.802],[4.641,52.756],[4.387,52.23],[4.264,52.071],[3.878,51.792],[3.52,51.579],[3.743,51.46],[3.775,51.388],[3.681,51.321],[3.438,51.008]]]}},{"type":"Feature","properties":{"NAME":"Bulgar Khanate","ABBREVN":"Bulgar Khan.","INFO_UR":null,"SUBJECTO":"Bulgar Khanate","BORDERPRECISION":1,"PARTOF":"Bulgar Khanate"},"geometry":{"type":"Polygon","coordinates":[[[16.808,44.935],[16.817,44.82],[18.889,44.471],[18.9,42.482],[19.88,42.14],[19.52,41.783],[19.607,41.762],[19.619,41.559],[19.499,41.524],[19.417,41.345],[19.53,41.218],[19.445,40.965],[19.527,40.866],[19.339,40.589],[19.494,40.403],[19.484,40.296],[19.38,40.324],[19.369,40.26],[19.804,40.017],[20.029,39.814],[20.091,39.603],[21.582,39.689],[22.695,39.834],[22.555,39.987],[22.526,40.064],[22.467,40.118],[22.49,40.231],[22.602,40.397],[22.492,40.498],[23.267,42.049],[23.731,42.175],[27.495,42.401],[27.502,42.516],[27.654,42.684],[27.836,42.736],[27.87,42.8],[27.887,43.064],[28.035,43.392],[28.187,43.45],[28.328,43.438],[28.446,43.476],[28.481,43.592],[28.53,43.843],[28.573,44.198],[28.686,44.488],[28.918,44.766],[29.09,44.876],[29.458,44.915],[29.579,45.058],[29.711,45.258],[29.683,45.375],[29.536,45.452],[29.5,45.523],[29.63,45.75],[29.73,45.77],[30.069,45.861],[30.444,46.185],[30.306,46.316],[29.941,46.545],[29.579,46.615],[28.932,47.158],[27.615,46.9],[27.366,46.34],[26.517,45.818],[23.056,45.034],[22.664,44.642],[22.338,44.773],[22.077,44.446],[21.358,44.773],[20.705,44.642],[20.314,44.901],[19.785,44.936],[17.949,44.813],[17.827,45.139],[17.338,45.139],[16.808,44.935]]]}},{"type":"Feature","properties":{"NAME":"Icelandic Commonwealth","ABBREVN":"Iceland","INFO_UR":null,"SUBJECTO":"Icelandic Commonwealth","BORDERPRECISION":1,"PARTOF":"Icelandic Commonwealth"},"geometry":{"type":"Polygon","coordinates":[[[-24.219,65.534],[-24.147,65.439],[-23.678,65.317],[-23.374,65.354],[-23.183,65.427],[-22.814,65.471],[-22.362,65.45],[-22.146,65.385],[-21.955,65.378],[-21.794,65.298],[-21.729,65.182],[-21.809,65.037],[-21.978,64.95],[-22.45,64.906],[-22.778,64.855],[-23.136,64.847],[-23.437,64.804],[-23.611,64.746],[-23.675,64.659],[-23.508,64.559],[-22.554,64.625],[-22.392,64.662],[-22.279,64.619],[-22.086,64.44],[-21.857,64.383],[-21.488,64.376],[-21.804,64.11],[-22.311,63.952],[-22.507,63.866],[-22.373,63.773],[-21.548,63.718],[-21.079,63.711],[-20.88,63.74],[-20.404,63.698],[-19.827,63.478],[-19.553,63.415],[-18.961,63.337],[-18.642,63.324],[-18.157,63.367],[-17.944,63.425],[-17.591,63.689],[-17.244,63.733],[-16.918,63.733],[-16.534,63.784],[-15.876,63.993],[-15.634,64.057],[-15.267,64.28],[-15.077,64.209],[-14.821,64.195],[-14.598,64.267],[-14.366,64.476],[-14.348,64.67],[-14.26,64.713],[-13.893,64.721],[-13.694,64.779],[-13.557,65.009],[-13.526,65.183],[-13.59,65.43],[-13.647,65.495],[-14.4,65.567],[-14.754,65.697],[-14.641,65.945],[-14.763,66.055],[-15.071,66.061],[-15.574,66.207],[-15.86,66.419],[-16.385,66.454],[-16.376,66.132],[-16.568,66.029],[-16.922,65.978],[-17.57,66.013],[-18.022,66.078],[-17.861,65.837],[-17.884,65.757],[-18.128,65.786],[-18.369,65.895],[-18.676,66.091],[-19.044,66.017],[-19.165,66.003],[-19.275,65.929],[-19.156,65.725],[-19.239,65.667],[-19.336,65.674],[-19.556,65.768],[-19.748,65.907],[-19.973,66.111],[-20.217,66.001],[-20.141,65.651],[-20.168,65.556],[-20.389,65.475],[-20.672,65.424],[-20.831,65.366],[-21.08,65.205],[-21.495,65.568],[-21.296,65.699],[-21.242,65.882],[-21.443,66.13],[-21.779,66.254],[-22.21,66.29],[-22.676,66.391],[-22.841,66.281],[-22.56,66.113],[-22.474,65.996],[-22.609,65.923],[-22.911,65.944],[-23.341,66.134],[-23.466,66.133],[-23.608,65.98],[-23.426,65.827],[-23.267,65.725],[-23.571,65.681],[-23.973,65.687],[-24.162,65.607],[-24.219,65.534]]]}},{"type":"Feature","properties":{"NAME":"Denmark-Norway","ABBREVN":"","INFO_UR":null,"SUBJECTO":"Denmark-Norway","BORDERPRECISION":1,"PARTOF":"Denmark-Norway"},"geometry":{"type":"MultiPolygon","coordinates":[[[[-25,69.319],[-24.897,69.392],[-24.584,69.34],[-24.333,69.333],[-23.444,69.568],[-22.732,69.774],[-22.158,70.056],[-22.434,70.079],[-23.009,70.093],[-23.459,70.092],[-23.587,70.084],[-23.775,70.145],[-24.195,70.243],[-24.585,70.304],[-25,70.296],[-25,69.319]]],[[[-25,71.468],[-24.913,71.437],[-24.386,71.183],[-24.227,71.059],[-24.04,70.774],[-23.754,70.59],[-23.084,70.468],[-22.616,70.484],[-22.203,70.485],[-21.714,70.386],[-21.547,70.44],[-21.471,70.532],[-21.592,71.211],[-21.726,71.405],[-21.904,71.497],[-22.03,71.435],[-22.431,71.341],[-22.649,71.745],[-22.818,71.87],[-23.247,72],[-25,72],[-25,71.468]]],[[[4.98,60.689],[5.075,60.592],[5.255,60.564],[5.456,60.592],[5.551,60.509],[5.262,60.327],[5.096,60.264],[5.279,60.125],[5.525,60.168],[5.894,60.161],[5.806,59.949],[5.632,59.884],[5.543,59.824],[5.694,59.753],[5.911,59.753],[6.185,59.824],[5.97,59.711],[5.667,59.676],[5.741,59.628],[5.646,59.586],[5.449,59.658],[5.419,59.515],[5.383,59.711],[5.087,59.509],[5.177,59.307],[5.283,59.272],[5.35,59.39],[5.344,59.266],[5.529,59.266],[5.717,59.337],[5.683,59.414],[5.68,59.509],[5.8,59.432],[5.816,59.313],[6.113,59.527],[6.076,59.42],[5.878,59.313],[6.02,59.254],[6.238,59.284],[6.033,59.201],[5.772,59.076],[5.822,59.017],[5.94,58.934],[6.051,58.981],[6.266,58.993],[6.041,58.952],[5.984,58.887],[6.094,58.798],[5.794,58.916],[5.666,58.822],[5.627,58.964],[5.475,58.976],[5.531,58.881],[5.4,58.715],[5.615,58.455],[5.874,58.432],[6.231,58.278],[6.652,58.172],[6.479,58.09],[6.644,58.042],[6.726,58.137],[6.874,58.078],[6.959,57.972],[7.908,58.066],[8.03,58.066],[8.154,58.09],[8.175,58.172],[8.922,58.538],[9.372,58.786],[9.346,58.845],[9.698,58.999],[9.938,58.94],[10.172,58.987],[10.211,59.07],[10.363,59.213],[10.43,59.26],[10.379,59.367],[10.407,59.497],[10.57,59.581],[10.634,59.45],[10.549,59.379],[10.657,59.224],[10.769,59.118],[10.829,59.106],[11.112,59.165],[11.179,59.07],[11.039,58.91],[11.14,58.851],[11.221,58.308],[11.407,58.331],[11.431,58.202],[11.614,58.247],[11.802,58.178],[11.709,58.025],[11.61,57.807],[11.736,57.698],[12.488,58.563],[12.423,60.039],[12.436,60.278],[12.548,60.434],[12.431,60.626],[12.174,60.956],[12.597,61.029],[12.792,61.33],[13.155,62.024],[14.536,63.098],[17.009,67.248],[19.58,69.181],[19.289,69.211],[18.985,69.315],[18.553,69.247],[18.319,69.359],[18.097,69.058],[18.052,69.028],[17.928,69.005],[17.895,69.035],[17.566,68.974],[17.449,68.887],[17.407,68.772],[17.04,68.659],[16.855,68.558],[17.126,68.416],[17.033,68.338],[16.719,68.311],[16.522,68.341],[16.649,68.046],[16.412,67.874],[16.233,67.911],[16.071,68.045],[15.92,68.049],[15.854,67.925],[15.572,67.821],[15.762,67.676],[15.746,67.597],[15.58,67.583],[15.385,67.464],[15.227,67.509],[14.976,67.523],[14.699,67.374],[14.569,67.329],[14.616,67.245],[14.778,67.217],[14.639,67.123],[14.373,67.093],[14.055,66.975],[13.859,66.959],[13.747,66.922],[13.992,66.687],[13.592,66.657],[13.383,66.679],[13.242,66.569],[13.169,66.458],[13.255,66.393],[13.403,66.349],[13.581,66.188],[13.152,66.136],[13.109,66.034],[13.087,65.88],[12.709,65.909],[12.479,65.617],[12.284,65.435],[12.496,65.384],[12.526,65.109],[12.222,65.101],[12.112,65.13],[11.896,64.913],[11.69,64.776],[11.47,64.675],[11.407,64.617],[11.508,64.517],[11.364,64.416],[11.214,64.416],[10.997,64.494],[10.891,64.473],[10.74,64.386],[10.066,64.056],[9.87,63.876],[9.832,63.684],[9.441,63.498],[9.216,63.284],[9.154,63.319],[8.957,63.404],[8.606,63.325],[8.472,63.176],[8.258,63.054],[8.231,62.841],[7.989,62.94],[7.606,62.904],[7.088,62.91],[6.982,62.846],[7.102,62.705],[7.547,62.599],[7.289,62.486],[6.989,62.542],[6.613,62.583],[6.533,62.336],[6.308,62.286],[6.053,62.335],[5.824,62.179],[5.565,62.15],[5.47,62.094],[5.426,62.009],[5.528,61.933],[5.719,61.88],[5.834,61.819],[5.797,61.77],[5.592,61.79],[5.149,61.741],[5.101,61.699],[5.141,61.39],[5.018,61.305],[5.12,61.137],[5.387,61.026],[5.109,60.906],[4.98,60.689]]],[[[8.112,55.597],[8.13,55.534],[8.215,55.506],[8.27,55.507],[8.295,55.538],[8.387,55.522],[8.545,55.459],[8.64,55.355],[8.673,55.209],[8.643,55.152],[8.552,55.182],[8.494,55.179],[8.469,55.142],[8.467,55.108],[8.486,55.076],[8.541,55.074],[8.631,55.101],[8.637,55.095],[8.645,55.069],[8.596,54.761],[8.742,54.608],[8.951,54.419],[8.852,54.332],[8.554,54.275],[8.581,54.194],[8.884,54.229],[8.962,54.276],[9.056,54.349],[9.136,54.298],[9.165,54.32],[9.216,54.29],[9.26,54.305],[9.296,54.247],[9.441,54.247],[9.449,54.189],[9.674,54.189],[9.739,54.276],[9.827,54.276],[9.885,54.254],[10.142,54.337],[10.065,54.434],[9.865,54.411],[9.978,54.49],[9.987,54.592],[9.864,54.726],[9.671,54.843],[9.708,54.835],[9.735,54.868],[9.73,54.949],[9.66,55.023],[9.526,55.09],[9.517,55.142],[9.631,55.179],[9.664,55.253],[9.613,55.365],[9.646,55.467],[9.761,55.559],[9.752,55.63],[9.617,55.681],[9.661,55.706],[9.882,55.705],[10.007,55.732],[10.035,55.787],[10.003,55.822],[9.911,55.838],[10.108,55.833],[10.212,55.876],[10.257,55.971],[10.264,56.051],[10.232,56.114],[10.262,56.182],[10.354,56.255],[10.428,56.284],[10.481,56.271],[10.47,56.248],[10.392,56.213],[10.401,56.171],[10.498,56.123],[10.562,56.13],[10.595,56.192],[10.645,56.209],[10.712,56.179],[10.789,56.209],[10.877,56.299],[10.931,56.369],[10.951,56.42],[10.917,56.467],[10.83,56.512],[10.667,56.545],[10.428,56.567],[10.278,56.551],[10.218,56.496],[10.196,56.49],[10.211,56.532],[10.255,56.575],[10.327,56.617],[10.357,56.653],[10.345,56.681],[10.221,56.684],[9.984,56.662],[9.976,56.675],[10.196,56.724],[10.307,56.806],[10.31,56.923],[10.227,57.004],[10.059,57.049],[9.808,57.054],[9.476,57.019],[9.277,56.98],[9.211,56.938],[9.175,56.857],[9.169,56.738],[9.201,56.684],[9.27,56.695],[9.322,56.666],[9.358,56.599],[9.363,56.555],[9.335,56.535],[9.31,56.552],[9.286,56.604],[9.22,56.614],[9.113,56.583],[9.082,56.601],[9.129,56.67],[9.133,56.73],[9.095,56.782],[9.045,56.807],[8.983,56.805],[8.885,56.759],[8.749,56.666],[8.702,56.606],[8.744,56.578],[8.755,56.544],[8.737,56.503],[8.609,56.513],[8.369,56.574],[8.243,56.631],[8.228,56.683],[8.207,56.695],[8.179,56.667],[8.151,56.494],[8.116,56.041],[8.13,56.088],[8.167,56.104],[8.226,56.09],[8.291,56.036],[8.362,55.944],[8.345,55.876],[8.239,55.832],[8.172,55.854],[8.142,55.942],[8.171,55.804],[8.161,55.695],[8.112,55.597]],[[9.567,54.902],[9.615,54.91],[9.618,54.875],[9.567,54.902]]],[[[8.246,56.739],[8.319,56.676],[8.476,56.614],[8.564,56.608],[8.582,56.66],[8.547,56.684],[8.46,56.68],[8.48,56.745],[8.607,56.878],[8.782,56.972],[9.004,57.026],[9.148,57.038],[9.212,57.01],[9.435,57.019],[9.816,57.066],[10.089,57.065],[10.254,57.016],[10.388,57.051],[10.491,57.17],[10.515,57.321],[10.46,57.502],[10.486,57.628],[10.593,57.7],[10.472,57.698],[10.124,57.622],[9.81,57.475],[9.53,57.259],[9.197,57.144],[8.81,57.129],[8.529,57.049],[8.352,56.905],[8.258,56.801],[8.246,56.739]]],[[[8.371,55.438],[8.418,55.368],[8.448,55.345],[8.462,55.357],[8.46,55.403],[8.434,55.434],[8.385,55.45],[8.371,55.438]]],[[[8.544,56.774],[8.574,56.725],[8.703,56.703],[8.806,56.749],[8.885,56.862],[8.856,56.911],[8.719,56.897],[8.615,56.851],[8.544,56.774]]],[[[9.671,55.056],[9.673,55.04],[9.757,55.021],[9.81,54.994],[9.833,54.959],[9.823,54.952],[9.781,54.971],[9.767,54.962],[9.78,54.925],[9.857,54.898],[10,54.883],[10.046,54.908],[9.997,54.975],[9.927,55.025],[9.837,55.058],[9.752,55.069],[9.671,55.056]]],[[[9.795,55.395],[10.033,55.188],[10.239,55.071],[10.412,55.043],[10.569,55.052],[10.712,55.099],[10.796,55.165],[10.822,55.251],[10.812,55.341],[10.768,55.435],[10.714,55.516],[10.651,55.585],[10.616,55.586],[10.609,55.52],[10.574,55.474],[10.51,55.45],[10.463,55.442],[10.432,55.449],[10.433,55.473],[10.468,55.513],[10.441,55.554],[10.353,55.596],[10.151,55.588],[9.834,55.529],[9.795,55.395]]],[[[10.2,54.956],[10.232,54.922],[10.294,54.889],[10.435,54.847],[10.439,54.858],[10.377,54.891],[10.248,54.946],[10.2,54.956]]],[[[10.511,54.992],[10.537,54.964],[10.566,54.95],[10.599,54.95],[10.662,54.98],[10.666,55.003],[10.643,55.03],[10.599,55.034],[10.532,55.016],[10.511,54.992]]],[[[10.525,55.928],[10.527,55.82],[10.549,55.765],[10.592,55.764],[10.618,55.789],[10.626,55.84],[10.604,55.895],[10.55,55.952],[10.525,55.928]]],[[[10.677,54.793],[10.695,54.76],[10.736,54.771],[10.805,54.873],[10.901,55.065],[10.882,55.098],[10.749,54.972],[10.68,54.87],[10.677,54.793]]],[[[10.89,57.253],[10.962,57.233],[11.047,57.245],[11.146,57.289],[11.153,57.313],[11.068,57.318],[10.983,57.306],[10.897,57.277],[10.89,57.253]]],[[[10.928,55.715],[11.035,55.68],[11.129,55.547],[11.207,55.315],[11.368,55.201],[11.61,55.203],[11.748,55.192],[11.781,55.168],[11.781,55.132],[11.747,55.084],[11.816,55.038],[11.987,54.992],[12.097,54.976],[12.147,54.991],[12.174,55.028],[12.179,55.088],[12.14,55.128],[12.057,55.15],[12.127,55.193],[12.35,55.255],[12.394,55.334],[12.259,55.431],[12.293,55.535],[12.498,55.648],[12.579,55.758],[12.537,55.866],[12.528,55.938],[12.598,56.022],[12.699,55.905],[12.986,55.667],[12.859,55.533],[12.888,55.452],[12.802,55.417],[12.802,55.353],[13.302,55.301],[13.823,55.422],[14.117,55.347],[14.286,55.515],[14.126,55.667],[14.259,55.899],[14.492,56.018],[14.605,55.981],[14.653,56.121],[15.221,56.08],[15.497,56.167],[15.696,56.061],[15.771,56.033],[16.063,56.396],[15.427,56.766],[14.485,56.68],[14.175,56.813],[13.432,56.524],[13.226,57.102],[12.896,56.978],[12.731,57.432],[12.524,57.391],[12.318,57.68],[11.877,57.325],[12.005,57.325],[12.289,56.88],[12.526,56.78],[12.657,56.611],[12.786,56.617],[12.872,56.512],[12.805,56.401],[12.615,56.436],[12.652,56.296],[12.414,56.243],[12.581,56.042],[12.537,56.064],[12.373,56.107],[12.183,56.088],[11.967,56.007],[11.905,55.956],[11.995,55.935],[12.053,55.871],[12.08,55.764],[12.085,55.697],[12.066,55.668],[12.027,55.653],[11.966,55.653],[11.966,55.676],[12.027,55.72],[12.021,55.789],[11.95,55.883],[11.884,55.863],[11.824,55.729],[11.763,55.7],[11.702,55.776],[11.694,55.852],[11.741,55.927],[11.641,55.971],[11.396,55.985],[11.332,55.961],[11.448,55.898],[11.433,55.825],[11.285,55.741],[11.127,55.707],[10.958,55.724],[10.928,55.715]]],[[[11,54.822],[11.106,54.748],[11.339,54.662],[11.556,54.635],[11.756,54.667],[11.854,54.704],[11.853,54.725],[11.9,54.655],[11.966,54.596],[11.968,54.665],[12.02,54.734],[12.12,54.804],[12.137,54.853],[12.071,54.879],[11.956,54.904],[11.791,54.926],[11.773,54.843],[11.803,54.799],[11.705,54.869],[11.621,54.885],[11.55,54.848],[11.427,54.861],[11.252,54.925],[11.131,54.946],[11.065,54.925],[11.021,54.884],[11,54.822]]],[[[11.519,56.699],[11.55,56.68],[11.587,56.683],[11.648,56.721],[11.54,56.712],[11.519,56.699]]],[[[12.133,54.898],[12.167,54.886],[12.277,54.901],[12.464,54.943],[12.496,54.982],[12.373,55.017],[12.263,55.002],[12.165,54.937],[12.133,54.898]]],[[[12.529,55.595],[12.563,55.566],[12.604,55.561],[12.654,55.581],[12.66,55.617],[12.624,55.67],[12.583,55.675],[12.535,55.631],[12.529,55.595]]],[[[14.696,55.149],[14.773,55.074],[14.959,55.021],[15.074,55.031],[15.119,55.103],[15.042,55.178],[14.845,55.256],[14.73,55.247],[14.696,55.149]]]]}},{"type":"Feature","properties":{"NAME":"Peshemegs","ABBREVN":"Peshemegs","INFO_UR":null,"SUBJECTO":"Peshemegs","BORDERPRECISION":1,"PARTOF":"Peshemegs"},"geometry":{"type":"Polygon","coordinates":[[[28.932,47.158],[29.579,46.615],[29.941,46.545],[30.306,46.316],[30.444,46.185],[30.52,46.251],[30.833,46.577],[31.087,46.636],[31.538,46.701],[31.781,46.702],[31.951,46.865],[32.008,46.639],[32.189,46.592],[31.926,46.41],[32.114,46.216],[32.202,46.17],[32.516,46.126],[33.333,46.166],[33.528,46.134],[33.639,45.927],[33.539,45.875],[33.184,45.739],[32.902,45.673],[32.503,45.445],[32.575,45.361],[32.643,45.381],[32.937,45.342],[33.276,45.154],[33.382,45.187],[33.517,45.124],[33.559,44.936],[33.528,44.872],[35.042,45.372],[34.99,45.45],[35.032,45.534],[35.008,45.612],[34.649,45.786],[34.466,45.767],[34.619,45.935],[34.503,45.876],[34.449,45.911],[34.412,45.89],[34.39,45.888],[34.38,45.901],[34.388,45.95],[34.271,46.027],[34.227,46.021],[34.19,46.03],[34.182,46.016],[34.187,45.956],[34.164,45.944],[34.14,45.963],[34.133,46.01],[34.121,46.026],[34.072,46.059],[33.998,46.072],[33.96,46.04],[33.924,46.039],[33.885,46.06],[33.831,46.143],[33.771,46.133],[33.708,46.182],[33.696,46.2],[33.704,46.215],[33.728,46.228],[33.848,46.231],[33.911,46.216],[34.064,46.265],[34.159,46.244],[34.159,46.267],[34.175,46.266],[34.217,46.23],[34.491,46.168],[34.812,46.181],[35.038,46.252],[35.12,46.299],[35.217,46.405],[35.198,46.443],[35.347,46.355],[35.352,46.332],[35.511,46.455],[35.646,46.499],[35.726,46.571],[35.806,46.616],[35.907,46.651],[36.067,46.67],[36.213,46.661],[36.241,46.631],[36.865,46.809],[37.193,46.894],[37.422,47.077],[37.859,47.104],[38.8,47.229],[39.16,47.269],[39.194,47.243],[39.202,47.228],[41.847,48.475],[45.088,48.122],[48.051,45.721],[48.303,45.768],[48.635,45.975],[48.77,45.885],[48.833,45.921],[48.833,46.083],[48.887,46.083],[49.058,46.137],[49.238,46.263],[49.313,46.353],[49.535,46.542],[49.723,46.533],[49.948,46.56],[50.272,46.685],[50.632,46.91],[50.82,46.919],[51.117,47.063],[51.369,47.09],[51.675,47.036],[51.791,47.009],[51.935,46.892],[52.142,46.838],[52.376,46.874],[52.466,46.91],[52.556,46.982],[53.023,46.919],[53.185,46.865],[53.23,46.73],[53.284,46.676],[53.167,46.586],[53.122,46.497],[53.185,46.425],[53.257,46.317],[53.203,46.191],[53.149,45.957],[53.05,45.831],[52.924,45.732],[52.835,45.642],[52.844,45.507],[53.059,45.454],[53.284,45.328],[53.059,45.337],[52.61,45.4],[51.998,45.382],[51.845,45.436],[51.773,45.391],[51.63,45.355],[51.513,45.373],[51.459,45.31],[51.378,45.175],[51.342,45.058],[51.216,45.04],[51.099,44.878],[51.189,44.77],[51.486,44.626],[51.576,44.554],[51.414,44.518],[51.333,44.482],[50.874,44.626],[50.542,44.644],[50.407,44.617],[50.335,44.563],[50.326,44.365],[50.389,44.294],[50.703,44.258],[50.955,44.204],[50.991,44.078],[51.171,43.718],[51.261,43.61],[51.369,43.556],[51.459,43.385],[51.423,43.259],[51.423,43.17],[51.738,43.179],[51.881,43.053],[51.98,42.909],[52.07,42.828],[52.295,42.873],[52.376,42.801],[52.583,42.828],[52.763,42.756],[52.835,42.648],[52.754,42.558],[52.736,42.423],[52.673,42.279],[52.583,42.189],[52.52,42.073],[52.574,42.019],[52.601,41.938],[52.559,41.758],[52.683,41.694],[52.711,41.607],[52.692,41.531],[52.855,41.387],[52.97,41.138],[52.96,41.272],[52.932,41.378],[52.999,41.684],[52.941,41.77],[52.98,41.904],[53.066,42.029],[53.267,42.086],[53.458,42.096],[53.736,42.134],[53.985,42.106],[54.024,42.048],[54.024,41.857],[54.119,41.78],[54.138,41.627],[54.167,41.483],[54.206,41.464],[60,42.948],[60,43.622],[59.716,43.669],[59.505,43.914],[59.248,43.854],[59.126,44.002],[59.008,43.979],[59.019,43.861],[58.827,43.844],[58.78,43.747],[58.596,43.757],[58.367,43.737],[58.345,43.866],[58.4,44.167],[58.242,44.359],[58.23,44.452],[58.199,44.52],[58.257,44.577],[58.297,44.638],[58.295,44.708],[58.251,44.786],[58.232,44.851],[58.238,44.903],[58.272,44.982],[58.378,45.178],[58.404,45.253],[58.449,45.322],[58.514,45.386],[58.56,45.457],[58.589,45.537],[58.611,45.585],[58.628,45.6],[58.655,45.716],[58.681,45.784],[58.721,45.848],[58.815,45.931],[58.881,45.956],[58.957,45.968],[59.07,46.001],[59.143,46.007],[59.198,46.023],[59.329,46.026],[59.366,45.99],[59.36,45.933],[59.301,45.88],[59.287,45.835],[59.431,45.803],[59.55,45.994],[59.546,46.239],[59.481,46.317],[59.531,46.343],[59.749,46.322],[59.779,46.301],[59.801,46.255],[59.815,46.181],[60,46.21],[60,49.577],[55.754,51.084],[44.826,52.12],[39.766,52.497],[39.302,51.709],[32.924,49.355],[33.194,49.119],[33.194,49.094],[33.163,48.994],[33.076,49.004],[33.043,49.063],[32.981,49.083],[32.863,49.087],[32.77,49.116],[32.568,49.224],[30.445,48.44],[30.463,48.396],[29.88,48.321],[29.637,47.296],[28.932,47.158]],[[33.54,46.831],[33.576,46.883],[33.63,47.034],[33.655,47.05],[33.667,47.042],[33.705,47.061],[33.761,47.119],[33.777,47.163],[33.934,47.282],[33.963,47.331],[33.965,47.359],[33.936,47.541],[33.984,47.556],[34.067,47.558],[34.211,47.536],[34.24,47.575],[34.266,47.59],[34.316,47.567],[34.38,47.558],[34.436,47.569],[34.487,47.593],[34.731,47.578],[34.997,47.588],[35.088,47.676],[35.086,47.824],[35.106,47.842],[35.13,47.84],[35.242,47.647],[35.302,47.492],[35.269,47.45],[35.213,47.45],[35.049,47.428],[34.961,47.406],[34.808,47.463],[34.592,47.52],[34.419,47.487],[34.19,47.42],[34.177,47.389],[34.183,47.346],[34.173,47.325],[34.097,47.316],[33.904,47.159],[33.718,46.941],[33.687,46.861],[33.559,46.822],[33.54,46.831]]]}}],"metadata":{"source":"historical-basemaps (aourednik)","sourceUrl":"https://github.com/aourednik/historical-basemaps","license":"GPL-3.0","commit":"62d8f1a03a71f2d3ff17f2d166f7553f256bce68","borderPrecision":"概略（出典が全境界を概略と宣言）"}}