{"type":"FeatureCollection","features":[{"type":"Feature","properties":{"NAME":null,"ABBREVN":null,"wikipedia":null,"SUBJECTO":null,"BORDERPRECISION":1,"PARTOF":null},"geometry":{"type":"MultiPolygon","coordinates":[[[[-24.219,65.534],[-24.162,65.607],[-23.973,65.687],[-23.571,65.681],[-23.267,65.725],[-23.426,65.827],[-23.608,65.98],[-23.466,66.133],[-23.341,66.134],[-22.911,65.944],[-22.609,65.923],[-22.474,65.996],[-22.56,66.113],[-22.841,66.281],[-22.676,66.391],[-22.21,66.29],[-21.779,66.254],[-21.443,66.13],[-21.242,65.882],[-21.296,65.699],[-21.495,65.568],[-21.08,65.205],[-20.831,65.366],[-20.672,65.424],[-20.389,65.475],[-20.168,65.556],[-20.141,65.651],[-20.217,66.001],[-19.973,66.111],[-19.748,65.907],[-19.556,65.768],[-19.336,65.674],[-19.239,65.667],[-19.156,65.725],[-19.275,65.929],[-19.165,66.003],[-19.044,66.017],[-18.676,66.091],[-18.369,65.895],[-18.128,65.786],[-17.884,65.757],[-17.861,65.837],[-18.022,66.078],[-17.57,66.013],[-16.922,65.978],[-16.568,66.029],[-16.376,66.132],[-16.385,66.454],[-15.86,66.419],[-15.574,66.207],[-15.071,66.061],[-14.763,66.055],[-14.641,65.945],[-14.754,65.697],[-14.4,65.567],[-13.647,65.495],[-13.59,65.43],[-13.526,65.183],[-13.557,65.009],[-13.694,64.779],[-13.893,64.721],[-14.26,64.713],[-14.348,64.67],[-14.366,64.476],[-14.598,64.267],[-14.821,64.195],[-15.077,64.209],[-15.267,64.28],[-15.634,64.057],[-15.876,63.993],[-16.534,63.784],[-16.918,63.733],[-17.244,63.733],[-17.591,63.689],[-17.944,63.425],[-18.157,63.367],[-18.642,63.324],[-18.961,63.337],[-19.553,63.415],[-19.827,63.478],[-20.404,63.698],[-20.88,63.74],[-21.079,63.711],[-21.548,63.718],[-22.373,63.773],[-22.507,63.866],[-22.311,63.952],[-21.804,64.11],[-21.488,64.376],[-21.857,64.383],[-22.086,64.44],[-22.279,64.619],[-22.392,64.662],[-22.554,64.625],[-23.508,64.559],[-23.675,64.659],[-23.611,64.746],[-23.437,64.804],[-23.136,64.847],[-22.778,64.855],[-22.45,64.906],[-21.978,64.95],[-21.809,65.037],[-21.729,65.182],[-21.794,65.298],[-21.955,65.378],[-22.146,65.385],[-22.362,65.45],[-22.814,65.471],[-23.183,65.427],[-23.374,65.354],[-23.678,65.317],[-24.147,65.439],[-24.219,65.534]]]]}},{"type":"Feature","properties":{"NAME":"Spain","ABBREVN":"Spain","wikipedia":null,"SUBJECTO":"Spain","BORDERPRECISION":1,"PARTOF":"Spain"},"geometry":{"type":"MultiPolygon","coordinates":[[[[-9.271,43.049],[-9.247,42.901],[-9.173,42.856],[-8.942,42.824],[-8.644,42.42],[-8.799,42.195],[-8.86,42.015],[-8.806,41.889],[-8.405,42.002],[-8.157,42.087],[-7.919,41.889],[-7.098,41.868],[-6.86,41.985],[-6.709,41.96],[-6.586,41.858],[-6.518,41.749],[-6.139,41.526],[-6.112,41.417],[-6.241,41.32],[-6.797,41.093],[-6.834,41.061],[-6.857,40.862],[-6.825,40.657],[-6.884,40.214],[-6.859,39.792],[-6.878,39.702],[-7.084,39.599],[-7.301,39.579],[-7.431,39.521],[-7.211,39.298],[-6.933,38.961],[-7.089,38.795],[-7.317,38.5],[-7.394,38.295],[-7.028,38.24],[-6.845,38.1],[-7.243,37.811],[-7.351,37.644],[-7.492,37.208],[-7.228,37.226],[-6.948,37.149],[-6.632,37.022],[-6.422,36.792],[-6.5,36.719],[-6.444,36.623],[-6.289,36.572],[-6.305,36.454],[-6.204,36.282],[-5.85,36.072],[-5.661,36.008],[-5.485,36.065],[-5.488,36.174],[-5.457,36.167],[-5.424,36.072],[-5.387,36.11],[-5.374,36.237],[-5.217,36.41],[-4.757,36.486],[-4.447,36.722],[-2.97,36.741],[-2.915,36.69],[-2.761,36.69],[-2.624,36.811],[-2.355,36.824],[-2.239,36.728],[-1.94,36.952],[-1.817,37.292],[-1.626,37.439],[-1.365,37.548],[-0.918,37.57],[-0.803,37.615],[-0.872,37.76],[-0.665,38.177],[-0.564,38.215],[-0.435,38.43],[0.173,38.738],[0.126,38.821],[-0.166,38.954],[-0.236,39.062],[-0.395,39.434],[-0.161,39.886],[0.238,40.24],[0.505,40.593],[0.788,40.657],[0.827,40.727],[0.71,40.785],[0.734,40.875],[0.879,41.022],[1.311,41.157],[2.081,41.298],[2.201,41.446],[2.628,41.62],[3.129,41.857],[3.157,42.076],[3.086,42.121],[3.087,42.369],[3.002,42.771],[3.039,42.869],[2.949,42.883],[2.825,42.85],[2.701,42.73],[2.49,42.719],[2.481,42.686],[2.272,42.69],[2.103,42.615],[1.728,42.501],[1.729,42.516],[1.726,42.505],[1.711,42.492],[1.667,42.5],[1.655,42.467],[1.599,42.467],[1.579,42.45],[1.56,42.458],[1.552,42.433],[1.517,42.429],[1.452,42.437],[1.443,42.444],[1.448,42.46],[1.439,42.477],[1.42,42.485],[1.465,42.508],[1.451,42.54],[1.414,42.537],[1.423,42.556],[1.444,42.569],[1.427,42.586],[1.445,42.604],[1.473,42.61],[1.47,42.622],[1.456,42.619],[1.318,42.612],[1.307,42.635],[0.744,42.772],[0.584,42.772],[0.592,42.628],[0.348,42.635],[0.196,42.608],[0.18,42.663],[-0.166,42.649],[-0.216,42.717],[-0.41,42.786],[-0.469,42.751],[-0.587,42.765],[-0.612,42.731],[-0.84,42.909],[-0.907,42.881],[-1.397,43.032],[-1.448,42.984],[-1.515,42.998],[-1.558,43.045],[-1.466,43.155],[-1.491,43.21],[-1.702,43.196],[-1.915,43.305],[-2.066,43.333],[-2.367,43.326],[-2.768,43.538],[-3.007,43.55],[-3.196,43.447],[-3.417,43.376],[-3.848,43.439],[-4.802,43.469],[-5.225,43.507],[-5.537,43.577],[-5.82,43.706],[-5.98,43.705],[-6.468,43.563],[-6.808,43.523],[-7.151,43.555],[-7.636,43.721],[-7.98,43.74],[-8.22,43.617],[-8.251,43.43],[-8.31,43.353],[-8.849,43.326],[-9.014,43.281],[-9.197,43.158],[-9.271,43.049]]],[[[1.567,42.646],[1.6,42.626],[1.637,42.63],[1.66,42.621],[1.667,42.622],[1.577,42.648],[1.567,42.646]]],[[[1.728,42.601],[1.731,42.588],[1.784,42.575],[1.792,42.579],[1.755,42.597],[1.73,42.604],[1.728,42.601]]]]}},{"type":"Feature","properties":{"NAME":"Portugal","ABBREVN":"Portugal","wikipedia":null,"SUBJECTO":"Portugal","BORDERPRECISION":1,"PARTOF":"Portugal"},"geometry":{"type":"Polygon","coordinates":[[[-9.549,38.775],[-9.522,38.69],[-9.362,38.671],[-9.176,38.732],[-9.041,38.92],[-8.961,38.818],[-8.942,38.742],[-9.069,38.643],[-9.285,38.619],[-9.237,38.417],[-8.854,38.5],[-8.789,38.436],[-8.847,38.385],[-8.823,38.206],[-8.933,37.962],[-8.851,37.91],[-8.842,37.525],[-9.017,37.07],[-8.991,36.99],[-8.667,37.121],[-8.541,37.089],[-8.28,37.089],[-8.034,37.009],[-7.836,37.032],[-7.603,37.163],[-7.492,37.208],[-7.351,37.644],[-7.243,37.811],[-6.845,38.1],[-7.028,38.24],[-7.394,38.295],[-7.317,38.5],[-7.089,38.795],[-6.933,38.961],[-7.211,39.298],[-7.431,39.521],[-7.301,39.579],[-7.084,39.599],[-6.878,39.702],[-6.859,39.792],[-6.884,40.214],[-6.825,40.657],[-6.857,40.862],[-6.834,41.061],[-6.797,41.093],[-6.241,41.32],[-6.112,41.417],[-6.139,41.526],[-6.518,41.749],[-6.586,41.858],[-6.709,41.96],[-6.86,41.985],[-7.098,41.868],[-7.919,41.889],[-8.157,42.087],[-8.405,42.002],[-8.806,41.889],[-8.921,41.767],[-8.855,41.597],[-8.852,41.408],[-8.694,40.992],[-8.97,40.19],[-8.916,40.138],[-9.118,39.644],[-9.299,39.418],[-9.415,39.367],[-9.398,39.23],[-9.46,38.953],[-9.549,38.775]]]}},{"type":"Feature","properties":{"NAME":"Greenland","ABBREVN":"Greenland","wikipedia":null,"SUBJECTO":"Greenland","BORDERPRECISION":1,"PARTOF":"Greenland"},"geometry":{"type":"MultiPolygon","coordinates":[[[[-25,69.319],[-24.897,69.392],[-24.584,69.34],[-24.333,69.333],[-23.444,69.568],[-22.732,69.774],[-22.158,70.056],[-22.434,70.079],[-23.009,70.093],[-23.459,70.092],[-23.587,70.084],[-23.775,70.145],[-24.195,70.243],[-24.585,70.304],[-25,70.296],[-25,69.319]]],[[[-25,71.468],[-24.913,71.437],[-24.386,71.183],[-24.227,71.059],[-24.04,70.774],[-23.754,70.59],[-23.084,70.468],[-22.616,70.484],[-22.203,70.485],[-21.714,70.386],[-21.547,70.44],[-21.471,70.532],[-21.592,71.211],[-21.726,71.405],[-21.904,71.497],[-22.03,71.435],[-22.431,71.341],[-22.649,71.745],[-22.818,71.87],[-23.247,72],[-25,72],[-25,71.468]]]]}},{"type":"Feature","properties":{"NAME":"Papal States","ABBREVN":"Papal States","wikipedia":null,"SUBJECTO":"Papal States","BORDERPRECISION":1,"PARTOF":"Papal States"},"geometry":{"type":"Polygon","coordinates":[[[11.14,44.34],[11.202,44.143],[11.323,44.158],[11.289,44.224],[11.455,44.274],[11.572,44.224],[11.555,44.191],[11.704,44.224],[11.688,44.257],[11.738,44.357],[11.804,44.34],[11.854,44.357],[11.904,44.324],[11.887,44.257],[11.937,44.091],[12.02,44.174],[12.086,44.174],[12.053,44.108],[12.037,43.925],[12.086,43.842],[12.169,43.892],[12.219,43.892],[12.12,43.743],[12.103,43.61],[12.12,43.477],[12.219,43.344],[12.302,43.344],[12.302,43.278],[12.219,43.228],[12.153,43.062],[12.169,42.912],[12.186,42.912],[12.153,42.696],[12.169,42.63],[12.053,42.53],[12.07,42.298],[12.003,42.248],[12.02,42.099],[11.963,42.005],[12.395,41.73],[12.642,41.531],[12.977,41.371],[13.271,41.314],[13.498,41.302],[13.761,41.207],[13.813,41.318],[13.979,41.335],[14.029,41.401],[13.963,41.468],[13.963,41.518],[13.929,41.634],[13.88,41.634],[13.88,41.667],[13.929,41.75],[13.863,41.783],[13.863,41.75],[13.647,41.8],[13.647,41.75],[13.597,41.8],[13.564,41.866],[13.631,41.933],[13.631,42.016],[13.581,42.049],[13.581,42.099],[13.415,42.198],[13.465,42.232],[13.415,42.364],[13.548,42.431],[13.631,42.53],[13.714,42.398],[13.763,42.464],[13.83,42.481],[13.83,42.564],[13.929,42.53],[13.996,42.613],[14.076,42.634],[13.915,42.873],[13.792,43.123],[13.732,43.374],[13.601,43.535],[12.697,43.935],[12.345,44.301],[12.281,44.55],[12.274,44.673],[12.378,44.732],[12.136,45.104],[12.037,45.137],[12.053,45.021],[11.97,45.038],[11.887,45.087],[11.771,45.071],[11.605,44.905],[11.24,45.071],[11.17,45.067],[11.339,44.855],[11.256,44.789],[11.173,44.606],[11.289,44.456],[11.289,44.373],[11.14,44.34]],[[12.404,43.949],[12.515,43.99],[12.506,43.958],[12.515,43.939],[12.493,43.917],[12.488,43.898],[12.478,43.897],[12.453,43.895],[12.443,43.906],[12.411,43.901],[12.408,43.921],[12.415,43.929],[12.404,43.949]]]}},{"type":"Feature","properties":{"NAME":"Sardinia","ABBREVN":"Sardinia","wikipedia":null,"SUBJECTO":"Spain","BORDERPRECISION":1,"PARTOF":"Sardinia"},"geometry":{"type":"Polygon","coordinates":[[[8.159,40.785],[8.202,40.663],[8.428,40.465],[8.488,40.209],[8.508,39.946],[8.465,39.64],[8.374,39.308],[8.417,39.212],[8.582,39.066],[8.696,38.996],[8.82,38.977],[8.931,39.054],[8.999,39.175],[9.063,39.22],[9.296,39.233],[9.479,39.144],[9.648,39.457],[9.698,39.693],[9.631,40.096],[9.696,40.314],[9.788,40.442],[9.794,40.564],[9.591,40.903],[9.306,41.184],[8.918,40.94],[8.766,40.863],[8.241,40.855],[8.159,40.785]]]}},{"type":"Feature","properties":{"NAME":"Naples","ABBREVN":"Naples","wikipedia":null,"SUBJECTO":"Naples","BORDERPRECISION":1,"PARTOF":"Naples"},"geometry":{"type":"Polygon","coordinates":[[[13.415,42.198],[13.581,42.099],[13.581,42.049],[13.631,42.016],[13.631,41.933],[13.564,41.866],[13.597,41.8],[13.647,41.75],[13.647,41.8],[13.863,41.75],[13.863,41.783],[13.929,41.75],[13.88,41.667],[13.88,41.634],[13.929,41.634],[13.963,41.518],[13.963,41.468],[14.029,41.401],[13.979,41.335],[13.813,41.318],[13.761,41.207],[13.797,41.193],[13.853,41.091],[13.942,40.998],[14.051,40.768],[14.24,40.853],[14.37,40.851],[14.495,40.73],[14.35,40.643],[14.334,40.594],[14.743,40.705],[14.951,40.551],[14.992,40.372],[14.899,40.241],[15.027,40.212],[15.432,39.989],[15.516,40.066],[15.666,40.092],[15.757,39.934],[15.825,39.661],[15.99,39.428],[16.083,39.012],[16.177,38.931],[16.212,38.778],[16.152,38.701],[15.99,38.735],[15.827,38.623],[15.933,38.54],[15.791,38.296],[15.627,38.233],[15.627,38.004],[15.71,37.941],[15.785,37.91],[16.053,37.931],[16.331,38.321],[16.572,38.457],[16.522,38.725],[16.613,38.827],[16.798,38.926],[17.095,38.915],[17.181,39.022],[17.121,39.086],[17.107,39.28],[17.149,39.422],[16.532,39.698],[16.535,39.832],[16.624,39.968],[16.604,40.09],[16.728,40.184],[16.844,40.363],[16.949,40.481],[17.084,40.525],[17.243,40.496],[17.204,40.398],[17.402,40.292],[17.619,40.288],[17.85,40.243],[17.968,40.167],[18.017,39.948],[18.16,39.873],[18.365,39.747],[18.523,40.094],[18.384,40.308],[18.06,40.514],[18.034,40.597],[17.319,40.929],[16.946,41.094],[16.42,41.279],[15.991,41.406],[15.873,41.502],[15.989,41.635],[16.198,41.746],[16.187,41.841],[16.013,41.904],[15.449,41.857],[14.922,41.972],[14.739,42.047],[14.72,42.142],[14.519,42.23],[14.405,42.353],[14.093,42.61],[14.076,42.634],[13.996,42.613],[13.929,42.53],[13.83,42.564],[13.83,42.481],[13.763,42.464],[13.714,42.398],[13.631,42.53],[13.548,42.431],[13.415,42.364],[13.465,42.232],[13.415,42.198]]]}},{"type":"Feature","properties":{"NAME":"Sicily","ABBREVN":"Sicily","wikipedia":null,"SUBJECTO":"Sicily","BORDERPRECISION":1,"PARTOF":"Sicily"},"geometry":{"type":"Polygon","coordinates":[[[12.454,37.766],[12.532,37.639],[12.637,37.582],[13.012,37.525],[13.868,37.157],[14.216,37.049],[14.622,36.776],[14.942,36.739],[15.027,36.745],[15.221,37],[15.301,37.058],[15.116,37.287],[15.112,37.459],[15.181,37.682],[15.423,38.053],[15.473,38.11],[15.454,38.167],[15.387,38.206],[14.766,38.058],[14.134,37.973],[13.81,37.966],[13.628,38.03],[13.322,38.221],[13.066,38.067],[12.783,38.117],[12.664,38.072],[12.517,37.919],[12.454,37.766]]]}},{"type":"Feature","properties":{"NAME":null,"ABBREVN":null,"wikipedia":null,"SUBJECTO":null,"BORDERPRECISION":1,"PARTOF":null},"geometry":{"type":"MultiPolygon","coordinates":[[[[46.846,44.446],[46.999,44.356],[47.143,44.339],[47.224,44.204],[47.332,44.186],[47.565,43.844],[47.538,43.673],[47.493,43.583],[47.195,43.376],[47.249,42.785],[48.224,41.471],[48.201,41.464],[48.063,41.315],[47.988,41.219],[47.818,41.198],[47.616,41.261],[47.35,41.304],[47.35,41.442],[47.222,41.57],[47.169,41.57],[47.127,41.623],[46.914,41.751],[46.85,41.836],[46.765,41.836],[46.669,41.815],[46.659,41.889],[46.556,41.878],[46.499,41.964],[46.393,41.995],[46.286,41.985],[46.159,42.006],[46.042,42.049],[45.914,42.123],[45.754,42.251],[45.808,42.389],[45.861,42.474],[45.808,42.538],[45.648,42.549],[45.478,42.549],[45.382,42.623],[45.297,42.676],[45.201,42.676],[45.138,42.719],[45.031,42.772],[44.978,42.772],[44.935,42.74],[44.872,42.666],[44.786,42.729],[44.669,42.761],[44.51,42.761],[44.414,42.729],[44.297,42.612],[44.17,42.612],[44.053,42.559],[43.957,42.591],[42.878,41.546],[42.694,41.564],[42.352,41.402],[42.25,41.369],[42.029,41.4],[41.484,41.437],[41.521,41.466],[41.666,41.729],[41.68,41.793],[41.652,42.121],[41.503,42.608],[41.41,42.788],[41.123,43.019],[40.969,43.077],[40.557,43.147],[40.252,43.268],[38.924,44.212],[38.556,44.385],[38.277,44.423],[38.109,44.494],[37.88,44.719],[37.774,44.745],[37.622,44.673],[37.474,44.692],[39.633,45.689],[40.383,45.439],[40.633,46.688],[42.257,46.813],[43.381,46.188],[43.88,44.814],[44.755,44.439],[46.873,44.68],[46.81,44.536],[46.846,44.446]]]]}},{"type":"Feature","properties":{"NAME":"Venice","ABBREVN":"Venice","wikipedia":null,"SUBJECTO":"Venice","BORDERPRECISION":1,"PARTOF":"Venice"},"geometry":{"type":"Polygon","coordinates":[[[9.506,45.515],[9.846,45.704],[9.922,45.666],[9.998,45.401],[10.675,45.353],[10.824,45.353],[10.856,45.051],[11.24,45.071],[11.605,44.905],[11.771,45.071],[11.887,45.087],[11.97,45.038],[12.053,45.021],[12.037,45.137],[12.136,45.104],[12.378,44.732],[12.476,44.787],[12.523,44.883],[12.409,44.989],[12.322,45.042],[12.313,45.178],[12.176,45.214],[12.18,45.27],[12.251,45.29],[12.28,45.402],[12.483,45.462],[12.448,45.394],[12.899,45.558],[13.105,45.582],[13.156,45.727],[13.368,45.694],[13.606,46.132],[13.621,46.421],[13.725,46.646],[13.709,46.839],[13.581,46.839],[13.516,47],[13.292,47.064],[12.698,46.951],[12.328,46.967],[12.218,46.884],[12.075,46.928],[11.74,46.752],[11.908,46.414],[11.571,46.245],[11.571,45.975],[11.335,46.009],[11.233,46.009],[11.166,45.739],[10.93,45.84],[10.795,45.638],[10.66,45.807],[10.525,45.739],[10.457,46.212],[10.558,46.313],[10.558,46.5],[10.195,46.146],[9.569,46.038],[9.582,45.893],[9.695,45.78],[9.506,45.515]]]}},{"type":"Feature","properties":{"NAME":"Safavid Empire","ABBREVN":"Safavid Empi","wikipedia":null,"SUBJECTO":"Safavid Empire","BORDERPRECISION":1,"PARTOF":"Safavid Empire"},"geometry":{"type":"MultiPolygon","coordinates":[[[[49.552,34],[49.557,34.256],[50.469,36.748],[50.561,36.686],[51.417,36.456],[51.796,36.432],[51.993,36.459],[52.602,36.577],[53.139,36.644],[53.8,36.679],[53.984,36.782],[54.067,36.942],[54.009,37.349],[54.015,37.348],[53.928,37.824],[53.88,38.025],[53.937,38.159],[56.43,38.21],[58.619,39.052],[60,39.151],[60,34],[49.552,34]]]]}},{"type":"Feature","properties":{"NAME":"Scotland","ABBREVN":"Scotland","wikipedia":null,"SUBJECTO":"Scotland","BORDERPRECISION":1,"PARTOF":"Scotland"},"geometry":{"type":"Polygon","coordinates":[[[-6.044,56.475],[-5.822,56.4],[-5.645,56.516],[-5.547,56.652],[-5.458,56.632],[-5.271,56.544],[-5.3,56.429],[-5.497,56.177],[-5.633,55.94],[-5.57,55.751],[-5.334,55.88],[-5.135,55.893],[-4.848,56.097],[-4.711,56.131],[-4.623,55.908],[-4.758,55.82],[-4.895,55.772],[-4.908,55.664],[-4.771,55.488],[-4.638,55.428],[-4.91,55.11],[-5.067,54.948],[-5.111,54.794],[-4.903,54.734],[-4.6,54.688],[-4.5,54.775],[-4.461,54.862],[-4.122,54.762],[-3.908,54.79],[-3.577,54.924],[-3.309,54.885],[-3.188,54.849],[-2.852,54.935],[-2.363,55.187],[-2.118,55.284],[-2.125,55.522],[-1.95,55.562],[-2.245,55.811],[-2.54,55.885],[-2.742,55.957],[-2.928,55.946],[-3.161,55.846],[-3.356,55.843],[-3.577,55.885],[-3.713,55.885],[-3.895,55.985],[-3.294,55.974],[-3.17,56.062],[-2.895,56.086],[-2.773,56.171],[-2.721,56.178],[-2.949,56.253],[-3.152,56.337],[-2.981,56.354],[-2.667,56.471],[-2.515,56.667],[-2.413,56.717],[-2.159,57.014],[-2.203,57.065],[-2.108,57.21],[-1.945,57.402],[-2.15,57.572],[-2.854,57.543],[-3.093,57.577],[-3.401,57.576],[-3.796,57.542],[-4.148,57.555],[-4.249,57.636],[-4.15,57.835],[-3.943,57.958],[-3.166,58.275],[-3.028,58.406],[-3.165,58.522],[-3.441,58.529],[-3.831,58.507],[-4.139,58.445],[-4.51,58.403],[-4.926,58.567],[-5.113,58.395],[-4.907,58.169],[-5.346,58.093],[-5.056,57.751],[-5.23,57.71],[-5.568,57.777],[-5.763,57.62],[-5.461,57.388],[-5.562,57.299],[-5.726,57.258],[-5.625,56.999],[-5.666,56.938],[-5.909,56.733],[-6.044,56.475]]]}},{"type":"Feature","properties":{"NAME":"England and Ireland","ABBREVN":"England and Ireland","wikipedia":null,"SUBJECTO":"England and Ireland","BORDERPRECISION":1,"PARTOF":"England and Ireland"},"geometry":{"type":"Polygon","coordinates":[[[-5.756,55.477],[-5.698,55.331],[-5.62,55.33],[-5.482,55.443],[-5.518,55.668],[-5.689,55.628],[-5.756,55.477]]]}},{"type":"Feature","properties":{"NAME":"Habsburg Netherlands","ABBREVN":"Habsburg Netherlands","wikipedia":null,"SUBJECTO":"Habsburg Netherlands","BORDERPRECISION":1,"PARTOF":"Habsburg Netherlands"},"geometry":{"type":"MultiPolygon","coordinates":[[[[1.796,50.921],[1.826,50.243],[1.987,50.22],[1.987,50.082],[2.148,50.059],[2.401,50.197],[2.677,50.151],[2.907,49.943],[3.483,49.92],[3.82,50.039],[4.255,49.887],[5.361,49.697],[5.699,49.391],[6.161,49.932],[6.041,50.811],[6,50.742],[5.697,50.731],[5.697,50.883],[5.774,50.926],[5.824,51.117],[5.484,51.286],[5.244,51.237],[5.113,51.405],[5.01,51.433],[4.932,51.378],[4.791,51.487],[4.671,51.405],[4.395,51.411],[4.407,51.34],[4.173,51.325],[3.99,51.344],[3.775,51.388],[3.681,51.321],[3.472,51.314],[3.214,51.354],[2.995,51.313],[2.443,51.048],[2.03,51.007],[1.796,50.921]]],[[[5.928,50.981],[6.01,50.964],[6.023,50.945],[6.008,51.049],[5.964,51.024],[5.928,50.981]]]]}},{"type":"Feature","properties":{"NAME":"England and Ireland","ABBREVN":"England and Ireland","wikipedia":null,"SUBJECTO":"England and Ireland","BORDERPRECISION":1,"PARTOF":"England and Ireland"},"geometry":{"type":"MultiPolygon","coordinates":[[[[-10.179,53.912],[-10.107,53.928],[-10.134,53.934],[-10.163,53.922],[-10.178,53.923],[-10.179,53.912]]],[[[-10.079,53.351],[-10.026,53.336],[-10.024,53.341],[-10.044,53.35],[-10.079,53.351]]],[[[-9.67,51.445],[-9.566,51.452],[-9.569,51.457],[-9.613,51.452],[-9.655,51.457],[-9.67,51.445]]],[[[-9.526,52.905],[-9.49,52.874],[-9.474,52.901],[-9.497,52.905],[-9.514,52.917],[-9.526,52.905]]],[[[-7.477,52.076],[-7.372,52.092],[-7.245,52.098],[-7.351,52.106],[-7.418,52.098],[-7.477,52.076]]],[[[-7.218,52.099],[-7.124,52.103],[-7.148,52.109],[-7.218,52.099]]],[[[-7.009,52.109],[-6.973,52.11],[-6.978,52.113],[-7.009,52.109]]],[[[-6.321,53.943],[-6.23,53.954],[-6.259,53.957],[-6.305,53.974],[-6.321,53.946],[-6.321,53.943]]],[[[-6.092,52.747],[-6.071,52.767],[-6.059,52.822],[-6.063,52.82],[-6.087,52.79],[-6.092,52.747]]],[[[-6.082,53.973],[-6.072,53.974],[-6.036,53.986],[-6.054,54],[-6.062,53.984],[-6.082,53.973]]],[[[-5.804,54.115],[-5.731,54.175],[-5.723,54.193],[-5.733,54.198],[-5.793,54.194],[-5.789,54.159],[-5.804,54.115]]],[[[-5.778,50.134],[-5.429,50.068],[-5.282,49.964],[-4.967,50.212],[-4.541,50.358],[-4.303,50.324],[-4.243,50.391],[-4.004,50.314],[-3.882,50.2],[-3.715,50.219],[-3.563,50.361],[-3.521,50.617],[-3.111,50.657],[-2.961,50.722],[-2.551,50.57],[-2.432,50.646],[-2.024,50.57],[-2.085,50.703],[-1.373,50.766],[-1.103,50.817],[-0.839,50.722],[-0.336,50.817],[0.192,50.731],[0.673,50.931],[0.888,50.893],[0.886,50.982],[1.335,51.121],[1.365,51.353],[1.189,51.405],[1.03,51.359],[0.804,51.378],[0.254,51.454],[0.686,51.56],[1.031,51.813],[1.512,52.026],[1.657,52.212],[1.692,52.311],[1.586,52.65],[1.376,52.809],[1.013,52.888],[0.742,52.901],[0.505,52.848],[0.327,52.707],[0.006,52.787],[0.251,53.04],[0.268,53.127],[0.175,53.293],[0.081,53.386],[-0.319,53.579],[-0.235,53.799],[-0.296,54.033],[-0.605,54.3],[-0.871,54.547],[-1.192,54.595],[-1.389,54.68],[-1.556,54.922],[-1.696,55.273],[-1.666,55.38],[-1.719,55.454],[-1.95,55.562],[-2.125,55.522],[-2.118,55.284],[-2.363,55.187],[-2.852,54.935],[-3.188,54.849],[-3.153,54.838],[-3.43,54.643],[-3.569,54.415],[-3.479,54.275],[-3.261,54.141],[-2.886,54.169],[-2.865,54.028],[-2.98,53.821],[-3.057,53.514],[-2.914,53.267],[-3.33,53.233],[-3.957,53.205],[-4.318,53.091],[-4.492,52.991],[-4.621,52.831],[-4.468,52.811],[-4.148,52.832],[-4.094,52.746],[-4.124,52.373],[-4.295,52.2],[-4.619,52.094],[-5.061,52.006],[-5.249,51.86],[-5.179,51.787],[-4.999,51.702],[-4.159,51.677],[-3.499,51.46],[-3.173,51.467],[-2.75,51.644],[-2.895,51.394],[-3.033,51.33],[-3.066,51.178],[-3.483,51.181],[-3.825,51.235],[-4.281,51.187],[-4.277,51.064],[-4.443,50.969],[-4.552,50.997],[-4.605,50.779],[-4.815,50.604],[-5.017,50.561],[-5.238,50.346],[-5.778,50.134]]]]}},{"type":"Feature","properties":{"NAME":"Prussia","ABBREVN":"Prussia","wikipedia":null,"SUBJECTO":"Prussia","BORDERPRECISION":1,"PARTOF":"Prussia"},"geometry":{"type":"Polygon","coordinates":[[[18.342,53.97],[18.885,53.585],[18.795,53.314],[19.881,53.246],[20.333,52.975],[22.821,53.563],[22.392,54.038],[22.799,54.739],[21.962,55.033],[21.008,55.817],[21.018,55.634],[21.216,55.344],[21.201,55.261],[21.143,55.256],[21.224,55.111],[21.113,55.089],[21.192,54.96],[21.137,54.845],[20.985,54.812],[19.943,54.85],[19.863,54.752],[19.833,54.531],[19.882,54.525],[19.938,54.608],[20.006,54.547],[20.194,54.575],[20.327,54.564],[20.189,54.522],[19.733,54.31],[19.457,54.217],[19.328,54.161],[19.23,54.167],[19.232,54.222],[19.318,54.272],[19.758,54.459],[19.734,54.461],[19.255,54.277],[18.965,54.228],[18.665,54.258],[18.342,53.97]]]}},{"type":"Feature","properties":{"NAME":"Watassid Morocco","ABBREVN":"Morocco","wikipedia":null,"SUBJECTO":"Watassid Morocco","BORDERPRECISION":1,"PARTOF":"Watassid Morocco"},"geometry":{"type":"Polygon","coordinates":[[[-6.878,34],[-1.669,34],[-1.664,34.205],[-1.738,34.605],[-1.823,34.7],[-2.077,34.826],[-2.193,35.054],[-2.356,35.054],[-2.715,35.098],[-2.83,35.142],[-3.009,35.39],[-3.206,35.269],[-3.441,35.166],[-4.028,35.133],[-4.295,35.152],[-4.593,35.151],[-5.11,35.379],[-5.172,35.424],[-5.479,35.805],[-5.565,35.862],[-5.808,35.785],[-5.929,35.728],[-6.302,34.861],[-6.511,34.454],[-6.753,34.123],[-6.878,34]]]}},{"type":"Feature","properties":{"NAME":"Holy Roman Empire","ABBREVN":"Holy Roman E","wikipedia":null,"SUBJECTO":"Holy Roman Empire","BORDERPRECISION":1,"PARTOF":"Holy Roman Empire"},"geometry":{"type":"MultiPolygon","coordinates":[[[[8.5,42.36],[8.628,42.262],[8.517,42.208],[8.511,42.134],[8.626,42.097],[8.668,42.029],[8.59,41.958],[8.538,41.948],[8.562,41.882],[8.693,41.913],[8.742,41.882],[8.627,41.732],[8.823,41.688],[8.855,41.654],[8.727,41.561],[8.829,41.492],[9.013,41.458],[9.039,41.369],[9.173,41.35],[9.305,41.575],[9.357,41.901],[9.453,42.048],[9.487,42.406],[9.459,42.556],[9.405,42.581],[9.432,42.794],[9.414,42.91],[9.367,42.988],[9.303,42.983],[9.271,42.883],[9.28,42.728],[9.238,42.664],[9.149,42.711],[9.018,42.691],[9,42.635],[8.879,42.625],[8.609,42.487],[8.5,42.36]]],[[[13.777,53.949],[13.828,53.83],[14.029,53.865],[14.068,53.843],[14.205,53.813],[14.174,53.907],[14.07,53.918],[13.778,54.044],[13.777,53.949]]],[[[14.227,53.91],[14.248,53.816],[14.334,53.83],[14.459,53.819],[14.473,53.877],[14.425,53.915],[14.227,53.91]]]]}},{"type":"Feature","properties":{"NAME":"Florence","ABBREVN":"Florence","wikipedia":null,"SUBJECTO":"Florence","BORDERPRECISION":1,"PARTOF":"Florence"},"geometry":{"type":"Polygon","coordinates":[[[9.705,44.46],[10.069,44.249],[9.979,44.047],[10.137,43.905],[10.292,43.705],[10.488,43.236],[10.743,42.851],[11.105,42.549],[11.497,42.376],[11.96,42.007],[12.02,42.099],[12.003,42.248],[12.07,42.298],[12.053,42.53],[12.169,42.63],[12.153,42.696],[12.186,42.912],[12.169,42.912],[12.153,43.062],[12.219,43.228],[12.302,43.278],[12.302,43.344],[12.219,43.344],[12.12,43.477],[12.103,43.61],[12.12,43.743],[12.219,43.892],[12.169,43.892],[12.086,43.842],[12.037,43.925],[12.053,44.108],[12.086,44.174],[12.02,44.174],[11.937,44.091],[11.887,44.257],[11.904,44.324],[11.854,44.357],[11.804,44.34],[11.738,44.357],[11.688,44.257],[11.704,44.224],[11.555,44.191],[11.572,44.224],[11.455,44.274],[11.289,44.224],[11.323,44.158],[11.202,44.143],[11.14,44.34],[11.289,44.373],[11.289,44.456],[11.173,44.606],[11.256,44.789],[11.339,44.855],[11.17,45.067],[10.856,45.051],[10.824,45.353],[10.675,45.353],[10.506,45.365],[10.278,44.401],[9.905,44.571],[9.705,44.46]]]}},{"type":"Feature","properties":{"NAME":"Genoa","ABBREVN":"Genoa","wikipedia":null,"SUBJECTO":"Genoa","BORDERPRECISION":1,"PARTOF":"Genoa"},"geometry":{"type":"Polygon","coordinates":[[[7.467,43.92],[7.468,43.811],[7.553,43.867],[7.689,43.887],[7.832,43.925],[7.98,43.965],[8.186,44.126],[8.672,44.417],[8.897,44.437],[9.157,44.373],[9.692,44.22],[9.909,44.11],[9.979,44.047],[10.069,44.249],[9.192,44.758],[8.223,44.674],[8.242,44.605],[7.643,44.413],[7.718,44.218],[7.689,44.238],[7.705,44.062],[7.673,43.981],[7.634,44.036],[7.467,43.92]]]}},{"type":"Feature","properties":{"NAME":null,"ABBREVN":null,"wikipedia":null,"SUBJECTO":null,"BORDERPRECISION":1,"PARTOF":null},"geometry":{"type":"MultiPolygon","coordinates":[[[[19.334,57.956],[19.287,57.937],[19.257,57.949],[19.163,57.927],[19.142,57.908],[19.126,57.84],[19.078,57.858],[19.034,57.901],[19.036,57.919],[19.089,57.97],[19.105,57.975],[19.296,57.977],[19.332,57.965],[19.334,57.956]]]]}},{"type":"Feature","properties":{"NAME":"Milan","ABBREVN":"Milan","wikipedia":null,"SUBJECTO":"Milan","BORDERPRECISION":1,"PARTOF":"Milan"},"geometry":{"type":"Polygon","coordinates":[[[7.874,45.922],[8.223,44.674],[9.192,44.758],[9.705,44.46],[9.905,44.571],[10.278,44.401],[10.506,45.365],[9.998,45.401],[9.922,45.666],[9.846,45.704],[9.506,45.515],[9.695,45.78],[9.582,45.893],[9.569,46.038],[9.455,46.019],[9.423,46.138],[9.446,46.205],[9.204,46.223],[9.091,46.109],[8.981,45.969],[9.08,45.908],[9.08,45.875],[8.941,45.872],[8.802,45.982],[8.849,46.071],[8.751,46.114],[8.692,46.101],[8.436,46.296],[8.436,46.457],[8.355,46.43],[8.306,46.4],[8.314,46.396],[8.286,46.38],[8.275,46.339],[8.091,46.264],[8.154,46.146],[7.874,45.922]]]}},{"type":"Feature","properties":{"NAME":"Holy Roman Empire","ABBREVN":"Holy Roman E","wikipedia":null,"SUBJECTO":"Holy Roman Empire","BORDERPRECISION":1,"PARTOF":"Holy Roman Empire"},"geometry":{"type":"MultiPolygon","coordinates":[[[[5.325,46.398],[6.178,46.303],[6.248,46.386],[6.274,46.39],[6.291,46.423],[6.347,46.461],[6.399,46.459],[6.449,46.474],[6.511,46.516],[6.559,46.507],[6.592,46.518],[6.689,46.5],[6.721,46.486],[6.743,46.489],[6.776,46.473],[6.832,46.467],[6.858,46.449],[6.901,46.44],[6.931,46.408],[6.921,46.398],[6.993,46.361],[7.117,46.55],[7.008,46.637],[7.213,47.122],[6.729,46.878],[6.546,46.958],[6.737,47.043],[6.715,47.088],[6.854,47.152],[6.868,47.187],[7.337,47.44],[7.469,47.485],[7.571,47.584],[7.725,47.604],[7.733,47.525],[8.509,47.599],[8.406,47.692],[8.531,47.806],[8.802,47.747],[8.897,47.653],[8.937,47.659],[9.006,47.695],[8.994,47.707],[8.94,47.726],[8.959,47.737],[9.014,47.72],[8.987,47.743],[9.101,47.702],[9.109,47.69],[9.084,47.69],[9.048,47.708],[9.043,47.693],[9.081,47.683],[9.113,47.686],[9.124,47.671],[9.218,47.666],[9.211,47.683],[9.188,47.699],[9.201,47.707],[9.18,47.705],[9.174,47.734],[9.067,47.78],[9.031,47.805],[9.043,47.818],[9.106,47.792],[9.132,47.772],[9.226,47.739],[9.237,47.711],[9.288,47.684],[9.348,47.661],[9.421,47.666],[9.466,47.648],[9.502,47.646],[9.534,47.597],[9.563,47.585],[9.601,47.585],[9.607,47.572],[9.628,47.57],[9.653,47.556],[9.68,47.556],[9.68,47.543],[9.712,47.551],[9.752,47.511],[9.743,47.505],[9.699,47.506],[9.678,47.489],[9.666,47.496],[9.648,47.488],[9.641,47.507],[9.617,47.496],[9.681,47.435],[9.571,47.267],[9.483,47.182],[9.52,47.073],[9.507,47.042],[9.814,47.082],[10.64,47.037],[10.532,46.745],[10.558,46.718],[10.558,46.313],[10.457,46.212],[10.525,45.739],[10.66,45.807],[10.795,45.638],[10.93,45.84],[11.166,45.739],[11.233,46.009],[11.335,46.009],[11.571,45.975],[11.571,46.245],[11.908,46.414],[11.74,46.752],[12.075,46.928],[12.218,46.884],[12.328,46.967],[12.698,46.951],[13.292,47.064],[13.516,47],[13.581,46.839],[13.709,46.839],[13.725,46.646],[13.621,46.421],[13.606,46.132],[13.368,45.694],[13.438,45.638],[13.565,45.727],[14.076,45.678],[14.219,45.477],[13.99,45.42],[14.076,45.276],[14.354,45.323],[14.527,45.783],[14.798,45.865],[14.88,45.484],[15.424,45.43],[15.47,45.734],[16.122,45.582],[16.209,45.734],[16.079,45.886],[16.209,46.147],[16.448,46.104],[16.535,46.365],[17.517,47.642],[18.186,48.056],[18.314,48.279],[18.223,48.99],[18.25,49.181],[18.522,49.561],[18.927,49.622],[18.896,49.713],[18.796,49.713],[18.769,50.177],[18.646,50.645],[18.14,50.988],[17.64,51.437],[17.553,51.655],[17.291,51.786],[17.204,51.611],[16.855,51.655],[16.855,51.917],[16.506,52.178],[16.506,52.004],[16.095,52.124],[15.765,52.265],[15.76,52.571],[15.816,52.571],[15.844,52.71],[16.053,52.716],[16.204,53.343],[16.416,53.525],[16.204,53.706],[16.658,53.858],[16.809,53.464],[16.809,53.858],[16.688,54.039],[16.99,54.19],[17.111,54.13],[17.747,54.433],[17.658,54.685],[16.976,54.549],[16.473,54.415],[16.115,54.2],[15.898,54.128],[15.312,54.071],[15.08,54.003],[14.886,53.98],[14.467,53.91],[14.483,53.819],[14.557,53.76],[14.565,53.694],[14.495,53.625],[14.537,53.538],[14.433,53.594],[14.19,53.625],[14.177,53.683],[14.01,53.673],[13.85,53.729],[13.78,53.775],[13.738,54.03],[13.668,54.084],[13.431,54.03],[13.064,54.194],[13.026,54.265],[12.943,54.347],[12.765,54.27],[12.653,54.321],[12.312,54.202],[12.041,54.097],[11.565,54.035],[11.408,53.859],[11.202,53.857],[11.151,53.938],[10.859,53.877],[10.717,53.964],[11.016,54.097],[11.073,54.22],[11.039,54.313],[10.649,54.259],[10.446,54.292],[10.34,54.362],[10.213,54.372],[10.142,54.337],[9.885,54.254],[9.827,54.276],[9.739,54.276],[9.674,54.189],[9.449,54.189],[9.441,54.247],[9.296,54.247],[9.26,54.305],[9.216,54.29],[9.165,54.32],[9.136,54.298],[9.056,54.349],[8.962,54.276],[8.884,54.229],[8.853,54.168],[8.779,54.132],[8.833,54.066],[8.946,54.015],[8.819,53.969],[8.857,53.867],[9.125,53.79],[8.848,53.75],[8.54,53.801],[8.429,53.612],[8.502,53.449],[8.306,53.525],[8.189,53.531],[8.261,53.439],[8.242,53.352],[8.175,53.322],[8.029,53.373],[8.099,53.444],[7.969,53.638],[7.166,53.592],[7.037,53.51],[6.981,53.317],[7.19,53.23],[7.16,53.164],[7.228,52.967],[7.073,52.804],[7.035,52.624],[6.778,52.64],[6.727,52.558],[6.714,52.476],[6.912,52.416],[6.997,52.443],[7.069,52.366],[7.068,52.219],[6.882,52.126],[6.825,51.956],[6.68,51.888],[6.381,51.82],[6.211,51.88],[6.133,51.838],[5.979,51.804],[5.948,51.722],[6.117,51.64],[6.154,51.521],[6.222,51.389],[6.089,51.198],[6.176,51.144],[6.008,51.049],[6.023,50.945],[6.074,50.867],[6.041,50.811],[6.161,49.932],[5.699,49.391],[5.909,49.201],[5.904,49.196],[5.612,49.21],[5.723,48.959],[5.876,49.071],[6.001,48.904],[5.834,48.778],[6.015,48.653],[5.946,48.347],[6.238,48.291],[6.252,47.957],[6.099,48.027],[6.057,47.957],[5.96,47.985],[5.96,47.804],[5.82,47.735],[5.918,47.595],[5.793,47.512],[5.779,47.359],[5.737,47.234],[5.667,47.108],[5.794,46.997],[5.757,46.887],[5.646,46.85],[5.626,46.649],[5.74,46.598],[5.725,46.48],[5.646,46.457],[5.416,46.524],[5.325,46.398]]],[[[6.238,46.292],[6.816,46.167],[6.864,46.292],[6.776,46.362],[6.809,46.38],[6.809,46.394],[6.726,46.408],[6.637,46.407],[6.545,46.395],[6.515,46.405],[6.484,46.393],[6.477,46.376],[6.414,46.36],[6.389,46.34],[6.361,46.348],[6.344,46.37],[6.304,46.366],[6.278,46.35],[6.238,46.292]]],[[[6.937,46.315],[6.964,46.277],[6.969,46.283],[6.937,46.315]]],[[[9.14,47.665],[9.189,47.651],[9.178,47.664],[9.14,47.665]]]]}},{"type":"Feature","properties":{"NAME":"Savoy","ABBREVN":"Savoy","wikipedia":null,"SUBJECTO":"Savoy","BORDERPRECISION":1,"PARTOF":"Savoy"},"geometry":{"type":"Polygon","coordinates":[[[5.268,46.318],[5.533,46.097],[5.533,46.009],[5.357,46.053],[5.357,45.876],[5.607,45.847],[5.823,45.396],[5.935,45.322],[5.947,45.26],[6.058,45.223],[6.033,45.334],[6.083,45.372],[6.145,45.322],[6.219,45.347],[6.268,45.322],[6.243,45.297],[6.28,45.199],[6.507,45.116],[6.665,44.955],[6.943,44.869],[7.003,44.72],[6.925,44.715],[6.783,44.548],[6.87,44.349],[6.787,44.297],[6.787,44.198],[6.836,44.112],[6.886,44.149],[6.935,44.136],[6.972,44.062],[6.997,44.05],[6.923,43.976],[6.96,43.914],[6.886,43.902],[6.923,43.815],[7.355,43.902],[7.397,43.764],[7.468,43.811],[7.467,43.92],[7.634,44.036],[7.673,43.981],[7.705,44.062],[7.689,44.238],[7.718,44.218],[7.643,44.413],[8.242,44.605],[7.873,45.921],[7.637,45.964],[7.44,45.923],[7.436,45.933],[7.39,45.898],[7.336,45.909],[7.196,45.861],[7.177,45.866],[7.102,45.863],[7.049,45.924],[6.886,46.043],[6.873,46.056],[6.897,46.12],[6.804,46.137],[6.816,46.167],[6.235,46.289],[6.199,46.264],[6.194,46.238],[6.172,46.212],[6.148,46.207],[6.178,46.303],[5.325,46.398],[5.268,46.318]]]}},{"type":"Feature","properties":{"NAME":"Swiss Confederation","ABBREVN":"Swiss Confederation","wikipedia":null,"SUBJECTO":"Swiss Confederation","BORDERPRECISION":1,"PARTOF":"Swiss Confederation"},"geometry":{"type":"Polygon","coordinates":[[[6.546,46.958],[6.729,46.878],[7.213,47.122],[7.008,46.637],[7.117,46.55],[6.993,46.361],[6.919,46.395],[6.867,46.395],[6.878,46.394],[6.969,46.283],[6.964,46.277],[7.033,46.184],[7.221,46.327],[7.5,46.373],[7.547,46.388],[7.535,46.409],[7.61,46.443],[7.694,46.426],[7.709,46.364],[7.752,46.363],[7.75,46.321],[7.907,46.302],[7.999,46.323],[8.176,46.433],[8.176,46.471],[8.306,46.4],[8.355,46.43],[8.436,46.457],[8.436,46.296],[8.692,46.101],[8.751,46.114],[8.849,46.071],[8.802,45.982],[8.941,45.872],[9.08,45.875],[9.08,45.908],[8.981,45.969],[9.091,46.109],[9.204,46.223],[9.446,46.205],[9.423,46.138],[9.455,46.019],[10.195,46.146],[10.558,46.5],[10.558,46.718],[10.532,46.745],[10.64,47.037],[9.814,47.082],[9.507,47.042],[9.52,47.073],[9.483,47.182],[9.571,47.267],[9.681,47.435],[9.617,47.496],[9.598,47.487],[9.561,47.5],[9.53,47.481],[9.482,47.482],[9.466,47.496],[9.436,47.507],[9.437,47.519],[9.387,47.544],[9.382,47.571],[9.3,47.611],[9.14,47.665],[9.066,47.674],[9.011,47.671],[8.907,47.645],[8.86,47.657],[8.894,47.652],[8.937,47.659],[8.897,47.653],[8.802,47.747],[8.531,47.806],[8.406,47.692],[8.509,47.599],[7.733,47.525],[7.725,47.604],[7.571,47.584],[7.469,47.485],[7.337,47.44],[6.868,47.187],[6.854,47.152],[6.715,47.088],[6.737,47.043],[6.546,46.958]]]}},{"type":"Feature","properties":{"NAME":"Republic of the Seven Zenden","ABBREVN":"Republic of the Seven Zenden","wikipedia":null,"SUBJECTO":"Republic of the Seven Zenden","BORDERPRECISION":1,"PARTOF":"Republic of the Seven Zenden"},"geometry":{"type":"Polygon","coordinates":[[[6.776,46.362],[6.864,46.292],[6.804,46.137],[6.897,46.12],[6.873,46.056],[7.052,45.922],[7.102,45.863],[7.179,45.868],[7.196,45.861],[7.336,45.909],[7.39,45.898],[7.436,45.933],[7.44,45.923],[7.637,45.964],[7.873,45.921],[8.154,46.146],[8.089,46.268],[8.275,46.339],[8.286,46.38],[8.314,46.396],[8.176,46.471],[8.176,46.433],[7.999,46.323],[7.907,46.302],[7.75,46.321],[7.752,46.363],[7.709,46.364],[7.694,46.426],[7.61,46.443],[7.535,46.409],[7.547,46.387],[7.5,46.373],[7.221,46.327],[7.033,46.184],[6.878,46.394],[6.86,46.395],[6.864,46.388],[6.857,46.385],[6.809,46.394],[6.809,46.38],[6.776,46.362]]]}},{"type":"Feature","properties":{"NAME":null,"ABBREVN":null,"wikipedia":null,"SUBJECTO":null,"BORDERPRECISION":1,"PARTOF":null},"geometry":{"type":"MultiPolygon","coordinates":[[[[37.559,34],[38.036,34.597],[39.342,34.597],[40.029,34.391],[40.42,34],[37.559,34]]]]}},{"type":"Feature","properties":{"NAME":"Ottoman Empire","ABBREVN":"Ottoman Emp","wikipedia":null,"SUBJECTO":"Ottoman Empire","BORDERPRECISION":1,"PARTOF":"Ottoman Empire"},"geometry":{"type":"Polygon","coordinates":[[[14.354,45.323],[14.525,45.266],[14.815,45.078],[14.946,44.927],[14.907,44.723],[14.989,44.54],[15.286,44.329],[15.548,44.229],[15.149,44.24],[15.412,43.935],[15.494,43.888],[15.75,44.098],[16.185,43.908],[16.701,43.847],[16.712,43.771],[16.64,43.39],[16.992,43.323],[17.054,43.473],[17.163,43.391],[17.326,43.337],[17.304,43.076],[17.596,42.889],[18.001,42.694],[18.249,42.527],[18.529,42.353],[18.91,42.218],[19.136,42],[19.143,41.932],[19.338,41.862],[19.458,41.798],[19.607,41.762],[19.619,41.559],[19.499,41.524],[19.417,41.345],[19.53,41.218],[19.445,40.965],[19.527,40.866],[19.339,40.589],[19.494,40.403],[19.484,40.296],[19.38,40.324],[19.369,40.26],[19.804,40.017],[20.029,39.814],[20.091,39.603],[20.212,39.405],[20.678,39.08],[20.901,39.062],[21.007,39.113],[21.16,39.005],[21.105,38.922],[21.007,38.871],[20.893,38.896],[20.772,38.851],[21.172,38.348],[21.364,38.412],[21.661,38.438],[21.826,38.464],[22.334,38.427],[22.876,38.205],[23.116,38.157],[22.899,37.998],[22.747,37.953],[21.997,38.251],[21.906,38.27],[21.714,38.135],[21.44,38.18],[21.228,37.905],[21.221,37.828],[21.296,37.727],[21.517,37.536],[21.614,37.415],[21.627,37.307],[21.531,37.115],[21.588,36.981],[21.781,36.823],[21.984,37.02],[22.191,36.855],[22.39,36.524],[22.524,36.722],[22.674,36.754],[22.983,36.615],[22.887,37.047],[22.793,37.139],[22.813,37.212],[22.726,37.289],[22.639,37.492],[22.642,37.585],[22.713,37.543],[22.942,37.518],[23.025,37.48],[22.971,37.385],[23.11,37.347],[23.186,37.375],[23.185,37.427],[23.418,37.469],[23.312,37.548],[23.322,37.637],[23.221,37.602],[23.151,37.59],[23.049,37.643],[23.04,37.858],[22.898,37.9],[22.981,37.958],[23.196,38.005],[23.419,38.068],[23.496,38.068],[23.634,37.879],[23.734,37.858],[23.836,37.685],[23.918,37.685],[23.987,37.763],[23.88,38.115],[23.967,38.152],[23.961,38.21],[23.804,38.347],[23.556,38.352],[23.494,38.483],[23.356,38.49],[23.191,38.61],[23.169,38.667],[23.1,38.672],[22.984,38.667],[22.899,38.767],[22.723,38.793],[22.602,38.856],[22.49,38.877],[22.784,38.94],[22.871,39.024],[22.835,39.166],[22.766,39.203],[22.72,39.287],[22.851,39.366],[22.981,39.329],[23.045,39.271],[23.1,39.187],[23.052,39.103],[23.158,39.14],[23.236,39.203],[23.074,39.413],[22.813,39.603],[22.754,39.818],[22.695,39.834],[22.555,39.987],[22.526,40.064],[22.467,40.118],[22.49,40.231],[22.602,40.397],[22.492,40.498],[22.701,40.577],[22.77,40.667],[22.852,40.651],[22.875,40.596],[22.864,40.535],[22.748,40.482],[22.96,40.315],[23.141,40.266],[23.215,40.182],[23.276,40.05],[23.261,39.971],[23.597,39.934],[23.639,39.96],[23.592,40.002],[23.436,40.045],[23.367,40.108],[23.259,40.229],[23.293,40.245],[23.292,40.287],[23.349,40.282],[23.442,40.256],[23.596,40.192],[23.796,39.987],[23.907,39.997],[23.92,40.055],[23.869,40.161],[23.804,40.155],[23.652,40.229],[23.659,40.287],[23.627,40.345],[23.722,40.348],[23.775,40.393],[24.048,40.308],[24.055,40.261],[24.221,40.145],[24.295,40.176],[23.924,40.451],[23.785,40.477],[23.709,40.63],[23.633,40.713],[23.635,40.773],[23.748,40.804],[23.886,40.733],[24.025,40.746],[24.219,40.83],[24.354,40.971],[24.505,40.984],[24.519,40.873],[24.701,40.878],[24.812,40.933],[25.019,41.017],[25.046,40.952],[25.301,40.896],[25.993,40.852],[26.021,40.669],[26.124,40.603],[26.418,40.578],[26.455,40.584],[26.556,40.498],[26.458,40.435],[26.195,40.303],[26.223,40.224],[26.214,40.161],[26.141,40.045],[26.255,40.082],[26.376,40.213],[26.514,40.282],[26.614,40.398],[26.889,40.525],[27.264,40.667],[27.313,40.79],[27.474,40.963],[27.932,40.958],[28.026,41.026],[28.173,41.058],[28.596,40.947],[28.828,40.915],[28.964,40.989],[29.081,41.201],[29.012,41.255],[28.74,41.325],[28.371,41.433],[28.104,41.593],[28.07,41.625],[28.018,41.753],[28.026,41.882],[27.918,41.978],[27.913,42.078],[27.738,42.247],[27.723,42.316],[27.608,42.417],[27.495,42.401],[27.502,42.516],[27.654,42.684],[27.836,42.736],[27.87,42.8],[27.887,43.064],[28.035,43.392],[28.187,43.45],[28.328,43.438],[28.446,43.476],[28.481,43.592],[28.53,43.843],[28.573,44.198],[28.686,44.488],[28.918,44.766],[29.09,44.876],[29.458,44.915],[29.579,45.058],[29.711,45.258],[29.683,45.375],[29.536,45.452],[29.5,45.523],[29.63,45.75],[29.73,45.77],[30.069,45.861],[30.52,46.251],[30.833,46.577],[31.087,46.636],[31.538,46.701],[31.781,46.702],[31.951,46.865],[32.189,46.592],[31.926,46.41],[32.115,46.215],[33.142,47.13],[33.676,47.951],[32.865,48.185],[29.316,48.286],[27.648,48.752],[27.486,48.752],[27.486,48.671],[27.108,48.833],[27.108,48.644],[26.163,48.941],[25.666,48.692],[24.161,48.987],[23.889,49.259],[21.771,49.592],[21.771,49.743],[21.317,49.864],[21.287,49.773],[21.135,49.834],[20.984,49.743],[20.893,49.834],[20.803,49.834],[20.893,49.743],[20.681,49.652],[20.53,49.803],[20.349,49.743],[20.016,49.803],[19.895,49.471],[19.713,49.531],[19.562,49.531],[19.562,49.713],[19.381,49.803],[19.138,49.713],[19.108,49.592],[18.927,49.622],[18.522,49.561],[18.25,49.181],[18.223,48.99],[18.314,48.279],[18.186,48.056],[17.517,47.642],[16.535,46.365],[16.448,46.104],[16.209,46.147],[16.079,45.886],[16.209,45.734],[16.122,45.582],[15.47,45.734],[15.424,45.43],[14.88,45.484],[14.798,45.865],[14.527,45.783],[14.354,45.323]],[[22.422,44.795],[22.486,44.883],[22.482,44.903],[22.494,44.921],[22.485,44.935],[22.509,44.962],[22.502,44.98],[22.531,44.996],[22.569,45.039],[22.593,45.048],[22.656,45.105],[22.65,45.125],[22.577,45.138],[22.56,45.16],[22.603,45.214],[22.673,45.239],[22.701,45.257],[22.73,45.253],[22.772,45.27],[22.778,45.261],[22.834,45.285],[22.84,45.276],[22.875,45.265],[22.909,45.278],[22.973,45.271],[23.001,45.282],[23.087,45.284],[23.097,45.292],[23.144,45.282],[23.176,45.298],[23.231,45.301],[23.249,45.309],[23.291,45.31],[23.312,45.301],[23.331,45.314],[23.336,45.329],[23.357,45.339],[23.401,45.337],[23.431,45.308],[23.46,45.323],[23.494,45.316],[23.589,45.356],[23.586,45.367],[23.602,45.387],[23.591,45.4],[23.594,45.421],[23.575,45.428],[23.594,45.45],[23.598,45.477],[23.596,45.491],[23.575,45.509],[23.591,45.513],[23.615,45.507],[23.631,45.512],[23.625,45.521],[23.641,45.527],[23.649,45.527],[23.662,45.509],[23.688,45.518],[23.709,45.504],[23.708,45.486],[23.691,45.471],[23.693,45.437],[23.702,45.425],[23.743,45.431],[23.824,45.476],[23.862,45.473],[23.879,45.459],[23.932,45.458],[23.939,45.496],[23.981,45.486],[23.986,45.495],[23.98,45.533],[24.001,45.526],[24.023,45.53],[24.085,45.513],[24.171,45.515],[24.203,45.523],[24.23,45.547],[24.257,45.545],[24.287,45.561],[24.385,45.584],[24.433,45.581],[24.446,45.591],[24.481,45.574],[24.511,45.586],[24.522,45.581],[24.556,45.586],[24.571,45.577],[24.598,45.596],[24.626,45.603],[24.673,45.594],[24.696,45.605],[24.74,45.604],[24.771,45.611],[24.794,45.603],[24.83,45.606],[24.838,45.591],[24.917,45.594],[24.938,45.582],[24.959,45.593],[24.998,45.586],[25.034,45.592],[25.078,45.581],[25.106,45.583],[25.192,45.522],[25.214,45.526],[25.237,45.516],[25.242,45.499],[25.238,45.477],[25.257,45.452],[25.274,45.443],[25.273,45.432],[25.288,45.439],[25.31,45.431],[25.309,45.392],[25.322,45.381],[25.368,45.391],[25.405,45.388],[25.411,45.428],[25.515,45.472],[25.511,45.502],[25.526,45.499],[25.536,45.509],[25.596,45.515],[25.625,45.499],[25.638,45.506],[25.648,45.527],[25.644,45.535],[25.675,45.526],[25.699,45.504],[25.7,45.483],[25.726,45.465],[25.766,45.465],[25.786,45.481],[25.812,45.466],[25.826,45.44],[25.823,45.431],[25.868,45.424],[25.867,45.436],[25.889,45.448],[25.896,45.482],[25.89,45.485],[25.924,45.523],[25.938,45.513],[25.995,45.514],[26.014,45.49],[26.041,45.478],[26.065,45.485],[26.066,45.504],[26.096,45.518],[26.143,45.581],[26.155,45.581],[26.172,45.563],[26.186,45.609],[26.219,45.622],[26.24,45.62],[26.25,45.61],[26.281,45.622],[26.336,45.592],[26.348,45.604],[26.349,45.64],[26.378,45.652],[26.471,45.657],[26.424,45.698],[26.427,45.728],[26.407,45.737],[26.422,45.753],[26.418,45.769],[26.438,45.766],[26.444,45.753],[26.437,45.739],[26.458,45.726],[26.466,45.705],[26.489,45.694],[26.486,45.689],[26.53,45.642],[26.541,45.642],[26.552,45.63],[26.579,45.634],[26.594,45.62],[26.631,45.647],[26.734,45.664],[26.766,45.711],[26.787,45.703],[26.816,45.712],[26.807,45.736],[26.836,45.755],[26.855,45.779],[26.855,45.791],[26.87,45.794],[26.91,45.781],[26.935,45.759],[26.961,45.769],[26.981,45.762],[27.028,45.768],[27.091,45.742],[27.124,45.723],[27.12,45.715],[27.16,45.696],[27.247,45.69],[27.26,45.682],[27.263,45.657],[27.29,45.653],[27.314,45.629],[27.331,45.634],[27.374,45.619],[27.379,45.609],[27.423,45.619],[27.416,45.615],[27.424,45.603],[27.42,45.596],[27.451,45.595],[27.43,45.59],[27.425,45.584],[27.433,45.582],[27.419,45.576],[27.447,45.557],[27.465,45.565],[27.483,45.557],[27.472,45.554],[27.481,45.55],[27.467,45.548],[27.483,45.542],[27.468,45.537],[27.47,45.529],[27.488,45.531],[27.483,45.503],[27.515,45.514],[27.537,45.503],[27.541,45.511],[27.529,45.517],[27.552,45.521],[27.544,45.501],[27.561,45.499],[27.572,45.487],[27.579,45.495],[27.578,45.486],[27.59,45.484],[27.598,45.47],[27.612,45.466],[27.617,45.478],[27.625,45.472],[27.62,45.466],[27.631,45.467],[27.63,45.476],[27.645,45.47],[27.649,45.486],[27.651,45.472],[27.657,45.473],[27.654,45.491],[27.663,45.49],[27.662,45.476],[27.698,45.473],[27.697,45.458],[27.715,45.459],[27.714,45.446],[27.741,45.449],[27.746,45.432],[27.736,45.418],[27.787,45.411],[27.764,45.364],[27.636,45.286],[27.466,45.203],[27.412,45.075],[27.763,44.989],[27.74,44.943],[27.893,44.926],[27.873,44.877],[27.854,44.867],[27.828,44.829],[27.82,44.786],[27.874,44.774],[27.882,44.765],[27.871,44.725],[27.89,44.703],[27.942,44.679],[27.973,44.676],[28.018,44.647],[28.035,44.612],[28.014,44.583],[28.014,44.572],[28.036,44.549],[28.053,44.51],[28.088,44.491],[28.11,44.435],[28.076,44.416],[28.028,44.37],[28.009,44.32],[27.935,44.25],[27.914,44.247],[27.848,44.258],[27.776,44.232],[27.723,44.196],[27.637,44.206],[27.596,44.197],[27.525,44.169],[27.452,44.124],[27.394,44.132],[27.36,44.127],[27.315,44.14],[27.23,44.115],[27.066,44.149],[26.992,44.134],[26.917,44.138],[26.763,44.078],[26.702,44.078],[26.601,44.052],[26.336,44.033],[26.197,43.985],[26.144,43.983],[26.107,43.97],[26.073,43.926],[26.03,43.918],[25.964,43.925],[25.933,43.912],[25.925,43.883],[25.954,43.859],[25.888,43.793],[25.865,43.782],[25.864,43.769],[25.839,43.767],[25.809,43.748],[25.78,43.709],[25.73,43.69],[25.667,43.69],[25.561,43.648],[25.492,43.649],[25.394,43.618],[25.343,43.63],[25.243,43.686],[25.18,43.698],[25.112,43.684],[25.09,43.687],[25.021,43.71],[25.008,43.725],[24.966,43.722],[24.918,43.738],[24.907,43.759],[24.858,43.759],[24.827,43.746],[24.846,43.709],[24.778,43.706],[24.724,43.707],[24.611,43.745],[24.501,43.762],[24.35,43.697],[24.294,43.698],[24.175,43.681],[24.087,43.703],[24.058,43.719],[23.979,43.743],[23.852,43.759],[23.818,43.771],[23.778,43.8],[23.702,43.806],[23.607,43.792],[23.554,43.804],[23.495,43.834],[23.414,43.853],[23.268,43.846],[23.138,43.805],[23.065,43.796],[22.9,43.826],[22.869,43.837],[22.836,43.876],[22.88,43.983],[22.944,44.007],[23.006,44.011],[23.042,44.053],[23.043,44.075],[23.03,44.087],[22.993,44.098],[22.924,44.1],[22.864,44.137],[22.789,44.166],[22.758,44.193],[22.688,44.208],[22.672,44.222],[22.683,44.249],[22.681,44.278],[22.661,44.288],[22.612,44.293],[22.558,44.31],[22.529,44.337],[22.509,44.372],[22.499,44.411],[22.456,44.468],[22.457,44.477],[22.474,44.482],[22.539,44.48],[22.557,44.499],[22.563,44.534],[22.588,44.552],[22.635,44.55],[22.695,44.518],[22.763,44.539],[22.757,44.562],[22.702,44.608],[22.602,44.622],[22.468,44.714],[22.472,44.724],[22.464,44.744],[22.429,44.761],[22.422,44.795]]]}},{"type":"Feature","properties":{"NAME":"Tsardom of Muscovy","ABBREVN":"Muscovy","wikipedia":null,"SUBJECTO":"Tsardom of Muscovy","BORDERPRECISION":3,"PARTOF":"Tsardom of Muscovy"},"geometry":{"type":"Polygon","coordinates":[[[27.593,68.846],[30.586,64.355],[30.559,63.108],[31.123,62.804],[31.194,61.634],[31.258,61.641],[31.308,61.605],[31.334,61.627],[31.365,61.627],[31.486,61.551],[31.576,61.437],[31.604,61.423],[31.62,61.427],[31.62,61.461],[31.637,61.463],[31.698,61.415],[31.762,61.384],[31.871,61.347],[31.899,61.324],[32.36,61.181],[32.527,61.118],[32.563,61.079],[32.581,61.045],[32.581,61.014],[32.593,60.998],[32.633,60.987],[32.641,60.969],[32.765,60.886],[32.808,60.826],[32.812,60.756],[32.844,60.712],[32.903,60.694],[32.937,60.67],[32.944,60.643],[32.841,60.497],[32.816,60.482],[32.782,60.488],[32.722,60.521],[32.642,60.537],[32.6,60.533],[32.596,60.511],[32.618,60.476],[32.664,60.427],[32.677,60.392],[32.656,60.372],[32.595,60.355],[32.59,60.33],[32.614,60.286],[32.612,60.245],[32.584,60.209],[32.5,60.177],[32.362,60.148],[32.26,60.154],[32.196,60.195],[32.057,60.227],[31.843,60.248],[31.699,60.236],[31.599,60.17],[31.591,60.156],[31.606,60.134],[31.548,60.072],[31.541,60.035],[31.565,59.998],[31.567,59.967],[31.547,59.94],[31.51,59.92],[31.455,59.907],[31.401,59.911],[31.349,59.933],[31.298,59.936],[31.318,59.594],[29.995,59.463],[29.518,59.247],[29.041,59.29],[28.173,58.986],[29.518,58.075],[29.995,58.205],[30.472,57.771],[30.386,57.294],[31.167,56.73],[31.557,57.034],[32.078,56.774],[31.861,55.993],[31.21,55.732],[31.253,55.602],[31.514,55.559],[31.731,54.952],[31.427,54.908],[31.557,54.301],[32.208,54.431],[32.468,53.086],[31.383,53.26],[31.297,52.956],[31.383,52.001],[31.344,50.923],[33.169,51.43],[33.879,51.125],[33.879,50.213],[35.704,50.416],[36.211,49.909],[36.399,49.036],[37.885,49.186],[39.259,48.437],[40.508,47.437],[40.633,46.688],[42.257,46.813],[43.381,46.188],[43.88,44.814],[44.755,44.439],[46.873,44.68],[47.026,44.788],[47.17,44.86],[47.251,44.986],[47.394,45.175],[47.556,45.453],[47.655,45.543],[47.601,45.66],[47.628,45.732],[47.673,45.75],[47.754,45.714],[47.871,45.678],[48.015,45.714],[48.303,45.768],[48.635,45.975],[48.77,45.885],[48.833,45.921],[48.833,46.083],[48.887,46.083],[49.058,46.137],[49.238,46.263],[49.313,46.353],[49.535,46.542],[49.723,46.533],[49.948,46.56],[50.272,46.685],[50.632,46.91],[50.82,46.919],[51.117,47.063],[51.369,47.09],[51.773,47.462],[51.387,48.105],[51.901,49.391],[51.13,50.42],[51.387,51.063],[55.245,51.706],[58.331,50.934],[60,50.884],[60,68.6],[59.925,68.581],[59.892,68.402],[59.762,68.297],[59.502,68.289],[59.218,68.349],[59.12,68.393],[59.062,68.497],[59.346,68.7],[59.199,68.774],[58.77,68.856],[58.409,68.833],[57.959,68.705],[57.526,68.495],[57.364,68.457],[57.024,68.449],[56.54,68.553],[56.195,68.567],[55.723,68.536],[55.335,68.483],[55.126,68.401],[54.996,68.207],[54.877,68.11],[54.752,68.05],[54.648,68.072],[54.576,68.161],[54.38,68.161],[53.626,68.048],[53.317,68.136],[53.316,68.233],[53.396,68.3],[53.782,68.338],[53.808,68.607],[53.889,68.787],[53.502,68.816],[53.179,68.756],[53.006,68.681],[52.939,68.471],[52.72,68.351],[52.463,68.299],[52.337,68.336],[52.245,68.545],[51.831,68.409],[51.139,68.266],[50.496,68.153],[49.63,67.936],[49.186,67.839],[48.635,67.652],[48.081,67.562],[47.953,67.377],[47.706,66.89],[47.571,66.816],[46.973,66.778],[46.402,66.719],[46.077,66.762],[45.715,66.85],[45.386,67.099],[44.957,67.231],[44.871,67.312],[45.093,67.542],[45.463,67.639],[46.634,67.701],[46.439,67.908],[46.162,68.108],[45.863,68.383],[45.58,68.443],[44.668,68.389],[44.012,68.492],[43.853,68.469],[43.822,68.327],[44.169,68.097],[44.261,67.83],[44.216,67.718],[43.704,67.266],[43.838,67.163],[44.219,67.09],[44.362,66.906],[44.384,66.612],[44.122,66.267],[44.053,66.041],[44.029,66.011],[43.876,66.011],[43.241,66.251],[42.211,66.41],[42.133,66.388],[41.623,66.065],[41.354,65.955],[40.681,65.794],[39.951,65.581],[39.823,65.436],[39.979,65.153],[40.366,64.858],[40.462,64.75],[40.44,64.564],[40.322,64.463],[39.997,64.541],[39.622,64.476],[39.193,64.511],[38.253,64.703],[37.604,64.853],[37.102,65.068],[36.884,65.068],[36.569,64.765],[36.997,64.407],[37.262,64.314],[37.463,64.3],[37.668,64.343],[37.88,64.308],[38.054,64.129],[38.054,63.986],[37.945,63.85],[37.591,63.807],[37.411,63.749],[36.988,63.841],[36.421,63.876],[36.24,63.919],[36.015,64.197],[35.623,64.254],[35.082,64.288],[34.885,64.367],[34.815,64.46],[34.773,64.682],[34.426,65.107],[34.332,65.346],[34.293,65.396],[34.601,65.484],[34.726,65.615],[34.726,65.797],[34.544,66.001],[34.258,66.11],[33.844,66.182],[33.47,66.313],[32.971,66.583],[32.754,66.649],[32.425,66.891],[32.219,66.994],[32.644,67.046],[32.991,66.988],[33.158,66.914],[33.437,66.702],[34.153,66.63],[35.168,66.412],[35.772,66.259],[36.505,66.172],[37.422,66.094],[38.048,66.007],[38.782,66.001],[39.19,66.039],[39.978,66.201],[40.345,66.319],[40.836,66.561],[41.147,66.782],[41.255,66.937],[41.209,67.069],[41.017,67.202],[40.951,67.335],[40.973,67.534],[40.826,67.66],[39.918,67.94],[38.668,68.146],[38.406,68.243],[37.689,68.63],[37.246,68.793],[36.018,69.024],[35.437,69.15],[34.934,69.149],[34.699,69.164],[34.305,69.171],[33.818,69.192],[33.628,69.215],[33.316,69.071],[33.281,69.342],[33.01,69.387],[32.596,69.424],[32.352,69.514],[32.191,69.642],[32.076,69.815],[32.072,69.883],[31.782,69.777],[31.331,69.663],[30.733,68.574],[30.73,68.531],[27.593,68.846]],[[30.857,58.239],[31.019,58.32],[31.17,58.359],[31.252,58.425],[31.298,58.477],[31.374,58.429],[31.511,58.389],[31.518,58.373],[31.637,58.388],[31.653,58.369],[31.646,58.351],[31.647,58.308],[31.688,58.202],[31.631,58.207],[31.531,58.23],[31.446,58.206],[31.394,58.142],[30.876,58.214],[30.857,58.239]],[[33.944,62.5],[33.979,62.516],[34.003,62.516],[34.027,62.512],[34.054,62.495],[34.137,62.414],[34.328,62.264],[34.329,62.246],[34.321,62.227],[34.343,62.199],[34.417,62.158],[34.514,62.12],[34.591,62.096],[34.636,62.095],[34.653,62.109],[34.632,62.182],[34.658,62.245],[34.615,62.304],[34.609,62.339],[34.633,62.348],[34.682,62.339],[34.696,62.365],[34.66,62.406],[34.547,62.498],[34.52,62.542],[34.532,62.546],[34.557,62.54],[34.641,62.489],[34.841,62.31],[34.852,62.294],[34.871,62.219],[34.892,62.187],[35.029,62.078],[35.075,62.054],[35.115,62.054],[35.165,62.081],[35.168,62.097],[35.052,62.212],[35.046,62.229],[35.341,62.149],[35.387,62.158],[35.455,62.181],[35.554,62.236],[35.567,62.287],[35.54,62.354],[35.433,62.469],[35.352,62.523],[35.271,62.545],[35.147,62.559],[34.967,62.639],[34.943,62.643],[34.839,62.591],[34.776,62.622],[34.739,62.621],[34.621,62.712],[34.536,62.818],[34.48,62.874],[34.489,62.904],[34.533,62.916],[34.605,62.873],[34.703,62.844],[34.91,62.815],[35.083,62.741],[35.326,62.666],[35.464,62.604],[35.488,62.606],[35.504,62.625],[35.585,62.576],[35.74,62.52],[35.803,62.461],[35.822,62.412],[35.823,62.352],[35.8,62.281],[35.73,62.139],[35.674,62.079],[35.689,62.04],[35.818,61.951],[35.871,61.855],[35.985,61.756],[36.061,61.654],[36.2,61.531],[36.247,61.493],[36.406,61.411],[36.419,61.392],[36.428,61.373],[36.425,61.349],[36.374,61.271],[36.371,61.257],[36.395,61.206],[36.387,61.184],[36.364,61.16],[36.279,61.114],[36.099,61.063],[35.88,60.948],[35.884,60.931],[35.904,60.917],[35.91,60.902],[35.88,60.878],[35.829,60.867],[35.719,60.905],[35.551,60.938],[35.499,60.97],[35.45,61.023],[35.4,61.04],[35.184,61.005],[35.133,61.007],[35.093,61.045],[35.022,61.064],[34.942,61.07],[34.869,61.027],[34.846,61.027],[34.802,61.074],[34.797,61.123],[34.804,61.15],[34.838,61.194],[34.887,61.206],[34.974,61.212],[35.075,61.207],[35.157,61.194],[35.231,61.165],[35.078,61.151],[35.053,61.141],[35.062,61.126],[35.08,61.108],[35.142,61.077],[35.192,61.069],[35.345,61.073],[35.441,61.063],[35.527,61.023],[35.583,61.034],[35.632,61.108],[35.629,61.15],[35.611,61.197],[35.578,61.246],[35.537,61.292],[35.457,61.356],[35.304,61.43],[35.154,61.485],[34.772,61.601],[34.63,61.654],[34.531,61.704],[34.388,61.796],[34.345,61.831],[34.315,61.869],[34.445,61.819],[34.494,61.808],[34.531,61.812],[34.562,61.824],[34.583,61.846],[34.594,61.874],[34.586,61.938],[34.537,61.999],[34.255,62.169],[34.265,62.238],[34.257,62.262],[34.165,62.339],[34.098,62.379],[33.978,62.408],[33.947,62.453],[33.944,62.5]],[[37.151,58.849],[37.308,58.76],[37.372,58.731],[37.423,58.727],[37.41,58.67],[37.459,58.634],[37.538,58.613],[37.565,58.553],[37.609,58.545],[37.661,58.557],[37.667,58.572],[37.621,58.626],[37.632,58.636],[37.715,58.618],[37.768,58.618],[37.995,58.55],[38.074,58.542],[38.074,58.592],[38.103,58.619],[38.096,58.634],[37.988,58.672],[37.984,58.692],[37.945,58.72],[37.942,58.735],[37.961,58.744],[38.024,58.746],[37.996,58.862],[37.918,58.858],[37.869,58.897],[37.828,58.914],[37.777,58.926],[37.714,58.928],[37.642,58.919],[37.581,58.899],[37.501,58.845],[37.471,58.857],[37.466,58.875],[37.484,58.927],[37.499,58.944],[37.609,58.989],[37.673,59.025],[37.696,59.064],[37.676,59.102],[37.64,59.138],[37.645,59.157],[37.843,59.155],[37.987,59.177],[38.007,59.144],[38.027,59.128],[38.116,59.103],[38.159,59.102],[38.18,59.113],[38.18,59.132],[38.176,59.148],[38.124,59.203],[38.143,59.21],[38.183,59.203],[38.294,59.161],[38.415,59.173],[38.407,59.152],[38.332,59.093],[38.239,59.063],[38.171,59.065],[37.91,59.103],[37.866,59.094],[37.858,59.075],[37.92,59.042],[38.047,58.994],[38.119,58.955],[38.427,58.747],[38.753,58.547],[38.989,58.496],[39.004,58.476],[38.97,58.441],[39,58.387],[39.005,58.358],[38.871,58.331],[38.83,58.296],[38.812,58.251],[38.819,58.135],[38.805,58.122],[38.779,58.135],[38.692,58.207],[38.638,58.22],[38.619,58.201],[38.698,58.133],[38.704,58.113],[38.681,58.108],[38.383,58.122],[38.357,58.1],[38.437,58.036],[38.437,58.018],[38.415,58.016],[38.281,58.054],[38.259,58.071],[38.25,58.103],[38.251,58.199],[38.221,58.237],[38.149,58.249],[37.944,58.301],[37.897,58.292],[37.507,58.535],[37.417,58.613],[37.317,58.657],[37.155,58.695],[37.155,58.707],[37.169,58.726],[37.151,58.849]]]}},{"type":"Feature","properties":{"NAME":"Khiva Khanate","ABBREVN":"Khiva Khanate","wikipedia":null,"SUBJECTO":"Khiva Khanate","BORDERPRECISION":1,"PARTOF":"Khiva Khanate"},"geometry":{"type":"MultiPolygon","coordinates":[[[[60,39.151],[58.619,39.052],[56.43,38.21],[53.937,38.159],[53.937,38.571],[53.985,38.657],[54.071,38.897],[54.033,38.993],[53.918,39.05],[53.775,39.136],[53.679,39.251],[53.66,39.318],[53.583,39.318],[53.334,39.385],[53.248,39.299],[53.209,39.405],[53.248,39.452],[53.315,39.567],[53.372,39.52],[53.545,39.539],[53.794,39.491],[53.813,39.548],[53.669,39.644],[53.554,39.654],[53.516,39.778],[53.593,39.893],[53.688,39.979],[53.506,39.998],[53.363,39.96],[53.19,39.96],[53.047,39.998],[52.989,39.931],[52.912,40.046],[52.845,40.18],[52.845,40.334],[52.826,40.468],[52.903,40.563],[52.951,40.707],[52.97,40.822],[53.056,41.052],[53.181,40.841],[53.257,40.765],[53.439,40.803],[53.612,40.745],[53.66,40.813],[53.65,40.88],[53.698,40.88],[53.765,40.87],[53.794,40.726],[53.842,40.64],[53.976,40.65],[54.11,40.678],[54.225,40.726],[54.416,40.659],[54.455,40.717],[54.387,40.803],[54.368,40.899],[54.455,40.918],[54.502,40.851],[54.608,40.813],[54.818,40.88],[54.828,40.985],[54.751,41.138],[54.598,41.244],[54.359,41.387],[54.167,41.483],[54.138,41.627],[54.119,41.78],[54.024,41.857],[54.024,42.048],[53.985,42.106],[53.736,42.134],[53.458,42.096],[53.267,42.086],[53.066,42.029],[52.98,41.904],[52.941,41.77],[52.999,41.684],[52.932,41.378],[52.96,41.272],[52.97,41.138],[52.855,41.387],[52.692,41.531],[52.711,41.607],[52.683,41.694],[52.559,41.758],[52.601,41.938],[52.574,42.019],[52.52,42.073],[52.583,42.189],[52.673,42.279],[52.736,42.423],[52.754,42.558],[52.835,42.648],[52.763,42.756],[52.583,42.828],[52.376,42.801],[52.295,42.873],[52.07,42.828],[51.98,42.909],[51.881,43.053],[51.738,43.179],[51.423,43.17],[51.423,43.259],[51.459,43.385],[51.369,43.556],[51.261,43.61],[51.171,43.718],[50.991,44.078],[50.955,44.204],[50.703,44.258],[50.389,44.294],[50.326,44.365],[50.335,44.563],[50.407,44.617],[50.542,44.644],[50.874,44.626],[51.333,44.482],[51.414,44.518],[51.576,44.554],[51.486,44.626],[51.189,44.77],[51.099,44.878],[51.216,45.04],[51.342,45.058],[51.378,45.175],[51.459,45.31],[51.513,45.373],[51.63,45.355],[51.773,45.391],[51.845,45.436],[51.998,45.382],[52.61,45.4],[53.059,45.337],[53.284,45.328],[53.059,45.453],[52.844,45.507],[52.835,45.642],[52.924,45.732],[52.98,45.776],[57.728,44.635],[60,45.065],[60,39.151]]]]}},{"type":"Feature","properties":{"NAME":null,"ABBREVN":null,"wikipedia":null,"SUBJECTO":null,"BORDERPRECISION":1,"PARTOF":null},"geometry":{"type":"Polygon","coordinates":[[[-4.569,53.388],[-4.567,53.273],[-4.494,53.189],[-4.402,53.126],[-4.351,53.124],[-4.326,53.145],[-4.218,53.2],[-4.153,53.226],[-4.09,53.255],[-4.047,53.303],[-4.222,53.322],[-4.277,53.398],[-4.314,53.412],[-4.429,53.424],[-4.56,53.397],[-4.569,53.388]]]}},{"type":"Feature","properties":{"NAME":null,"ABBREVN":null,"wikipedia":null,"SUBJECTO":null,"BORDERPRECISION":1,"PARTOF":null},"geometry":{"type":"Polygon","coordinates":[[[-5.4,55.601],[-5.34,55.475],[-5.232,55.43],[-5.104,55.439],[-5.076,55.455],[-5.085,55.557],[-5.16,55.679],[-5.239,55.714],[-5.295,55.717],[-5.381,55.669],[-5.4,55.601]]]}},{"type":"Feature","properties":{"NAME":null,"ABBREVN":null,"wikipedia":null,"SUBJECTO":null,"BORDERPRECISION":1,"PARTOF":null},"geometry":{"type":"MultiPolygon","coordinates":[[[[-6.122,55.879],[-6.098,55.797],[-6.088,55.784],[-6.052,55.767],[-6.03,55.721],[-6.025,55.681],[-6.077,55.65],[-6.274,55.573],[-6.326,55.587],[-6.322,55.615],[-6.286,55.707],[-6.253,55.764],[-6.251,55.771],[-6.265,55.778],[-6.338,55.78],[-6.38,55.728],[-6.449,55.68],[-6.485,55.669],[-6.509,55.682],[-6.495,55.734],[-6.45,55.849],[-6.442,55.854],[-6.37,55.869],[-6.31,55.864],[-6.137,55.934],[-6.119,55.922],[-6.122,55.879]]]]}},{"type":"Feature","properties":{"NAME":null,"ABBREVN":null,"wikipedia":null,"SUBJECTO":null,"BORDERPRECISION":1,"PARTOF":null},"geometry":{"type":"MultiPolygon","coordinates":[[[[-5.947,55.83],[-5.972,55.788],[-6.027,55.792],[-6.063,55.804],[-6.076,55.816],[-6.088,55.877],[-6.079,55.906],[-5.968,56.024],[-5.809,56.11],[-5.711,56.15],[-5.694,56.147],[-5.685,56.126],[-5.691,56.107],[-5.746,56.064],[-5.947,55.83]]]]}},{"type":"Feature","properties":{"NAME":null,"ABBREVN":null,"wikipedia":null,"SUBJECTO":null,"BORDERPRECISION":1,"PARTOF":null},"geometry":{"type":"MultiPolygon","coordinates":[[[[-7.467,56.941],[-7.55,56.947],[-7.56,56.96],[-7.44,57.054],[-7.419,57.044],[-7.378,56.982],[-7.435,56.945],[-7.467,56.941]]]]}},{"type":"Feature","properties":{"NAME":null,"ABBREVN":null,"wikipedia":null,"SUBJECTO":null,"BORDERPRECISION":1,"PARTOF":null},"geometry":{"type":"MultiPolygon","coordinates":[[[[-7.223,57.337],[-7.252,57.327],[-7.285,57.336],[-7.288,57.322],[-7.259,57.152],[-7.215,57.114],[-7.226,57.097],[-7.287,57.106],[-7.356,57.099],[-7.381,57.109],[-7.417,57.182],[-7.425,57.382],[-7.368,57.401],[-7.336,57.396],[-7.272,57.375],[-7.223,57.337]]]]}},{"type":"Feature","properties":{"NAME":null,"ABBREVN":null,"wikipedia":null,"SUBJECTO":null,"BORDERPRECISION":1,"PARTOF":null},"geometry":{"type":"MultiPolygon","coordinates":[[[[-7.269,57.399],[-7.314,57.4],[-7.388,57.424],[-7.409,57.448],[-7.406,57.464],[-7.351,57.489],[-7.244,57.476],[-7.205,57.461],[-7.202,57.419],[-7.269,57.399]]]]}},{"type":"Feature","properties":{"NAME":null,"ABBREVN":null,"wikipedia":null,"SUBJECTO":null,"BORDERPRECISION":1,"PARTOF":null},"geometry":{"type":"MultiPolygon","coordinates":[[[[-7.189,57.687],[-7.067,57.637],[-7.154,57.509],[-7.321,57.505],[-7.325,57.544],[-7.412,57.568],[-7.477,57.562],[-7.543,57.591],[-7.491,57.646],[-7.473,57.655],[-7.275,57.656],[-7.245,57.677],[-7.189,57.687]]]]}},{"type":"Feature","properties":{"NAME":null,"ABBREVN":null,"wikipedia":null,"SUBJECTO":null,"BORDERPRECISION":1,"PARTOF":null},"geometry":{"type":"MultiPolygon","coordinates":[[[[-7.006,57.881],[-7.074,57.878],[-7.077,57.893],[-7.033,57.916],[-6.994,57.919],[-6.997,57.891],[-7.006,57.881]]]]}},{"type":"Feature","properties":{"NAME":null,"ABBREVN":null,"wikipedia":null,"SUBJECTO":null,"BORDERPRECISION":1,"PARTOF":null},"geometry":{"type":"MultiPolygon","coordinates":[[[[-6.802,58.203],[-6.869,58.204],[-6.89,58.252],[-6.854,58.25],[-6.81,58.229],[-6.794,58.218],[-6.791,58.207],[-6.802,58.203]]]]}},{"type":"Feature","properties":{"NAME":null,"ABBREVN":null,"wikipedia":null,"SUBJECTO":null,"BORDERPRECISION":1,"PARTOF":null},"geometry":{"type":"MultiPolygon","coordinates":[[[[-6.204,58.356],[-6.232,58.318],[-6.324,58.264],[-6.328,58.238],[-6.325,58.232],[-6.277,58.223],[-6.221,58.234],[-6.168,58.261],[-6.148,58.256],[-6.158,58.218],[-6.172,58.207],[-6.225,58.184],[-6.264,58.177],[-6.329,58.183],[-6.367,58.159],[-6.382,58.13],[-6.497,58.097],[-6.62,58.082],[-6.497,58.087],[-6.396,58.105],[-6.354,58.033],[-6.458,57.968],[-6.474,57.94],[-6.571,57.911],[-6.662,57.924],[-6.699,57.967],[-6.706,58.008],[-6.697,58.021],[-6.653,58.048],[-6.594,58.046],[-6.6,58.054],[-6.684,58.057],[-6.761,57.998],[-6.726,57.954],[-6.685,57.934],[-6.661,57.885],[-6.735,57.826],[-6.973,57.725],[-7.124,57.821],[-7.127,57.833],[-7.118,57.838],[-7.066,57.821],[-6.83,57.901],[-6.879,57.932],[-6.935,57.95],[-6.985,57.959],[-7.036,57.953],[-7.075,57.962],[-7.113,57.984],[-7.084,58.008],[-7.056,58.02],[-7.058,58.036],[-7.094,58.071],[-7.128,58.13],[-7.094,58.182],[-7.041,58.233],[-7.001,58.234],[-6.908,58.213],[-6.908,58.206],[-6.936,58.188],[-6.862,58.104],[-6.873,58.179],[-6.805,58.196],[-6.75,58.185],[-6.745,58.197],[-6.787,58.229],[-6.808,58.26],[-6.818,58.28],[-6.798,58.302],[-6.673,58.349],[-6.652,58.349],[-6.647,58.342],[-6.55,58.363],[-6.293,58.488],[-6.267,58.512],[-6.223,58.496],[-6.166,58.425],[-6.204,58.356]]]]}},{"type":"Feature","properties":{"NAME":null,"ABBREVN":null,"wikipedia":null,"SUBJECTO":null,"BORDERPRECISION":1,"PARTOF":null},"geometry":{"type":"MultiPolygon","coordinates":[[[[-2.918,58.732],[-2.948,58.731],[-2.971,58.742],[-3.037,58.818],[-3.004,58.833],[-2.916,58.839],[-2.886,58.832],[-2.878,58.824],[-2.918,58.732]]]]}},{"type":"Feature","properties":{"NAME":null,"ABBREVN":null,"wikipedia":null,"SUBJECTO":null,"BORDERPRECISION":1,"PARTOF":null},"geometry":{"type":"MultiPolygon","coordinates":[[[[-3.231,58.776],[-3.301,58.778],[-3.431,58.871],[-3.418,58.904],[-3.398,58.917],[-3.336,58.927],[-3.228,58.885],[-3.136,58.804],[-3.142,58.785],[-3.231,58.776]]]]}},{"type":"Feature","properties":{"NAME":null,"ABBREVN":null,"wikipedia":null,"SUBJECTO":null,"BORDERPRECISION":1,"PARTOF":null},"geometry":{"type":"MultiPolygon","coordinates":[[[[-2.793,58.951],[-2.756,58.918],[-2.824,58.879],[-2.97,58.939],[-3.057,58.936],[-3.195,58.911],[-3.346,58.966],[-3.368,59.01],[-3.351,59.106],[-3.317,59.129],[-3.219,59.149],[-3.077,59.122],[-2.998,59.07],[-2.996,59.056],[-2.947,58.998],[-2.852,58.976],[-2.793,58.951]]]]}},{"type":"Feature","properties":{"NAME":null,"ABBREVN":null,"wikipedia":null,"SUBJECTO":null,"BORDERPRECISION":1,"PARTOF":null},"geometry":{"type":"MultiPolygon","coordinates":[[[[-2.681,59.196],[-2.686,59.184],[-2.694,59.197],[-2.684,59.221],[-2.593,59.291],[-2.556,59.303],[-2.407,59.314],[-2.39,59.283],[-2.496,59.245],[-2.621,59.236],[-2.681,59.196]]]]}},{"type":"Feature","properties":{"NAME":null,"ABBREVN":null,"wikipedia":null,"SUBJECTO":null,"BORDERPRECISION":1,"PARTOF":null},"geometry":{"type":"MultiPolygon","coordinates":[[[[-2.89,59.295],[-2.85,59.268],[-2.853,59.249],[-2.877,59.229],[-2.877,59.259],[-2.937,59.284],[-2.972,59.287],[-2.977,59.273],[-2.999,59.261],[-3.076,59.331],[-2.89,59.295]]]]}},{"type":"Feature","properties":{"NAME":null,"ABBREVN":null,"wikipedia":null,"SUBJECTO":null,"BORDERPRECISION":1,"PARTOF":null},"geometry":{"type":"MultiPolygon","coordinates":[[[[-1.296,60.491],[-1.287,60.471],[-1.037,60.444],[-1.101,60.276],[-1.164,60.258],[-1.187,60.27],[-1.201,60.263],[-1.186,60.231],[-1.126,60.152],[-1.147,60.132],[-1.171,60.137],[-1.212,60.103],[-1.221,60.022],[-1.26,59.862],[-1.269,59.851],[-1.307,59.857],[-1.372,59.892],[-1.378,59.902],[-1.332,59.997],[-1.306,60.013],[-1.263,60.107],[-1.262,60.131],[-1.291,60.241],[-1.41,60.255],[-1.364,60.23],[-1.353,60.209],[-1.358,60.192],[-1.449,60.151],[-1.52,60.181],[-1.527,60.187],[-1.52,60.201],[-1.665,60.231],[-1.693,60.28],[-1.691,60.288],[-1.655,60.303],[-1.427,60.321],[-1.346,60.34],[-1.32,60.356],[-1.446,60.461],[-1.554,60.476],[-1.61,60.474],[-1.593,60.508],[-1.547,60.536],[-1.416,60.605],[-1.302,60.637],[-1.287,60.613],[-1.296,60.491]]]]}},{"type":"Feature","properties":{"NAME":null,"ABBREVN":null,"wikipedia":null,"SUBJECTO":null,"BORDERPRECISION":1,"PARTOF":null},"geometry":{"type":"MultiPolygon","coordinates":[[[[-1.029,60.496],[-1.127,60.486],[-1.14,60.489],[-1.17,60.527],[-1.184,60.603],[-1.179,60.633],[-1.11,60.726],[-1.099,60.73],[-0.991,60.72],[-0.982,60.656],[-1.029,60.496]]]]}},{"type":"Feature","properties":{"NAME":null,"ABBREVN":null,"wikipedia":null,"SUBJECTO":null,"BORDERPRECISION":1,"PARTOF":null},"geometry":{"type":"MultiPolygon","coordinates":[[[[-0.82,60.689],[-0.835,60.673],[-0.936,60.674],[-0.966,60.688],[-0.939,60.794],[-0.878,60.844],[-0.806,60.841],[-0.768,60.829],[-0.758,60.818],[-0.764,60.793],[-0.82,60.689]]]]}},{"type":"Feature","properties":{"NAME":null,"ABBREVN":null,"wikipedia":null,"SUBJECTO":null,"BORDERPRECISION":1,"PARTOF":null},"geometry":{"type":"MultiPolygon","coordinates":[[[[-6.655,61.389],[-6.719,61.407],[-6.846,61.468],[-6.958,61.599],[-6.963,61.619],[-6.945,61.637],[-6.889,61.645],[-6.724,61.573],[-6.709,61.558],[-6.642,61.401],[-6.655,61.389]]],[[[-6.604,61.822],[-6.63,61.761],[-6.652,61.743],[-6.705,61.777],[-6.841,61.817],[-6.866,61.837],[-6.909,61.901],[-6.905,61.908],[-6.864,61.907],[-6.783,61.897],[-6.661,61.859],[-6.604,61.822]]],[[[-7.05,62.068],[-7.063,62.049],[-7.202,62.019],[-7.192,62.04],[-7.227,62.064],[-7.251,62.043],[-7.346,62.052],[-7.378,62.065],[-7.431,62.116],[-7.435,62.14],[-7.223,62.159],[-7.163,62.129],[-7.045,62.094],[-7.04,62.088],[-7.05,62.068]]],[[[-6.707,61.937],[-6.725,61.934],[-6.773,61.95],[-6.869,61.997],[-6.961,62.047],[-7.035,62.112],[-7.13,62.126],[-7.232,62.172],[-7.234,62.193],[-7.211,62.285],[-7.196,62.305],[-7.135,62.304],[-7.066,62.282],[-7.045,62.243],[-6.991,62.193],[-6.841,62.124],[-6.725,62.035],[-6.696,61.979],[-6.707,61.937]]],[[[-6.62,62.23],[-6.686,62.245],[-6.712,62.294],[-6.721,62.331],[-6.626,62.253],[-6.62,62.23]]],[[[-6.657,62.092],[-6.657,62.056],[-6.922,62.167],[-7.025,62.238],[-7.062,62.296],[-7.06,62.314],[-6.95,62.338],[-6.807,62.29],[-6.601,62.197],[-6.588,62.134],[-6.657,62.092]]],[[[-6.419,62.184],[-6.518,62.169],[-6.572,62.212],[-6.588,62.24],[-6.551,62.251],[-6.549,62.301],[-6.574,62.35],[-6.542,62.357],[-6.522,62.318],[-6.493,62.291],[-6.392,62.258],[-6.389,62.251],[-6.407,62.192],[-6.419,62.184]]],[[[-6.586,62.256],[-6.62,62.267],[-6.664,62.322],[-6.661,62.372],[-6.632,62.371],[-6.566,62.296],[-6.566,62.265],[-6.586,62.256]]],[[[-6.406,62.284],[-6.48,62.298],[-6.547,62.384],[-6.519,62.397],[-6.489,62.381],[-6.392,62.297],[-6.406,62.284]]]]}},{"type":"Feature","properties":{"NAME":"Dutch Republic","ABBREVN":"Dutch Republic","wikipedia":null,"SUBJECTO":"Dutch Republic","BORDERPRECISION":3,"PARTOF":"Dutch Republic"},"geometry":{"type":"Polygon","coordinates":[[[3.52,51.579],[3.743,51.46],[3.775,51.388],[3.99,51.344],[4.173,51.325],[4.407,51.34],[4.395,51.411],[4.671,51.405],[4.791,51.487],[4.932,51.378],[5.01,51.433],[5.113,51.405],[5.244,51.237],[5.484,51.286],[5.824,51.117],[5.774,50.926],[5.697,50.883],[5.697,50.731],[6,50.742],[6.074,50.867],[6.01,50.964],[5.928,50.981],[5.964,51.024],[6.176,51.144],[6.089,51.198],[6.222,51.389],[6.154,51.521],[6.117,51.64],[5.948,51.722],[5.979,51.804],[6.133,51.838],[6.211,51.88],[6.381,51.82],[6.68,51.888],[6.825,51.956],[6.882,52.126],[7.068,52.219],[7.069,52.366],[6.997,52.443],[6.912,52.416],[6.714,52.476],[6.727,52.558],[6.778,52.64],[7.035,52.624],[7.073,52.804],[7.228,52.967],[7.16,53.164],[7.043,53.164],[7.009,53.245],[6.861,53.266],[6.751,53.39],[6.261,53.322],[5.966,53.335],[5.39,53.139],[5.332,53.011],[5.343,52.996],[5.358,52.938],[5.326,52.79],[5.653,52.75],[5.547,52.679],[5.556,52.587],[5.611,52.532],[5.817,52.521],[5.757,52.334],[5.574,52.283],[5.473,52.177],[4.95,52.278],[5.036,52.334],[5.006,52.557],[5.108,52.532],[5.235,52.623],[5.173,52.743],[5.008,52.856],[4.719,52.802],[4.641,52.756],[4.387,52.23],[4.264,52.071],[3.878,51.792],[3.52,51.579]]]}},{"type":"Feature","properties":{"NAME":"Sweden","ABBREVN":"Sweden","wikipedia":null,"SUBJECTO":"Sweden","BORDERPRECISION":1,"PARTOF":"Sweden"},"geometry":{"type":"MultiPolygon","coordinates":[[[[27.183,68.887],[27.593,68.846],[30.586,64.355],[30.559,63.108],[31.123,62.804],[31.194,61.634],[31.172,61.63],[31.161,61.619],[31.098,61.62],[31.071,61.645],[31.057,61.689],[31.026,61.714],[30.906,61.742],[30.888,61.765],[30.852,61.775],[30.758,61.733],[30.594,61.606],[30.593,61.579],[30.617,61.56],[30.606,61.541],[30.513,61.525],[30.486,61.515],[30.481,61.49],[30.466,61.487],[30.285,61.517],[30.239,61.515],[30.235,61.493],[30.252,61.473],[30.252,61.459],[30.217,61.431],[30.201,61.389],[30.179,61.373],[30.196,61.348],[30.193,61.327],[30.174,61.314],[30.13,61.313],[30.09,61.299],[30.094,61.259],[30.079,61.243],[30.029,61.254],[29.949,61.289],[29.891,61.295],[29.855,61.271],[29.865,61.251],[29.86,61.239],[29.825,61.216],[29.857,61.188],[30.125,61.087],[30.293,61.005],[30.409,60.928],[30.436,60.903],[30.441,60.874],[30.456,60.86],[30.502,60.843],[30.528,60.812],[30.533,60.766],[30.525,60.739],[30.504,60.732],[30.504,60.704],[30.534,60.63],[30.663,60.593],[30.724,60.562],[30.759,60.525],[30.774,60.492],[30.776,60.448],[30.803,60.447],[30.817,60.459],[30.832,60.458],[30.849,60.443],[30.957,60.264],[31.019,60.193],[31.109,60.146],[31.115,60.135],[31.095,60.084],[31.106,60.056],[31.143,60.032],[31.145,60.006],[31.043,59.951],[31.106,59.928],[31.298,59.936],[31.318,59.594],[29.995,59.463],[29.518,59.247],[29.041,59.29],[28.259,59.016],[27.923,59.23],[27.782,59.033],[27.694,58.968],[27.683,58.98],[27.524,59.007],[27.298,58.995],[27.107,58.954],[27.031,58.914],[26.716,58.987],[24.699,58.808],[23.677,58.374],[23.69,58.665],[23.512,58.581],[23.361,58.767],[23.432,58.858],[23.34,58.97],[23.181,58.961],[23.152,58.966],[23.113,59.017],[23.117,59.031],[23.181,59.042],[23.34,59.035],[23.37,59.023],[23.392,58.99],[23.457,59.005],[23.416,59.119],[24.032,59.176],[24.03,59.235],[24.282,59.284],[24.342,59.369],[24.538,59.323],[24.571,59.374],[24.714,59.352],[24.751,59.448],[25.248,59.362],[25.449,59.494],[25.49,59.42],[25.721,59.46],[26.343,59.447],[26.862,59.372],[26.999,59.318],[27.265,59.338],[27.702,59.298],[27.894,59.346],[28.016,59.454],[27.973,59.517],[27.897,59.534],[27.942,59.648],[28.094,59.665],[28.163,59.591],[28.266,59.562],[28.351,59.602],[28.309,59.664],[28.444,59.734],[28.663,59.644],[28.796,59.672],[28.936,59.825],[29.076,59.908],[29.414,59.86],[29.765,59.736],[29.963,59.737],[30.127,59.806],[29.953,59.986],[29.687,60.131],[29.511,60.145],[28.969,60.109],[28.692,60.15],[28.569,60.198],[28.435,60.337],[28.551,60.533],[28.522,60.623],[28.011,60.511],[27.474,60.426],[27.406,60.345],[27.178,60.442],[26.946,60.376],[26.922,60.316],[26.613,60.348],[26.526,60.396],[26.552,60.571],[26.443,60.333],[26.323,60.27],[25.89,60.236],[25.846,60.115],[25.581,60.262],[25.45,60.138],[25.146,60.11],[24.993,60.03],[24.969,60.087],[24.516,59.989],[24.421,59.87],[24.281,59.938],[23.979,59.881],[23.961,59.932],[23.665,59.836],[23.201,59.818],[22.982,59.932],[22.882,60.056],[23.005,60.209],[22.625,60.201],[22.392,60.121],[22.421,60.293],[22.221,60.259],[21.931,60.381],[21.747,60.408],[21.56,60.512],[21.443,60.694],[21.427,61.015],[21.498,61.183],[21.521,61.38],[21.561,61.485],[21.405,61.702],[21.211,61.871],[21.346,62.167],[21.338,62.344],[21.2,62.435],[21.034,62.477],[21.062,62.612],[21.195,62.761],[21.481,62.889],[21.546,62.974],[21.495,63.123],[21.666,63.187],[22.075,63.103],[22.292,63.203],[22.429,63.395],[22.476,63.602],[22.569,63.723],[22.704,63.581],[22.826,63.581],[23.58,64.082],[24.094,64.377],[24.47,64.636],[24.932,64.816],[25.325,64.802],[25.352,64.939],[25.293,65.004],[25.133,65.076],[25.252,65.417],[25.104,65.54],[24.591,65.583],[24.215,65.786],[23.844,65.798],[23.406,65.725],[23.204,65.681],[22.798,65.855],[22.646,65.935],[22.49,65.883],[22.202,65.715],[21.957,65.446],[21.819,65.38],[21.522,65.372],[21.277,65.212],[21.424,65.104],[21.489,65.017],[21.329,64.894],[20.921,64.714],[21.064,64.592],[21.237,64.521],[21.386,64.385],[21.049,64.219],[20.866,64.026],[20.701,63.818],[19.67,63.389],[19.465,63.481],[19.318,63.445],[19.076,63.202],[18.785,63.138],[18.487,62.981],[18.389,62.853],[18.303,62.789],[17.967,62.775],[17.868,62.789],[17.936,62.548],[17.718,62.357],[17.29,62.441],[17.387,62.201],[17.497,62.088],[17.387,61.658],[17.163,61.63],[17.065,61.538],[17.15,61.198],[17.146,60.953],[17.318,60.753],[17.188,60.674],[17.605,60.638],[17.706,60.554],[17.931,60.59],[18.224,60.323],[18.417,60.182],[18.804,60.108],[18.893,59.926],[19.037,59.863],[19.044,59.712],[18.868,59.712],[18.639,59.567],[18.03,59.359],[17.795,59.364],[17.73,59.416],[17.368,59.468],[17.071,59.546],[16.786,59.577],[16.724,59.531],[16.523,59.583],[16.408,59.447],[16.776,59.479],[17,59.359],[17.266,59.339],[17.358,59.245],[17.575,59.214],[17.584,59.271],[17.862,59.24],[17.978,59.328],[18.111,59.323],[18.328,59.37],[18.43,59.333],[18.441,59.401],[18.515,59.401],[18.611,59.333],[18.598,59.297],[18.273,59.287],[18.372,59.157],[18.016,59.038],[17.94,58.908],[17.766,58.872],[17.726,58.914],[17.745,58.986],[17.739,59.11],[17.623,59.1],[17.582,58.893],[17.357,58.743],[17.245,58.717],[17.083,58.748],[17.081,58.65],[16.443,58.634],[16.513,58.428],[16.744,58.312],[16.774,58.038],[16.725,57.889],[16.598,57.866],[16.46,57.895],[16.477,57.702],[16.607,57.666],[16.55,57.545],[16.659,57.443],[16.494,57.279],[16.395,57.074],[16.376,56.822],[16.063,56.396],[15.427,56.766],[14.485,56.68],[14.175,56.813],[13.432,56.524],[13.226,57.102],[12.896,56.978],[12.731,57.432],[12.524,57.391],[12.318,57.68],[11.877,57.325],[11.881,57.509],[11.766,57.673],[11.736,57.698],[12.488,58.563],[12.423,60.039],[12.436,60.278],[12.548,60.434],[12.431,60.626],[12.174,60.956],[12.597,61.029],[12.792,61.33],[13.155,62.024],[15.05,63.526],[16.661,63.756],[17.731,64.559],[17.33,64.826],[17.383,64.898],[15.252,65.628],[18.616,67.645],[18.959,68.294],[19.416,68.865],[21.917,69.116],[22.696,68.708],[27.183,68.887]],[[26.899,63.584],[26.899,63.566],[26.959,63.524],[27.02,63.501],[27.038,63.517],[27.068,63.523],[27.135,63.496],[27.175,63.438],[27.19,63.388],[27.239,63.332],[27.246,63.308],[27.213,63.309],[27.193,63.289],[27.193,63.169],[27.207,63.122],[27.176,63.084],[27.33,63.001],[27.391,62.941],[27.415,62.902],[27.494,62.863],[27.56,62.851],[27.564,62.877],[27.588,62.9],[27.652,62.925],[27.684,62.912],[27.65,62.816],[27.666,62.76],[27.619,62.71],[27.608,62.601],[27.669,62.528],[27.67,62.513],[27.647,62.498],[27.6,62.494],[27.398,62.576],[27.352,62.544],[27.339,62.519],[27.295,62.518],[27.191,62.572],[27.159,62.577],[27.178,62.553],[27.236,62.507],[27.297,62.477],[27.367,62.482],[27.419,62.496],[27.459,62.479],[27.489,62.443],[27.547,62.412],[27.597,62.418],[27.679,62.412],[27.755,62.429],[27.8,62.429],[27.877,62.329],[27.902,62.244],[27.899,62.157],[27.926,62.133],[28.086,62.1],[28.297,62.097],[28.403,62.069],[28.427,62.052],[28.579,61.993],[28.737,61.891],[28.835,61.864],[28.839,61.856],[28.84,61.846],[28.807,61.828],[28.672,61.826],[28.539,61.841],[28.442,61.768],[28.369,61.751],[28.306,61.756],[28.262,61.744],[28.248,61.716],[28.234,61.621],[28.185,61.544],[28.129,61.549],[28.104,61.522],[28.054,61.511],[28,61.549],[27.946,61.601],[27.921,61.627],[27.918,61.657],[27.866,61.696],[27.816,61.728],[27.626,61.801],[27.605,61.781],[27.623,61.764],[27.705,61.731],[27.773,61.685],[27.758,61.656],[27.678,61.636],[27.665,61.607],[27.593,61.581],[27.515,61.577],[27.488,61.618],[27.471,61.599],[27.476,61.539],[27.459,61.523],[27.359,61.531],[27.327,61.632],[27.329,61.693],[27.276,61.653],[27.296,61.557],[27.298,61.484],[27.274,61.468],[27.301,61.433],[27.265,61.379],[27.27,61.324],[27.368,61.326],[27.435,61.296],[27.432,61.27],[27.406,61.259],[27.519,61.23],[27.625,61.214],[27.678,61.232],[27.862,61.252],[28.072,61.233],[28.174,61.188],[28.197,61.163],[28.172,61.153],[28.082,61.179],[27.966,61.188],[27.882,61.157],[27.892,61.114],[27.919,61.08],[27.947,61.068],[27.988,61.08],[28.292,61.08],[28.788,61.204],[28.867,61.247],[28.82,61.297],[28.714,61.352],[28.663,61.368],[28.641,61.352],[28.477,61.332],[28.36,61.331],[28.345,61.349],[28.568,61.441],[28.582,61.473],[28.693,61.484],[28.679,61.524],[28.68,61.558],[28.722,61.581],[28.79,61.59],[28.76,61.61],[28.608,61.617],[28.629,61.642],[28.73,61.671],[28.941,61.626],[29.098,61.578],[29.115,61.6],[29.266,61.615],[29.29,61.649],[29.426,61.734],[29.477,61.742],[29.531,61.778],[29.727,61.848],[29.733,61.874],[29.777,61.889],[29.757,61.949],[29.685,62.004],[29.638,62.005],[29.615,61.983],[29.552,62.003],[29.492,62.046],[29.47,62.08],[29.492,62.089],[29.518,62.123],[29.607,62.145],[29.688,62.138],[29.708,62.151],[29.911,62.115],[29.982,62.133],[29.96,62.164],[29.791,62.2],[29.727,62.199],[29.648,62.223],[29.599,62.27],[29.641,62.31],[29.768,62.313],[29.793,62.335],[29.802,62.362],[29.835,62.389],[29.926,62.434],[29.825,62.518],[29.776,62.577],[29.697,62.609],[29.633,62.597],[29.593,62.527],[29.589,62.5],[29.612,62.462],[29.65,62.427],[29.626,62.419],[29.509,62.467],[29.422,62.523],[29.364,62.53],[29.335,62.6],[29.279,62.599],[29.261,62.551],[29.3,62.476],[29.297,62.426],[29.265,62.394],[29.298,62.313],[29.298,62.275],[29.319,62.242],[29.353,62.219],[29.345,62.186],[29.33,62.166],[29.198,62.177],[28.976,62.142],[28.826,62.134],[28.786,62.177],[28.837,62.185],[28.87,62.235],[28.765,62.348],[28.693,62.383],[28.666,62.387],[28.668,62.368],[28.699,62.328],[28.67,62.306],[28.63,62.294],[28.597,62.264],[28.249,62.542],[28.274,62.565],[28.367,62.587],[28.424,62.575],[28.555,62.523],[28.565,62.499],[28.496,62.501],[28.529,62.474],[28.659,62.42],[28.81,62.382],[28.898,62.39],[28.799,62.456],[28.653,62.527],[28.264,62.663],[28.268,62.689],[28.211,62.73],[28.149,62.804],[28.144,62.825],[28.187,62.857],[28.154,62.933],[28.192,62.964],[28.308,63.003],[28.35,63.026],[28.352,63.04],[28.106,63.009],[28.006,63.04],[27.888,63.019],[27.851,63.032],[27.848,63.071],[27.81,63.092],[27.767,63.1],[27.736,63.059],[27.774,62.996],[27.77,62.946],[27.735,62.952],[27.345,63.264],[27.363,63.316],[27.338,63.346],[27.25,63.376],[27.211,63.417],[27.234,63.427],[27.234,63.457],[27.183,63.518],[27.113,63.546],[26.899,63.584]]]]}},{"type":"Feature","properties":{"NAME":"Sweden","ABBREVN":"Sweden","wikipedia":null,"SUBJECTO":"Sweden","BORDERPRECISION":1,"PARTOF":"Sweden"},"geometry":{"type":"MultiPolygon","coordinates":[[[[27.677,62.979],[27.605,63.015],[27.559,63.001],[27.44,63.023],[27.358,63.068],[27.264,63.146],[27.337,63.213],[27.345,63.264],[27.735,62.952],[27.677,62.979]]]]}},{"type":"Feature","properties":{"NAME":"Sweden","ABBREVN":"Sweden","wikipedia":null,"SUBJECTO":"Sweden","BORDERPRECISION":1,"PARTOF":"Sweden"},"geometry":{"type":"MultiPolygon","coordinates":[[[[27.991,62.337],[28.042,62.379],[28.04,62.409],[27.915,62.43],[27.846,62.524],[27.758,62.583],[27.801,62.627],[27.755,62.652],[27.766,62.68],[27.849,62.719],[27.979,62.732],[28.057,62.69],[28.138,62.538],[28.106,62.476],[28.103,62.442],[28.169,62.434],[28.191,62.448],[28.211,62.508],[28.249,62.542],[28.597,62.264],[28.566,62.222],[28.506,62.22],[28.406,62.237],[28.324,62.287],[28.277,62.276],[28.276,62.256],[28.067,62.244],[27.97,62.259],[27.963,62.298],[27.991,62.337]]]]}},{"type":"Feature","properties":{"NAME":"Sweden","ABBREVN":"Sweden","wikipedia":null,"SUBJECTO":"Sweden","BORDERPRECISION":1,"PARTOF":"Sweden"},"geometry":{"type":"MultiPolygon","coordinates":[[[[28.691,62.036],[28.703,62.082],[28.728,62.082],[28.78,61.976],[28.714,61.995],[28.691,62.036]]]]}},{"type":"Feature","properties":{"NAME":"Sweden","ABBREVN":"Sweden","wikipedia":null,"SUBJECTO":"Sweden","BORDERPRECISION":1,"PARTOF":"Sweden"},"geometry":{"type":"MultiPolygon","coordinates":[[[[16.42,56.586],[16.543,56.776],[16.617,56.874],[16.749,56.94],[16.848,57.064],[16.963,57.229],[16.959,57.274],[16.973,57.305],[17.022,57.345],[17.057,57.359],[17.106,57.348],[17.124,57.321],[17.051,57.187],[16.927,57.038],[16.841,56.832],[16.808,56.824],[16.77,56.796],[16.571,56.394],[16.576,56.361],[16.496,56.241],[16.474,56.224],[16.43,56.209],[16.411,56.225],[16.403,56.274],[16.392,56.465],[16.393,56.529],[16.42,56.586]]]]}},{"type":"Feature","properties":{"NAME":"Sweden","ABBREVN":"Sweden","wikipedia":null,"SUBJECTO":"Sweden","BORDERPRECISION":1,"PARTOF":"Sweden"},"geometry":{"type":"MultiPolygon","coordinates":[[[[20.022,60.086],[19.958,60.089],[19.948,60.079],[19.944,60.043],[19.918,60.093],[19.875,60.095],[19.869,60.091],[19.873,60.081],[19.859,60.076],[19.772,60.081],[19.751,60.095],[19.699,60.159],[19.649,60.262],[19.749,60.305],[19.783,60.293],[19.777,60.261],[19.761,60.238],[19.796,60.187],[19.817,60.188],[19.931,60.277],[19.937,60.289],[19.892,60.343],[19.883,60.342],[19.862,60.312],[19.78,60.349],[19.825,60.392],[19.857,60.404],[19.906,60.4],[20.085,60.35],[20.277,60.274],[20.172,60.164],[20.092,60.17],[20.082,60.179],[20.101,60.216],[20.123,60.226],[20.12,60.24],[20.062,60.301],[20.025,60.311],[19.914,60.217],[19.937,60.184],[20.026,60.154],[20.053,60.096],[20.044,60.086],[20.022,60.086]]]]}},{"type":"Feature","properties":{"NAME":"Sweden","ABBREVN":"Sweden","wikipedia":null,"SUBJECTO":"Sweden","BORDERPRECISION":1,"PARTOF":"Sweden"},"geometry":{"type":"MultiPolygon","coordinates":[[[[19.551,60.125],[19.523,60.151],[19.512,60.181],[19.536,60.225],[19.565,60.249],[19.589,60.257],[19.612,60.253],[19.627,60.244],[19.666,60.193],[19.677,60.157],[19.673,60.15],[19.604,60.153],[19.575,60.122],[19.551,60.125]]]]}},{"type":"Feature","properties":{"NAME":"Sweden","ABBREVN":"Sweden","wikipedia":null,"SUBJECTO":"Sweden","BORDERPRECISION":1,"PARTOF":"Sweden"},"geometry":{"type":"MultiPolygon","coordinates":[[[[20.287,60.129],[20.298,60.104],[20.271,60.057],[20.263,60.054],[20.2,60.086],[20.216,60.139],[20.269,60.141],[20.287,60.129]]]]}},{"type":"Feature","properties":{"NAME":"Sweden","ABBREVN":"Sweden","wikipedia":null,"SUBJECTO":"Sweden","BORDERPRECISION":1,"PARTOF":"Sweden"},"geometry":{"type":"MultiPolygon","coordinates":[[[[20.004,60.051],[19.999,60.055],[20.008,60.067],[20.103,60.096],[20.123,60.081],[20.212,60.06],[20.227,60.003],[20.203,59.977],[20.137,59.992],[20.004,60.051]]]]}},{"type":"Feature","properties":{"NAME":"Sweden","ABBREVN":"Sweden","wikipedia":null,"SUBJECTO":"Sweden","BORDERPRECISION":1,"PARTOF":"Sweden"},"geometry":{"type":"MultiPolygon","coordinates":[[[[27.629,61.383],[27.659,61.355],[27.677,61.31],[27.637,61.273],[27.588,61.266],[27.368,61.369],[27.328,61.4],[27.36,61.422],[27.418,61.437],[27.556,61.397],[27.629,61.383]]]]}},{"type":"Feature","properties":{"NAME":"Sweden","ABBREVN":"Sweden","wikipedia":null,"SUBJECTO":"Sweden","BORDERPRECISION":1,"PARTOF":"Sweden"},"geometry":{"type":"MultiPolygon","coordinates":[[[[27.548,61.491],[27.666,61.483],[27.7,61.488],[27.712,61.534],[27.732,61.547],[27.859,61.519],[27.946,61.527],[27.969,61.503],[27.959,61.48],[27.914,61.442],[27.798,61.405],[27.75,61.401],[27.712,61.403],[27.662,61.435],[27.564,61.456],[27.52,61.485],[27.548,61.491]]]]}},{"type":"Feature","properties":{"NAME":"Sweden","ABBREVN":"Sweden","wikipedia":null,"SUBJECTO":"Sweden","BORDERPRECISION":1,"PARTOF":"Sweden"},"geometry":{"type":"MultiPolygon","coordinates":[[[[28.255,61.497],[28.24,61.523],[28.243,61.539],[28.308,61.582],[28.286,61.623],[28.277,61.71],[28.328,61.73],[28.388,61.712],[28.476,61.723],[28.515,61.699],[28.536,61.622],[28.493,61.602],[28.459,61.558],[28.445,61.516],[28.496,61.478],[28.495,61.444],[28.416,61.416],[28.24,61.394],[28.226,61.443],[28.255,61.497]]]]}},{"type":"Feature","properties":{"NAME":"Sweden","ABBREVN":"Sweden","wikipedia":null,"SUBJECTO":"Sweden","BORDERPRECISION":1,"PARTOF":"Sweden"},"geometry":{"type":"MultiPolygon","coordinates":[[[[22.884,58.833],[22.866,58.824],[22.889,58.811],[22.884,58.78],[22.784,58.776],[22.777,58.79],[22.783,58.796],[22.829,58.818],[22.812,58.826],[22.776,58.819],[22.747,58.806],[22.721,58.782],[22.667,58.705],[22.624,58.691],[22.547,58.687],[22.48,58.7],[22.465,58.71],[22.472,58.764],[22.45,58.831],[22.382,58.887],[22.277,58.889],[22.229,58.878],[22.064,58.924],[22.042,58.94],[22.065,58.952],[22.376,58.952],[22.434,58.966],[22.488,58.992],[22.576,59.069],[22.699,59.051],[22.699,59.02],[22.72,59.004],[22.801,58.997],[22.861,59.002],[22.93,58.982],[22.952,58.967],[23.048,58.844],[23.022,58.821],[22.961,58.845],[22.884,58.833]]]]}},{"type":"Feature","properties":{"NAME":"Finnmark","ABBREVN":"Finnmark","wikipedia":null,"SUBJECTO":"Denmark-Norway","BORDERPRECISION":1,"PARTOF":"Finnmark"},"geometry":{"type":"MultiPolygon","coordinates":[[[[22.696,68.708],[21.917,69.116],[29.415,69.871],[29.556,69.833],[29.729,69.698],[30.056,69.721],[30.361,69.767],[30.735,69.752],[31.054,69.64],[31.331,69.663],[30.733,68.574],[30.73,68.531],[27.183,68.887],[22.696,68.708]]]]}},{"type":"Feature","properties":{"NAME":"Poland-Lithuania","ABBREVN":"Poland-Llituania","wikipedia":null,"SUBJECTO":"Poland-Llituania","BORDERPRECISION":1,"PARTOF":"Poland-Llituania"},"geometry":{"type":"MultiPolygon","coordinates":[[[[15.76,52.571],[15.765,52.265],[16.095,52.124],[16.506,52.004],[16.506,52.178],[16.855,51.917],[16.855,51.655],[17.204,51.611],[17.291,51.786],[17.553,51.655],[17.64,51.437],[18.14,50.988],[18.646,50.645],[18.769,50.177],[18.796,49.713],[18.896,49.713],[18.927,49.622],[19.108,49.592],[19.138,49.713],[19.381,49.803],[19.562,49.713],[19.562,49.531],[19.713,49.531],[19.895,49.471],[20.016,49.803],[20.349,49.743],[20.53,49.803],[20.681,49.652],[20.893,49.743],[20.803,49.834],[20.893,49.834],[20.984,49.743],[21.135,49.834],[21.287,49.773],[21.317,49.864],[21.771,49.743],[21.771,49.592],[23.889,49.259],[24.161,48.987],[25.666,48.692],[26.163,48.941],[27.108,48.644],[27.108,48.833],[27.486,48.671],[27.486,48.752],[27.648,48.752],[29.316,48.286],[32.865,48.185],[34.163,47.811],[36.008,48.996],[36.399,49.036],[36.211,49.909],[35.704,50.416],[33.879,50.213],[33.879,51.125],[33.169,51.43],[31.344,50.923],[31.383,52.001],[31.297,52.956],[31.383,53.26],[32.468,53.086],[32.208,54.431],[31.557,54.301],[31.427,54.908],[31.731,54.952],[31.514,55.559],[31.253,55.602],[31.21,55.732],[31.861,55.993],[32.078,56.774],[31.557,57.034],[31.167,56.73],[30.386,57.294],[30.472,57.771],[29.995,58.205],[29.518,58.075],[28.173,58.986],[28.259,59.016],[27.923,59.23],[27.782,59.033],[27.694,58.968],[27.748,58.912],[27.814,58.571],[27.821,58.485],[27.798,58.447],[27.748,58.43],[27.583,58.306],[27.561,58.257],[27.569,58.215],[27.592,58.175],[27.714,58.164],[27.865,58.173],[27.973,58.133],[28.097,58.044],[28.149,57.975],[28.169,57.915],[28.102,57.86],[27.992,57.868],[27.911,57.896],[27.875,57.92],[27.882,57.937],[27.803,57.99],[27.678,58.019],[27.624,58.014],[27.473,58.217],[27.425,58.303],[27.324,58.402],[27.237,58.452],[27.157,58.648],[26.966,58.806],[26.974,58.884],[27.031,58.914],[26.716,58.987],[24.699,58.808],[23.677,58.374],[23.671,58.241],[23.908,58.224],[24.058,58.112],[24.331,58.308],[24.497,58.213],[24.414,58.106],[24.416,57.948],[24.236,57.728],[24.323,57.337],[24.346,57.16],[24.266,57.03],[24.158,56.975],[23.768,56.866],[23.414,56.892],[23.297,56.945],[22.857,56.324],[22.745,56.35],[21.905,56.35],[20.945,56.07],[20.996,56.024],[21.008,55.817],[21.962,55.033],[22.799,54.739],[22.392,54.038],[22.821,53.563],[20.333,52.975],[19.881,53.246],[18.795,53.314],[18.885,53.585],[18.342,53.97],[18.665,54.258],[18.513,54.316],[18.454,54.525],[18.338,54.603],[18.363,54.669],[18.76,54.536],[18.279,54.724],[17.658,54.685],[17.747,54.433],[17.111,54.13],[16.99,54.19],[16.688,54.039],[16.809,53.858],[16.809,53.464],[16.658,53.858],[16.204,53.706],[16.416,53.525],[16.204,53.343],[16.053,52.716],[15.844,52.71],[15.816,52.571],[15.76,52.571]]],[[[27.842,62.911],[27.886,62.834],[28.072,62.746],[28.109,62.755],[28.099,62.852],[28.075,62.935],[28.062,62.976],[27.903,62.973],[27.849,62.951],[27.842,62.911]]],[[[28.728,62.082],[28.78,61.976],[28.828,61.963],[28.944,61.873],[28.99,61.802],[29.137,61.775],[29.255,61.807],[29.309,61.87],[29.327,61.944],[29.342,61.971],[29.403,61.975],[29.445,61.948],[29.474,61.951],[29.477,61.967],[29.442,62.038],[29.363,62.105],[29.322,62.13],[29.102,62.118],[29.019,62.125],[28.809,62.082],[28.728,62.082]]]]}},{"type":"Feature","properties":{"NAME":"Denmark-Norway","ABBREVN":"DenmarkNorwa","wikipedia":null,"SUBJECTO":"Denmark-Norway","BORDERPRECISION":1,"PARTOF":"Denmark-Norway"},"geometry":{"type":"MultiPolygon","coordinates":[[[[4.98,60.689],[5.075,60.592],[5.255,60.564],[5.456,60.592],[5.551,60.509],[5.262,60.327],[5.096,60.264],[5.279,60.125],[5.525,60.168],[5.894,60.161],[5.806,59.949],[5.632,59.884],[5.543,59.824],[5.694,59.753],[5.91,59.753],[6.185,59.824],[5.97,59.711],[5.667,59.676],[5.741,59.628],[5.646,59.586],[5.449,59.658],[5.419,59.515],[5.383,59.711],[5.087,59.509],[5.177,59.307],[5.283,59.272],[5.35,59.39],[5.344,59.266],[5.529,59.266],[5.717,59.337],[5.683,59.414],[5.68,59.509],[5.8,59.432],[5.816,59.313],[6.113,59.527],[6.076,59.42],[5.877,59.313],[6.02,59.254],[6.238,59.284],[6.033,59.201],[5.772,59.076],[5.822,59.017],[5.94,58.934],[6.051,58.981],[6.266,58.993],[6.041,58.952],[5.984,58.887],[6.094,58.798],[5.794,58.916],[5.666,58.822],[5.627,58.964],[5.475,58.976],[5.531,58.881],[5.4,58.715],[5.615,58.455],[5.874,58.432],[6.231,58.278],[6.652,58.172],[6.479,58.09],[6.644,58.042],[6.726,58.137],[6.874,58.078],[6.959,57.972],[7.908,58.066],[8.03,58.066],[8.154,58.09],[8.175,58.172],[8.922,58.538],[9.146,58.656],[9.372,58.786],[9.346,58.845],[9.698,58.999],[9.938,58.94],[10.172,58.987],[10.211,59.07],[10.363,59.213],[10.43,59.26],[10.379,59.367],[10.407,59.497],[10.57,59.581],[10.634,59.45],[10.549,59.379],[10.657,59.224],[10.769,59.118],[10.829,59.106],[11.112,59.165],[11.179,59.07],[11.039,58.91],[11.14,58.851],[11.221,58.308],[11.407,58.331],[11.431,58.202],[11.614,58.247],[11.802,58.178],[11.709,58.025],[11.61,57.807],[11.736,57.698],[12.488,58.563],[12.423,60.039],[12.436,60.278],[12.548,60.434],[12.431,60.626],[12.174,60.956],[12.597,61.029],[12.792,61.33],[13.155,62.024],[15.05,63.526],[16.661,63.756],[17.731,64.559],[17.33,64.826],[17.383,64.898],[15.252,65.628],[18.616,67.645],[18.959,68.294],[19.416,68.865],[29.415,69.871],[29.08,69.961],[28.73,70.136],[29.735,70.115],[30.252,70.131],[30.799,70.308],[30.754,70.43],[30.462,70.537],[30.041,70.544],[29.741,70.605],[28.984,70.857],[28.795,70.865],[28.389,70.572],[28.29,70.372],[27.875,70.425],[28.019,70.609],[27.985,70.717],[28.136,70.833],[28.308,70.949],[28.211,71.018],[27.948,71.017],[27.516,70.97],[27.131,70.577],[26.934,70.469],[26.617,70.392],[26.619,70.799],[26.607,70.915],[26.263,70.791],[25.574,70.367],[25.263,70.107],[25.074,70.144],[25.122,70.435],[25.231,70.558],[25.832,70.898],[25.389,70.905],[24.849,70.827],[24.571,70.741],[24.36,70.61],[24.208,70.472],[23.955,70.502],[23.827,70.479],[23.508,70.279],[23.292,70.011],[23.204,69.943],[22.746,70.171],[22.306,70.216],[22.163,70.093],[21.908,69.804],[21.609,69.963],[21.412,70.015],[21.103,69.818],[20.734,69.779],[20.553,69.522],[20.197,69.318],[20.278,69.582],[20.358,69.71],[20.286,69.786],[20.158,69.748],[19.821,69.37],[19.58,69.181],[19.289,69.211],[18.985,69.315],[18.553,69.247],[18.319,69.359],[18.097,69.058],[18.052,69.028],[17.928,69.005],[17.895,69.035],[17.566,68.974],[17.449,68.887],[17.407,68.772],[17.04,68.659],[16.855,68.558],[17.126,68.416],[17.033,68.338],[16.719,68.311],[16.522,68.341],[16.649,68.046],[16.412,67.874],[16.233,67.911],[16.071,68.045],[15.92,68.049],[15.854,67.925],[15.572,67.821],[15.762,67.676],[15.746,67.597],[15.58,67.583],[15.385,67.464],[15.227,67.509],[14.976,67.523],[14.699,67.374],[14.569,67.329],[14.616,67.245],[14.778,67.217],[14.639,67.123],[14.373,67.093],[14.055,66.975],[13.859,66.959],[13.747,66.922],[13.992,66.687],[13.592,66.657],[13.383,66.679],[13.242,66.569],[13.169,66.458],[13.255,66.393],[13.403,66.349],[13.581,66.188],[13.152,66.136],[13.109,66.034],[13.087,65.88],[12.709,65.909],[12.479,65.617],[12.284,65.435],[12.496,65.384],[12.526,65.109],[12.222,65.101],[12.112,65.13],[11.896,64.913],[11.69,64.776],[11.47,64.675],[11.407,64.617],[11.508,64.517],[11.364,64.416],[11.214,64.416],[10.997,64.494],[10.891,64.473],[10.74,64.386],[10.066,64.056],[9.87,63.876],[9.832,63.684],[9.441,63.498],[9.216,63.284],[9.154,63.319],[8.957,63.404],[8.606,63.325],[8.472,63.176],[8.258,63.054],[8.231,62.841],[7.989,62.94],[7.606,62.904],[7.088,62.91],[6.982,62.846],[7.102,62.705],[7.547,62.599],[7.289,62.486],[6.989,62.542],[6.613,62.583],[6.533,62.336],[6.308,62.286],[6.053,62.335],[5.824,62.179],[5.565,62.15],[5.47,62.094],[5.426,62.009],[5.528,61.933],[5.719,61.88],[5.834,61.819],[5.797,61.77],[5.592,61.79],[5.149,61.741],[5.101,61.699],[5.141,61.39],[5.018,61.305],[5.12,61.137],[5.387,61.026],[5.109,60.906],[4.98,60.689]]],[[[8.112,55.597],[8.13,55.534],[8.215,55.506],[8.27,55.507],[8.295,55.538],[8.387,55.522],[8.545,55.459],[8.64,55.355],[8.673,55.209],[8.643,55.152],[8.552,55.182],[8.494,55.179],[8.469,55.142],[8.467,55.108],[8.486,55.076],[8.541,55.074],[8.631,55.101],[8.637,55.095],[8.645,55.069],[8.596,54.761],[8.742,54.608],[8.951,54.419],[8.852,54.332],[8.554,54.275],[8.581,54.194],[8.884,54.229],[8.962,54.276],[9.056,54.349],[9.136,54.298],[9.165,54.32],[9.216,54.29],[9.26,54.305],[9.296,54.247],[9.441,54.247],[9.449,54.189],[9.674,54.189],[9.739,54.276],[9.827,54.276],[9.885,54.254],[10.142,54.337],[10.065,54.434],[9.865,54.411],[9.978,54.49],[9.987,54.592],[9.864,54.726],[9.671,54.843],[9.708,54.835],[9.735,54.868],[9.73,54.949],[9.66,55.023],[9.526,55.09],[9.518,55.143],[9.631,55.179],[9.664,55.253],[9.613,55.365],[9.646,55.467],[9.761,55.559],[9.752,55.63],[9.617,55.681],[9.661,55.706],[9.882,55.705],[10.007,55.732],[10.035,55.787],[10.003,55.822],[9.911,55.838],[10.108,55.833],[10.212,55.876],[10.257,55.971],[10.264,56.051],[10.232,56.114],[10.262,56.182],[10.354,56.255],[10.427,56.284],[10.481,56.271],[10.47,56.248],[10.392,56.213],[10.401,56.171],[10.498,56.123],[10.562,56.13],[10.595,56.192],[10.645,56.209],[10.712,56.179],[10.789,56.209],[10.877,56.299],[10.931,56.369],[10.951,56.42],[10.917,56.467],[10.83,56.512],[10.667,56.545],[10.428,56.567],[10.278,56.551],[10.218,56.496],[10.196,56.49],[10.211,56.532],[10.255,56.575],[10.327,56.617],[10.357,56.653],[10.345,56.681],[10.221,56.684],[9.984,56.662],[9.976,56.675],[10.196,56.724],[10.307,56.806],[10.31,56.923],[10.227,57.004],[10.059,57.049],[9.808,57.054],[9.476,57.019],[9.277,56.98],[9.211,56.938],[9.175,56.857],[9.169,56.738],[9.201,56.684],[9.27,56.695],[9.322,56.666],[9.358,56.599],[9.363,56.555],[9.335,56.535],[9.31,56.552],[9.286,56.604],[9.22,56.614],[9.112,56.583],[9.082,56.601],[9.129,56.67],[9.133,56.73],[9.095,56.782],[9.045,56.807],[8.983,56.805],[8.885,56.759],[8.749,56.666],[8.702,56.606],[8.744,56.578],[8.755,56.544],[8.737,56.503],[8.609,56.513],[8.369,56.574],[8.243,56.631],[8.228,56.683],[8.207,56.695],[8.179,56.667],[8.151,56.494],[8.116,56.041],[8.13,56.088],[8.167,56.104],[8.226,56.09],[8.291,56.036],[8.362,55.944],[8.345,55.876],[8.239,55.832],[8.172,55.854],[8.142,55.942],[8.171,55.804],[8.161,55.695],[8.112,55.597]]],[[[8.246,56.739],[8.319,56.676],[8.476,56.614],[8.564,56.608],[8.582,56.66],[8.547,56.684],[8.46,56.68],[8.48,56.745],[8.607,56.878],[8.782,56.972],[9.004,57.026],[9.148,57.038],[9.212,57.01],[9.435,57.019],[9.816,57.066],[10.089,57.065],[10.254,57.016],[10.388,57.051],[10.491,57.17],[10.515,57.321],[10.46,57.502],[10.486,57.628],[10.593,57.7],[10.472,57.698],[10.124,57.622],[9.81,57.475],[9.53,57.259],[9.197,57.144],[8.81,57.129],[8.529,57.049],[8.352,56.905],[8.258,56.801],[8.246,56.739]]],[[[8.371,55.438],[8.418,55.368],[8.448,55.345],[8.462,55.357],[8.46,55.403],[8.434,55.434],[8.385,55.45],[8.371,55.438]]],[[[8.544,56.774],[8.574,56.725],[8.702,56.703],[8.806,56.749],[8.885,56.862],[8.856,56.911],[8.719,56.897],[8.615,56.851],[8.544,56.774]]],[[[9.671,55.056],[9.673,55.04],[9.757,55.021],[9.81,54.994],[9.833,54.959],[9.823,54.952],[9.781,54.971],[9.767,54.962],[9.78,54.925],[9.857,54.898],[10,54.883],[10.046,54.908],[9.997,54.975],[9.927,55.025],[9.837,55.058],[9.752,55.069],[9.671,55.056]]],[[[9.795,55.395],[10.033,55.188],[10.239,55.071],[10.412,55.043],[10.569,55.052],[10.712,55.099],[10.796,55.165],[10.822,55.251],[10.812,55.341],[10.768,55.435],[10.714,55.516],[10.651,55.585],[10.616,55.586],[10.609,55.52],[10.574,55.474],[10.51,55.45],[10.463,55.442],[10.432,55.449],[10.433,55.473],[10.468,55.513],[10.441,55.554],[10.353,55.596],[10.151,55.587],[9.834,55.529],[9.795,55.395]]],[[[10.2,54.956],[10.232,54.922],[10.294,54.889],[10.387,54.857],[10.435,54.847],[10.439,54.858],[10.248,54.946],[10.2,54.956]]],[[[10.511,54.992],[10.537,54.964],[10.566,54.95],[10.599,54.95],[10.662,54.98],[10.666,55.003],[10.643,55.03],[10.599,55.034],[10.532,55.016],[10.511,54.992]]],[[[10.525,55.927],[10.527,55.82],[10.549,55.765],[10.592,55.764],[10.618,55.789],[10.626,55.84],[10.604,55.895],[10.55,55.952],[10.525,55.927]]],[[[10.677,54.793],[10.695,54.76],[10.736,54.771],[10.805,54.873],[10.901,55.065],[10.882,55.098],[10.749,54.972],[10.68,54.87],[10.677,54.793]]],[[[10.89,57.253],[10.962,57.233],[11.047,57.245],[11.146,57.289],[11.153,57.313],[11.068,57.318],[10.983,57.306],[10.897,57.277],[10.89,57.253]]],[[[10.927,55.715],[11.035,55.68],[11.129,55.547],[11.207,55.315],[11.368,55.201],[11.61,55.203],[11.748,55.192],[11.781,55.168],[11.781,55.132],[11.747,55.084],[11.816,55.038],[11.987,54.992],[12.097,54.976],[12.147,54.991],[12.174,55.028],[12.179,55.088],[12.14,55.128],[12.057,55.15],[12.127,55.193],[12.35,55.255],[12.394,55.334],[12.259,55.431],[12.293,55.535],[12.498,55.648],[12.579,55.758],[12.537,55.866],[12.528,55.938],[12.599,56.021],[12.699,55.905],[12.986,55.667],[12.859,55.533],[12.888,55.452],[12.802,55.417],[12.802,55.353],[13.302,55.301],[13.823,55.422],[14.117,55.347],[14.286,55.515],[14.126,55.667],[14.259,55.899],[14.492,56.018],[14.605,55.981],[14.653,56.121],[15.221,56.08],[15.497,56.167],[15.696,56.061],[15.771,56.033],[16.063,56.396],[15.427,56.766],[14.485,56.68],[14.175,56.813],[13.432,56.524],[13.226,57.102],[12.896,56.978],[12.731,57.432],[12.524,57.391],[12.318,57.68],[11.877,57.325],[12.005,57.325],[12.289,56.88],[12.526,56.78],[12.657,56.611],[12.786,56.617],[12.872,56.512],[12.805,56.401],[12.615,56.436],[12.652,56.296],[12.414,56.243],[12.581,56.043],[12.537,56.064],[12.373,56.107],[12.183,56.088],[11.967,56.007],[11.905,55.956],[11.995,55.935],[12.053,55.871],[12.08,55.764],[12.085,55.697],[12.066,55.668],[12.027,55.653],[11.966,55.653],[11.966,55.676],[12.027,55.72],[12.021,55.789],[11.95,55.883],[11.884,55.863],[11.824,55.729],[11.763,55.7],[11.702,55.776],[11.694,55.852],[11.741,55.927],[11.641,55.971],[11.396,55.985],[11.332,55.961],[11.448,55.898],[11.433,55.825],[11.285,55.741],[11.127,55.707],[10.958,55.724],[10.927,55.715]]],[[[11,54.822],[11.106,54.748],[11.339,54.662],[11.556,54.635],[11.756,54.667],[11.854,54.704],[11.853,54.725],[11.9,54.655],[11.966,54.596],[11.968,54.665],[12.02,54.734],[12.12,54.804],[12.137,54.852],[12.071,54.879],[11.956,54.904],[11.791,54.926],[11.773,54.843],[11.801,54.8],[11.705,54.869],[11.621,54.885],[11.55,54.848],[11.427,54.861],[11.252,54.925],[11.131,54.946],[11.065,54.925],[11.021,54.884],[11,54.822]]],[[[11.519,56.699],[11.55,56.68],[11.587,56.683],[11.648,56.721],[11.54,56.712],[11.519,56.699]]],[[[12.133,54.898],[12.167,54.886],[12.277,54.901],[12.464,54.943],[12.496,54.982],[12.373,55.017],[12.263,55.002],[12.165,54.937],[12.133,54.898]]],[[[12.529,55.595],[12.563,55.566],[12.604,55.561],[12.654,55.581],[12.66,55.617],[12.624,55.67],[12.583,55.675],[12.535,55.631],[12.529,55.595]]],[[[14.696,55.149],[14.959,55.021],[15.074,55.031],[15.119,55.103],[15.042,55.178],[14.845,55.256],[14.73,55.247],[14.696,55.149]]],[[[18.11,57.513],[18.142,57.409],[18.158,57.316],[18.148,57.235],[18.173,57.142],[18.254,57.079],[18.257,57.032],[18.158,56.942],[18.14,56.915],[18.148,56.912],[18.216,56.913],[18.302,56.937],[18.347,56.999],[18.336,57.017],[18.341,57.074],[18.397,57.134],[18.712,57.242],[18.788,57.448],[18.769,57.467],[18.76,57.508],[18.809,57.704],[18.849,57.721],[18.929,57.74],[19.033,57.827],[19.005,57.909],[18.882,57.92],[18.725,57.923],[18.69,57.916],[18.467,57.812],[18.356,57.696],[18.295,57.646],[18.242,57.617],[18.179,57.588],[18.119,57.531],[18.11,57.513]]],[[[20.916,56.097],[20.945,56.07],[21.905,56.35],[22.745,56.35],[22.857,56.324],[23.297,56.945],[23.215,56.981],[23.175,57.048],[23.071,57.261],[22.881,57.334],[22.585,57.509],[22.564,57.616],[22.433,57.616],[22.285,57.565],[21.81,57.475],[21.677,57.464],[21.46,57.25],[21.34,57.177],[21.324,56.854],[21.022,56.684],[20.965,56.609],[20.916,56.097]]],[[[21.832,58.505],[21.868,58.478],[21.917,58.457],[21.996,58.381],[22.008,58.353],[21.874,58.34],[21.841,58.293],[21.849,58.279],[21.884,58.252],[22.079,58.171],[22.177,58.159],[22.201,58.145],[22.151,58.086],[22.101,58.085],[22.082,58.077],[21.986,57.976],[21.981,57.958],[21.994,57.923],[22.022,57.91],[22.052,57.91],[22.202,57.986],[22.262,58.094],[22.276,58.142],[22.267,58.171],[22.279,58.184],[22.367,58.22],[22.475,58.242],[22.582,58.241],[22.649,58.23],[22.757,58.24],[23.029,58.358],[23.064,58.386],[23.077,58.414],[23.142,58.444],[23.198,58.45],[23.267,58.429],[23.328,58.434],[23.332,58.45],[23.273,58.492],[23.091,58.564],[22.991,58.598],[22.905,58.617],[22.808,58.616],[22.768,58.6],[22.624,58.593],[22.502,58.602],[22.327,58.577],[22.198,58.549],[22.112,58.492],[21.985,58.516],[21.925,58.517],[21.832,58.505]]],[[[23.06,58.601],[23.071,58.588],[23.227,58.53],[23.365,58.53],[23.396,58.551],[23.395,58.566],[23.339,58.643],[23.216,58.678],[23.14,58.666],[23.061,58.616],[23.06,58.601]]]]}},{"type":"Feature","properties":{"NAME":"Quazaq Khanate","ABBREVN":"Quazaq Khanate","wikipedia":null,"SUBJECTO":"Quazaq Khanate","BORDERPRECISION":1,"PARTOF":"Quazaq Khanate"},"geometry":{"type":"MultiPolygon","coordinates":[[[[60,46.457],[57.152,51.229],[58.331,50.934],[60,50.884],[60,46.457]]]]}},{"type":"Feature","properties":{"NAME":"Nogai Horde","ABBREVN":"Nogai Horde","wikipedia":null,"SUBJECTO":"Nogai Horde","BORDERPRECISION":1,"PARTOF":"Nogai Horde"},"geometry":{"type":"MultiPolygon","coordinates":[[[[60,45.065],[57.728,44.635],[52.98,45.776],[53.05,45.831],[53.149,45.957],[53.203,46.191],[53.257,46.317],[53.185,46.425],[53.122,46.497],[53.167,46.586],[53.284,46.676],[53.23,46.73],[53.185,46.865],[53.023,46.919],[52.556,46.982],[52.466,46.91],[52.376,46.874],[52.142,46.838],[51.935,46.892],[51.791,47.009],[51.369,47.09],[51.773,47.462],[51.387,48.105],[51.901,49.391],[51.13,50.42],[51.387,51.063],[55.245,51.706],[57.152,51.229],[60,46.457],[60,45.065]]]]}},{"type":"Feature","properties":{"NAME":"France","ABBREVN":"France","wikipedia":null,"SUBJECTO":"France","BORDERPRECISION":1,"PARTOF":"France"},"geometry":{"type":"Polygon","coordinates":[[[-4.78,48.355],[-4.592,48.392],[-4.474,48.383],[-4.35,48.391],[-4.389,48.298],[-4.588,48.251],[-4.351,48.205],[-4.313,48.101],[-4.7,48.064],[-4.675,48.017],[-4.51,47.998],[-4.391,47.942],[-4.364,47.829],[-3.955,47.904],[-3.858,47.792],[-3.712,47.798],[-3.434,47.717],[-3.063,47.604],[-2.842,47.492],[-2.614,47.572],[-2.466,47.494],[-2.576,47.325],[-2.494,47.247],[-2.264,47.183],[-2.109,47.124],[-2.005,47.043],[-2.13,46.851],[-1.942,46.706],[-1.711,46.449],[-1.403,46.404],[-1.256,46.307],[-1.166,46.184],[-1.075,46.015],[-1.237,45.8],[-1.247,45.688],[-0.855,45.321],[-0.728,45.019],[-0.814,45.122],[-0.9,45.294],[-1.123,45.432],[-1.175,45.501],[-1.276,45.129],[-1.332,44.614],[-1.23,44.73],[-1.136,44.6],[-1.314,44.559],[-1.561,43.524],[-1.746,43.36],[-1.915,43.305],[-1.702,43.196],[-1.491,43.21],[-1.466,43.155],[-1.558,43.045],[-1.515,42.998],[-1.448,42.984],[-1.397,43.032],[-0.907,42.881],[-0.84,42.909],[-0.612,42.731],[-0.587,42.765],[-0.469,42.751],[-0.41,42.786],[-0.216,42.717],[-0.166,42.649],[0.18,42.663],[0.196,42.608],[0.348,42.635],[0.592,42.628],[0.584,42.772],[0.744,42.772],[1.307,42.635],[1.318,42.612],[1.456,42.619],[1.47,42.622],[1.468,42.631],[1.48,42.651],[1.516,42.646],[1.549,42.656],[1.567,42.646],[1.577,42.648],[1.667,42.622],[1.683,42.625],[1.715,42.615],[1.736,42.618],[1.73,42.604],[1.755,42.597],[1.792,42.579],[1.784,42.575],[1.787,42.574],[1.774,42.569],[1.74,42.557],[1.738,42.55],[1.729,42.516],[1.728,42.501],[2.103,42.615],[2.272,42.69],[2.481,42.686],[2.49,42.719],[2.701,42.73],[2.825,42.85],[2.949,42.883],[3.039,42.869],[3.068,42.945],[3.318,43.196],[3.479,43.312],[3.807,43.467],[4.078,43.487],[4.417,43.346],[4.647,43.321],[4.751,43.353],[4.91,43.366],[5.052,43.328],[5.434,43.104],[5.647,43.033],[5.829,43.021],[6.523,43.151],[6.923,43.448],[7.298,43.667],[7.397,43.764],[7.355,43.902],[6.923,43.815],[6.886,43.902],[6.96,43.914],[6.923,43.976],[6.997,44.05],[6.972,44.062],[6.935,44.136],[6.886,44.149],[6.836,44.112],[6.787,44.198],[6.787,44.297],[6.87,44.349],[6.783,44.548],[6.925,44.715],[7.003,44.72],[6.943,44.869],[6.665,44.955],[6.507,45.116],[6.28,45.199],[6.243,45.297],[6.268,45.322],[6.219,45.347],[6.145,45.322],[6.083,45.372],[6.033,45.334],[6.058,45.223],[5.947,45.26],[5.935,45.322],[5.823,45.396],[5.607,45.847],[5.357,45.876],[5.357,46.053],[5.533,46.009],[5.533,46.097],[5.268,46.318],[5.416,46.524],[5.646,46.457],[5.725,46.48],[5.74,46.598],[5.626,46.649],[5.646,46.85],[5.757,46.887],[5.794,46.997],[5.667,47.108],[5.737,47.234],[5.779,47.359],[5.793,47.512],[5.918,47.595],[5.82,47.735],[5.96,47.804],[5.96,47.985],[6.057,47.957],[6.099,48.027],[6.252,47.957],[6.238,48.291],[5.946,48.347],[6.015,48.653],[5.834,48.778],[6.001,48.904],[5.876,49.071],[5.723,48.959],[5.612,49.21],[5.904,49.196],[5.909,49.201],[5.361,49.697],[4.255,49.887],[3.82,50.039],[3.483,49.92],[2.907,49.943],[2.677,50.151],[2.401,50.197],[2.148,50.059],[1.987,50.082],[1.987,50.22],[1.826,50.243],[1.796,50.921],[1.589,50.822],[1.528,50.578],[1.552,50.229],[1.416,50.11],[1.275,50.004],[0.529,49.826],[0.189,49.681],[0.115,49.602],[0.09,49.511],[0.331,49.455],[0.033,49.334],[-0.239,49.285],[-0.465,49.351],[-1.023,49.398],[-1.177,49.333],[-1.289,49.521],[-1.251,49.7],[-1.524,49.653],[-1.941,49.709],[-1.892,49.526],[-1.639,49.22],[-1.58,49.229],[-1.563,49.036],[-1.588,48.881],[-1.576,48.768],[-1.457,48.684],[-1.591,48.638],[-1.858,48.608],[-1.871,48.712],[-2.076,48.656],[-2.2,48.599],[-2.343,48.674],[-2.636,48.552],[-2.791,48.59],[-3.091,48.872],[-3.435,48.836],[-3.558,48.81],[-3.608,48.693],[-3.821,48.721],[-3.902,48.646],[-3.999,48.731],[-4.251,48.652],[-4.488,48.612],[-4.626,48.547],[-4.762,48.552],[-4.78,48.355]]]}},{"type":"Feature","properties":{"NAME":"Crimean Khanate","ABBREVN":"Crimean Khanate","wikipedia":"https://en.wikipedia.org/wiki/Crimean_Khanate","SUBJECTO":"Ottoman Empire","BORDERPRECISION":1,"PARTOF":"Ottoman Empire"},"geometry":{"type":"MultiPolygon","coordinates":[[[[32.115,46.215],[33.142,47.13],[33.676,47.951],[34.163,47.811],[36.008,48.996],[37.885,49.186],[39.259,48.437],[40.508,47.437],[40.633,46.688],[40.383,45.439],[39.633,45.689],[37.474,44.692],[37.318,44.924],[36.96,45.227],[37.228,45.312],[37.461,45.312],[37.661,45.345],[37.706,45.578],[37.868,45.793],[37.99,46.007],[38.227,46.02],[38.459,46.079],[38.265,46.319],[37.97,46.441],[37.757,46.603],[37.867,46.655],[38.032,46.669],[38.401,46.721],[38.723,46.878],[39.282,47.074],[39.194,47.243],[39.16,47.269],[38.8,47.229],[37.859,47.104],[37.422,47.077],[37.193,46.894],[36.865,46.809],[36.354,46.776],[35.851,46.664],[35.624,46.521],[35.416,46.495],[35.212,46.637],[35.046,46.358],[34.907,46.273],[34.692,46.253],[34.496,46.279],[34.064,46.265],[33.839,46.193],[34.127,46.064],[35.008,45.612],[35.032,45.534],[34.99,45.45],[35.063,45.34],[35.317,45.321],[35.546,45.38],[35.85,45.445],[36.323,45.44],[36.521,45.388],[36.415,45.272],[36.367,45.161],[36.265,45.097],[36.005,45.044],[35.865,45.031],[35.6,45.102],[35.387,45.082],[35.067,44.862],[34.614,44.841],[34.372,44.757],[34.135,44.537],[34.014,44.492],[33.66,44.524],[33.395,44.6],[33.559,44.936],[33.517,45.124],[33.398,45.253],[33.013,45.381],[32.926,45.388],[32.643,45.381],[32.575,45.361],[32.503,45.445],[32.902,45.673],[33.192,45.79],[33.539,45.875],[33.639,45.927],[33.528,46.134],[33.333,46.166],[32.516,46.126],[32.202,46.17],[32.115,46.215]]]]}},{"type":"Feature","properties":{"NAME":"Ottoman Empire","ABBREVN":"Ottoman Emp","wikipedia":null,"SUBJECTO":"Ottoman Empire","BORDERPRECISION":1,"PARTOF":"Ottoman Empire"},"geometry":{"type":"MultiPolygon","coordinates":[[[[-2.193,35.054],[-2.077,34.826],[-1.823,34.7],[-1.738,34.605],[-1.664,34.205],[-1.669,34],[10.071,34],[10.019,34.081],[10.116,34.234],[10.574,34.648],[10.839,34.801],[11.083,35.145],[11.125,35.241],[10.989,35.622],[10.831,35.679],[10.603,35.889],[10.511,36.086],[10.509,36.214],[10.633,36.424],[10.92,36.654],[11.039,36.909],[11.024,37.068],[10.843,36.991],[10.581,36.793],[10.393,36.717],[10.272,36.755],[10.159,36.996],[10.133,37.105],[10.021,37.2],[9.732,37.282],[9.416,37.275],[9.15,37.173],[8.866,36.968],[8.637,36.885],[7.913,36.775],[7.792,36.832],[7.719,36.953],[7.545,37.042],[7.307,37.061],[7.063,36.882],[6.923,36.818],[6.771,36.862],[6.323,37.091],[6.047,36.842],[5.73,36.752],[5.383,36.675],[5.144,36.668],[4.777,36.743],[4.632,36.794],[4.395,36.838],[4.164,36.831],[3.741,36.837],[3.587,36.792],[3.324,36.651],[3.07,36.619],[2.81,36.714],[2.524,36.573],[2.294,36.541],[1.58,36.514],[1.058,36.462],[0.781,36.385],[0.474,36.225],[0.199,36.033],[0.015,35.804],[-0.092,35.74],[-0.283,35.758],[-0.429,35.86],[-0.917,35.668],[-1.147,35.629],[-1.329,35.489],[-1.495,35.234],[-1.738,35.119],[-2.035,35.055],[-2.193,35.054]]],[[[22.87,38.837],[23.121,38.867],[23.463,38.624],[23.638,38.523],[23.6,38.457],[23.661,38.404],[24.025,38.386],[24.314,37.985],[24.527,37.967],[24.588,38.153],[24.292,38.195],[24.208,38.552],[24.132,38.653],[23.79,38.719],[23.242,39.044],[23.014,38.961],[22.87,38.837]]],[[[23.467,35.318],[23.513,35.276],[23.568,35.255],[23.786,35.263],[24.013,35.21],[24.324,35.208],[24.69,35.092],[24.716,35.035],[24.693,34.94],[25.591,35.016],[25.742,35.009],[25.899,35.045],[26.16,35.024],[26.243,35.145],[26.236,35.229],[26.274,35.313],[26.169,35.247],[26.099,35.216],[26.064,35.239],[25.935,35.213],[25.789,35.137],[25.742,35.137],[25.668,35.187],[25.714,35.327],[25.673,35.349],[25.512,35.295],[25.014,35.362],[24.997,35.421],[24.769,35.428],[24.388,35.373],[24.23,35.391],[24.22,35.449],[24.178,35.47],[24.073,35.496],[24.091,35.52],[24.136,35.522],[24.153,35.564],[24.082,35.612],[24.033,35.598],[24.039,35.562],[23.957,35.528],[23.879,35.552],[23.743,35.562],[23.734,35.627],[23.697,35.698],[23.665,35.667],[23.671,35.572],[23.529,35.57],[23.467,35.318]]],[[[24.261,37.541],[24.383,37.571],[24.398,37.667],[24.299,37.661],[24.261,37.541]]],[[[24.299,36.753],[24.466,36.649],[24.679,36.759],[24.588,36.869],[24.428,36.795],[24.299,36.753]]],[[[24.36,37.305],[24.489,37.396],[24.398,37.468],[24.36,37.396],[24.36,37.305]]],[[[24.428,37.208],[24.444,37.099],[24.535,37.117],[24.428,37.208]]],[[[24.649,37.014],[24.679,36.905],[24.786,36.948],[24.717,37.051],[24.649,37.014]]],[[[24.656,37.901],[24.923,37.691],[25.318,37.402],[25.47,37.438],[25.272,37.565],[24.763,38.003],[24.656,37.901]]],[[[24.824,36.637],[24.945,36.57],[24.976,36.637],[24.877,36.68],[24.824,36.661],[24.824,36.637]]],[[[24.846,37.366],[25.044,37.378],[24.945,37.51],[24.862,37.529],[24.846,37.366]]],[[[24.938,36.96],[25.113,36.941],[25.31,37.002],[25.31,37.196],[25.151,37.172],[24.938,36.96]]],[[[25.044,36.661],[25.059,36.619],[25.196,36.674],[25.166,36.741],[25.044,36.661]]],[[[25.242,36.753],[25.265,36.704],[25.386,36.637],[25.432,36.698],[25.295,36.808],[25.242,36.753]]],[[[25.318,36.399],[25.386,36.319],[25.493,36.331],[25.493,36.423],[25.371,36.497],[25.333,36.46],[25.318,36.399]]],[[[25.341,37.087],[25.363,37.008],[25.455,36.923],[25.546,36.96],[25.599,37.026],[25.607,37.124],[25.538,37.22],[25.341,37.087]]],[[[25.713,36.35],[25.766,36.338],[25.873,36.356],[25.789,36.405],[25.736,36.387],[25.713,36.35]]],[[[25.751,36.783],[25.835,36.783],[25.956,36.844],[26.086,36.899],[26.025,36.96],[25.949,36.911],[25.858,36.838],[25.751,36.814],[25.751,36.783]]],[[[26.064,39.456],[26.139,39.44],[26.804,39.567],[26.958,39.548],[26.926,39.477],[26.854,39.461],[26.72,39.337],[26.602,39.256],[26.704,39.25],[26.708,39.182],[26.797,39.13],[26.871,39.056],[26.79,39.024],[26.785,38.94],[26.937,38.925],[27.004,38.885],[27.035,38.821],[26.966,38.77],[26.709,38.699],[26.696,38.641],[26.829,38.583],[26.82,38.527],[26.997,38.4],[26.742,38.278],[26.527,38.418],[26.469,38.445],[26.392,38.219],[26.393,38.104],[26.512,38.066],[26.679,38.105],[26.961,37.946],[27.14,37.889],[27.18,37.774],[27.141,37.647],[27.123,37.494],[27.16,37.36],[27.365,37.329],[27.493,37.24],[27.526,37.131],[27.269,37.042],[27.308,36.921],[27.999,36.909],[28.051,36.833],[27.942,36.756],[27.912,36.699],[28.014,36.527],[28.267,36.712],[28.47,36.738],[28.814,36.535],[29.002,36.695],[29.298,36.173],[29.472,36.091],[29.662,36.078],[30.166,36.188],[30.28,36.118],[30.395,36.118],[30.473,36.188],[30.54,36.647],[30.594,36.762],[30.905,36.794],[31.371,36.712],[31.902,36.497],[32.335,36.128],[32.64,36.008],[32.904,35.977],[33.171,35.971],[33.482,36.054],[33.753,36.147],[33.834,36.071],[33.836,36.107],[33.891,36.139],[33.954,36.16],[33.952,36.252],[34.103,36.38],[34.485,36.627],[34.662,36.648],[34.87,36.577],[35.071,36.488],[35.221,36.388],[35.354,36.414],[35.389,36.454],[35.417,36.433],[35.495,36.443],[35.548,36.54],[35.506,36.559],[35.568,36.587],[35.672,36.606],[35.891,36.771],[35.957,36.747],[36.082,36.622],[36.105,36.561],[36.095,36.482],[35.817,36.301],[35.709,36.212],[35.665,36.134],[35.719,36.092],[35.856,35.835],[35.74,35.69],[35.691,35.685],[35.733,35.585],[35.68,35.528],[35.664,35.459],[35.607,35.418],[35.796,35.271],[35.841,35.043],[35.809,35.014],[35.751,34.747],[35.852,34.493],[35.873,34.422],[35.821,34.344],[35.716,34.312],[35.532,34.119],[35.526,34],[37.559,34],[38.036,34.597],[39.342,34.597],[40.029,34.391],[40.42,34],[49.552,34],[49.557,34.256],[50.469,36.748],[50.252,36.895],[50.111,37.098],[50.039,37.225],[49.848,37.268],[49.476,37.292],[49.06,37.398],[48.837,37.511],[48.745,37.727],[48.809,37.989],[48.832,38.306],[48.825,38.31],[48.988,38.719],[48.946,38.836],[49.052,38.932],[49.02,39.006],[49.041,39.145],[49.116,39.187],[49.18,39.145],[49.222,39.038],[49.275,39.017],[49.339,39.283],[49.382,39.326],[49.488,39.294],[49.499,39.379],[49.403,39.485],[49.446,39.655],[49.541,39.879],[49.552,40.091],[49.573,40.176],[49.669,40.24],[49.85,40.272],[49.914,40.325],[50.031,40.347],[50.126,40.347],[50.307,40.325],[50.467,40.262],[50.467,40.325],[50.424,40.411],[50.318,40.496],[50.19,40.57],[50.02,40.602],[49.807,40.581],[49.605,40.687],[49.605,40.762],[49.478,40.836],[49.35,40.953],[49.286,41.059],[49.244,41.293],[49.116,41.432],[48.999,41.517],[48.892,41.687],[48.683,41.836],[48.662,41.902],[48.5,41.929],[48.42,42.091],[48.222,42.279],[48.132,42.405],[47.97,42.594],[47.844,42.621],[47.79,42.855],[47.736,42.9],[47.565,43.008],[47.583,43.188],[47.655,43.277],[47.601,43.322],[47.574,43.502],[47.673,43.664],[47.736,43.862],[47.664,43.853],[47.61,43.754],[47.565,43.601],[47.52,43.511],[47.493,43.583],[47.195,43.376],[47.249,42.785],[48.224,41.471],[48.201,41.464],[48.063,41.315],[47.988,41.219],[47.818,41.198],[47.616,41.261],[47.35,41.304],[47.35,41.442],[47.222,41.57],[47.169,41.57],[47.127,41.623],[46.914,41.751],[46.85,41.836],[46.765,41.836],[46.669,41.815],[46.659,41.889],[46.556,41.878],[46.499,41.964],[46.393,41.995],[46.286,41.985],[46.159,42.006],[46.042,42.049],[45.914,42.123],[45.754,42.251],[45.808,42.389],[45.861,42.474],[45.808,42.538],[45.648,42.549],[45.478,42.549],[45.382,42.623],[45.297,42.676],[45.201,42.676],[45.138,42.719],[45.031,42.772],[44.978,42.772],[44.935,42.74],[44.872,42.666],[44.786,42.729],[44.669,42.761],[44.51,42.761],[44.414,42.729],[44.297,42.612],[44.17,42.612],[44.053,42.559],[43.957,42.591],[42.878,41.546],[42.694,41.564],[42.352,41.402],[42.25,41.369],[42.029,41.4],[41.484,41.437],[41.293,41.286],[40.61,41.028],[40.361,40.963],[40.007,40.956],[39.663,41],[39.37,41.064],[39.139,41.044],[38.651,40.922],[38.314,40.921],[37.822,41.01],[37.253,41.028],[36.817,41.29],[36.641,41.315],[36.383,41.238],[36.161,41.353],[35.958,41.686],[35.678,41.621],[35.411,41.627],[35.286,41.671],[35.099,41.806],[35.002,42.043],[34.663,41.876],[34.304,41.894],[33.897,41.951],[33.556,41.983],[33.155,41.95],[32.688,41.846],[32.419,41.749],[31.666,41.395],[31.386,41.285],[31.404,41.164],[31.218,41.054],[30.745,41.04],[30.256,41.185],[30.138,41.132],[29.578,41.153],[29.161,41.216],[29.015,40.979],[29.29,40.807],[29.32,40.741],[29.683,40.752],[29.883,40.746],[29.713,40.694],[29.525,40.688],[28.902,40.62],[28.778,40.525],[28.873,40.472],[29.084,40.456],[29.122,40.414],[29.052,40.335],[28.756,40.376],[28.478,40.395],[27.908,40.351],[28.006,40.451],[27.954,40.488],[27.808,40.504],[27.679,40.461],[27.8,40.403],[27.83,40.345],[27.764,40.287],[27.526,40.297],[27.45,40.31],[27.329,40.356],[27.272,40.451],[27.056,40.43],[26.996,40.372],[26.765,40.377],[26.482,40.187],[26.403,40.176],[26.32,39.992],[26.186,39.997],[26.128,39.879],[26.142,39.661],[26.085,39.604],[26.064,39.456]]],[[[26.769,37.169],[26.821,37.111],[26.864,37.095],[26.89,37.102],[26.855,37.183],[26.786,37.191],[26.769,37.169]]],[[[26.882,37.069],[26.919,36.947],[26.936,36.932],[26.976,36.924],[27.05,36.949],[27.048,36.994],[26.986,37.044],[26.887,37.073],[26.882,37.069]]],[[[26.921,36.709],[26.946,36.679],[26.971,36.672],[26.966,36.704],[26.971,36.736],[26.981,36.747],[27.243,36.827],[27.329,36.843],[27.356,36.865],[27.341,36.885],[27.284,36.901],[27.168,36.887],[26.922,36.761],[26.921,36.709]]],[[[27.72,36.166],[27.741,36.104],[27.722,35.93],[27.733,35.911],[27.781,35.89],[27.843,35.914],[27.893,35.961],[27.906,35.988],[27.957,36.045],[28.009,36.069],[28.064,36.112],[28.141,36.211],[28.187,36.3],[28.238,36.431],[28.226,36.453],[28.216,36.458],[28.207,36.442],[28.068,36.405],[27.909,36.34],[27.803,36.268],[27.72,36.166]]],[[[32.144,35.043],[32.199,34.861],[32.271,34.814],[32.271,34.72],[32.357,34.68],[32.603,34.615],[32.784,34.625],[32.817,34.539],[32.915,34.541],[32.915,34.636],[32.959,34.659],[33.131,34.68],[33.484,34.796],[33.539,34.944],[33.686,34.935],[33.733,34.909],[33.792,34.957],[33.925,34.953],[33.773,35.129],[33.78,35.208],[34.048,35.408],[34.245,35.512],[34.458,35.645],[34.217,35.574],[33.907,35.437],[33.539,35.332],[33.374,35.306],[33.077,35.319],[32.795,35.361],[32.819,35.282],[32.78,35.153],[32.745,35.114],[32.597,35.156],[32.483,35.153],[32.301,35.016],[32.234,35.014],[32.18,35.058],[32.144,35.043]]]]}}],"metadata":{"source":"historical-basemaps (aourednik)","sourceUrl":"https://github.com/aourednik/historical-basemaps","license":"GPL-3.0","commit":"62d8f1a03a71f2d3ff17f2d166f7553f256bce68","borderPrecision":"概略（出典は確定境界を含むが、簡略化により数 km の近似）"}}