{"type":"FeatureCollection","features":[{"type":"Feature","properties":{"NAME":"Luxembourg","ABBREVN":"Luxembourg","SUBJECTO":"Luxembourg","BORDERPRECISION":3,"PARTOF":"Luxembourg"},"geometry":{"type":"Polygon","coordinates":[[[5.738,49.902],[5.745,49.755],[5.884,49.664],[5.824,49.507],[6.112,49.479],[6.368,49.473],[6.433,49.445],[6.399,49.604],[6.511,49.669],[6.531,49.798],[6.321,49.842],[6.137,49.982],[6.109,50.117],[6.007,50.15],[5.834,50.047],[5.738,49.902]]]}},{"type":"Feature","properties":{"NAME":"Ottoman Empire","ABBREVN":"Ottoman Emp.","SUBJECTO":"Ottoman Empire","BORDERPRECISION":3,"PARTOF":"Ottoman Empire"},"geometry":{"type":"MultiPolygon","coordinates":[[[[15.747,44.826],[15.757,44.786],[15.818,44.751],[15.858,44.71],[15.958,44.68],[16.039,44.6],[16.144,44.434],[16.154,44.379],[16.224,44.329],[16.189,44.304],[16.184,44.258],[16.194,44.193],[16.27,44.198],[16.31,44.148],[16.335,44.093],[16.385,44.043],[16.536,44.007],[16.701,43.847],[16.712,43.771],[16.842,43.716],[17.013,43.555],[17.113,43.5],[17.214,43.47],[17.259,43.445],[17.259,43.395],[17.294,43.269],[17.385,43.234],[17.535,43.108],[17.646,43.053],[17.676,42.958],[17.57,42.927],[17.649,42.889],[17.691,42.926],[17.736,42.915],[17.766,42.913],[17.797,42.904],[17.809,42.917],[17.83,42.909],[17.859,42.885],[17.857,42.868],[17.87,42.847],[17.9,42.832],[17.887,42.815],[17.891,42.811],[17.891,42.81],[17.892,42.81],[17.95,42.799],[17.975,42.78],[17.996,42.776],[18.01,42.753],[18.036,42.749],[18.042,42.746],[18.113,42.742],[18.253,42.626],[18.264,42.61],[18.287,42.617],[18.366,42.616],[18.382,42.598],[18.429,42.586],[18.459,42.556],[18.449,42.516],[18.464,42.481],[18.501,42.448],[18.504,42.438],[18.538,42.409],[18.543,42.401],[18.668,42.837],[18.869,42.923],[19.041,42.837],[19.127,42.894],[19.012,43.066],[19.184,43.153],[19.414,43.009],[19.414,42.923],[19.586,43.066],[19.816,42.866],[19.442,42.579],[19.242,42.665],[19.242,42.32],[18.91,42.218],[19.136,42],[19.143,41.932],[19.338,41.862],[19.458,41.798],[19.607,41.762],[19.619,41.559],[19.499,41.524],[19.417,41.345],[19.53,41.218],[19.445,40.965],[19.527,40.866],[19.339,40.589],[19.494,40.403],[19.484,40.296],[19.38,40.324],[19.369,40.26],[19.804,40.017],[20.029,39.814],[20.091,39.603],[20.212,39.405],[20.678,39.08],[20.901,39.062],[21.007,39.113],[21.16,39.005],[21.105,38.922],[21.007,38.871],[20.893,38.896],[20.772,38.851],[21.172,38.348],[21.364,38.412],[21.661,38.438],[21.826,38.464],[22.334,38.427],[22.876,38.205],[23.116,38.157],[22.899,37.998],[22.747,37.953],[21.997,38.251],[21.906,38.27],[21.714,38.135],[21.44,38.18],[21.228,37.905],[21.221,37.828],[21.296,37.727],[21.517,37.536],[21.614,37.415],[21.627,37.307],[21.531,37.115],[21.588,36.981],[21.781,36.823],[21.984,37.02],[22.191,36.855],[22.39,36.524],[22.524,36.722],[22.674,36.754],[22.983,36.615],[22.887,37.047],[22.793,37.139],[22.813,37.212],[22.726,37.289],[22.639,37.492],[22.642,37.585],[22.713,37.543],[22.942,37.518],[23.025,37.48],[22.971,37.385],[23.11,37.347],[23.186,37.375],[23.185,37.427],[23.418,37.469],[23.312,37.548],[23.322,37.637],[23.221,37.602],[23.151,37.59],[23.049,37.643],[23.04,37.858],[22.898,37.9],[22.981,37.958],[23.196,38.005],[23.419,38.068],[23.496,38.068],[23.634,37.879],[23.734,37.858],[23.836,37.685],[23.918,37.685],[23.987,37.763],[23.88,38.115],[23.967,38.152],[23.961,38.21],[23.804,38.347],[23.556,38.352],[23.494,38.483],[23.356,38.49],[23.191,38.61],[23.169,38.667],[23.1,38.672],[22.984,38.667],[22.899,38.767],[22.723,38.793],[22.602,38.856],[22.49,38.877],[22.784,38.94],[22.871,39.024],[22.835,39.166],[22.766,39.203],[22.72,39.287],[22.851,39.366],[22.981,39.329],[23.045,39.271],[23.1,39.187],[23.052,39.103],[23.158,39.14],[23.236,39.203],[23.074,39.413],[22.813,39.603],[22.754,39.818],[22.695,39.834],[22.555,39.987],[22.526,40.064],[22.467,40.118],[22.49,40.231],[22.602,40.397],[22.492,40.498],[22.701,40.577],[22.77,40.667],[22.852,40.651],[22.875,40.596],[22.864,40.535],[22.748,40.482],[22.96,40.315],[23.141,40.266],[23.215,40.182],[23.276,40.05],[23.261,39.971],[23.597,39.934],[23.639,39.96],[23.592,40.002],[23.436,40.045],[23.321,40.155],[23.259,40.229],[23.293,40.245],[23.292,40.287],[23.349,40.282],[23.442,40.256],[23.596,40.192],[23.796,39.987],[23.907,39.997],[23.92,40.055],[23.869,40.161],[23.804,40.155],[23.652,40.229],[23.659,40.287],[23.627,40.345],[23.722,40.348],[23.775,40.393],[24.048,40.308],[24.055,40.261],[24.221,40.145],[24.295,40.176],[23.924,40.451],[23.785,40.477],[23.709,40.63],[23.633,40.713],[23.635,40.773],[23.748,40.804],[23.886,40.733],[24.025,40.746],[24.219,40.83],[24.354,40.971],[24.505,40.984],[24.519,40.873],[24.701,40.878],[24.812,40.933],[25.019,41.017],[25.046,40.952],[25.301,40.896],[25.993,40.852],[26.021,40.669],[26.124,40.603],[26.418,40.578],[26.455,40.584],[26.556,40.498],[26.458,40.435],[26.195,40.303],[26.223,40.224],[26.214,40.161],[26.141,40.045],[26.255,40.082],[26.376,40.213],[26.514,40.282],[26.614,40.398],[26.889,40.525],[27.264,40.667],[27.313,40.79],[27.474,40.963],[27.932,40.958],[28.026,41.026],[28.173,41.058],[28.596,40.947],[28.828,40.915],[28.964,40.989],[29.081,41.201],[29.012,41.255],[28.74,41.325],[28.371,41.433],[28.104,41.593],[28.07,41.625],[28.018,41.753],[28.026,41.882],[27.918,41.978],[27.913,42.078],[27.738,42.247],[27.723,42.316],[27.608,42.417],[27.495,42.401],[27.502,42.516],[27.654,42.684],[27.836,42.736],[27.87,42.8],[27.887,43.064],[28.035,43.392],[28.187,43.45],[28.328,43.438],[28.446,43.476],[28.481,43.592],[28.53,43.843],[28.573,44.198],[28.686,44.488],[28.918,44.766],[29.09,44.876],[29.458,44.915],[29.579,45.058],[29.711,45.258],[29.683,45.375],[29.536,45.452],[29.5,45.523],[29.63,45.75],[29.73,45.77],[30.069,45.861],[30.52,46.251],[30.833,46.577],[31.087,46.636],[31.538,46.701],[31.781,46.702],[31.951,46.865],[32.189,46.592],[32.122,46.546],[32.302,46.495],[32.51,46.593],[32.585,46.596],[32.667,46.656],[32.789,46.674],[32.845,46.692],[32.919,46.732],[33.031,46.74],[33.14,46.784],[33.238,46.766],[33.272,46.752],[33.341,46.758],[33.373,46.782],[33.374,46.797],[33.42,46.83],[33.474,46.82],[33.586,46.844],[33.607,46.885],[33.598,46.916],[33.6,46.936],[33.615,46.953],[33.662,46.977],[33.661,47.034],[33.762,47.095],[33.794,47.135],[33.902,47.161],[33.973,47.219],[33.985,47.248],[33.965,47.302],[33.981,47.345],[33.978,47.402],[33.986,47.407],[34.013,47.397],[34.191,47.45],[34.257,47.489],[34.328,47.513],[34.428,47.527],[34.505,47.567],[34.758,47.54],[34.827,47.482],[34.93,47.454],[35.148,47.463],[35.261,47.479],[35.386,47.447],[36.146,47.583],[36.606,47.58],[36.925,47.688],[37.491,47.776],[38.293,47.843],[39.062,47.784],[39.227,47.71],[39.402,47.591],[39.592,47.215],[39.629,47.195],[39.787,47.216],[39.86,47.252],[40.063,47.245],[40.172,47.261],[40.226,47.23],[40.268,47.249],[40.417,47.234],[40.549,47.191],[40.508,47.437],[39.259,48.437],[37.885,49.186],[37.385,48.811],[33.388,47.313],[31.991,47.403],[31.427,47.62],[31.08,47.793],[30.95,47.62],[29.865,47.62],[29.778,46.795],[29.427,46.816],[29.116,47.283],[28.908,47.818],[28.427,48.097],[28.415,48.082],[28.387,48.105],[28.387,48.139],[28.347,48.15],[28.302,48.133],[28.359,48.201],[28.347,48.23],[28.296,48.23],[28.217,48.213],[28.16,48.224],[28.115,48.218],[28.058,48.281],[28.013,48.309],[27.944,48.315],[27.882,48.338],[27.82,48.394],[27.706,48.44],[27.648,48.752],[27.486,48.752],[27.486,48.671],[27.108,48.833],[27.108,48.644],[26.163,48.941],[26.36,48.125],[26.123,48.125],[26.123,47.855],[25.786,47.956],[25.381,47.855],[25.246,47.686],[25.685,47.619],[26.292,47.214],[26.191,46.809],[26.045,46.751],[26.067,46.722],[26.104,46.714],[26.125,46.672],[26.148,46.654],[26.164,46.626],[26.164,46.601],[26.141,46.591],[26.123,46.554],[26.093,46.553],[26.058,46.529],[26.073,46.525],[26.081,46.511],[26.075,46.485],[26.112,46.469],[26.107,46.445],[26.132,46.434],[26.154,46.437],[26.177,46.451],[26.222,46.454],[26.222,46.441],[26.206,46.425],[26.207,46.418],[26.237,46.392],[26.27,46.397],[26.27,46.376],[26.284,46.377],[26.293,46.368],[26.284,46.36],[26.281,46.339],[26.292,46.331],[26.272,46.297],[26.274,46.287],[26.254,46.274],[26.259,46.25],[26.324,46.238],[26.341,46.201],[26.392,46.202],[26.418,46.189],[26.404,46.168],[26.407,46.156],[26.398,46.15],[26.435,46.168],[26.448,46.151],[26.494,46.134],[26.5,46.119],[26.495,46.09],[26.504,46.07],[26.496,46.067],[26.484,46.029],[26.49,46.015],[26.468,46.003],[26.471,45.997],[26.457,45.986],[26.465,45.94],[26.456,45.934],[26.443,45.887],[26.381,45.838],[26.422,45.829],[26.423,45.82],[26.442,45.811],[26.447,45.796],[26.424,45.778],[26.425,45.768],[26.418,45.769],[26.438,45.766],[26.444,45.753],[26.437,45.739],[26.458,45.726],[26.466,45.705],[26.489,45.694],[26.486,45.689],[26.53,45.642],[26.541,45.642],[26.552,45.63],[26.579,45.634],[26.594,45.62],[26.631,45.647],[26.734,45.664],[26.766,45.711],[26.787,45.703],[26.816,45.712],[26.807,45.736],[26.836,45.755],[26.855,45.779],[26.855,45.791],[26.87,45.794],[26.91,45.781],[26.935,45.759],[26.961,45.769],[26.981,45.762],[27.028,45.768],[27.091,45.742],[27.124,45.723],[27.12,45.715],[27.16,45.696],[27.247,45.69],[27.26,45.682],[27.263,45.657],[27.29,45.653],[27.314,45.629],[27.331,45.634],[27.374,45.619],[27.379,45.609],[27.423,45.619],[27.416,45.615],[27.424,45.603],[27.42,45.596],[27.451,45.595],[27.43,45.59],[27.425,45.584],[27.433,45.582],[27.419,45.576],[27.447,45.557],[27.465,45.565],[27.483,45.557],[27.472,45.554],[27.481,45.55],[27.467,45.548],[27.483,45.542],[27.468,45.537],[27.47,45.529],[27.488,45.531],[27.483,45.503],[27.515,45.514],[27.537,45.503],[27.541,45.511],[27.529,45.517],[27.552,45.521],[27.544,45.501],[27.561,45.499],[27.572,45.487],[27.579,45.495],[27.578,45.486],[27.59,45.484],[27.598,45.47],[27.612,45.466],[27.617,45.478],[27.625,45.472],[27.62,45.466],[27.631,45.467],[27.63,45.476],[27.645,45.47],[27.649,45.486],[27.651,45.472],[27.657,45.473],[27.654,45.491],[27.663,45.49],[27.662,45.476],[27.698,45.473],[27.697,45.458],[27.715,45.459],[27.714,45.446],[27.741,45.449],[27.746,45.432],[27.736,45.418],[27.787,45.411],[27.764,45.364],[27.636,45.286],[27.466,45.203],[27.412,45.075],[27.763,44.989],[27.74,44.943],[27.893,44.926],[27.873,44.877],[27.854,44.867],[27.828,44.829],[27.82,44.786],[27.874,44.774],[27.882,44.765],[27.871,44.725],[27.89,44.703],[27.942,44.679],[27.973,44.676],[28.018,44.647],[28.035,44.612],[28.014,44.583],[28.014,44.572],[28.036,44.549],[28.053,44.51],[28.088,44.491],[28.11,44.435],[28.076,44.416],[28.028,44.37],[28.009,44.32],[27.935,44.25],[27.914,44.247],[27.848,44.258],[27.776,44.232],[27.723,44.196],[27.637,44.206],[27.596,44.197],[27.525,44.169],[27.452,44.124],[27.394,44.132],[27.36,44.127],[27.315,44.14],[27.23,44.115],[27.066,44.149],[26.992,44.134],[26.917,44.138],[26.763,44.078],[26.702,44.078],[26.601,44.052],[26.336,44.033],[26.197,43.985],[26.144,43.983],[26.107,43.97],[26.073,43.926],[26.03,43.918],[25.964,43.925],[25.933,43.912],[25.925,43.883],[25.954,43.859],[25.888,43.793],[25.865,43.782],[25.864,43.769],[25.839,43.767],[25.809,43.748],[25.78,43.709],[25.73,43.69],[25.667,43.69],[25.561,43.648],[25.492,43.649],[25.394,43.618],[25.343,43.63],[25.243,43.686],[25.18,43.698],[25.112,43.684],[25.09,43.687],[25.021,43.71],[25.008,43.725],[24.966,43.722],[24.918,43.738],[24.907,43.759],[24.858,43.759],[24.827,43.746],[24.846,43.709],[24.778,43.706],[24.724,43.707],[24.611,43.745],[24.501,43.762],[24.35,43.697],[24.294,43.698],[24.175,43.681],[24.087,43.703],[24.058,43.719],[23.979,43.743],[23.852,43.759],[23.818,43.771],[23.778,43.8],[23.702,43.806],[23.607,43.792],[23.554,43.804],[23.495,43.834],[23.414,43.853],[23.268,43.846],[23.138,43.805],[23.065,43.796],[22.9,43.826],[22.869,43.837],[22.836,43.876],[22.88,43.983],[22.944,44.007],[23.006,44.011],[23.042,44.053],[23.043,44.075],[23.03,44.087],[22.993,44.098],[22.924,44.1],[22.864,44.137],[22.789,44.166],[22.758,44.193],[22.688,44.208],[22.672,44.222],[22.683,44.249],[22.681,44.278],[22.661,44.288],[22.612,44.293],[22.558,44.31],[22.529,44.337],[22.509,44.372],[22.499,44.411],[22.456,44.468],[22.457,44.477],[22.474,44.482],[22.539,44.48],[22.557,44.499],[22.563,44.534],[22.588,44.552],[22.635,44.55],[22.695,44.518],[22.763,44.539],[22.757,44.562],[22.702,44.608],[22.602,44.622],[22.468,44.714],[22.472,44.724],[22.464,44.744],[22.429,44.761],[22.422,44.795],[22.486,44.883],[22.482,44.903],[22.494,44.921],[22.485,44.935],[22.509,44.962],[22.502,44.98],[22.531,44.996],[22.569,45.039],[22.593,45.048],[22.656,45.105],[22.65,45.125],[22.577,45.138],[22.56,45.16],[22.603,45.214],[22.673,45.239],[22.697,45.254],[22.7,45.255],[22.682,45.25],[22.689,45.275],[22.677,45.282],[22.697,45.303],[22.696,45.329],[22.684,45.331],[22.657,45.372],[22.668,45.382],[22.668,45.397],[22.638,45.412],[22.618,45.433],[22.588,45.437],[22.561,45.469],[22.531,45.487],[22.517,45.52],[22.502,45.531],[22.521,45.557],[22.535,45.561],[22.532,45.575],[22.546,45.585],[22.544,45.595],[22.506,45.599],[22.495,45.619],[22.462,45.641],[22.343,44.986],[22.41,44.75],[22.296,44.692],[22.199,44.564],[22.133,44.511],[21.947,44.619],[21.859,44.681],[21.592,44.708],[21.583,44.793],[21.478,44.793],[21.367,44.809],[21.364,44.82],[21.33,44.82],[21.149,44.739],[21.015,44.72],[20.922,44.671],[20.769,44.66],[20.633,44.757],[20.643,44.813],[20.571,44.847],[20.525,44.83],[20.405,44.855],[20.334,44.915],[20.288,44.971],[20.319,44.999],[20.241,45.155],[20.196,45.181],[20.024,45.173],[19.872,45.264],[19.853,45.236],[19.587,45.21],[19.544,45.253],[19.419,45.224],[19.424,45.193],[19.408,45.168],[19.348,45.173],[19.308,45.188],[19.278,45.178],[19.243,45.183],[19.213,45.203],[19.188,45.208],[19.167,45.203],[19.182,45.173],[19.137,45.132],[19.102,45.132],[19.102,45.062],[19.122,45.032],[19.107,44.997],[19.122,44.926],[19.082,44.911],[19.042,44.926],[19.017,44.896],[19.052,44.856],[18.931,44.841],[18.841,44.851],[18.776,44.906],[18.801,44.952],[18.781,44.992],[18.725,44.997],[18.715,45.047],[18.585,45.092],[18.54,45.052],[18.494,45.057],[18.394,45.102],[18.329,45.102],[18.258,45.122],[18.208,45.092],[18.148,45.072],[18.088,45.092],[18.037,45.122],[17.987,45.122],[17.932,45.082],[17.857,45.047],[17.666,45.117],[17.515,45.107],[17.43,45.132],[17.354,45.137],[17.284,45.178],[17.244,45.142],[17.194,45.132],[17.169,45.157],[16.933,45.238],[16.892,45.243],[16.832,45.188],[16.606,45.218],[16.511,45.208],[16.4,45.092],[16.345,45.002],[16.254,45.012],[16.139,45.072],[16.023,45.208],[15.883,45.223],[15.828,45.203],[15.787,45.122],[15.767,45.047],[15.787,44.987],[15.802,44.856],[15.747,44.826]]],[[[22.705,45.257],[22.73,45.253],[22.733,45.254],[22.734,45.254],[22.706,45.257],[22.705,45.257]]],[[[22.741,45.258],[22.772,45.27],[22.764,45.27],[22.741,45.258]]],[[[22.772,45.27],[22.775,45.266],[22.774,45.27],[22.772,45.27]]],[[[22.834,45.285],[22.84,45.276],[22.843,45.275],[22.845,45.273],[22.834,45.285]]],[[[22.87,38.837],[23.121,38.867],[23.463,38.624],[23.638,38.523],[23.6,38.457],[23.661,38.404],[24.025,38.386],[24.314,37.985],[24.527,37.967],[24.588,38.153],[24.292,38.195],[24.208,38.552],[24.132,38.653],[23.79,38.719],[23.41,38.944],[23.242,39.044],[23.014,38.961],[22.87,38.837]]],[[[22.914,45.278],[22.973,45.271],[22.918,45.279],[22.914,45.278]]],[[[23.001,45.282],[23.087,45.284],[23.097,45.292],[23.095,45.292],[23.085,45.284],[23.001,45.282]]],[[[23.192,45.299],[23.231,45.301],[23.248,45.308],[23.251,45.309],[23.192,45.299]]],[[[23.312,45.301],[23.331,45.314],[23.333,45.32],[23.312,45.301]]],[[[23.343,45.33],[23.349,45.335],[23.356,45.339],[23.353,45.339],[23.343,45.33]]],[[[23.385,45.336],[23.404,45.334],[23.411,45.328],[23.406,45.334],[23.385,45.336]]],[[[23.427,45.308],[23.43,45.309],[23.431,45.308],[23.456,45.322],[23.455,45.322],[23.427,45.308]]],[[[23.467,35.318],[23.513,35.276],[23.568,35.255],[23.786,35.263],[24.013,35.21],[24.324,35.208],[24.69,35.092],[24.716,35.035],[24.693,34.94],[25.591,35.016],[25.742,35.009],[25.899,35.045],[26.16,35.024],[26.243,35.145],[26.236,35.229],[26.274,35.313],[26.169,35.247],[26.099,35.216],[26.064,35.239],[25.935,35.213],[25.789,35.137],[25.742,35.137],[25.668,35.187],[25.714,35.327],[25.673,35.349],[25.512,35.295],[25.014,35.362],[24.997,35.421],[24.769,35.428],[24.388,35.373],[24.23,35.391],[24.22,35.449],[24.178,35.47],[24.073,35.496],[24.091,35.52],[24.136,35.522],[24.153,35.564],[24.082,35.612],[24.033,35.598],[24.039,35.562],[23.957,35.528],[23.879,35.552],[23.743,35.562],[23.734,35.627],[23.697,35.698],[23.665,35.667],[23.671,35.572],[23.529,35.57],[23.467,35.318]]],[[[23.49,45.315],[23.493,45.316],[23.494,45.316],[23.589,45.356],[23.586,45.367],[23.588,45.356],[23.49,45.315]]],[[[23.573,45.426],[23.594,45.421],[23.575,45.428],[23.594,45.45],[23.594,45.451],[23.573,45.426]]],[[[23.575,45.51],[23.576,45.509],[23.578,45.51],[23.575,45.51]]],[[[23.597,45.473],[23.598,45.477],[23.598,45.479],[23.597,45.473]]],[[[23.658,45.515],[23.662,45.509],[23.665,45.51],[23.658,45.515]]],[[[23.666,45.509],[23.681,45.515],[23.688,45.518],[23.704,45.508],[23.691,45.52],[23.666,45.509]]],[[[23.691,45.471],[23.705,45.481],[23.712,45.5],[23.709,45.503],[23.708,45.49],[23.706,45.484],[23.691,45.471]]],[[[23.759,45.44],[23.822,45.475],[23.815,45.475],[23.759,45.44]]],[[[23.834,45.475],[23.847,45.474],[23.856,45.473],[23.869,45.467],[23.855,45.474],[23.834,45.475]]],[[[23.872,45.465],[23.879,45.459],[23.914,45.458],[23.93,45.458],[23.883,45.459],[23.872,45.465]]],[[[23.93,45.458],[23.932,45.458],[23.934,45.467],[23.938,45.478],[23.93,45.458]]],[[[23.935,45.495],[23.938,45.478],[23.937,45.484],[23.939,45.494],[23.976,45.487],[23.935,45.495]]],[[[23.976,45.487],[23.981,45.486],[23.983,45.49],[23.976,45.487]]],[[[23.986,45.531],[24.001,45.526],[24.011,45.528],[23.986,45.533],[23.986,45.531]]],[[[24.083,45.513],[24.087,45.513],[24.167,45.514],[24.083,45.513]]],[[[24.167,45.514],[24.203,45.523],[24.206,45.524],[24.167,45.514]]],[[[24.253,45.544],[24.255,45.545],[24.257,45.545],[24.287,45.561],[24.385,45.584],[24.288,45.562],[24.253,45.544]]],[[[24.261,37.541],[24.383,37.571],[24.398,37.667],[24.299,37.661],[24.261,37.541]]],[[[24.299,36.753],[24.466,36.649],[24.679,36.759],[24.588,36.869],[24.428,36.795],[24.299,36.753]]],[[[24.36,37.305],[24.489,37.396],[24.398,37.468],[24.36,37.396],[24.36,37.305]]],[[[24.428,37.208],[24.444,37.099],[24.535,37.117],[24.428,37.208]]],[[[24.649,37.014],[24.679,36.905],[24.786,36.948],[24.717,37.051],[24.649,37.014]]],[[[24.656,37.901],[24.923,37.691],[25.318,37.402],[25.47,37.438],[25.272,37.565],[24.763,38.003],[24.656,37.901]]],[[[24.696,45.605],[24.74,45.604],[24.768,45.611],[24.696,45.605]]],[[[24.771,45.611],[24.794,45.603],[24.828,45.606],[24.813,45.61],[24.792,45.604],[24.773,45.611],[24.771,45.611]]],[[[24.824,36.637],[24.945,36.57],[24.976,36.637],[24.877,36.68],[24.824,36.661],[24.824,36.637]]],[[[24.829,45.606],[24.83,45.605],[24.838,45.591],[24.84,45.591],[24.832,45.605],[24.829,45.606]]],[[[24.846,37.366],[25.044,37.378],[24.945,37.51],[24.862,37.529],[24.846,37.366]]],[[[24.917,45.594],[24.938,45.582],[24.939,45.583],[24.917,45.594]]],[[[24.938,36.96],[25.113,36.941],[25.31,37.002],[25.31,37.196],[25.151,37.172],[24.938,36.96]]],[[[24.955,45.591],[24.958,45.593],[24.957,45.593],[24.955,45.591]]],[[[24.988,45.587],[24.991,45.587],[24.998,45.586],[25.031,45.592],[24.988,45.587]]],[[[25.042,45.59],[25.053,45.587],[25.078,45.581],[25.082,45.581],[25.042,45.59]]],[[[25.044,36.661],[25.059,36.619],[25.196,36.674],[25.166,36.741],[25.044,36.661]]],[[[25.091,45.582],[25.105,45.583],[25.189,45.523],[25.104,45.584],[25.091,45.582]]],[[[25.189,45.523],[25.19,45.523],[25.192,45.522],[25.211,45.526],[25.189,45.523]]],[[[25.238,45.477],[25.257,45.452],[25.272,45.444],[25.272,45.445],[25.24,45.475],[25.239,45.482],[25.238,45.477]]],[[[25.242,36.753],[25.265,36.704],[25.386,36.637],[25.432,36.698],[25.295,36.808],[25.242,36.753]]],[[[25.272,45.434],[25.273,45.434],[25.273,45.432],[25.282,45.437],[25.272,45.434]]],[[[25.285,45.437],[25.29,45.438],[25.306,45.433],[25.292,45.439],[25.285,45.437]]],[[[25.308,45.407],[25.309,45.399],[25.309,45.392],[25.31,45.391],[25.311,45.387],[25.308,45.407]]],[[[25.31,45.414],[25.314,45.429],[25.31,45.431],[25.31,45.414]]],[[[25.318,36.399],[25.386,36.319],[25.493,36.331],[25.493,36.423],[25.371,36.497],[25.333,36.46],[25.318,36.399]]],[[[25.341,37.087],[25.363,37.008],[25.455,36.923],[25.546,36.96],[25.599,37.026],[25.607,37.124],[25.538,37.22],[25.341,37.087]]],[[[25.511,45.502],[25.512,45.47],[25.512,45.471],[25.515,45.472],[25.511,45.502]]],[[[25.713,36.35],[25.766,36.338],[25.873,36.356],[25.789,36.405],[25.736,36.387],[25.713,36.35]]],[[[25.751,36.783],[25.835,36.783],[26.086,36.899],[26.025,36.96],[25.949,36.911],[25.858,36.838],[25.751,36.814],[25.751,36.783]]],[[[25.803,45.471],[25.81,45.467],[25.826,45.44],[25.809,45.469],[25.803,45.471]]],[[[25.89,45.485],[25.895,45.479],[25.896,45.482],[25.89,45.485]]],[[[25.89,45.485],[25.922,45.521],[25.92,45.521],[25.89,45.485]]],[[[25.932,45.518],[25.938,45.513],[25.949,45.513],[25.969,45.508],[25.932,45.518]]],[[[26.014,45.49],[26.041,45.478],[26.044,45.479],[26.047,45.478],[26.014,45.49]]],[[[26.064,39.456],[26.139,39.44],[26.804,39.567],[26.958,39.548],[26.926,39.477],[26.854,39.461],[26.72,39.337],[26.602,39.256],[26.704,39.25],[26.708,39.182],[26.797,39.13],[26.871,39.056],[26.79,39.024],[26.785,38.94],[26.937,38.925],[27.004,38.885],[27.035,38.821],[26.966,38.77],[26.709,38.699],[26.696,38.641],[26.829,38.583],[26.82,38.527],[26.997,38.4],[26.742,38.278],[26.527,38.418],[26.469,38.445],[26.392,38.219],[26.393,38.104],[26.512,38.066],[26.679,38.105],[26.961,37.946],[27.14,37.889],[27.18,37.774],[27.141,37.647],[27.123,37.494],[27.16,37.36],[27.365,37.329],[27.493,37.24],[27.526,37.131],[27.269,37.042],[27.308,36.921],[27.999,36.909],[28.051,36.833],[27.942,36.756],[27.912,36.699],[28.014,36.527],[28.267,36.712],[28.47,36.738],[28.814,36.535],[29.002,36.695],[29.298,36.173],[29.472,36.091],[29.662,36.078],[30.166,36.188],[30.28,36.118],[30.395,36.118],[30.473,36.188],[30.54,36.647],[30.594,36.762],[30.905,36.794],[31.371,36.712],[31.902,36.497],[32.335,36.128],[32.64,36.008],[32.904,35.977],[33.171,35.971],[33.482,36.054],[33.753,36.147],[33.834,36.071],[33.836,36.107],[33.891,36.139],[33.954,36.16],[33.952,36.252],[34.103,36.38],[34.485,36.627],[34.662,36.648],[34.87,36.577],[35.071,36.488],[35.221,36.388],[35.354,36.414],[35.389,36.454],[35.417,36.433],[35.495,36.443],[35.548,36.54],[35.506,36.559],[35.568,36.587],[35.672,36.606],[35.891,36.771],[35.957,36.747],[36.082,36.622],[36.105,36.561],[36.095,36.482],[35.817,36.301],[35.709,36.212],[35.665,36.134],[35.719,36.092],[35.856,35.835],[35.74,35.69],[35.691,35.685],[35.733,35.585],[35.68,35.528],[35.664,35.459],[35.607,35.418],[35.796,35.271],[35.841,35.043],[35.809,35.014],[35.751,34.747],[35.852,34.493],[35.873,34.422],[35.821,34.344],[35.716,34.312],[35.532,34.119],[35.526,34],[37.559,34],[38.036,34.597],[39.342,34.597],[40.029,34.391],[40.42,34],[45.523,34],[45.565,34.274],[45.671,34.617],[46.184,35.058],[45.995,35.401],[46.001,35.515],[46.211,35.784],[45.73,35.832],[45.388,35.926],[45.359,36.015],[45.105,36.503],[44.795,37.132],[44.784,37.27],[44.66,37.286],[44.471,37.455],[44.427,37.644],[44.492,37.754],[44.301,37.804],[44.205,37.867],[44.361,38.166],[44.464,38.292],[44.447,38.385],[44.318,38.476],[44.269,38.429],[44.229,38.482],[44.128,38.703],[44.183,38.872],[44.065,39.173],[44.082,39.295],[44.345,39.414],[44.349,39.609],[44.453,39.673],[44.637,39.662],[44.67,39.757],[44.448,39.96],[43.812,40.014],[43.685,40.109],[43.67,40.295],[43.859,40.66],[43.847,40.75],[43.475,41.087],[42.878,41.546],[42.694,41.564],[42.352,41.402],[42.25,41.369],[42.029,41.4],[41.484,41.437],[41.293,41.286],[40.61,41.028],[40.361,40.963],[40.007,40.956],[39.663,41],[39.37,41.064],[39.139,41.044],[38.651,40.922],[38.314,40.921],[37.822,41.01],[37.253,41.028],[36.817,41.29],[36.641,41.315],[36.383,41.238],[36.161,41.353],[35.958,41.686],[35.678,41.621],[35.411,41.627],[35.286,41.671],[35.099,41.806],[35.002,42.043],[34.663,41.876],[34.304,41.894],[33.897,41.951],[33.556,41.983],[33.155,41.95],[32.688,41.846],[32.419,41.749],[31.666,41.395],[31.386,41.285],[31.404,41.164],[31.218,41.054],[30.745,41.04],[30.256,41.185],[30.138,41.132],[29.578,41.153],[29.161,41.216],[29.015,40.979],[29.29,40.807],[29.32,40.741],[29.683,40.752],[29.883,40.746],[29.713,40.694],[29.525,40.688],[28.902,40.62],[28.778,40.525],[28.873,40.472],[29.084,40.456],[29.122,40.414],[29.052,40.335],[28.756,40.376],[28.478,40.395],[27.908,40.351],[28.006,40.451],[27.954,40.488],[27.808,40.504],[27.679,40.461],[27.8,40.403],[27.83,40.345],[27.764,40.287],[27.526,40.297],[27.45,40.31],[27.329,40.356],[27.272,40.451],[27.056,40.43],[26.996,40.372],[26.765,40.377],[26.482,40.187],[26.403,40.176],[26.32,39.992],[26.186,39.997],[26.128,39.879],[26.142,39.661],[26.085,39.604],[26.064,39.456]]],[[[26.093,45.516],[26.094,45.517],[26.096,45.518],[26.117,45.546],[26.145,45.581],[26.155,45.581],[26.168,45.567],[26.171,45.563],[26.155,45.586],[26.148,45.585],[26.093,45.516]]],[[[26.171,45.564],[26.172,45.563],[26.173,45.565],[26.18,45.574],[26.171,45.564]]],[[[26.178,45.595],[26.18,45.574],[26.179,45.586],[26.182,45.595],[26.178,45.595]]],[[[26.186,45.609],[26.219,45.622],[26.24,45.62],[26.25,45.61],[26.238,45.623],[26.213,45.622],[26.186,45.609]]],[[[26.336,45.592],[26.348,45.604],[26.348,45.612],[26.336,45.592]]],[[[32.144,35.043],[32.199,34.861],[32.271,34.814],[32.271,34.72],[32.357,34.68],[32.603,34.615],[32.784,34.625],[32.817,34.539],[32.915,34.541],[32.915,34.636],[32.959,34.659],[33.131,34.68],[33.484,34.796],[33.539,34.944],[33.686,34.935],[33.733,34.909],[33.792,34.957],[33.925,34.953],[33.773,35.129],[33.78,35.208],[34.048,35.408],[34.245,35.512],[34.458,35.645],[34.217,35.574],[33.907,35.437],[33.539,35.332],[33.374,35.306],[33.077,35.319],[32.795,35.361],[32.819,35.282],[32.78,35.153],[32.745,35.114],[32.597,35.156],[32.483,35.153],[32.301,35.016],[32.234,35.014],[32.18,35.058],[32.144,35.043]]],[[[32.766,45.596],[32.77,45.597],[32.772,45.598],[32.766,45.596]]],[[[33.087,45.748],[33.104,45.751],[33.105,45.755],[33.087,45.748]]],[[[33.228,45.793],[33.238,45.788],[33.322,45.815],[33.337,45.826],[33.228,45.799],[33.228,45.793]]],[[[33.411,44.634],[33.464,44.649],[33.492,44.672],[33.483,44.781],[33.411,44.634]]],[[[33.525,44.867],[33.554,44.878],[33.559,44.926],[33.557,44.932],[33.525,44.867]]],[[[33.543,45.009],[33.547,44.99],[33.548,44.998],[33.543,45.009]]],[[[35.482,45.364],[35.521,45.342],[35.575,45.366],[35.67,45.387],[35.68,45.409],[35.546,45.38],[35.482,45.364]]],[[[35.938,45.442],[35.946,45.433],[35.976,45.425],[35.996,45.426],[36.002,45.443],[35.939,45.444],[35.938,45.442]]],[[[36.96,45.227],[37.318,44.924],[37.474,44.692],[38.411,45.125],[38.268,45.163],[38.087,45.157],[37.933,45.134],[37.809,45.127],[37.749,45.156],[37.682,45.165],[37.598,45.145],[37.513,45.16],[37.369,45.226],[37.334,45.312],[37.228,45.312],[36.96,45.227]]]]}},{"type":"Feature","properties":{"NAME":null,"ABBREVN":null,"SUBJECTO":null,"BORDERPRECISION":3,"PARTOF":null},"geometry":{"type":"MultiPolygon","coordinates":[[[[-24.219,65.534],[-24.162,65.607],[-23.973,65.687],[-23.571,65.681],[-23.267,65.725],[-23.426,65.827],[-23.608,65.98],[-23.466,66.133],[-23.341,66.134],[-22.911,65.944],[-22.609,65.923],[-22.474,65.996],[-22.56,66.113],[-22.841,66.281],[-22.676,66.391],[-22.21,66.29],[-21.779,66.254],[-21.443,66.13],[-21.242,65.882],[-21.296,65.699],[-21.495,65.568],[-21.08,65.205],[-20.831,65.366],[-20.672,65.424],[-20.389,65.475],[-20.168,65.556],[-20.141,65.651],[-20.217,66.001],[-19.973,66.111],[-19.748,65.907],[-19.556,65.768],[-19.336,65.674],[-19.239,65.667],[-19.156,65.725],[-19.275,65.929],[-19.165,66.003],[-19.044,66.017],[-18.676,66.091],[-18.369,65.895],[-18.128,65.786],[-17.884,65.757],[-17.861,65.837],[-18.022,66.078],[-17.57,66.013],[-16.922,65.978],[-16.568,66.029],[-16.376,66.132],[-16.385,66.454],[-15.86,66.419],[-15.574,66.207],[-15.071,66.061],[-14.763,66.055],[-14.641,65.945],[-14.754,65.697],[-14.4,65.567],[-13.647,65.495],[-13.59,65.43],[-13.526,65.183],[-13.557,65.009],[-13.694,64.779],[-13.893,64.721],[-14.26,64.713],[-14.348,64.67],[-14.366,64.476],[-14.598,64.267],[-14.821,64.195],[-15.077,64.209],[-15.267,64.28],[-15.634,64.057],[-15.876,63.993],[-16.534,63.784],[-16.918,63.733],[-17.244,63.733],[-17.591,63.689],[-17.944,63.425],[-18.157,63.367],[-18.642,63.324],[-18.961,63.337],[-19.553,63.415],[-19.827,63.478],[-20.404,63.698],[-20.88,63.74],[-21.079,63.711],[-21.548,63.718],[-22.373,63.773],[-22.507,63.866],[-22.311,63.952],[-21.804,64.11],[-21.488,64.376],[-21.857,64.383],[-22.086,64.44],[-22.279,64.619],[-22.392,64.662],[-22.554,64.625],[-23.508,64.559],[-23.675,64.659],[-23.611,64.746],[-23.437,64.804],[-23.136,64.847],[-22.778,64.855],[-22.45,64.906],[-21.978,64.95],[-21.809,65.037],[-21.729,65.182],[-21.794,65.298],[-21.955,65.378],[-22.146,65.385],[-22.362,65.45],[-22.814,65.471],[-23.183,65.427],[-23.374,65.354],[-23.678,65.317],[-24.147,65.439],[-24.219,65.534]]]]}},{"type":"Feature","properties":{"NAME":"United Kingdom","ABBREVN":"UK","SUBJECTO":"United Kingdom","BORDERPRECISION":3,"PARTOF":"United Kingdom"},"geometry":{"type":"MultiPolygon","coordinates":[[[[-6.044,56.475],[-5.822,56.4],[-5.645,56.516],[-5.547,56.652],[-5.458,56.632],[-5.271,56.544],[-5.3,56.429],[-5.497,56.177],[-5.633,55.94],[-5.57,55.751],[-5.334,55.88],[-5.135,55.893],[-4.848,56.097],[-4.711,56.131],[-4.623,55.908],[-4.758,55.82],[-4.895,55.772],[-4.908,55.664],[-4.771,55.488],[-4.638,55.428],[-4.91,55.11],[-5.067,54.948],[-5.111,54.794],[-4.903,54.734],[-4.6,54.688],[-4.5,54.775],[-4.461,54.862],[-4.122,54.762],[-3.908,54.79],[-3.577,54.924],[-3.309,54.885],[-3.153,54.838],[-3.43,54.643],[-3.569,54.415],[-3.479,54.275],[-3.261,54.141],[-2.886,54.169],[-2.865,54.028],[-2.98,53.821],[-3.057,53.514],[-2.914,53.267],[-3.33,53.233],[-3.957,53.205],[-4.318,53.091],[-4.492,52.991],[-4.621,52.831],[-4.468,52.811],[-4.148,52.832],[-4.094,52.746],[-4.124,52.373],[-4.295,52.2],[-4.619,52.094],[-5.061,52.006],[-5.249,51.86],[-5.179,51.787],[-4.999,51.702],[-4.159,51.677],[-3.499,51.46],[-3.173,51.467],[-2.75,51.644],[-2.895,51.394],[-3.033,51.33],[-3.066,51.178],[-3.483,51.181],[-3.825,51.235],[-4.281,51.187],[-4.277,51.064],[-4.443,50.969],[-4.552,50.997],[-4.605,50.779],[-4.815,50.604],[-5.017,50.561],[-5.238,50.346],[-5.778,50.134],[-5.429,50.068],[-5.282,49.964],[-4.967,50.212],[-4.541,50.358],[-4.303,50.324],[-4.243,50.391],[-4.004,50.314],[-3.882,50.2],[-3.715,50.219],[-3.563,50.361],[-3.521,50.617],[-3.111,50.657],[-2.961,50.722],[-2.551,50.57],[-2.432,50.646],[-2.024,50.57],[-2.085,50.703],[-1.373,50.766],[-1.103,50.817],[-0.839,50.722],[-0.336,50.817],[0.192,50.731],[0.673,50.931],[0.888,50.893],[0.886,50.982],[1.335,51.121],[1.365,51.353],[1.189,51.405],[1.03,51.359],[0.804,51.378],[0.254,51.454],[0.686,51.56],[1.031,51.813],[1.512,52.026],[1.657,52.212],[1.692,52.311],[1.586,52.65],[1.376,52.809],[1.013,52.888],[0.742,52.901],[0.505,52.848],[0.327,52.707],[0.006,52.787],[0.251,53.04],[0.268,53.127],[0.175,53.293],[0.081,53.386],[-0.319,53.579],[-0.235,53.799],[-0.296,54.033],[-0.605,54.3],[-0.871,54.547],[-1.192,54.595],[-1.389,54.68],[-1.556,54.922],[-1.696,55.273],[-1.666,55.38],[-1.719,55.454],[-1.942,55.556],[-2.245,55.811],[-2.54,55.885],[-2.742,55.957],[-2.928,55.946],[-3.161,55.846],[-3.356,55.843],[-3.577,55.885],[-3.713,55.885],[-3.895,55.985],[-3.294,55.974],[-3.17,56.062],[-2.895,56.086],[-2.773,56.171],[-2.721,56.178],[-2.949,56.253],[-3.152,56.337],[-2.981,56.354],[-2.667,56.471],[-2.515,56.667],[-2.413,56.717],[-2.159,57.014],[-2.203,57.065],[-2.108,57.21],[-1.945,57.402],[-2.15,57.572],[-2.854,57.543],[-3.093,57.577],[-3.401,57.576],[-3.796,57.542],[-4.148,57.555],[-4.249,57.636],[-4.15,57.835],[-3.943,57.958],[-3.166,58.275],[-3.028,58.406],[-3.165,58.522],[-3.441,58.529],[-3.831,58.507],[-4.139,58.445],[-4.51,58.403],[-4.926,58.567],[-5.113,58.395],[-4.907,58.169],[-5.346,58.093],[-5.056,57.751],[-5.23,57.71],[-5.568,57.777],[-5.763,57.62],[-5.461,57.388],[-5.562,57.299],[-5.726,57.258],[-5.625,56.999],[-5.666,56.938],[-5.909,56.733],[-6.044,56.475]]],[[[-5.756,55.477],[-5.698,55.331],[-5.62,55.33],[-5.482,55.443],[-5.518,55.668],[-5.689,55.628],[-5.756,55.477]]]]}},{"type":"Feature","properties":{"NAME":"Austrian Netherlands","ABBREVN":"Aust Netherl","SUBJECTO":"Austrian Empire","BORDERPRECISION":3,"PARTOF":"Austrian Netherlands"},"geometry":{"type":"Polygon","coordinates":[[[2.522,51.091],[2.616,50.89],[2.755,50.739],[2.875,50.682],[3.123,50.807],[3.192,50.731],[3.283,50.524],[3.37,50.465],[3.603,50.47],[3.675,50.334],[3.791,50.34],[4.051,50.318],[4.22,50.242],[4.148,50.134],[4.188,50.055],[4.156,49.966],[4.285,49.911],[4.467,49.945],[4.668,49.96],[4.755,50.101],[4.865,50.134],[4.812,49.966],[4.877,49.885],[4.86,49.782],[5.098,49.761],[5.418,49.583],[5.475,49.48],[5.788,49.559],[5.824,49.507],[5.884,49.664],[5.745,49.755],[5.738,49.902],[5.834,50.047],[6.007,50.15],[6.109,50.117],[6.298,50.287],[6.281,50.498],[6.155,50.662],[6,50.742],[5.697,50.731],[5.697,50.883],[5.774,50.926],[5.824,51.117],[5.484,51.286],[5.244,51.237],[5.113,51.405],[5.01,51.433],[4.932,51.378],[4.791,51.487],[4.671,51.405],[4.395,51.411],[4.407,51.34],[4.173,51.325],[3.99,51.344],[3.775,51.388],[3.681,51.321],[3.472,51.314],[3.214,51.354],[2.995,51.313],[2.522,51.091]]]}},{"type":"Feature","properties":{"NAME":"Spain","ABBREVN":"Spain","SUBJECTO":"Spain","BORDERPRECISION":3,"PARTOF":"Spain"},"geometry":{"type":"Polygon","coordinates":[[[-9.271,43.049],[-9.247,42.901],[-9.173,42.856],[-8.942,42.824],[-8.644,42.42],[-8.799,42.195],[-8.86,42.015],[-8.806,41.889],[-8.405,42.002],[-8.157,42.087],[-7.919,41.889],[-7.098,41.868],[-6.86,41.985],[-6.709,41.96],[-6.586,41.858],[-6.518,41.749],[-6.139,41.526],[-6.112,41.417],[-6.241,41.32],[-6.797,41.093],[-6.834,41.061],[-6.857,40.862],[-6.825,40.657],[-6.884,40.214],[-6.859,39.792],[-6.878,39.702],[-7.084,39.599],[-7.301,39.579],[-7.431,39.521],[-7.211,39.298],[-6.933,38.961],[-7.089,38.795],[-7.317,38.5],[-7.394,38.295],[-7.028,38.24],[-6.845,38.1],[-7.243,37.811],[-7.351,37.644],[-7.492,37.208],[-7.228,37.226],[-6.948,37.149],[-6.632,37.022],[-6.422,36.792],[-6.5,36.719],[-6.444,36.623],[-6.289,36.572],[-6.305,36.454],[-6.204,36.282],[-5.85,36.072],[-5.661,36.008],[-5.485,36.065],[-5.488,36.174],[-5.457,36.167],[-5.424,36.072],[-5.387,36.11],[-5.374,36.237],[-5.217,36.41],[-4.757,36.486],[-4.447,36.722],[-2.97,36.741],[-2.915,36.69],[-2.761,36.69],[-2.624,36.811],[-2.355,36.824],[-2.239,36.728],[-1.94,36.952],[-1.817,37.292],[-1.626,37.439],[-1.365,37.548],[-0.918,37.57],[-0.803,37.615],[-0.872,37.76],[-0.665,38.177],[-0.564,38.215],[-0.435,38.43],[0.173,38.738],[0.126,38.821],[-0.166,38.954],[-0.236,39.062],[-0.395,39.434],[-0.161,39.886],[0.238,40.24],[0.505,40.593],[0.788,40.657],[0.827,40.727],[0.71,40.785],[0.734,40.875],[0.879,41.022],[1.311,41.157],[2.081,41.298],[2.201,41.446],[2.628,41.62],[3.129,41.857],[3.157,42.076],[3.086,42.121],[3.087,42.369],[2.937,42.41],[2.599,42.348],[2.582,42.287],[2.363,42.293],[2.171,42.382],[1.994,42.307],[1.876,42.314],[1.86,42.382],[1.709,42.423],[1.448,42.375],[1.364,42.41],[1.349,42.539],[1.307,42.635],[0.744,42.772],[0.584,42.772],[0.592,42.628],[0.348,42.635],[0.196,42.608],[0.18,42.663],[-0.166,42.649],[-0.216,42.717],[-0.41,42.786],[-0.469,42.751],[-0.587,42.765],[-0.612,42.731],[-0.84,42.909],[-0.907,42.881],[-1.397,43.032],[-1.448,42.984],[-1.515,42.998],[-1.558,43.045],[-1.466,43.155],[-1.491,43.21],[-1.702,43.196],[-1.915,43.305],[-2.066,43.333],[-2.367,43.326],[-2.768,43.538],[-3.007,43.55],[-3.196,43.447],[-3.417,43.376],[-3.848,43.439],[-4.802,43.469],[-5.225,43.507],[-5.537,43.577],[-5.82,43.706],[-5.98,43.705],[-6.468,43.563],[-6.808,43.523],[-7.151,43.555],[-7.636,43.721],[-7.98,43.74],[-8.22,43.617],[-8.251,43.43],[-8.31,43.353],[-8.849,43.326],[-9.014,43.281],[-9.197,43.158],[-9.271,43.049]]]}},{"type":"Feature","properties":{"NAME":"Portugal","ABBREVN":"Portugal","SUBJECTO":"Portugal","BORDERPRECISION":3,"PARTOF":"Portugal"},"geometry":{"type":"MultiPolygon","coordinates":[[[[-7.492,37.208],[-7.603,37.163],[-7.836,37.032],[-8.034,37.009],[-8.28,37.089],[-8.541,37.089],[-8.667,37.121],[-8.991,36.99],[-9.017,37.07],[-8.842,37.525],[-8.851,37.91],[-8.933,37.962],[-8.823,38.206],[-8.847,38.385],[-8.789,38.436],[-8.854,38.5],[-9.237,38.417],[-9.285,38.619],[-9.069,38.643],[-8.942,38.742],[-8.961,38.818],[-9.041,38.92],[-9.176,38.732],[-9.362,38.671],[-9.522,38.69],[-9.549,38.775],[-9.46,38.953],[-9.398,39.23],[-9.415,39.367],[-9.299,39.418],[-9.118,39.644],[-8.916,40.138],[-8.97,40.19],[-8.694,40.992],[-8.852,41.408],[-8.855,41.597],[-8.921,41.767],[-8.806,41.889],[-8.405,42.002],[-8.157,42.087],[-7.919,41.889],[-7.098,41.868],[-6.86,41.985],[-6.709,41.96],[-6.586,41.858],[-6.518,41.749],[-6.139,41.526],[-6.112,41.417],[-6.241,41.32],[-6.797,41.093],[-6.834,41.061],[-6.857,40.862],[-6.825,40.657],[-6.884,40.214],[-6.859,39.792],[-6.878,39.702],[-7.084,39.599],[-7.301,39.579],[-7.431,39.521],[-7.211,39.298],[-6.933,38.961],[-7.089,38.795],[-7.317,38.5],[-7.394,38.295],[-7.028,38.24],[-6.845,38.1],[-7.243,37.811],[-7.351,37.644],[-7.492,37.208]]]]}},{"type":"Feature","properties":{"NAME":"Dutch Republic","ABBREVN":"Dutch Republic","SUBJECTO":"Dutch Republic","BORDERPRECISION":3,"PARTOF":"Dutch Republic"},"geometry":{"type":"MultiPolygon","coordinates":[[[[3.52,51.579],[3.743,51.46],[3.775,51.388],[3.99,51.344],[4.173,51.325],[4.407,51.34],[4.395,51.411],[4.671,51.405],[4.791,51.487],[4.932,51.378],[5.01,51.433],[5.113,51.405],[5.244,51.237],[5.484,51.286],[5.824,51.117],[5.774,50.926],[5.697,50.883],[5.697,50.731],[6,50.742],[6.074,50.867],[6.01,50.964],[5.928,50.981],[5.964,51.024],[6.176,51.144],[6.089,51.198],[6.222,51.389],[6.154,51.521],[6.117,51.64],[5.948,51.722],[5.979,51.804],[6.133,51.838],[6.211,51.88],[6.381,51.82],[6.446,51.835],[6.426,51.84],[6.387,51.865],[6.394,51.873],[6.434,51.86],[6.452,51.864],[6.471,51.854],[6.542,51.884],[6.675,51.916],[6.696,51.915],[6.712,51.903],[6.795,51.942],[6.799,51.959],[6.828,51.964],[6.832,51.974],[6.832,51.976],[6.827,51.994],[6.753,52.028],[6.688,52.04],[6.696,52.07],[6.747,52.082],[6.746,52.094],[6.755,52.095],[6.763,52.119],[6.855,52.12],[6.873,52.133],[6.883,52.158],[6.908,52.176],[6.951,52.181],[6.992,52.227],[7.039,52.228],[7.066,52.241],[7.068,52.241],[7.069,52.366],[6.997,52.443],[6.912,52.416],[6.714,52.476],[6.727,52.558],[6.778,52.64],[7.035,52.624],[7.07,52.789],[7.072,52.81],[7.093,52.838],[7.087,52.85],[7.182,52.943],[7.215,53.004],[7.16,53.164],[7.043,53.164],[7.009,53.245],[6.861,53.266],[6.751,53.39],[6.261,53.322],[5.966,53.335],[5.39,53.139],[5.332,53.011],[5.343,52.996],[5.358,52.938],[5.326,52.79],[5.653,52.75],[5.547,52.679],[5.556,52.587],[5.611,52.532],[5.817,52.521],[5.757,52.334],[5.574,52.283],[5.473,52.177],[4.95,52.278],[5.036,52.334],[5.006,52.557],[5.108,52.532],[5.235,52.623],[5.173,52.743],[5.008,52.856],[4.719,52.802],[4.641,52.756],[4.387,52.23],[4.264,52.071],[3.878,51.792],[3.52,51.579]]],[[[6.993,52.182],[7.068,52.219],[7.068,52.228],[7.004,52.219],[6.993,52.182]]]]}},{"type":"Feature","properties":{"NAME":null,"ABBREVN":null,"SUBJECTO":null,"BORDERPRECISION":3,"PARTOF":null},"geometry":{"type":"MultiPolygon","coordinates":[[[[-25,69.319],[-24.897,69.392],[-24.584,69.34],[-24.333,69.333],[-23.444,69.568],[-22.732,69.774],[-22.158,70.056],[-22.434,70.079],[-23.009,70.093],[-23.459,70.092],[-23.587,70.084],[-23.775,70.145],[-24.195,70.243],[-24.585,70.304],[-25,70.296],[-25,69.319]]],[[[-25,71.468],[-24.913,71.437],[-24.386,71.183],[-24.227,71.059],[-24.04,70.774],[-23.754,70.59],[-23.084,70.468],[-22.616,70.484],[-22.203,70.485],[-21.714,70.386],[-21.547,70.44],[-21.471,70.532],[-21.592,71.211],[-21.726,71.405],[-21.904,71.497],[-22.03,71.435],[-22.431,71.341],[-22.649,71.745],[-22.818,71.87],[-23.247,72],[-25,72],[-25,71.468]]]]}},{"type":"Feature","properties":{"NAME":"Hohenzollern","ABBREVN":"Hohenzollern","SUBJECTO":"Hohenzollern","BORDERPRECISION":3,"PARTOF":"Hohenzollern"},"geometry":{"type":"Polygon","coordinates":[[[8.291,48.281],[8.512,48.141],[8.512,48.112],[8.594,47.889],[8.682,47.97],[8.612,48.231],[8.522,48.292],[8.291,48.352],[8.291,48.281]]]}},{"type":"Feature","properties":{"NAME":"Bremen","ABBREVN":"Bremen","SUBJECTO":"Bremen","BORDERPRECISION":3,"PARTOF":"Bremen"},"geometry":{"type":"Polygon","coordinates":[[[8.558,53.158],[8.576,53.077],[8.66,53.027],[8.744,53.085],[8.62,53.168],[8.558,53.158]]]}},{"type":"Feature","properties":{"NAME":"Hamburg","ABBREVN":"Hamburg","SUBJECTO":"Hamburg","BORDERPRECISION":3,"PARTOF":"Hamburg"},"geometry":{"type":"Polygon","coordinates":[[[9.752,53.503],[10.023,53.455],[10.052,53.484],[10.117,53.476],[10.074,53.513],[10.008,53.513],[9.943,53.6],[9.79,53.694],[9.79,53.593],[9.752,53.503]]]}},{"type":"Feature","properties":{"NAME":"Algiers","ABBREVN":"Algiers","SUBJECTO":"Algiers","BORDERPRECISION":3,"PARTOF":"Algiers"},"geometry":{"type":"Polygon","coordinates":[[[-2.193,35.054],[-2.077,34.826],[-1.823,34.7],[-1.738,34.605],[-1.664,34.205],[-1.669,34],[7.572,34],[7.581,34.041],[8.218,34.585],[8.291,34.77],[8.313,35.011],[8.289,35.278],[8.277,35.679],[8.272,36.323],[8.324,36.521],[8.631,36.803],[8.637,36.885],[7.913,36.775],[7.792,36.832],[7.719,36.953],[7.545,37.042],[7.307,37.061],[7.063,36.882],[6.923,36.818],[6.771,36.862],[6.323,37.091],[6.047,36.842],[5.73,36.752],[5.383,36.675],[5.144,36.668],[4.777,36.743],[4.632,36.794],[4.395,36.838],[4.164,36.831],[3.741,36.837],[3.587,36.792],[3.324,36.651],[3.07,36.619],[2.81,36.714],[2.524,36.573],[2.294,36.541],[1.58,36.514],[1.058,36.462],[0.781,36.385],[0.474,36.225],[0.199,36.033],[0.015,35.804],[-0.092,35.74],[-0.283,35.758],[-0.429,35.86],[-0.917,35.668],[-1.147,35.629],[-1.329,35.489],[-1.495,35.234],[-1.738,35.119],[-2.035,35.055],[-2.193,35.054]]]}},{"type":"Feature","properties":{"NAME":"Tunis","ABBREVN":"Tunis","SUBJECTO":"Tunis","BORDERPRECISION":3,"PARTOF":"Tunis"},"geometry":{"type":"Polygon","coordinates":[[[7.572,34],[10.071,34],[10.019,34.081],[10.116,34.234],[10.574,34.648],[10.839,34.801],[11.083,35.145],[11.125,35.241],[10.989,35.622],[10.831,35.679],[10.603,35.889],[10.511,36.086],[10.509,36.214],[10.633,36.424],[10.92,36.654],[11.039,36.909],[11.024,37.068],[10.843,36.991],[10.581,36.793],[10.393,36.717],[10.272,36.755],[10.159,36.996],[10.133,37.105],[10.021,37.2],[9.732,37.282],[9.416,37.275],[9.15,37.173],[8.866,36.968],[8.637,36.885],[8.631,36.803],[8.324,36.521],[8.272,36.323],[8.277,35.679],[8.289,35.278],[8.313,35.011],[8.291,34.77],[8.218,34.585],[7.581,34.041],[7.572,34]]]}},{"type":"Feature","properties":{"NAME":"Morocco","ABBREVN":"Morocco","SUBJECTO":"Morocco","BORDERPRECISION":3,"PARTOF":"Morocco"},"geometry":{"type":"MultiPolygon","coordinates":[[[[-2.193,35.054],[-2.077,34.826],[-1.823,34.7],[-1.738,34.605],[-1.664,34.205],[-1.669,34],[-6.878,34],[-6.753,34.123],[-6.511,34.454],[-6.302,34.861],[-5.929,35.728],[-5.808,35.785],[-5.565,35.862],[-5.479,35.805],[-5.172,35.424],[-5.11,35.379],[-4.593,35.151],[-4.295,35.152],[-4.028,35.133],[-3.441,35.166],[-3.206,35.269],[-3.009,35.39],[-2.83,35.142],[-2.715,35.098],[-2.356,35.054],[-2.193,35.054]]]]}},{"type":"Feature","properties":{"NAME":"Parma","ABBREVN":"Parma","SUBJECTO":"Parma","BORDERPRECISION":3,"PARTOF":"Parma"},"geometry":{"type":"Polygon","coordinates":[[[9.131,44.789],[9.23,44.772],[9.297,44.54],[9.363,44.556],[9.396,44.44],[9.479,44.473],[9.572,44.437],[9.596,44.573],[9.745,44.606],[9.895,44.556],[9.978,44.407],[10.127,44.357],[10.193,44.49],[10.243,44.49],[10.36,44.689],[10.276,44.905],[10.393,45.026],[10.293,45.021],[9.662,45.22],[9.131,45.121],[9.131,44.789]]]}},{"type":"Feature","properties":{"NAME":"Papal States","ABBREVN":"Papal States","SUBJECTO":"Papal States","BORDERPRECISION":3,"PARTOF":"Papal States"},"geometry":{"type":"Polygon","coordinates":[[[11.14,44.34],[11.202,44.143],[11.323,44.158],[11.289,44.224],[11.455,44.274],[11.572,44.224],[11.555,44.191],[11.704,44.224],[11.688,44.257],[11.738,44.357],[11.804,44.34],[11.854,44.357],[11.904,44.324],[11.887,44.257],[11.937,44.091],[12.02,44.174],[12.086,44.174],[12.053,44.108],[12.037,43.925],[12.086,43.842],[12.169,43.892],[12.219,43.892],[12.12,43.743],[12.103,43.61],[12.12,43.477],[12.219,43.344],[12.302,43.344],[12.302,43.278],[12.219,43.228],[12.153,43.062],[12.169,42.912],[12.186,42.912],[12.153,42.696],[12.169,42.63],[12.053,42.53],[12.07,42.298],[12.003,42.248],[12.02,42.099],[11.963,42.005],[12.395,41.73],[12.642,41.531],[12.977,41.371],[13.271,41.314],[13.498,41.302],[13.761,41.207],[13.813,41.318],[13.979,41.335],[14.029,41.401],[13.963,41.468],[13.963,41.518],[13.929,41.634],[13.88,41.634],[13.88,41.667],[13.929,41.75],[13.863,41.783],[13.863,41.75],[13.647,41.8],[13.647,41.75],[13.597,41.8],[13.564,41.866],[13.631,41.933],[13.631,42.016],[13.581,42.049],[13.581,42.099],[13.415,42.198],[13.465,42.232],[13.415,42.364],[13.548,42.431],[13.631,42.53],[13.714,42.398],[13.763,42.464],[13.83,42.481],[13.83,42.564],[13.929,42.53],[13.996,42.613],[14.076,42.634],[13.915,42.873],[13.792,43.123],[13.732,43.374],[13.601,43.535],[12.697,43.935],[12.345,44.301],[12.281,44.55],[12.274,44.673],[12.378,44.732],[12.136,45.104],[12.037,45.137],[12.053,45.021],[11.97,45.038],[11.887,45.087],[11.771,45.071],[11.605,44.905],[11.24,45.071],[11.17,45.067],[11.339,44.855],[11.256,44.789],[11.173,44.606],[11.289,44.456],[11.289,44.373],[11.14,44.34]],[[12.404,43.949],[12.515,43.99],[12.506,43.958],[12.515,43.939],[12.493,43.917],[12.488,43.898],[12.478,43.897],[12.453,43.895],[12.443,43.906],[12.411,43.901],[12.408,43.921],[12.415,43.929],[12.404,43.949]]]}},{"type":"Feature","properties":{"NAME":"Pontremoli","ABBREVN":"Pontremoli","SUBJECTO":"Pontremoli","BORDERPRECISION":3,"PARTOF":"Pontremoli"},"geometry":{"type":"Polygon","coordinates":[[[9.572,44.437],[9.778,44.357],[9.828,44.29],[9.878,44.29],[9.892,44.343],[9.954,44.333],[9.978,44.407],[9.895,44.556],[9.745,44.606],[9.596,44.573],[9.572,44.437]]]}},{"type":"Feature","properties":{"NAME":"Fivizzano","ABBREVN":"Fivizzano","SUBJECTO":"Fivizzano","BORDERPRECISION":3,"PARTOF":"Fivizzano"},"geometry":{"type":"Polygon","coordinates":[[[10.037,44.292],[10.141,44.219],[10.172,44.312],[10.127,44.357],[10.056,44.38],[10.037,44.292]]]}},{"type":"Feature","properties":{"NAME":"Lucca","ABBREVN":"Lucca","SUBJECTO":"Lucca","BORDERPRECISION":3,"PARTOF":"Lucca"},"geometry":{"type":"Polygon","coordinates":[[[10.261,43.745],[10.292,43.705],[10.338,43.596],[10.503,43.609],[10.596,43.578],[10.751,43.63],[10.689,43.867],[10.73,43.981],[10.692,44.091],[10.592,44.141],[10.542,44.091],[10.509,44.091],[10.36,43.859],[10.326,43.892],[10.261,43.745]]]}},{"type":"Feature","properties":{"NAME":"Tuscany","ABBREVN":"Tuscany","SUBJECTO":"Tuscany","BORDERPRECISION":3,"PARTOF":"Tuscany"},"geometry":{"type":"Polygon","coordinates":[[[10.338,43.596],[10.488,43.236],[10.743,42.851],[11.105,42.549],[11.497,42.376],[11.96,42.007],[12.02,42.099],[12.003,42.248],[12.07,42.298],[12.053,42.53],[12.169,42.63],[12.153,42.696],[12.186,42.912],[12.169,42.912],[12.153,43.062],[12.219,43.228],[12.302,43.278],[12.302,43.344],[12.219,43.344],[12.12,43.477],[12.103,43.61],[12.12,43.743],[12.219,43.892],[12.169,43.892],[12.086,43.842],[12.037,43.925],[12.053,44.108],[12.086,44.174],[12.02,44.174],[11.937,44.091],[11.887,44.257],[11.904,44.324],[11.854,44.357],[11.804,44.34],[11.738,44.357],[11.688,44.257],[11.704,44.224],[11.555,44.191],[11.572,44.224],[11.455,44.274],[11.289,44.224],[11.323,44.158],[11.057,44.124],[11.057,44.158],[10.957,44.158],[10.824,44.207],[10.708,44.174],[10.692,44.091],[10.73,43.981],[10.689,43.867],[10.751,43.63],[10.596,43.578],[10.503,43.609],[10.338,43.596]]]}},{"type":"Feature","properties":{"NAME":"Modena","ABBREVN":"Modena","SUBJECTO":"Modena","BORDERPRECISION":3,"PARTOF":"Modena"},"geometry":{"type":"Polygon","coordinates":[[[9.825,44.153],[9.909,44.11],[10.155,43.881],[10.286,43.981],[10.41,43.937],[10.509,44.091],[10.542,44.091],[10.592,44.141],[10.692,44.091],[10.708,44.174],[10.824,44.207],[10.957,44.158],[11.057,44.158],[11.057,44.124],[11.202,44.143],[11.14,44.34],[11.289,44.373],[11.289,44.456],[11.173,44.606],[11.256,44.789],[11.339,44.855],[11.17,45.067],[10.393,45.026],[10.276,44.905],[10.36,44.689],[10.243,44.49],[10.193,44.49],[10.127,44.357],[10.172,44.312],[10.141,44.219],[10.037,44.292],[10.056,44.38],[9.978,44.407],[9.954,44.333],[9.892,44.343],[9.825,44.153]]]}},{"type":"Feature","properties":{"NAME":"Massa","ABBREVN":"Massa","SUBJECTO":"Massa","BORDERPRECISION":3,"PARTOF":"Massa"},"geometry":{"type":"Polygon","coordinates":[[[10.155,43.881],[10.261,43.745],[10.326,43.892],[10.36,43.859],[10.41,43.937],[10.286,43.981],[10.155,43.881]]]}},{"type":"Feature","properties":{"NAME":"Oldenburg","ABBREVN":"Oldenburg","SUBJECTO":"Oldenburg","BORDERPRECISION":3,"PARTOF":"Oldenburg"},"geometry":{"type":"Polygon","coordinates":[[[7.799,53.174],[7.817,53.175],[7.852,53.164],[7.876,53.133],[7.899,53.121],[8.062,53.053],[8.067,53.046],[8.141,53.024],[8.241,53.038],[8.327,52.981],[8.369,52.981],[8.327,53.053],[8.641,53.013],[8.66,53.027],[8.576,53.077],[8.558,53.158],[8.423,53.261],[8.434,53.333],[8.465,53.333],[8.475,53.375],[8.434,53.396],[8.454,53.416],[8.506,53.385],[8.537,53.478],[8.502,53.449],[8.306,53.525],[8.189,53.531],[8.261,53.439],[8.242,53.352],[8.175,53.322],[8.029,53.373],[8.099,53.444],[7.969,53.638],[7.875,53.634],[7.906,53.447],[7.875,53.437],[7.854,53.396],[7.896,53.385],[7.947,53.344],[7.947,53.282],[7.906,53.271],[7.865,53.271],[7.834,53.24],[7.834,53.209],[7.799,53.174]]]}},{"type":"Feature","properties":{"NAME":"Prussia","ABBREVN":"Prussia","SUBJECTO":"Prussia","BORDERPRECISION":3,"PARTOF":"Prussia"},"geometry":{"type":"Polygon","coordinates":[[[18.806,53.737],[18.927,53.495],[19.804,53.525],[20.011,53.044],[20.097,53.182],[20.477,53.131],[20.702,53.321],[21.117,53.269],[22.807,53.808],[22.74,53.95],[22.699,54.415],[22.67,54.494],[22.662,54.571],[22.724,54.733],[22.824,54.787],[22.794,54.902],[22.632,54.949],[22.584,55.009],[21.684,55.353],[21.276,55.861],[20.945,56.07],[20.996,56.024],[21.018,55.634],[21.216,55.344],[21.201,55.261],[21.143,55.256],[21.224,55.111],[21.113,55.089],[21.192,54.96],[21.137,54.845],[20.985,54.812],[19.943,54.85],[19.863,54.752],[19.833,54.531],[19.882,54.525],[19.938,54.608],[20.006,54.547],[20.194,54.575],[20.327,54.564],[20.189,54.522],[19.915,54.395],[20.046,54.19],[20.47,54.342],[21.014,54.1],[20.56,53.827],[20.409,53.434],[20.076,53.585],[19.925,53.918],[19.683,53.858],[19.57,54.255],[19.457,54.217],[19.328,54.161],[19.23,54.167],[19.232,54.222],[19.318,54.272],[19.758,54.459],[19.734,54.461],[19.255,54.277],[18.965,54.228],[18.987,53.858],[18.806,53.737]]]}},{"type":"Feature","properties":{"NAME":"Lombardy","ABBREVN":"Lombardy","SUBJECTO":"Lombardy","BORDERPRECISION":3,"PARTOF":"Lombardy"},"geometry":{"type":"Polygon","coordinates":[[[10.377,45.374],[10.393,45.026],[10.856,45.051],[10.824,45.353],[10.675,45.353],[10.377,45.374]]]}},{"type":"Feature","properties":{"NAME":"Brandenburg","ABBREVN":"Brandenburg","SUBJECTO":"Prussia","BORDERPRECISION":3,"PARTOF":"Brandenburg"},"geometry":{"type":"MultiPolygon","coordinates":[[[[5.948,51.722],[6.117,51.64],[6.154,51.521],[6.222,51.389],[6.331,51.385],[6.39,51.419],[6.392,51.422],[6.396,51.422],[6.44,51.448],[6.462,51.513],[6.455,51.53],[6.468,51.531],[6.475,51.552],[6.47,51.557],[6.48,51.568],[6.481,51.569],[6.47,51.578],[6.488,51.59],[6.498,51.613],[6.515,51.626],[6.535,51.633],[6.554,51.628],[6.555,51.621],[6.545,51.614],[6.547,51.598],[6.581,51.604],[6.621,51.55],[6.625,51.55],[6.63,51.541],[6.627,51.537],[6.627,51.417],[6.768,51.417],[6.721,51.51],[6.768,51.635],[6.647,51.741],[6.63,51.735],[6.629,51.745],[6.487,51.745],[6.381,51.82],[6.211,51.88],[6.133,51.838],[5.979,51.804],[5.948,51.722]]],[[[6.985,51.519],[7.002,51.432],[7.065,51.432],[7.299,50.839],[7.549,50.87],[7.768,50.839],[7.857,50.918],[7.845,50.931],[7.786,50.94],[7.791,50.954],[7.783,50.976],[7.749,50.978],[7.726,51],[7.734,51.026],[7.73,51.04],[7.702,51.063],[7.714,51.073],[7.787,51.08],[7.821,51.075],[7.826,51.107],[7.82,51.111],[7.825,51.117],[7.658,51.26],[7.696,51.413],[7.692,51.42],[7.677,51.425],[7.692,51.433],[7.702,51.456],[7.696,51.474],[7.712,51.473],[7.721,51.51],[7.83,51.476],[7.849,51.48],[7.854,51.487],[7.837,51.508],[7.838,51.531],[7.833,51.534],[7.84,51.553],[7.865,51.571],[7.913,51.578],[7.914,51.614],[7.927,51.628],[7.941,51.614],[7.941,51.588],[7.953,51.582],[7.963,51.585],[7.908,51.682],[7.819,51.687],[7.809,51.683],[7.749,51.679],[7.651,51.658],[7.643,51.649],[7.58,51.638],[7.559,51.618],[7.536,51.61],[7.51,51.62],[7.476,51.621],[7.444,51.65],[7.465,51.63],[7.459,51.614],[7.397,51.587],[7.372,51.591],[7.359,51.582],[7.344,51.593],[7.296,51.597],[7.216,51.561],[7.124,51.552],[7.022,51.521],[7.005,51.534],[6.985,51.519]]],[[[7.248,52.584],[7.261,52.554],[7.275,52.55],[7.267,52.537],[7.288,52.531],[7.295,52.52],[7.29,52.516],[7.302,52.512],[7.289,52.493],[7.301,52.471],[7.355,52.454],[7.351,52.449],[7.368,52.438],[7.371,52.422],[7.397,52.409],[7.392,52.402],[7.419,52.395],[7.434,52.362],[7.5,52.359],[7.387,52.604],[7.368,52.599],[7.248,52.584]]],[[[7.646,52.215],[7.654,52.205],[7.705,52.184],[7.697,52.256],[7.649,52.28],[7.65,52.273],[7.678,52.257],[7.672,52.239],[7.646,52.215]]],[[[8.076,52.011],[8.078,52.01],[8.095,51.998],[8.133,52.003],[8.152,52.014],[8.174,52.004],[8.252,52.01],[8.287,51.996],[8.314,51.968],[8.246,51.936],[8.198,51.95],[8.166,51.924],[8.173,51.919],[8.166,51.908],[8.142,51.9],[8.539,51.843],[8.599,51.853],[8.579,52.043],[8.769,52.063],[8.719,52.223],[8.871,52.457],[8.812,52.457],[8.656,52.34],[8.558,52.34],[8.5,52.457],[8.246,52.438],[8.187,52.379],[8.109,52.399],[8.199,52.113],[8.179,52.053],[8.094,52.053],[8.082,52.024],[8.076,52.011]]],[[[10.18,51.65],[10.203,51.644],[10.269,51.584],[10.284,51.577],[10.325,51.575],[10.352,51.612],[10.389,51.591],[10.427,51.612],[10.416,51.655],[10.454,51.677],[10.475,51.65],[10.518,51.677],[10.571,51.623],[10.529,51.602],[10.55,51.575],[10.598,51.564],[10.691,51.618],[10.832,51.611],[10.872,51.651],[10.892,51.638],[10.953,51.631],[10.973,51.584],[11.059,51.557],[11.126,51.58],[11.067,51.747],[11.167,51.803],[11.182,51.777],[11.256,51.796],[11.282,51.762],[11.39,51.77],[11.416,51.833],[11.498,51.829],[11.588,51.918],[11.677,51.918],[11.703,51.945],[11.688,51.952],[11.755,52.019],[11.751,52.033],[11.786,52.054],[11.788,52.06],[11.769,52.062],[11.77,52.074],[11.824,52.106],[11.826,52.108],[11.815,52.154],[11.94,52.138],[12.107,52.203],[12.139,52.187],[12.137,52.184],[12.183,52.168],[12.166,52.151],[12.142,52.159],[12.149,52.146],[12.118,52.129],[12.185,52.073],[12.363,52.063],[12.434,52.074],[12.426,52.079],[12.352,52.076],[12.294,52.091],[12.28,52.103],[12.273,52.123],[12.255,52.136],[12.229,52.14],[12.194,52.179],[12.214,52.199],[12.307,52.223],[12.31,52.225],[12.334,52.222],[12.257,52.233],[12.218,52.22],[12.158,52.219],[12.146,52.229],[12.147,52.249],[12.136,52.253],[12.134,52.265],[12.206,52.279],[12.244,52.266],[12.308,52.346],[12.342,52.337],[12.333,52.34],[12.341,52.344],[12.4,52.346],[12.418,52.359],[12.43,52.357],[12.424,52.351],[12.438,52.364],[12.453,52.363],[12.477,52.395],[12.458,52.399],[12.445,52.386],[12.406,52.401],[12.393,52.39],[12.389,52.435],[12.37,52.428],[12.363,52.443],[12.432,52.458],[12.454,52.494],[12.418,52.509],[12.408,52.502],[12.381,52.515],[12.35,52.51],[12.338,52.527],[12.308,52.531],[12.304,52.545],[12.325,52.552],[12.312,52.555],[12.313,52.562],[12.33,52.566],[12.322,52.58],[12.329,52.591],[12.319,52.595],[12.322,52.603],[12.314,52.614],[12.322,52.628],[12.318,52.641],[12.334,52.655],[12.297,52.672],[12.283,52.662],[12.268,52.669],[12.239,52.666],[12.227,52.684],[12.231,52.69],[12.222,52.688],[12.217,52.7],[12.224,52.702],[12.205,52.714],[12.21,52.718],[12.197,52.719],[12.206,52.727],[12.201,52.729],[12.222,52.74],[12.206,52.761],[12.222,52.779],[12.213,52.795],[12.166,52.804],[12.137,52.785],[12.109,52.783],[12.101,52.797],[12.076,52.803],[12.079,52.815],[12.023,52.812],[12.042,52.734],[12.015,52.682],[12.01,52.661],[12.016,52.625],[11.987,52.572],[11.977,52.534],[11.96,52.519],[11.982,52.498],[11.987,52.473],[12.002,52.461],[11.991,52.429],[11.968,52.405],[11.935,52.395],[11.864,52.412],[11.841,52.402],[11.835,52.389],[11.766,52.379],[11.772,52.4],[11.722,52.409],[11.696,52.401],[11.698,52.371],[11.67,52.351],[11.623,52.361],[11.626,52.375],[11.646,52.369],[11.672,52.382],[11.672,52.398],[11.637,52.404],[11.622,52.397],[11.619,52.379],[11.479,52.372],[11.445,52.388],[11.389,52.393],[11.392,52.398],[11.376,52.402],[11.376,52.409],[11.387,52.411],[11.382,52.431],[11.355,52.425],[11.328,52.443],[11.301,52.446],[11.287,52.438],[11.244,52.455],[11.238,52.453],[11.255,52.448],[11.259,52.437],[11.232,52.435],[11.241,52.417],[11.229,52.412],[11.231,52.403],[11.27,52.35],[11.302,52.328],[11.215,52.309],[11.202,52.362],[11.176,52.365],[11.179,52.384],[11.148,52.385],[11.146,52.419],[11.092,52.451],[11.051,52.508],[11.087,52.54],[11.091,52.56],[11.084,52.57],[11.059,52.568],[11.043,52.557],[11.033,52.545],[11.035,52.529],[11.022,52.517],[11.027,52.507],[11.009,52.497],[10.958,52.536],[10.937,52.569],[10.943,52.591],[10.976,52.607],[10.973,52.625],[10.92,52.61],[10.925,52.615],[10.833,52.701],[10.829,52.717],[10.798,52.713],[10.788,52.735],[10.792,52.748],[10.775,52.757],[10.755,52.786],[10.762,52.802],[10.761,52.806],[10.704,52.82],[10.687,52.77],[10.553,52.804],[10.528,52.737],[10.536,52.46],[10.57,52.46],[10.57,52.443],[10.528,52.443],[10.503,52.351],[10.553,52.293],[10.553,52.276],[10.578,52.243],[10.578,52.176],[10.553,52.167],[10.578,52.092],[10.843,51.884],[10.665,51.728],[10.654,51.76],[10.486,51.824],[10.453,51.857],[10.369,51.824],[10.377,51.799],[10.335,51.774],[10.327,51.799],[10.344,51.807],[10.319,51.832],[10.294,51.815],[10.26,51.857],[10.193,51.765],[10.211,51.663],[10.18,51.65]],[[11.132,52.287],[11.156,52.302],[11.171,52.294],[11.186,52.273],[11.258,52.245],[11.261,52.229],[11.284,52.229],[11.303,52.201],[11.219,52.185],[11.234,52.204],[11.207,52.23],[11.177,52.238],[11.167,52.257],[11.132,52.287]],[[11.286,52.361],[11.318,52.367],[11.331,52.363],[11.329,52.351],[11.31,52.353],[11.304,52.343],[11.286,52.361]],[[11.812,52.216],[11.825,52.229],[11.847,52.229],[11.87,52.249],[11.869,52.258],[11.916,52.28],[11.947,52.27],[11.971,52.247],[11.945,52.234],[11.951,52.217],[11.993,52.215],[11.993,52.199],[11.927,52.198],[11.928,52.182],[11.893,52.172],[11.858,52.182],[11.843,52.206],[11.812,52.216]],[[12.062,52.212],[12.07,52.23],[12.094,52.233],[12.121,52.226],[12.1,52.207],[12.062,52.212]]],[[[10.387,51.281],[10.427,51.236],[10.519,51.264],[10.515,51.361],[10.484,51.344],[10.501,51.338],[10.501,51.327],[10.481,51.324],[10.47,51.302],[10.428,51.302],[10.42,51.284],[10.39,51.285],[10.387,51.281]]],[[[10.427,51.462],[10.466,51.456],[10.473,51.435],[10.488,51.427],[10.505,51.399],[10.504,51.384],[10.514,51.375],[10.51,51.477],[10.465,51.485],[10.434,51.477],[10.427,51.462]]],[[[11.07,51.441],[11.087,51.407],[11.124,51.407],[11.123,51.408],[11.132,51.432],[11.128,51.452],[11.222,51.492],[11.179,51.499],[11.161,51.513],[11.3,51.541],[11.316,51.541],[11.355,51.521],[11.407,51.524],[11.426,51.518],[11.47,51.481],[11.474,51.467],[11.453,51.439],[11.496,51.419],[11.478,51.361],[11.421,51.335],[11.421,51.307],[11.538,51.307],[11.521,51.457],[11.442,51.613],[11.39,51.651],[11.245,51.658],[11.171,51.602],[11.178,51.546],[11.134,51.517],[11.07,51.441]]],[[[11.081,52.971],[11.158,52.906],[11.22,52.898],[11.239,52.879],[11.288,52.888],[11.295,52.875],[11.41,52.906],[11.47,52.939],[11.505,52.941],[11.493,52.96],[11.509,53.003],[11.526,53.008],[11.557,52.999],[11.569,53.04],[11.548,53.052],[11.505,53.049],[11.448,53.079],[11.338,53.056],[11.291,53.086],[11.219,53.039],[11.187,53.039],[11.081,52.971]]],[[[11.105,52.614],[11.142,52.592],[11.155,52.574],[11.179,52.582],[11.209,52.572],[11.228,52.544],[11.268,52.555],[11.285,52.568],[11.232,52.589],[11.227,52.604],[11.233,52.602],[11.234,52.611],[11.256,52.627],[11.236,52.631],[11.236,52.656],[11.229,52.664],[11.197,52.673],[11.185,52.651],[11.151,52.655],[11.105,52.614]]],[[[11.116,52.546],[11.16,52.525],[11.173,52.527],[11.174,52.546],[11.143,52.554],[11.116,52.546]]],[[[11.149,51.383],[11.199,51.283],[11.255,51.259],[11.287,51.357],[11.381,51.369],[11.381,51.372],[11.35,51.415],[11.338,51.422],[11.327,51.408],[11.298,51.398],[11.163,51.381],[11.149,51.383]]],[[[11.246,52.672],[11.25,52.656],[11.264,52.656],[11.26,52.65],[11.275,52.643],[11.285,52.647],[11.295,52.655],[11.291,52.669],[11.299,52.697],[11.29,52.699],[11.282,52.683],[11.246,52.672]]],[[[11.393,53.112],[11.394,53.112],[11.401,53.116],[11.393,53.112]]],[[[11.799,53.25],[11.801,53.249],[11.834,53.232],[11.807,53.25],[11.799,53.25]]],[[[12.5,52.984],[12.515,52.967],[12.516,52.967],[12.504,52.987],[12.5,52.984]]],[[[12.541,52.96],[12.56,52.972],[12.58,52.975],[12.563,52.974],[12.541,52.96]]],[[[12.699,52.163],[12.73,52.115],[12.734,52.095],[12.753,52.08],[12.846,52.072],[12.84,52.085],[12.829,52.081],[12.825,52.089],[12.779,52.099],[12.792,52.101],[12.798,52.118],[12.822,52.125],[12.832,52.14],[12.819,52.152],[12.826,52.158],[12.823,52.185],[12.855,52.188],[12.849,52.192],[12.855,52.205],[12.845,52.245],[12.839,52.248],[12.911,52.274],[12.897,52.297],[12.823,52.301],[12.788,52.289],[12.782,52.269],[12.808,52.265],[12.813,52.246],[12.836,52.247],[12.82,52.236],[12.827,52.229],[12.784,52.204],[12.709,52.221],[12.713,52.217],[12.719,52.201],[12.724,52.166],[12.699,52.163]]],[[[13.082,52.196],[13.115,52.193],[13.109,52.225],[13.095,52.217],[13.082,52.196]]],[[[13.387,52.052],[13.546,52.095],[13.541,52.097],[13.55,52.142],[13.532,52.143],[13.527,52.13],[13.493,52.109],[13.433,52.112],[13.389,52.095],[13.387,52.052]]],[[[13.72,52.094],[13.724,52.082],[13.767,52.071],[13.76,52.087],[13.736,52.099],[13.72,52.094]]],[[[14.196,53.145],[14.228,53.13],[14.264,53.121],[14.296,53.186],[14.325,53.155],[14.359,53.152],[14.371,53.136],[14.362,53.124],[14.364,53.113],[14.357,53.111],[14.367,53.11],[14.353,53.104],[14.358,53.102],[14.348,53.089],[14.354,53.079],[14.34,53.075],[14.347,53.065],[14.356,53.065],[14.371,53.039],[14.428,53.022],[14.427,52.998],[14.444,52.996],[14.44,52.991],[14.463,52.993],[14.521,52.963],[14.563,52.977],[14.647,52.981],[14.734,53.035],[14.816,53.018],[14.821,53.032],[14.81,53.033],[14.81,53.042],[14.855,53.071],[14.85,53.103],[14.887,53.119],[14.908,53.118],[14.922,53.097],[14.963,53.095],[14.969,53.087],[15.001,53.095],[15.008,53.113],[15.041,53.113],[15.05,53.094],[15.034,53.093],[15.031,53.08],[15.009,53.074],[15.025,53.053],[15.067,53.059],[15.082,53.04],[15.14,53.028],[15.158,53.06],[15.199,53.085],[15.219,53.076],[15.207,53.053],[15.205,53.03],[15.228,53.029],[15.247,52.995],[15.282,52.965],[15.375,52.977],[15.356,52.997],[15.395,53.001],[15.412,52.98],[15.443,52.99],[15.458,53.01],[15.429,53.033],[15.421,53.052],[15.391,53.067],[15.408,53.083],[15.398,53.091],[15.404,53.094],[15.341,53.118],[15.362,53.142],[15.379,53.202],[15.352,53.209],[15.362,53.241],[15.37,53.252],[15.458,53.233],[15.491,53.237],[15.546,53.27],[15.553,53.316],[15.509,53.355],[15.573,53.364],[15.573,53.38],[15.593,53.385],[15.594,53.397],[15.539,53.412],[15.544,53.405],[15.478,53.405],[15.461,53.419],[15.423,53.421],[15.383,53.414],[15.364,53.424],[15.385,53.444],[15.369,53.451],[15.377,53.46],[15.366,53.464],[15.365,53.484],[15.429,53.496],[15.424,53.509],[15.459,53.504],[15.517,53.513],[15.499,53.548],[15.543,53.559],[15.565,53.55],[15.546,53.542],[15.548,53.53],[15.577,53.517],[15.598,53.531],[15.722,53.493],[15.76,53.563],[15.78,53.566],[15.822,53.603],[15.774,53.615],[15.781,53.624],[15.772,53.627],[15.773,53.636],[15.798,53.643],[15.788,53.652],[15.79,53.66],[15.699,53.688],[15.627,53.749],[15.597,53.76],[15.562,53.8],[15.555,53.82],[15.562,53.835],[15.555,53.848],[15.537,53.857],[15.541,53.867],[15.531,53.872],[15.531,53.891],[15.572,53.887],[15.578,53.868],[15.671,53.88],[15.717,53.869],[15.732,53.877],[15.733,53.898],[15.768,53.899],[15.787,53.891],[15.803,53.896],[15.798,53.903],[15.815,53.908],[15.822,53.899],[15.839,53.901],[15.865,53.885],[15.86,53.873],[15.891,53.832],[15.83,53.817],[15.836,53.805],[15.867,53.8],[15.897,53.774],[15.888,53.767],[15.886,53.748],[15.897,53.735],[15.883,53.713],[15.903,53.693],[15.908,53.674],[15.934,53.672],[15.938,53.682],[15.964,53.685],[15.976,53.697],[15.963,53.714],[15.981,53.725],[16.025,53.722],[16.034,53.712],[16.027,53.662],[16.059,53.658],[16.064,53.646],[16.105,53.628],[16.1,53.608],[16.072,53.602],[16.082,53.59],[16.075,53.588],[16.075,53.576],[16.053,53.577],[16.057,53.566],[16.07,53.565],[16.073,53.554],[16.06,53.542],[16.121,53.552],[16.101,53.542],[16.133,53.532],[16.132,53.525],[16.167,53.519],[16.183,53.524],[16.198,53.519],[16.233,53.532],[16.254,53.515],[16.253,53.504],[16.278,53.492],[16.281,53.479],[16.317,53.478],[16.337,53.457],[16.383,53.496],[16.359,53.517],[16.416,53.525],[16.204,53.706],[16.658,53.858],[16.809,53.464],[16.809,53.858],[16.688,54.039],[16.99,54.19],[17.111,54.13],[17.747,54.433],[17.658,54.685],[16.976,54.549],[16.473,54.415],[16.115,54.2],[15.898,54.128],[15.312,54.071],[15.08,54.003],[14.886,53.98],[14.467,53.91],[14.483,53.819],[14.557,53.76],[14.565,53.694],[14.495,53.625],[14.537,53.538],[14.449,53.313],[14.196,53.145]],[[14.739,53.082],[14.741,53.111],[14.771,53.116],[14.791,53.096],[14.79,53.079],[14.748,53.068],[14.739,53.082]],[[15.18,53.129],[15.19,53.142],[15.217,53.147],[15.23,53.133],[15.214,53.117],[15.189,53.116],[15.18,53.129]]],[[[14.525,51.931],[14.545,51.921],[14.552,51.896],[14.563,51.893],[14.603,51.923],[14.552,51.938],[14.528,51.939],[14.531,51.951],[14.525,51.931]]],[[[15.224,52.439],[15.248,52.429],[15.231,52.416],[15.274,52.412],[15.317,52.43],[15.325,52.455],[15.348,52.442],[15.378,52.456],[15.395,52.455],[15.415,52.438],[15.416,52.41],[15.456,52.39],[15.436,52.376],[15.442,52.368],[15.455,52.368],[15.455,52.36],[15.497,52.361],[15.481,52.346],[15.412,52.355],[15.399,52.343],[15.378,52.348],[15.359,52.333],[15.398,52.315],[15.332,52.295],[15.304,52.258],[15.274,52.238],[15.286,52.214],[15.765,52.265],[15.76,52.571],[15.816,52.571],[15.844,52.71],[16.053,52.716],[16.199,53.32],[16.198,53.321],[16.199,53.321],[16.204,53.343],[16.209,53.347],[16.21,53.351],[16.217,53.354],[16.273,53.402],[16.217,53.396],[16.151,53.376],[16.08,53.376],[16.051,53.364],[16.043,53.392],[16.022,53.403],[15.956,53.365],[15.915,53.36],[15.917,53.327],[15.969,53.315],[15.97,53.299],[15.999,53.316],[16.023,53.312],[16.052,53.318],[16.046,53.311],[16.069,53.311],[16.064,53.295],[16.07,53.291],[16.142,53.286],[16.118,53.263],[16.061,53.245],[16.062,53.204],[16.048,53.189],[16.016,53.178],[16.03,53.164],[16.032,53.151],[16,53.135],[15.982,53.115],[15.981,53.097],[15.997,53.083],[15.985,53.064],[15.988,53.055],[15.972,53.057],[15.974,53.051],[15.952,53.034],[15.957,53.032],[15.95,52.999],[15.956,52.976],[15.946,52.972],[15.961,52.971],[15.961,52.956],[15.981,52.934],[15.973,52.93],[15.981,52.912],[15.969,52.898],[15.99,52.866],[15.966,52.854],[15.975,52.846],[15.952,52.833],[15.957,52.81],[15.934,52.8],[15.939,52.786],[15.925,52.784],[15.947,52.755],[15.945,52.729],[15.902,52.714],[15.795,52.709],[15.78,52.7],[15.739,52.713],[15.634,52.701],[15.604,52.714],[15.568,52.697],[15.514,52.696],[15.501,52.666],[15.507,52.652],[15.462,52.636],[15.439,52.636],[15.431,52.649],[15.418,52.646],[15.414,52.656],[15.398,52.658],[15.372,52.643],[15.348,52.604],[15.357,52.536],[15.276,52.53],[15.275,52.508],[15.291,52.497],[15.266,52.492],[15.266,52.485],[15.304,52.473],[15.299,52.462],[15.227,52.449],[15.224,52.439]]]]}},{"type":"Feature","properties":{"NAME":"Hanover","ABBREVN":"Hanover","SUBJECTO":"Hanover","BORDERPRECISION":3,"PARTOF":"Hanover"},"geometry":{"type":"MultiPolygon","coordinates":[[[[8.109,52.399],[8.187,52.379],[8.246,52.438],[8.5,52.457],[8.558,52.34],[8.656,52.34],[8.812,52.457],[8.871,52.457],[8.949,52.418],[9.007,52.438],[9.099,52.373],[9.068,52.223],[9.108,52.221],[9.1,52.211],[9.133,52.199],[9.141,52.216],[9.143,52.222],[9.128,52.234],[9.114,52.233],[9.106,52.249],[9.142,52.284],[9.186,52.289],[9.193,52.286],[9.185,52.269],[9.194,52.26],[9.238,52.265],[9.263,52.273],[9.263,52.283],[9.254,52.29],[9.28,52.289],[9.286,52.306],[9.28,52.313],[9.287,52.316],[9.285,52.331],[9.298,52.342],[9.29,52.381],[9.278,52.369],[9.224,52.39],[9.212,52.406],[9.314,52.418],[9.329,52.408],[9.355,52.409],[9.346,52.395],[9.36,52.391],[9.405,52.41],[9.427,52.388],[9.45,52.384],[9.45,52.368],[9.401,52.328],[9.414,52.293],[9.36,52.294],[9.344,52.275],[9.313,52.276],[9.311,52.254],[9.33,52.243],[9.314,52.219],[9.332,52.201],[9.367,52.19],[9.387,52.167],[9.364,52.154],[9.353,52.138],[9.325,52.142],[9.315,52.13],[9.286,52.135],[9.265,52.159],[9.255,52.145],[9.235,52.143],[9.222,52.123],[9.175,52.117],[9.165,52.101],[9.138,52.096],[9.133,52.098],[9.139,52.108],[9.159,52.12],[9.143,52.135],[9.091,52.136],[9.071,52.143],[9.071,52.149],[9.051,52.143],[9.049,52.133],[9.119,52.093],[9.159,51.943],[9.229,51.923],[9.219,52.053],[9.299,52.033],[9.319,51.983],[9.419,51.993],[9.409,52.223],[9.529,52.233],[9.619,52.313],[9.759,52.253],[9.899,52.253],[10.079,52.193],[10.553,52.167],[10.578,52.176],[10.578,52.243],[10.553,52.276],[10.553,52.293],[10.503,52.351],[10.528,52.443],[10.57,52.443],[10.57,52.46],[10.536,52.46],[10.528,52.737],[10.553,52.804],[10.687,52.77],[10.704,52.82],[10.761,52.806],[10.759,52.821],[10.772,52.834],[10.765,52.842],[10.864,52.855],[10.885,52.846],[10.895,52.856],[10.94,52.853],[10.968,52.879],[10.985,52.882],[10.989,52.9],[11.001,52.912],[11.092,52.913],[11.097,52.898],[11.111,52.896],[11.158,52.906],[11.081,52.971],[10.98,53.164],[10.98,53.197],[10.938,53.239],[10.888,53.222],[10.905,53.155],[10.846,53.197],[10.846,53.231],[10.754,53.289],[10.677,53.366],[10.663,53.364],[10.652,53.372],[10.608,53.37],[10.595,53.364],[10.599,53.378],[10.615,53.384],[10.62,53.423],[10.511,53.531],[10.53,53.57],[10.723,53.611],[10.662,53.685],[10.558,53.776],[10.584,53.853],[10.577,53.885],[10.357,53.76],[10.357,53.614],[10.125,53.593],[10.074,53.658],[9.943,53.6],[10.008,53.513],[10.074,53.513],[10.117,53.476],[10.052,53.484],[10.023,53.455],[9.752,53.503],[9.699,53.453],[9.679,53.383],[9.729,53.273],[9.839,53.223],[9.929,53.203],[9.939,53.183],[9.979,53.163],[9.969,53.063],[9.489,52.943],[9.429,52.803],[9.339,52.723],[9.249,52.783],[9.179,52.813],[9.049,52.843],[8.81,52.804],[8.802,52.795],[8.803,52.772],[8.738,52.789],[8.732,52.773],[8.699,52.786],[8.695,52.788],[8.693,52.785],[8.69,52.782],[8.7,52.781],[8.647,52.772],[8.627,52.781],[8.601,52.776],[8.565,52.794],[8.569,52.8],[8.561,52.798],[8.547,52.819],[8.543,52.831],[8.628,52.851],[8.667,52.819],[8.673,52.818],[8.67,52.836],[8.656,52.834],[8.631,52.858],[8.666,52.86],[8.665,52.867],[8.643,52.862],[8.638,52.871],[8.647,52.887],[8.662,52.888],[8.641,53.013],[8.327,53.053],[8.369,52.981],[8.327,52.981],[8.241,53.038],[8.141,53.024],[8.187,52.926],[8.19,52.888],[8.227,52.87],[8.333,52.883],[8.356,52.853],[8.406,52.848],[8.394,52.829],[8.471,52.823],[8.474,52.813],[8.464,52.799],[8.502,52.796],[8.502,52.76],[8.472,52.755],[8.466,52.734],[8.445,52.723],[8.41,52.723],[8.336,52.687],[8.31,52.687],[8.309,52.667],[8.294,52.651],[8.312,52.583],[8.323,52.573],[8.344,52.575],[8.339,52.564],[8.349,52.55],[8.344,52.542],[8.314,52.536],[8.303,52.5],[8.241,52.48],[8.17,52.481],[8.11,52.504],[8.109,52.504],[8.109,52.399]],[[8.503,52.533],[8.529,52.539],[8.544,52.576],[8.615,52.584],[8.627,52.546],[8.652,52.531],[8.517,52.483],[8.503,52.533]],[[8.749,52.536],[8.752,52.547],[8.776,52.554],[8.767,52.582],[8.79,52.609],[8.816,52.617],[8.866,52.608],[8.847,52.596],[8.898,52.568],[8.93,52.538],[8.914,52.493],[8.89,52.493],[8.891,52.468],[8.883,52.468],[8.82,52.52],[8.773,52.519],[8.749,52.536]],[[9.267,52.345],[9.269,52.365],[9.284,52.34],[9.267,52.345]],[[10.555,53.634],[10.575,53.638],[10.59,53.626],[10.581,53.619],[10.558,53.625],[10.555,53.634]],[[10.596,53.65],[10.608,53.668],[10.637,53.669],[10.655,53.627],[10.597,53.629],[10.596,53.65]]],[[[8.695,52.788],[8.703,52.795],[8.7,52.812],[8.701,52.795],[8.695,52.788]]],[[[9.351,51.598],[9.358,51.579],[9.374,51.591],[9.357,51.6],[9.351,51.598]]],[[[9.492,51.635],[9.508,51.627],[9.522,51.626],[9.543,51.638],[9.492,51.642],[9.492,51.635]]],[[[9.54,51.368],[9.568,51.34],[9.58,51.342],[9.605,51.325],[9.63,51.327],[9.657,51.312],[9.72,51.343],[9.703,51.365],[9.738,51.369],[9.782,51.39],[9.802,51.39],[9.801,51.395],[9.827,51.408],[9.84,51.401],[9.843,51.382],[9.86,51.373],[9.862,51.372],[9.862,51.373],[9.851,51.415],[9.882,51.406],[9.883,51.415],[9.907,51.422],[9.91,51.407],[9.924,51.399],[9.926,51.394],[9.977,51.401],[9.977,51.442],[10.026,51.46],[10.03,51.493],[10.064,51.528],[10.095,51.528],[10.087,51.497],[10.139,51.495],[10.154,51.485],[10.113,51.554],[10.143,51.576],[10.086,51.59],[10.1,51.599],[10.064,51.576],[10.035,51.578],[10.011,51.59],[9.987,51.587],[9.987,51.565],[9.95,51.583],[9.916,51.579],[9.91,51.596],[9.918,51.603],[9.934,51.605],[9.915,51.637],[9.905,51.616],[9.864,51.616],[9.854,51.554],[9.784,51.56],[9.725,51.623],[9.629,51.631],[9.639,51.608],[9.688,51.58],[9.681,51.567],[9.63,51.584],[9.625,51.574],[9.649,51.551],[9.625,51.548],[9.609,51.558],[9.621,51.534],[9.608,51.522],[9.588,51.523],[9.586,51.515],[9.618,51.482],[9.641,51.473],[9.643,51.466],[9.629,51.458],[9.629,51.442],[9.645,51.418],[9.628,51.404],[9.579,51.402],[9.561,51.384],[9.562,51.375],[9.547,51.379],[9.54,51.368]],[[9.697,51.395],[9.725,51.402],[9.725,51.395],[9.709,51.391],[9.697,51.395]]],[[[9.551,51.637],[9.574,51.626],[9.606,51.633],[9.551,51.637]]],[[[9.96,51.621],[10.004,51.613],[10.034,51.618],[10.038,51.626],[10.068,51.61],[10.073,51.602],[10.071,51.61],[10.125,51.628],[10.12,51.632],[10.08,51.626],[10.08,51.637],[10.028,51.647],[10.018,51.657],[9.987,51.657],[9.96,51.621]]],[[[14.227,53.91],[14.248,53.816],[14.334,53.83],[14.459,53.819],[14.473,53.877],[14.425,53.915],[14.227,53.91]]]]}},{"type":"Feature","properties":{"NAME":"Genoa","ABBREVN":"Genoa","SUBJECTO":"Genoa","BORDERPRECISION":3,"PARTOF":"Genoa"},"geometry":{"type":"Polygon","coordinates":[[[7.769,44.367],[7.962,44.222],[8.09,44.051],[8.186,44.126],[8.672,44.417],[8.897,44.437],[9.157,44.373],[9.692,44.22],[9.825,44.153],[9.878,44.29],[9.828,44.29],[9.778,44.357],[9.479,44.473],[9.396,44.44],[9.363,44.556],[9.297,44.54],[9.23,44.772],[8.764,44.864],[8.7,44.816],[8.556,44.864],[8.491,44.8],[8.395,44.8],[8.363,44.72],[8.251,44.736],[8.219,44.672],[7.914,44.415],[7.849,44.463],[7.769,44.367]]]}},{"type":"Feature","properties":{"NAME":null,"ABBREVN":null,"SUBJECTO":null,"BORDERPRECISION":3,"PARTOF":null},"geometry":{"type":"Polygon","coordinates":[[[7.467,43.92],[7.468,43.811],[7.553,43.867],[7.689,43.887],[7.98,43.965],[7.897,44.094],[7.689,44.238],[7.705,44.062],[7.673,43.981],[7.634,44.036],[7.467,43.92]]]}},{"type":"Feature","properties":{"NAME":"Sardinia","ABBREVN":"Sardinia","SUBJECTO":"Austrian Empire","BORDERPRECISION":3,"PARTOF":"Sardinia"},"geometry":{"type":"Polygon","coordinates":[[[8.159,40.785],[8.202,40.663],[8.428,40.465],[8.488,40.209],[8.508,39.946],[8.465,39.64],[8.374,39.308],[8.417,39.212],[8.582,39.066],[8.696,38.996],[8.82,38.977],[8.931,39.054],[8.999,39.175],[9.063,39.22],[9.296,39.233],[9.479,39.144],[9.648,39.457],[9.698,39.693],[9.631,40.096],[9.696,40.314],[9.788,40.442],[9.794,40.564],[9.591,40.903],[9.306,41.184],[8.918,40.94],[8.766,40.863],[8.241,40.855],[8.159,40.785]]]}},{"type":"Feature","properties":{"NAME":"Naples","ABBREVN":"Naples","SUBJECTO":"Austrian Empire","BORDERPRECISION":3,"PARTOF":"Naples"},"geometry":{"type":"Polygon","coordinates":[[[13.415,42.198],[13.581,42.099],[13.581,42.049],[13.631,42.016],[13.631,41.933],[13.564,41.866],[13.597,41.8],[13.647,41.75],[13.647,41.8],[13.863,41.75],[13.863,41.783],[13.929,41.75],[13.88,41.667],[13.88,41.634],[13.929,41.634],[13.963,41.518],[13.963,41.468],[14.029,41.401],[13.979,41.335],[13.813,41.318],[13.761,41.207],[13.797,41.193],[13.853,41.091],[13.942,40.998],[14.051,40.768],[14.24,40.853],[14.37,40.851],[14.495,40.73],[14.35,40.643],[14.334,40.594],[14.743,40.705],[14.951,40.551],[14.992,40.372],[14.899,40.241],[15.027,40.212],[15.432,39.989],[15.516,40.066],[15.666,40.092],[15.757,39.934],[15.825,39.661],[15.99,39.428],[16.083,39.012],[16.177,38.931],[16.212,38.778],[16.152,38.701],[15.99,38.735],[15.827,38.623],[15.933,38.54],[15.791,38.296],[15.627,38.233],[15.627,38.004],[15.71,37.941],[15.785,37.91],[16.053,37.931],[16.331,38.321],[16.572,38.457],[16.522,38.725],[16.613,38.827],[16.798,38.926],[17.095,38.915],[17.181,39.022],[17.121,39.086],[17.107,39.28],[17.149,39.422],[16.532,39.698],[16.535,39.832],[16.624,39.968],[16.604,40.09],[16.728,40.184],[16.844,40.363],[16.949,40.481],[17.084,40.525],[17.243,40.496],[17.204,40.398],[17.402,40.292],[17.619,40.288],[17.85,40.243],[17.968,40.167],[18.017,39.948],[18.16,39.873],[18.365,39.747],[18.523,40.094],[18.384,40.308],[18.06,40.514],[18.034,40.597],[17.319,40.929],[16.946,41.094],[16.42,41.279],[15.991,41.406],[15.873,41.502],[15.989,41.635],[16.198,41.746],[16.187,41.841],[16.013,41.904],[15.449,41.857],[14.922,41.972],[14.739,42.047],[14.72,42.142],[14.519,42.23],[14.405,42.353],[14.093,42.61],[14.076,42.634],[13.996,42.613],[13.929,42.53],[13.83,42.564],[13.83,42.481],[13.763,42.464],[13.714,42.398],[13.631,42.53],[13.548,42.431],[13.415,42.364],[13.465,42.232],[13.415,42.198]]]}},{"type":"Feature","properties":{"NAME":"Sicily","ABBREVN":"Sicily","SUBJECTO":"Savoy-Piedmont","BORDERPRECISION":3,"PARTOF":"Sicily"},"geometry":{"type":"Polygon","coordinates":[[[12.454,37.766],[12.532,37.639],[12.637,37.582],[13.012,37.525],[13.868,37.157],[14.216,37.049],[14.622,36.776],[14.942,36.739],[15.027,36.745],[15.221,37],[15.301,37.058],[15.116,37.287],[15.112,37.459],[15.181,37.682],[15.423,38.053],[15.473,38.11],[15.454,38.167],[15.387,38.206],[14.766,38.058],[14.134,37.973],[13.81,37.966],[13.628,38.03],[13.322,38.221],[13.066,38.067],[12.783,38.117],[12.664,38.072],[12.517,37.919],[12.454,37.766]]]}},{"type":"Feature","properties":{"NAME":"Lübeck","ABBREVN":"Lübeck","SUBJECTO":"Lübeck","BORDERPRECISION":3,"PARTOF":"Lübeck"},"geometry":{"type":"MultiPolygon","coordinates":[[[[8.779,54.132],[8.833,54.066],[8.946,54.015],[8.819,53.969],[8.857,53.867],[9.125,53.79],[9.484,53.538],[9.752,53.503],[9.79,53.593],[9.79,53.694],[9.943,53.6],[10.074,53.658],[10.125,53.593],[10.357,53.614],[10.357,53.76],[10.577,53.885],[10.584,53.853],[10.558,53.776],[10.662,53.685],[10.723,53.611],[10.53,53.57],[10.511,53.531],[10.62,53.423],[10.62,53.425],[10.635,53.456],[10.652,53.461],[10.686,53.456],[10.664,53.447],[10.68,53.442],[10.696,53.45],[10.702,53.478],[10.756,53.483],[10.776,53.495],[10.796,53.522],[10.792,53.527],[10.818,53.528],[10.832,53.543],[10.822,53.574],[10.862,53.565],[10.898,53.572],[10.953,53.567],[10.978,53.575],[11.003,53.629],[10.952,53.651],[10.955,53.659],[10.942,53.663],[10.935,53.688],[10.921,53.691],[10.946,53.686],[10.971,53.694],[10.974,53.706],[10.961,53.717],[10.957,53.731],[10.959,53.714],[10.949,53.708],[10.924,53.723],[10.925,53.73],[10.897,53.726],[10.889,53.72],[10.896,53.716],[10.892,53.704],[10.871,53.702],[10.849,53.685],[10.861,53.677],[10.856,53.671],[10.808,53.688],[10.806,53.702],[10.762,53.715],[10.76,53.765],[10.792,53.759],[10.8,53.786],[10.813,53.794],[10.811,53.804],[10.786,53.809],[10.787,53.799],[10.772,53.789],[10.765,53.823],[10.748,53.834],[10.749,53.852],[10.773,53.874],[10.802,53.877],[10.819,53.893],[10.831,53.894],[10.717,53.964],[11.016,54.097],[11.073,54.22],[11.039,54.313],[10.649,54.259],[10.446,54.292],[10.34,54.362],[10.213,54.372],[10.142,54.337],[9.885,54.254],[9.827,54.276],[9.739,54.276],[9.674,54.189],[9.449,54.189],[9.441,54.247],[9.296,54.247],[9.26,54.305],[9.216,54.29],[9.165,54.32],[9.136,54.298],[9.056,54.349],[8.962,54.276],[8.884,54.229],[8.853,54.168],[8.779,54.132]],[[10.746,53.609],[10.76,53.621],[10.748,53.631],[10.75,53.639],[10.768,53.645],[10.789,53.644],[10.8,53.631],[10.774,53.616],[10.779,53.612],[10.77,53.598],[10.75,53.599],[10.746,53.609]]],[[[10.677,53.366],[10.754,53.289],[10.846,53.231],[10.846,53.197],[10.905,53.155],[10.888,53.222],[10.938,53.239],[10.98,53.197],[10.98,53.164],[11.081,52.971],[11.187,53.039],[11.219,53.039],[11.291,53.086],[11.271,53.099],[11.269,53.122],[11.273,53.122],[11.255,53.127],[11.234,53.119],[11.219,53.125],[11.235,53.133],[11.212,53.123],[11.231,53.141],[11.182,53.138],[11.174,53.157],[11.19,53.166],[11.192,53.182],[11.09,53.214],[11.06,53.236],[11.03,53.277],[11.009,53.282],[10.999,53.321],[10.983,53.327],[10.988,53.333],[10.946,53.336],[10.924,53.348],[10.9,53.334],[10.881,53.335],[10.898,53.321],[10.893,53.308],[10.905,53.3],[10.891,53.289],[10.872,53.298],[10.868,53.309],[10.784,53.32],[10.762,53.329],[10.762,53.339],[10.744,53.355],[10.697,53.369],[10.677,53.366]]],[[[10.957,53.731],[10.983,53.727],[10.994,53.73],[10.957,53.731]]],[[[10.968,53.9],[10.969,53.893],[10.978,53.889],[10.98,53.892],[10.969,53.895],[10.969,53.897],[10.972,53.9],[10.968,53.9]]],[[[10.974,53.483],[10.986,53.48],[10.988,53.481],[10.974,53.483]]],[[[10.974,53.878],[11.035,53.875],[10.975,53.88],[10.974,53.878]]],[[[10.981,53.818],[10.983,53.817],[10.987,53.823],[10.981,53.818]]],[[[10.983,53.817],[11.003,53.807],[10.987,53.786],[10.988,53.784],[11.004,53.807],[11.002,53.808],[10.983,53.817]]],[[[10.992,53.828],[11.017,53.829],[11.019,53.84],[11.015,53.829],[10.997,53.833],[10.992,53.828]]],[[[10.994,53.48],[11.003,53.487],[11.007,53.489],[11.007,53.491],[10.994,53.48]]],[[[10.994,53.758],[11.022,53.749],[10.998,53.757],[10.996,53.763],[10.998,53.769],[10.994,53.758]]],[[[11.017,53.735],[11.019,53.735],[11.022,53.749],[11.017,53.735]]],[[[11.019,53.84],[11.053,53.835],[11.065,53.84],[11.019,53.84]]],[[[11.035,53.875],[11.065,53.864],[11.065,53.865],[11.035,53.875]]],[[[11.065,53.84],[11.066,53.84],[11.081,53.847],[11.077,53.849],[11.065,53.84]]],[[[11.388,53.853],[11.397,53.839],[11.414,53.845],[11.417,53.855],[11.396,53.857],[11.388,53.853]]],[[[11.418,53.87],[11.442,53.866],[11.449,53.862],[11.443,53.854],[11.46,53.87],[11.48,53.868],[11.479,53.85],[11.486,53.848],[11.519,53.864],[11.521,53.869],[11.507,53.883],[11.561,53.896],[11.601,53.895],[11.607,53.909],[11.598,53.917],[11.56,53.913],[11.548,53.897],[11.51,53.9],[11.502,53.908],[11.513,53.916],[11.47,53.926],[11.482,53.929],[11.481,53.941],[11.418,53.87]]],[[[11.438,53.156],[11.456,53.171],[11.446,53.17],[11.438,53.156]]],[[[11.516,53.18],[11.539,53.201],[11.59,53.217],[11.543,53.205],[11.516,53.18]]],[[[11.59,53.217],[11.627,53.241],[11.696,53.244],[11.626,53.241],[11.59,53.217]]],[[[11.616,53.851],[11.621,53.837],[11.648,53.838],[11.674,53.812],[11.702,53.813],[11.707,53.833],[11.732,53.836],[11.773,53.858],[11.779,53.863],[11.761,53.873],[11.798,53.891],[11.795,53.905],[11.755,53.914],[11.758,53.924],[11.727,53.928],[11.744,53.943],[11.71,53.939],[11.712,53.946],[11.7,53.949],[11.687,53.934],[11.663,53.952],[11.642,53.95],[11.659,53.931],[11.632,53.912],[11.636,53.903],[11.653,53.898],[11.645,53.896],[11.651,53.886],[11.643,53.875],[11.646,53.862],[11.616,53.851]]],[[[11.696,53.244],[11.707,53.234],[11.719,53.233],[11.696,53.244]]],[[[11.951,53.273],[11.952,53.274],[11.954,53.274],[11.974,53.298],[11.951,53.273]]],[[[11.977,53.307],[11.987,53.298],[11.991,53.298],[11.978,53.309],[11.977,53.307]]],[[[11.984,53.351],[11.986,53.344],[11.987,53.344],[11.986,53.345],[11.984,53.351]]],[[[12.003,53.338],[12.004,53.334],[12.014,53.333],[12.014,53.334],[12.003,53.338]]],[[[12.014,53.39],[12.021,53.394],[12.02,53.394],[12.014,53.39]]],[[[12.034,53.392],[12.077,53.369],[12.049,53.389],[12.034,53.392]]],[[[12.082,53.346],[12.109,53.344],[12.108,53.347],[12.135,53.349],[12.082,53.346]]],[[[12.222,53.357],[12.235,53.345],[12.23,53.358],[12.222,53.357]]],[[[12.3,53.327],[12.395,53.301],[12.311,53.327],[12.3,53.327]]],[[[12.427,53.275],[12.435,53.257],[12.444,53.253],[12.446,53.251],[12.427,53.275]]],[[[12.446,53.251],[12.45,53.251],[12.529,53.265],[12.446,53.251]]],[[[12.529,53.265],[12.601,53.245],[12.602,53.245],[12.606,53.244],[12.529,53.265]]],[[[12.54,53.053],[12.541,53.052],[12.55,53.047],[12.54,53.053]]],[[[12.553,53.064],[12.555,53.066],[12.563,53.097],[12.562,53.097],[12.553,53.064]]],[[[12.568,53.098],[12.603,53.09],[12.574,53.099],[12.568,53.098]]],[[[12.595,53.029],[12.608,53.027],[12.596,53.031],[12.595,53.029]]],[[[12.603,53.09],[12.627,53.067],[12.626,53.068],[12.627,53.07],[12.603,53.09]]],[[[12.62,52.979],[12.632,52.98],[12.646,52.995],[12.655,53.001],[12.62,52.979]]],[[[12.624,53.013],[12.652,53.002],[12.653,53.003],[12.631,53.015],[12.624,53.013]]],[[[12.664,53.235],[12.669,53.233],[12.671,53.23],[12.682,53.229],[12.664,53.235]]],[[[12.664,53.235],[12.68,53.238],[12.678,53.249],[12.689,53.254],[12.675,53.248],[12.692,53.27],[12.687,53.264],[12.669,53.249],[12.673,53.246],[12.665,53.239],[12.667,53.236],[12.664,53.235]]],[[[12.687,53.289],[12.694,53.28],[12.689,53.273],[12.695,53.281],[12.688,53.3],[12.687,53.289]]],[[[12.688,53.227],[12.691,53.228],[12.695,53.228],[12.691,53.226],[12.738,53.246],[12.735,53.245],[12.733,53.246],[12.688,53.227]]],[[[12.689,53.316],[12.703,53.323],[12.701,53.324],[12.689,53.316]]],[[[12.691,53.272],[12.699,53.274],[12.693,53.274],[12.691,53.272]]],[[[12.692,53.27],[12.702,53.268],[12.703,53.27],[12.696,53.271],[12.694,53.27],[12.692,53.27]]],[[[12.699,53.278],[12.712,53.277],[12.717,53.279],[12.699,53.278]]],[[[12.699,53.278],[12.702,53.289],[12.717,53.29],[12.701,53.289],[12.699,53.278]]],[[[12.711,53.32],[12.721,53.339],[12.717,53.339],[12.711,53.32]]],[[[12.714,53.226],[12.756,53.222],[12.756,53.22],[12.757,53.224],[12.742,53.238],[12.738,53.246],[12.747,53.226],[12.714,53.226]]],[[[12.717,53.29],[12.72,53.295],[12.722,53.296],[12.728,53.31],[12.717,53.29]]],[[[12.735,54.062],[12.744,54.055],[12.743,54.033],[12.834,53.994],[12.86,53.975],[12.869,53.973],[12.9,54.025],[12.742,54.077],[12.743,54.068],[12.735,54.062]]],[[[12.739,53.2],[12.751,53.207],[12.754,53.216],[12.745,53.204],[12.739,53.2]]],[[[12.753,53.258],[12.754,53.257],[12.754,53.26],[12.753,53.258]]],[[[12.755,53.27],[12.762,53.275],[12.76,53.274],[12.759,53.273],[12.755,53.27]]],[[[12.763,53.243],[12.766,53.242],[12.767,53.241],[12.801,53.231],[12.801,53.235],[12.763,53.243]]],[[[12.765,53.287],[12.774,53.282],[12.771,53.28],[12.776,53.283],[12.765,53.303],[12.767,53.299],[12.765,53.287]]],[[[12.774,53.699],[12.794,53.692],[12.789,53.679],[12.805,53.671],[12.807,53.659],[12.792,53.655],[12.79,53.647],[12.806,53.642],[12.81,53.618],[12.841,53.61],[12.864,53.62],[12.876,53.659],[12.835,53.676],[12.824,53.693],[12.774,53.701],[12.774,53.699]]],[[[12.78,53.765],[12.792,53.766],[12.8,53.753],[12.821,53.788],[12.801,53.774],[12.78,53.765]]],[[[12.798,53.209],[12.836,53.205],[12.844,53.211],[12.8,53.211],[12.801,53.225],[12.8,53.217],[12.798,53.209]]],[[[12.813,53.329],[12.814,53.329],[12.832,53.353],[12.824,53.351],[12.813,53.329]]],[[[12.832,53.353],[12.835,53.357],[12.832,53.366],[12.832,53.353]]],[[[12.832,53.381],[12.844,53.39],[12.832,53.386],[12.832,53.381]]],[[[12.855,53.197],[12.856,53.196],[12.858,53.198],[12.855,53.197]]],[[[12.871,53.211],[12.88,53.21],[12.878,53.213],[12.876,53.211],[12.871,53.211]]],[[[12.88,53.229],[12.883,53.228],[12.887,53.229],[12.881,53.231],[12.88,53.229]]],[[[12.884,53.235],[12.901,53.251],[12.886,53.24],[12.884,53.235]]],[[[12.901,53.251],[12.911,53.234],[12.912,53.235],[12.901,53.251]]],[[[12.904,53.224],[12.911,53.221],[12.912,53.222],[12.906,53.226],[12.904,53.224]]],[[[12.917,53.194],[12.925,53.191],[12.929,53.194],[12.923,53.196],[12.917,53.194]]],[[[12.944,53.172],[12.965,53.176],[12.964,53.178],[12.967,53.18],[12.961,53.178],[12.952,53.176],[12.944,53.172]]],[[[12.945,53.394],[12.974,53.37],[12.975,53.373],[12.972,53.372],[12.945,53.394]]],[[[12.965,53.176],[12.968,53.166],[12.97,53.166],[12.965,53.176]]],[[[12.97,53.165],[12.972,53.165],[12.98,53.163],[12.991,53.166],[13.005,53.167],[12.97,53.165]]],[[[12.97,53.198],[12.976,53.194],[12.974,53.19],[12.979,53.199],[12.97,53.198]]],[[[12.971,53.22],[12.998,53.228],[12.974,53.222],[12.971,53.22]]],[[[12.977,53.381],[12.999,53.391],[12.997,53.401],[12.994,53.389],[12.977,53.381]]],[[[12.983,53.194],[12.986,53.19],[12.988,53.191],[12.985,53.198],[12.983,53.194]]],[[[12.985,53.198],[12.993,53.202],[12.99,53.206],[12.988,53.204],[12.985,53.198]]],[[[12.986,53.254],[12.994,53.249],[12.996,53.251],[12.986,53.255],[12.986,53.254]]],[[[12.99,53.262],[12.993,53.268],[13.006,53.264],[12.993,53.269],[12.99,53.262]]],[[[12.998,53.228],[13.023,53.216],[13.023,53.218],[13.021,53.217],[12.998,53.228]]],[[[13.011,53.172],[13.02,53.175],[13.022,53.181],[13.011,53.172]]],[[[13.023,53.224],[13.035,53.225],[13.049,53.24],[13.026,53.246],[13.024,53.244],[13.046,53.237],[13.044,53.235],[13.031,53.225],[13.023,53.224]]],[[[13.024,53.184],[13.025,53.184],[13.044,53.168],[13.055,53.158],[13.026,53.185],[13.024,53.184]]],[[[13.026,53.246],[13.048,53.241],[13.053,53.245],[13.049,53.247],[13.028,53.247],[13.026,53.246]]],[[[13.035,53.192],[13.072,53.2],[13.077,53.192],[13.071,53.202],[13.035,53.192]]],[[[13.047,53.248],[13.081,53.249],[13.08,53.251],[13.076,53.249],[13.047,53.248]]],[[[13.055,53.158],[13.056,53.158],[13.058,53.157],[13.076,53.162],[13.055,53.158]]],[[[13.058,53.18],[13.059,53.18],[13.064,53.183],[13.058,53.18]]],[[[13.061,53.403],[13.063,53.403],[13.098,53.416],[13.061,53.403]]],[[[13.069,53.669],[13.091,53.659],[13.09,53.639],[13.106,53.64],[13.121,53.63],[13.123,53.631],[13.175,53.669],[13.143,53.782],[13.078,53.758],[13.085,53.76],[13.099,53.742],[13.117,53.735],[13.116,53.714],[13.122,53.712],[13.111,53.694],[13.085,53.696],[13.073,53.685],[13.083,53.675],[13.069,53.669]]],[[[13.074,53.261],[13.08,53.261],[13.098,53.262],[13.093,53.258],[13.114,53.263],[13.074,53.261]]],[[[13.074,53.426],[13.082,53.431],[13.085,53.432],[13.084,53.425],[13.086,53.434],[13.074,53.426]]],[[[13.087,53.422],[13.099,53.428],[13.088,53.426],[13.087,53.422]]],[[[13.088,53.561],[13.097,53.57],[13.093,53.577],[13.094,53.575],[13.091,53.574],[13.088,53.561]]],[[[13.09,53.164],[13.097,53.162],[13.099,53.151],[13.129,53.14],[13.129,53.139],[13.13,53.142],[13.102,53.151],[13.097,53.165],[13.09,53.164]]],[[[13.104,53.113],[13.106,53.099],[13.11,53.098],[13.104,53.113]]],[[[13.106,53.213],[13.12,53.203],[13.119,53.204],[13.106,53.215],[13.106,53.213]]],[[[13.107,53.236],[13.133,53.239],[13.14,53.243],[13.155,53.246],[13.107,53.237],[13.107,53.236]]],[[[13.111,53.476],[13.116,53.477],[13.115,53.477],[13.114,53.478],[13.111,53.476]]],[[[13.113,53.186],[13.149,53.19],[13.119,53.187],[13.116,53.192],[13.12,53.203],[13.113,53.186]]],[[[13.116,53.476],[13.117,53.472],[13.124,53.48],[13.122,53.478],[13.121,53.478],[13.121,53.477],[13.118,53.474],[13.116,53.476]]],[[[13.118,53.126],[13.122,53.125],[13.126,53.134],[13.118,53.126]]],[[[13.127,53.477],[13.141,53.461],[13.129,53.477],[13.127,53.477]]],[[[13.131,53.094],[13.146,53.101],[13.16,53.082],[13.146,53.102],[13.131,53.094]]],[[[13.146,53.548],[13.164,53.521],[13.167,53.509],[13.162,53.53],[13.146,53.548]]],[[[13.16,53.468],[13.164,53.487],[13.161,53.486],[13.16,53.468]]],[[[13.164,53.489],[13.184,53.496],[13.167,53.509],[13.177,53.501],[13.181,53.495],[13.164,53.489]]],[[[13.164,53.597],[13.183,53.569],[13.165,53.598],[13.164,53.597]]],[[[13.165,53.6],[13.229,53.595],[13.181,53.604],[13.17,53.6],[13.165,53.6]]],[[[13.175,53.25],[13.182,53.249],[13.203,53.221],[13.181,53.251],[13.175,53.25]]],[[[13.194,53.155],[13.196,53.132],[13.227,53.111],[13.282,53.138],[13.235,53.115],[13.205,53.126],[13.198,53.131],[13.196,53.137],[13.194,53.155]]],[[[13.198,53.078],[13.204,53.077],[13.213,53.063],[13.203,53.079],[13.198,53.078]]],[[[13.229,53.595],[13.232,53.596],[13.249,53.604],[13.248,53.608],[13.231,53.597],[13.229,53.595]]],[[[13.23,53.249],[13.251,53.247],[13.242,53.255],[13.23,53.249]]],[[[13.232,53.254],[13.243,53.262],[13.276,53.265],[13.242,53.262],[13.232,53.254]]],[[[13.234,53.056],[13.253,53.053],[13.283,53.059],[13.234,53.056]]],[[[13.282,53.138],[13.311,53.121],[13.31,53.122],[13.283,53.138],[13.282,53.138]]],[[[13.313,53.118],[13.323,53.101],[13.326,53.1],[13.313,53.118]]],[[[13.329,53.068],[13.35,53.071],[13.358,53.077],[13.329,53.068]]],[[[13.354,53.091],[13.365,53.08],[13.367,53.082],[13.363,53.088],[13.354,53.091]]],[[[13.356,53.277],[13.362,53.276],[13.385,53.245],[13.361,53.278],[13.356,53.277]]],[[[13.387,53.245],[13.389,53.243],[13.391,53.245],[13.387,53.245]]],[[[13.403,53.246],[13.407,53.259],[13.436,53.285],[13.432,53.285],[13.408,53.263],[13.403,53.246]]],[[[13.435,53.295],[13.438,53.291],[13.437,53.298],[13.435,53.295]]],[[[13.438,53.299],[13.457,53.298],[13.439,53.3],[13.438,53.299]]],[[[13.502,53.324],[13.507,53.316],[13.503,53.323],[13.503,53.324],[13.502,53.324]]],[[[13.504,53.324],[13.506,53.323],[13.511,53.318],[13.524,53.32],[13.504,53.324]]],[[[13.516,53.352],[13.526,53.348],[13.524,53.349],[13.525,53.351],[13.516,53.352]]],[[[13.55,53.4],[13.556,53.377],[13.556,53.393],[13.552,53.394],[13.55,53.4]]],[[[13.67,53.509],[13.694,53.509],[13.67,53.511],[13.67,53.509]]],[[[13.671,53.513],[13.679,53.52],[13.681,53.521],[13.672,53.517],[13.671,53.513]]],[[[13.678,53.532],[13.681,53.521],[13.681,53.522],[13.683,53.524],[13.68,53.532],[13.721,53.541],[13.678,53.532]]],[[[13.687,53.491],[13.707,53.476],[13.705,53.478],[13.708,53.479],[13.687,53.491]]],[[[13.719,53.561],[13.721,53.541],[13.721,53.542],[13.725,53.543],[13.719,53.561]]],[[[13.726,53.572],[13.758,53.588],[13.759,53.589],[13.766,53.593],[13.726,53.572]]],[[[13.763,53.618],[13.77,53.607],[13.769,53.604],[13.771,53.607],[13.776,53.597],[13.804,53.595],[13.806,53.604],[13.763,53.618]]]]}},{"type":"Feature","properties":{"NAME":"Montenegro","ABBREVN":"Montenegro","SUBJECTO":"Montenegro","BORDERPRECISION":3,"PARTOF":"Montenegro"},"geometry":{"type":"Polygon","coordinates":[[[18.525,42.356],[18.529,42.353],[18.91,42.218],[19.242,42.32],[19.242,42.665],[19.442,42.579],[19.816,42.866],[19.586,43.066],[19.414,42.923],[19.414,43.009],[19.184,43.153],[19.012,43.066],[19.127,42.894],[19.041,42.837],[18.869,42.923],[18.668,42.837],[18.543,42.401],[18.551,42.388],[18.546,42.357],[18.53,42.356],[18.525,42.356]]]}},{"type":"Feature","properties":{"NAME":"Polish–Lithuanian Commonwealth","ABBREVN":"Polish–Lithuanian Commonwealth","SUBJECTO":"Polish–Lithuanian Commonwealth","BORDERPRECISION":3,"PARTOF":"Polish–Lithuanian Commonwealth"},"geometry":{"type":"MultiPolygon","coordinates":[[[[15.76,52.571],[15.765,52.265],[16.095,52.124],[16.506,52.004],[16.506,52.178],[16.855,51.917],[16.855,51.655],[17.204,51.611],[17.291,51.786],[17.553,51.655],[17.64,51.437],[18.14,50.988],[18.646,50.645],[18.769,50.177],[18.796,49.713],[18.896,49.713],[18.927,49.622],[19.108,49.592],[19.138,49.713],[19.381,49.803],[19.562,49.713],[19.562,49.531],[19.713,49.531],[19.895,49.471],[20.016,49.803],[20.349,49.743],[20.53,49.803],[20.681,49.652],[20.893,49.743],[20.803,49.834],[20.893,49.834],[20.984,49.743],[21.135,49.834],[21.287,49.773],[21.317,49.864],[21.771,49.743],[21.771,49.592],[23.889,49.259],[24.161,48.987],[24.342,48.351],[24.736,48.23],[24.887,47.897],[24.796,47.807],[25.246,47.686],[25.381,47.855],[25.786,47.956],[26.123,47.855],[26.123,48.125],[26.36,48.125],[26.163,48.941],[27.108,48.644],[27.108,48.833],[27.486,48.671],[27.486,48.752],[27.648,48.752],[27.706,48.44],[27.82,48.394],[27.882,48.338],[27.944,48.315],[28.013,48.309],[28.058,48.281],[28.115,48.218],[28.16,48.224],[28.217,48.213],[28.296,48.23],[28.347,48.23],[28.359,48.201],[28.302,48.133],[28.347,48.15],[28.387,48.139],[28.387,48.105],[28.415,48.082],[28.427,48.097],[28.908,47.818],[29.116,47.283],[29.427,46.816],[29.778,46.795],[29.865,47.62],[30.95,47.62],[31.08,47.793],[31.08,48.184],[31.167,48.27],[31.167,48.618],[32.381,48.487],[33.553,48.878],[31.514,49.702],[31.514,49.962],[30.516,49.962],[30.472,50.093],[30.342,51.394],[30.559,51.828],[31.383,52.001],[31.297,52.956],[31.383,53.26],[32.468,53.086],[32.208,54.431],[31.557,54.301],[31.427,54.908],[31.731,54.952],[31.514,55.559],[31.253,55.602],[31.21,55.732],[31.861,55.993],[32.078,56.774],[31.557,57.034],[31.167,56.73],[30.386,57.294],[30.472,57.771],[29.995,58.205],[29.518,58.075],[28.091,56.748],[25.856,56.557],[25.675,56.629],[24.027,56.542],[23.625,56.877],[23.414,56.892],[23.215,56.981],[23.175,57.048],[23.071,57.261],[22.881,57.334],[22.585,57.509],[22.564,57.616],[22.433,57.616],[22.285,57.565],[21.81,57.475],[21.677,57.464],[21.46,57.25],[21.34,57.177],[21.324,56.854],[21.022,56.684],[20.965,56.609],[20.916,56.097],[20.945,56.07],[21.276,55.861],[21.684,55.353],[22.584,55.009],[22.632,54.949],[22.794,54.902],[22.824,54.787],[22.724,54.733],[22.662,54.571],[22.67,54.494],[22.699,54.415],[22.74,53.95],[22.807,53.808],[21.117,53.269],[20.702,53.321],[20.477,53.131],[20.097,53.182],[20.011,53.044],[19.804,53.525],[18.927,53.495],[18.806,53.737],[18.987,53.858],[18.965,54.228],[18.673,54.255],[18.513,54.316],[18.454,54.525],[18.338,54.603],[18.363,54.669],[18.76,54.536],[18.279,54.724],[17.658,54.685],[17.747,54.433],[17.111,54.13],[16.99,54.19],[16.688,54.039],[16.809,53.858],[16.809,53.464],[16.658,53.858],[16.204,53.706],[16.416,53.525],[16.469,53.532],[16.503,53.545],[16.473,53.518],[16.496,53.491],[16.49,53.48],[16.471,53.483],[16.396,53.469],[16.384,53.495],[16.383,53.496],[16.337,53.457],[16.366,53.426],[16.319,53.407],[16.273,53.402],[16.217,53.354],[16.231,53.36],[16.252,53.359],[16.275,53.353],[16.275,53.342],[16.285,53.339],[16.3,53.319],[16.254,53.324],[16.276,53.294],[16.262,53.294],[16.253,53.278],[16.249,53.285],[16.213,53.291],[16.219,53.301],[16.199,53.32],[16.053,52.716],[15.844,52.71],[15.816,52.571],[15.76,52.571]]],[[[16.199,53.321],[16.221,53.333],[16.207,53.341],[16.209,53.347],[16.204,53.343],[16.199,53.321]]]]}},{"type":"Feature","properties":{"NAME":"Safavid Empire","ABBREVN":"Safavid Empi","SUBJECTO":"Safavid Empire","BORDERPRECISION":3,"PARTOF":"Safavid Empire"},"geometry":{"type":"MultiPolygon","coordinates":[[[[60,34],[45.523,34],[45.565,34.274],[45.671,34.617],[46.184,35.058],[45.995,35.401],[46.001,35.515],[46.211,35.784],[45.73,35.832],[45.388,35.926],[45.359,36.015],[45.105,36.503],[44.795,37.132],[44.784,37.27],[44.66,37.286],[44.471,37.455],[44.427,37.644],[44.492,37.754],[44.301,37.804],[44.205,37.867],[44.361,38.166],[44.464,38.292],[44.447,38.385],[44.318,38.476],[44.269,38.429],[44.229,38.482],[44.128,38.703],[44.183,38.872],[44.065,39.173],[44.082,39.295],[44.345,39.414],[44.349,39.609],[44.453,39.673],[44.637,39.662],[44.67,39.757],[44.448,39.96],[43.812,40.014],[43.685,40.109],[43.67,40.295],[43.859,40.66],[43.847,40.75],[43.475,41.087],[42.878,41.546],[43.957,42.591],[44.053,42.559],[44.17,42.612],[44.297,42.612],[44.414,42.729],[44.51,42.761],[44.669,42.761],[44.786,42.729],[44.872,42.666],[44.935,42.74],[44.978,42.772],[45.031,42.772],[45.138,42.719],[45.201,42.676],[45.297,42.676],[45.382,42.623],[45.478,42.549],[45.648,42.549],[45.808,42.538],[45.861,42.474],[45.808,42.389],[45.754,42.251],[45.914,42.123],[46.042,42.049],[46.159,42.006],[46.286,41.985],[46.393,41.995],[46.499,41.964],[46.556,41.878],[46.659,41.889],[46.669,41.815],[46.765,41.836],[46.85,41.836],[46.914,41.751],[47.127,41.623],[47.169,41.57],[47.222,41.57],[47.35,41.442],[47.35,41.304],[47.616,41.261],[47.818,41.198],[47.988,41.219],[48.063,41.315],[48.201,41.464],[48.224,41.471],[47.249,42.785],[47.195,43.376],[47.493,43.583],[47.52,43.511],[47.565,43.601],[47.61,43.754],[47.664,43.853],[47.736,43.862],[47.673,43.664],[47.574,43.502],[47.601,43.322],[47.655,43.277],[47.583,43.188],[47.565,43.008],[47.736,42.9],[47.79,42.855],[47.844,42.621],[47.97,42.594],[48.132,42.405],[48.222,42.279],[48.42,42.091],[48.5,41.929],[48.662,41.902],[48.683,41.836],[48.892,41.687],[48.999,41.517],[49.116,41.432],[49.244,41.293],[49.286,41.059],[49.35,40.953],[49.478,40.836],[49.605,40.762],[49.605,40.687],[49.807,40.581],[50.02,40.602],[50.19,40.57],[50.318,40.496],[50.424,40.411],[50.467,40.325],[50.467,40.262],[50.307,40.325],[50.126,40.347],[50.031,40.347],[49.914,40.325],[49.85,40.272],[49.669,40.24],[49.573,40.176],[49.552,40.091],[49.541,39.879],[49.446,39.655],[49.403,39.485],[49.499,39.379],[49.488,39.294],[49.382,39.326],[49.339,39.283],[49.275,39.017],[49.222,39.038],[49.18,39.145],[49.116,39.187],[49.041,39.145],[49.02,39.006],[49.052,38.932],[48.946,38.836],[48.988,38.719],[48.825,38.31],[48.832,38.306],[48.809,37.989],[48.745,37.727],[48.837,37.511],[49.06,37.398],[49.476,37.292],[49.848,37.268],[50.039,37.225],[50.111,37.098],[50.252,36.895],[50.561,36.686],[51.417,36.456],[51.796,36.432],[51.993,36.459],[52.602,36.577],[53.139,36.644],[53.8,36.679],[53.984,36.782],[54.067,36.942],[57.314,36.829],[60,38.889],[60,34]]]]}},{"type":"Feature","properties":{"NAME":null,"ABBREVN":null,"SUBJECTO":null,"BORDERPRECISION":3,"PARTOF":null},"geometry":{"type":"MultiPolygon","coordinates":[[[[37.559,34],[38.036,34.597],[39.342,34.597],[40.029,34.391],[40.42,34],[37.559,34]]]]}},{"type":"Feature","properties":{"NAME":null,"ABBREVN":null,"SUBJECTO":null,"BORDERPRECISION":3,"PARTOF":null},"geometry":{"type":"Polygon","coordinates":[[[37.474,44.692],[37.622,44.673],[37.774,44.745],[37.88,44.719],[38.109,44.494],[38.277,44.423],[38.556,44.385],[38.924,44.212],[40.252,43.268],[40.557,43.147],[40.969,43.077],[41.123,43.019],[41.41,42.788],[41.503,42.608],[41.652,42.121],[41.68,41.793],[41.666,41.729],[41.521,41.466],[41.484,41.437],[42.029,41.4],[42.25,41.369],[42.352,41.402],[42.694,41.564],[42.878,41.546],[43.957,42.591],[44.053,42.559],[44.17,42.612],[44.297,42.612],[44.414,42.729],[44.51,42.761],[44.669,42.761],[44.786,42.729],[44.872,42.666],[44.935,42.74],[44.978,42.772],[45.031,42.772],[45.138,42.719],[45.201,42.676],[45.297,42.676],[45.382,42.623],[45.478,42.549],[45.648,42.549],[45.808,42.538],[45.861,42.474],[45.808,42.389],[45.754,42.251],[45.914,42.123],[46.042,42.049],[46.159,42.006],[46.286,41.985],[46.393,41.995],[46.499,41.964],[46.556,41.878],[46.659,41.889],[46.669,41.815],[46.765,41.836],[46.85,41.836],[46.914,41.751],[47.127,41.623],[47.169,41.57],[47.222,41.57],[47.35,41.442],[47.35,41.304],[47.616,41.261],[47.818,41.198],[47.988,41.219],[48.063,41.315],[48.201,41.464],[48.224,41.471],[47.249,42.785],[47.195,43.376],[47.493,43.583],[47.538,43.673],[47.565,43.844],[47.332,44.186],[47.224,44.204],[47.143,44.339],[46.999,44.356],[46.846,44.446],[46.81,44.536],[46.873,44.68],[44.755,44.439],[43.88,44.814],[43.381,46.188],[42.257,46.813],[41.516,46.756],[41.627,46.668],[41.674,46.617],[41.828,46.546],[41.896,46.481],[41.861,46.406],[41.773,46.309],[41.74,46.231],[41.657,46.167],[41.548,46.111],[41.32,46.066],[41.306,46.007],[41.344,45.913],[41.451,45.735],[41.451,45.645],[41.368,45.617],[41.218,45.483],[41.015,45.41],[40.897,45.445],[40.647,45.439],[40.498,45.379],[40.317,45.344],[40.133,45.341],[39.979,45.3],[39.749,45.221],[39.622,45.194],[39.328,45.004],[39.196,44.951],[39.065,44.951],[38.411,45.125],[37.474,44.692]]]}},{"type":"Feature","properties":{"NAME":"Kingdom of Ireland","ABBREVN":"Kingdom of Ireland","SUBJECTO":"Kingdom of Ireland","BORDERPRECISION":3,"PARTOF":"Kingdom of Ireland"},"geometry":{"type":"MultiPolygon","coordinates":[[[[-6.963,55.241],[-6.997,55.172],[-6.645,55.206],[-6.454,55.187],[-6.279,55.14],[-6.117,55.16],[-6.018,55.093],[-5.785,54.737],[-5.764,54.657],[-5.8,54.523],[-5.662,54.322],[-5.731,54.175],[-5.912,54.027],[-6.072,53.974],[-6.343,53.94],[-6.443,53.899],[-6.335,53.786],[-6.172,53.439],[-6.043,52.893],[-6.071,52.767],[-6.232,52.613],[-6.341,52.427],[-6.406,52.214],[-6.489,52.194],[-6.617,52.221],[-6.894,52.207],[-6.962,52.111],[-7.372,52.092],[-7.751,52.033],[-7.862,51.968],[-8.159,51.84],[-8.565,51.615],[-8.848,51.6],[-9.243,51.473],[-9.819,51.435],[-9.795,51.605],[-9.835,51.803],[-10.217,51.758],[-10.294,51.978],[-9.964,52.092],[-10.497,52.102],[-10.469,52.207],[-9.891,52.194],[-9.802,52.241],[-9.784,52.341],[-9.736,52.48],[-9.504,52.541],[-9.193,52.554],[-9.134,52.681],[-9.616,52.637],[-9.442,52.833],[-9.526,52.905],[-9.309,53.115],[-8.997,53.12],[-8.924,53.161],[-9.002,53.3],[-9.158,53.221],[-9.297,53.28],[-9.441,53.266],[-9.617,53.346],[-9.803,53.345],[-9.885,53.297],[-10.16,53.374],[-10.021,53.512],[-10.151,53.576],[-9.81,53.632],[-9.872,53.768],[-9.696,53.873],[-9.913,53.97],[-10.179,53.912],[-10.16,54.133],[-9.892,54.326],[-9.474,54.241],[-9.323,54.275],[-9.086,54.258],[-8.59,54.203],[-8.687,54.364],[-8.301,54.489],[-8.211,54.634],[-8.829,54.634],[-8.76,54.701],[-8.504,54.75],[-8.476,54.88],[-8.345,55.095],[-8.118,55.177],[-7.756,55.253],[-7.427,55.294],[-7.334,55.384],[-7.112,55.315],[-6.963,55.241]]]]}},{"type":"Feature","properties":{"NAME":null,"ABBREVN":null,"SUBJECTO":null,"BORDERPRECISION":3,"PARTOF":null},"geometry":{"type":"MultiPolygon","coordinates":[[[[19.334,57.956],[19.287,57.937],[19.257,57.949],[19.163,57.927],[19.142,57.908],[19.126,57.84],[19.078,57.858],[19.034,57.901],[19.036,57.919],[19.089,57.97],[19.105,57.975],[19.296,57.977],[19.332,57.965],[19.334,57.956]]]]}},{"type":"Feature","properties":{"NAME":"Swiss Confederation","ABBREVN":"Swiss Confederation","SUBJECTO":"Swiss Confederation","BORDERPRECISION":3,"PARTOF":"Swiss Confederation"},"geometry":{"type":"MultiPolygon","coordinates":[[[[6.069,46.417],[6.175,46.368],[6.102,46.286],[6.12,46.263],[6.164,46.269],[6.171,46.296],[6.218,46.355],[6.248,46.386],[6.275,46.392],[6.291,46.423],[6.347,46.461],[6.4,46.46],[6.449,46.474],[6.52,46.517],[6.563,46.508],[6.596,46.519],[6.682,46.504],[6.727,46.486],[6.749,46.489],[6.78,46.475],[6.837,46.468],[6.866,46.448],[6.907,46.44],[6.935,46.41],[6.924,46.396],[6.878,46.394],[7.033,46.184],[7.221,46.327],[7.5,46.373],[7.547,46.388],[7.535,46.409],[7.61,46.443],[7.694,46.426],[7.709,46.364],[7.752,46.363],[7.75,46.321],[7.907,46.302],[7.999,46.323],[8.176,46.433],[8.176,46.471],[8.314,46.396],[8.437,46.466],[8.443,46.251],[8.613,46.125],[8.851,46.079],[8.785,45.993],[8.897,45.956],[8.911,45.835],[9.029,45.824],[9.088,45.905],[8.989,45.975],[9.009,46.041],[9.249,46.239],[9.283,46.499],[9.46,46.511],[9.46,46.379],[9.548,46.305],[9.953,46.381],[10.039,46.234],[10.129,46.229],[10.166,46.41],[10.04,46.447],[10.044,46.546],[10.236,46.638],[10.293,46.554],[10.468,46.546],[10.491,46.621],[10.379,46.688],[10.47,46.855],[10.49,46.938],[10.39,47.001],[10.104,46.844],[9.876,46.938],[9.88,47.02],[9.602,47.064],[9.473,47.057],[9.53,47.266],[9.672,47.383],[9.561,47.5],[9.53,47.481],[9.482,47.482],[9.466,47.496],[9.436,47.507],[9.437,47.519],[9.387,47.544],[9.382,47.571],[9.191,47.648],[9.178,47.664],[9.096,47.666],[9.09,47.673],[9.066,47.674],[8.983,47.67],[8.961,47.657],[8.907,47.645],[8.86,47.657],[8.894,47.652],[8.936,47.659],[8.983,47.68],[8.827,47.681],[8.572,47.808],[8.407,47.674],[8.609,47.672],[8.584,47.596],[8.217,47.621],[7.691,47.534],[7.67,47.546],[7.666,47.538],[7.634,47.561],[7.641,47.562],[7.64,47.563],[7.674,47.585],[7.672,47.587],[7.692,47.6],[7.675,47.592],[7.643,47.595],[7.619,47.577],[7.595,47.588],[7.429,47.464],[7.606,47.432],[7.4,47.248],[7.18,47.093],[6.986,46.963],[6.672,46.797],[6.452,46.805],[6.456,46.775],[6.108,46.576],[6.163,46.546],[6.069,46.417]],[[8.661,47.691],[8.679,47.698],[8.667,47.711],[8.7,47.714],[8.717,47.691],[8.689,47.696],[8.666,47.686],[8.661,47.691]],[[8.959,45.97],[8.968,45.986],[8.976,45.975],[8.974,45.967],[8.959,45.97]]],[[[9.118,47.679],[9.124,47.671],[9.208,47.667],[9.209,47.674],[9.199,47.678],[9.118,47.679]]]]}},{"type":"Feature","properties":{"NAME":"France","ABBREVN":"France","SUBJECTO":"France","BORDERPRECISION":3,"PARTOF":"France"},"geometry":{"type":"MultiPolygon","coordinates":[[[[-4.78,48.355],[-4.592,48.392],[-4.474,48.383],[-4.35,48.391],[-4.389,48.298],[-4.588,48.251],[-4.351,48.205],[-4.313,48.101],[-4.7,48.064],[-4.675,48.017],[-4.51,47.998],[-4.391,47.942],[-4.364,47.829],[-3.955,47.904],[-3.858,47.792],[-3.712,47.798],[-3.434,47.717],[-3.063,47.604],[-2.842,47.492],[-2.614,47.572],[-2.466,47.494],[-2.576,47.325],[-2.494,47.247],[-2.264,47.183],[-2.109,47.124],[-2.005,47.043],[-2.13,46.851],[-1.942,46.706],[-1.711,46.449],[-1.403,46.404],[-1.256,46.307],[-1.166,46.184],[-1.075,46.015],[-1.237,45.8],[-1.247,45.688],[-0.855,45.321],[-0.728,45.019],[-0.814,45.122],[-0.9,45.294],[-1.123,45.432],[-1.175,45.501],[-1.276,45.129],[-1.332,44.614],[-1.23,44.73],[-1.136,44.6],[-1.314,44.559],[-1.561,43.524],[-1.746,43.36],[-1.915,43.305],[-1.702,43.196],[-1.491,43.21],[-1.466,43.155],[-1.558,43.045],[-1.515,42.998],[-1.448,42.984],[-1.397,43.032],[-0.907,42.881],[-0.84,42.909],[-0.612,42.731],[-0.587,42.765],[-0.469,42.751],[-0.41,42.786],[-0.216,42.717],[-0.166,42.649],[0.18,42.663],[0.196,42.608],[0.348,42.635],[0.592,42.628],[0.584,42.772],[0.744,42.772],[1.307,42.635],[1.349,42.539],[1.364,42.41],[1.448,42.375],[1.709,42.423],[1.86,42.382],[1.876,42.314],[1.994,42.307],[2.171,42.382],[2.363,42.293],[2.582,42.287],[2.599,42.348],[2.937,42.41],[3.087,42.369],[3.002,42.771],[3.068,42.945],[3.318,43.196],[3.479,43.312],[3.807,43.467],[4.078,43.487],[4.417,43.346],[4.647,43.321],[4.751,43.353],[4.91,43.366],[5.052,43.328],[5.434,43.104],[5.647,43.033],[5.829,43.021],[6.523,43.151],[6.923,43.448],[7.298,43.667],[7.397,43.764],[7.355,43.902],[6.923,43.815],[6.886,43.902],[6.96,43.914],[6.923,43.976],[6.997,44.05],[6.972,44.062],[6.935,44.136],[6.886,44.149],[6.836,44.112],[6.787,44.198],[6.787,44.297],[6.87,44.349],[6.783,44.548],[6.925,44.715],[7.003,44.72],[6.943,44.869],[6.665,44.955],[6.507,45.116],[6.28,45.199],[6.243,45.297],[6.268,45.322],[6.219,45.347],[6.145,45.322],[6.083,45.372],[6.033,45.334],[6.058,45.223],[5.947,45.26],[5.935,45.322],[5.823,45.396],[5.848,45.52],[5.91,45.507],[5.922,45.656],[5.897,45.742],[5.947,45.816],[5.86,46.026],[5.935,46.026],[5.941,46.176],[6.01,46.24],[6.075,46.253],[6.111,46.275],[6.102,46.286],[6.175,46.368],[6.069,46.417],[6.163,46.546],[6.108,46.576],[6.456,46.775],[6.452,46.805],[6.672,46.797],[6.986,46.963],[7.4,47.248],[7.606,47.432],[7.429,47.464],[7.583,47.579],[7.507,47.604],[7.446,47.709],[7.543,48.024],[7.502,48.058],[7.536,48.191],[7.681,48.359],[7.705,48.52],[7.729,48.616],[8.001,48.846],[8.009,48.855],[8.003,48.857],[7.988,48.849],[7.959,48.855],[7.963,48.865],[8.023,48.864],[8.158,48.978],[7.886,49.065],[7.67,49.059],[7.465,49.099],[7.423,49.183],[7.317,49.186],[7.285,49.164],[6.975,49.137],[6.954,49.202],[6.777,49.177],[6.626,49.302],[6.433,49.445],[6.368,49.473],[6.112,49.479],[5.824,49.507],[5.788,49.559],[5.475,49.48],[5.418,49.583],[5.098,49.761],[4.86,49.782],[4.877,49.885],[4.812,49.966],[4.865,50.134],[4.755,50.101],[4.668,49.96],[4.467,49.945],[4.285,49.911],[4.156,49.966],[4.188,50.055],[4.148,50.134],[4.22,50.242],[4.051,50.318],[3.791,50.34],[3.675,50.334],[3.603,50.47],[3.37,50.465],[3.283,50.524],[3.192,50.731],[3.123,50.807],[2.875,50.682],[2.755,50.739],[2.616,50.89],[2.522,51.091],[2.443,51.048],[2.03,51.007],[1.824,50.935],[1.589,50.822],[1.528,50.578],[1.552,50.229],[1.416,50.11],[1.275,50.004],[0.529,49.826],[0.189,49.681],[0.115,49.602],[0.09,49.511],[0.331,49.455],[0.033,49.334],[-0.239,49.285],[-0.465,49.351],[-1.023,49.398],[-1.177,49.333],[-1.289,49.521],[-1.251,49.7],[-1.524,49.653],[-1.941,49.709],[-1.892,49.526],[-1.639,49.22],[-1.58,49.229],[-1.563,49.036],[-1.588,48.881],[-1.576,48.768],[-1.457,48.684],[-1.591,48.638],[-1.858,48.608],[-1.871,48.712],[-2.076,48.656],[-2.2,48.599],[-2.343,48.674],[-2.636,48.552],[-2.791,48.59],[-3.091,48.872],[-3.435,48.836],[-3.558,48.81],[-3.608,48.693],[-3.821,48.721],[-3.902,48.646],[-3.999,48.731],[-4.251,48.652],[-4.488,48.612],[-4.626,48.547],[-4.762,48.552],[-4.78,48.355]],[[1.414,42.537],[1.423,42.556],[1.444,42.569],[1.427,42.586],[1.445,42.604],[1.473,42.61],[1.468,42.631],[1.48,42.651],[1.516,42.646],[1.549,42.656],[1.6,42.626],[1.637,42.63],[1.66,42.621],[1.683,42.625],[1.715,42.615],[1.736,42.618],[1.728,42.601],[1.731,42.588],[1.787,42.574],[1.74,42.557],[1.726,42.505],[1.711,42.492],[1.667,42.5],[1.655,42.467],[1.599,42.467],[1.579,42.45],[1.56,42.458],[1.552,42.433],[1.517,42.429],[1.452,42.437],[1.443,42.444],[1.448,42.46],[1.439,42.477],[1.42,42.485],[1.465,42.508],[1.451,42.54],[1.414,42.537]]],[[[8.5,42.36],[8.628,42.262],[8.517,42.208],[8.511,42.134],[8.626,42.097],[8.668,42.029],[8.59,41.958],[8.538,41.948],[8.562,41.882],[8.693,41.913],[8.742,41.882],[8.627,41.732],[8.823,41.688],[8.855,41.654],[8.727,41.561],[8.829,41.492],[9.013,41.458],[9.039,41.369],[9.173,41.35],[9.305,41.575],[9.357,41.901],[9.453,42.048],[9.487,42.406],[9.459,42.556],[9.405,42.581],[9.432,42.794],[9.414,42.91],[9.367,42.988],[9.303,42.983],[9.271,42.883],[9.28,42.728],[9.238,42.664],[9.149,42.711],[9.018,42.691],[9,42.635],[8.879,42.625],[8.609,42.487],[8.5,42.36]]]]}},{"type":"Feature","properties":{"NAME":"Sardinia-Piedmont","ABBREVN":"Sardinia","SUBJECTO":"Sardinia-Piedmont","BORDERPRECISION":3,"PARTOF":"Sardinia-Piedmont"},"geometry":{"type":"MultiPolygon","coordinates":[[[[5.823,45.396],[5.935,45.322],[5.947,45.26],[6.058,45.223],[6.033,45.334],[6.083,45.372],[6.145,45.322],[6.219,45.347],[6.268,45.322],[6.243,45.297],[6.28,45.199],[6.507,45.116],[6.665,44.955],[6.943,44.869],[7.003,44.72],[6.925,44.715],[6.783,44.548],[6.87,44.349],[6.787,44.297],[6.787,44.198],[6.836,44.112],[6.886,44.149],[6.935,44.136],[6.972,44.062],[6.997,44.05],[6.923,43.976],[6.96,43.914],[6.886,43.902],[6.923,43.815],[7.355,43.902],[7.397,43.764],[7.468,43.811],[7.467,43.92],[7.634,44.036],[7.673,43.981],[7.705,44.062],[7.689,44.238],[7.897,44.094],[7.98,43.965],[8.09,44.051],[7.962,44.222],[7.769,44.367],[7.849,44.463],[7.914,44.415],[8.219,44.672],[8.251,44.736],[8.363,44.72],[8.395,44.8],[8.491,44.8],[8.556,44.864],[8.7,44.816],[8.764,44.864],[9.131,44.789],[9.131,45.121],[9.048,45.154],[8.815,45.17],[8.583,45.287],[8.45,45.519],[8.467,45.768],[8.55,46.001],[8.637,46.117],[8.613,46.125],[8.443,46.251],[8.437,46.466],[8.089,46.268],[8.154,46.146],[7.873,45.921],[7.577,45.991],[7.196,45.861],[7.049,45.924],[6.876,46.054],[6.903,46.125],[6.804,46.137],[6.864,46.292],[6.776,46.362],[6.809,46.38],[6.809,46.394],[6.726,46.408],[6.637,46.407],[6.545,46.395],[6.515,46.405],[6.484,46.393],[6.477,46.376],[6.414,46.36],[6.389,46.34],[6.361,46.348],[6.344,46.37],[6.304,46.366],[6.278,46.35],[6.235,46.289],[6.201,46.265],[6.275,46.257],[6.108,46.126],[5.941,46.176],[5.935,46.026],[5.86,46.026],[5.947,45.816],[5.897,45.742],[5.922,45.656],[5.91,45.507],[5.848,45.52],[5.823,45.396]]],[[[6.075,46.253],[6.12,46.263],[6.111,46.275],[6.075,46.253]]],[[[6.355,46.462],[6.399,46.459],[6.426,46.467],[6.355,46.462]]],[[[6.661,46.505],[6.727,46.486],[6.674,46.505],[6.661,46.505]]],[[[6.744,46.488],[6.776,46.473],[6.839,46.462],[6.836,46.469],[6.817,46.47],[6.744,46.488]]],[[[6.894,46.441],[6.931,46.408],[6.919,46.396],[6.925,46.396],[6.935,46.41],[6.907,46.44],[6.894,46.441]]]]}},{"type":"Feature","properties":{"NAME":"Milan","ABBREVN":"Milan","SUBJECTO":"Austrian Empire","BORDERPRECISION":3,"PARTOF":"Milan"},"geometry":{"type":"MultiPolygon","coordinates":[[[[8.45,45.519],[8.583,45.287],[8.815,45.17],[9.048,45.154],[9.131,45.121],[9.662,45.22],[10.293,45.021],[10.393,45.026],[10.377,45.374],[9.998,45.401],[9.922,45.666],[9.846,45.704],[9.506,45.515],[9.695,45.78],[9.582,45.893],[9.545,46.307],[9.46,46.379],[9.46,46.511],[9.283,46.499],[9.249,46.239],[9.009,46.041],[8.989,45.975],[9.088,45.905],[9.029,45.824],[8.911,45.835],[8.897,45.956],[8.785,45.993],[8.851,46.079],[8.617,46.124],[8.637,46.117],[8.55,46.001],[8.467,45.768],[8.45,45.519]]],[[[8.959,45.97],[8.974,45.967],[8.973,45.984],[8.964,45.987],[8.961,45.979],[8.959,45.97]]]]}},{"type":"Feature","properties":{"NAME":"Venice","ABBREVN":"Venice","SUBJECTO":"Venice","BORDERPRECISION":3,"PARTOF":"Venice"},"geometry":{"type":"MultiPolygon","coordinates":[[[[9.506,45.515],[9.846,45.704],[9.922,45.666],[9.998,45.401],[10.675,45.353],[10.824,45.353],[10.856,45.051],[11.24,45.071],[11.605,44.905],[11.771,45.071],[11.887,45.087],[11.97,45.038],[12.053,45.021],[12.037,45.137],[12.136,45.104],[12.378,44.732],[12.476,44.787],[12.523,44.883],[12.409,44.989],[12.322,45.042],[12.313,45.178],[12.176,45.214],[12.18,45.27],[12.251,45.29],[12.28,45.402],[12.483,45.462],[12.448,45.394],[12.899,45.558],[13.105,45.582],[13.156,45.727],[13.368,45.694],[13.606,46.132],[13.621,46.421],[13.725,46.646],[13.709,46.839],[13.581,46.839],[13.516,47],[13.292,47.064],[13.248,47.056],[13.25,47.052],[13.175,47.042],[13.133,47.036],[13.132,47.034],[13.129,47.027],[13.083,47.027],[13.081,47.024],[13.073,47.014],[13.056,47.019],[12.698,46.951],[12.586,46.956],[12.575,46.93],[12.616,46.911],[12.577,46.904],[12.535,46.854],[12.507,46.851],[12.516,46.868],[12.461,46.865],[12.456,46.885],[12.42,46.885],[12.388,46.869],[12.324,46.88],[12.321,46.891],[12.333,46.902],[12.329,46.914],[12.337,46.926],[12.326,46.952],[12.343,46.962],[12.425,46.938],[12.423,46.899],[12.436,46.898],[12.454,46.926],[12.426,46.948],[12.495,46.944],[12.503,46.952],[12.502,46.959],[12.328,46.967],[12.218,46.884],[12.075,46.928],[11.74,46.752],[11.908,46.414],[11.571,46.245],[11.571,45.975],[11.335,46.009],[11.233,46.009],[11.166,45.739],[10.93,45.84],[10.795,45.638],[10.66,45.807],[10.525,45.739],[10.457,46.212],[10.558,46.313],[10.558,46.718],[10.454,46.826],[10.379,46.688],[10.491,46.621],[10.468,46.546],[10.293,46.554],[10.236,46.638],[10.044,46.546],[10.04,46.447],[10.166,46.41],[10.129,46.229],[10.039,46.234],[9.953,46.381],[9.545,46.307],[9.582,45.893],[9.695,45.78],[9.506,45.515]],[[12.857,46.76],[12.874,46.786],[12.876,46.812],[12.906,46.823],[12.964,46.799],[12.966,46.787],[12.928,46.765],[12.899,46.777],[12.879,46.763],[12.857,46.76]],[[12.991,46.711],[13.004,46.726],[13.183,46.729],[13.215,46.749],[13.286,46.753],[13.284,46.783],[13.268,46.786],[13.265,46.804],[13.225,46.837],[13.243,46.846],[13.315,46.854],[13.344,46.876],[13.417,46.847],[13.398,46.79],[13.377,46.756],[13.315,46.731],[13.26,46.736],[13.208,46.697],[13.104,46.685],[13.091,46.699],[12.991,46.711]],[[13.019,46.889],[13.037,46.893],[13.046,46.88],[13.028,46.876],[13.019,46.889]]],[[[13.527,45.454],[13.644,45.179],[13.672,45.05],[13.895,44.759],[13.991,44.783],[14.06,44.895],[14.189,44.943],[14.175,45.01],[14.239,45.062],[14.354,45.323],[14.076,45.276],[13.99,45.42],[14.219,45.477],[14.076,45.678],[13.673,45.715],[13.8,45.566],[13.749,45.494],[13.527,45.454]]],[[[15.149,44.24],[15.412,43.935],[15.913,43.652],[16.059,43.433],[16.367,43.513],[16.549,43.461],[16.64,43.39],[16.992,43.323],[17.075,43.223],[17.514,42.942],[17.55,42.936],[17.57,42.927],[17.676,42.958],[17.646,43.053],[17.535,43.108],[17.385,43.234],[17.294,43.269],[17.259,43.395],[17.259,43.445],[17.214,43.47],[17.113,43.5],[17.013,43.555],[16.842,43.716],[16.712,43.771],[16.701,43.847],[16.536,44.007],[16.385,44.043],[16.335,44.093],[16.31,44.148],[16.27,44.198],[16.194,44.193],[16.184,44.258],[15.548,44.229],[15.149,44.24]]],[[[17.736,42.915],[17.76,42.91],[17.787,42.892],[17.797,42.904],[17.766,42.913],[17.736,42.915]]],[[[18.042,42.746],[18.101,42.715],[18.107,42.709],[18.105,42.686],[18.144,42.679],[18.16,42.657],[18.178,42.661],[18.192,42.654],[18.222,42.623],[18.241,42.616],[18.244,42.603],[18.264,42.61],[18.253,42.626],[18.113,42.742],[18.042,42.746]]],[[[18.382,42.598],[18.39,42.589],[18.434,42.565],[18.44,42.543],[18.436,42.524],[18.446,42.507],[18.436,42.483],[18.474,42.464],[18.504,42.438],[18.501,42.448],[18.464,42.481],[18.449,42.516],[18.457,42.558],[18.429,42.586],[18.382,42.598]]]]}},{"type":"Feature","properties":{"NAME":"Austrian Empire","ABBREVN":"Austrian Emp","SUBJECTO":"Austrian Empire","BORDERPRECISION":3,"PARTOF":"Austrian Empire"},"geometry":{"type":"MultiPolygon","coordinates":[[[[9.473,47.057],[9.602,47.064],[9.88,47.02],[9.876,46.938],[10.104,46.844],[10.39,47.001],[10.49,46.938],[10.47,46.855],[10.454,46.826],[10.558,46.718],[10.558,46.313],[10.457,46.212],[10.525,45.739],[10.66,45.807],[10.795,45.638],[10.93,45.84],[11.166,45.739],[11.233,46.009],[11.335,46.009],[11.571,45.975],[11.571,46.245],[11.908,46.414],[11.74,46.752],[12.075,46.928],[12.218,46.884],[12.328,46.967],[12.282,47.091],[12.258,47.072],[12.256,47.072],[12.232,47.048],[12.189,47.091],[12.186,47.092],[12.119,47.073],[12.1,47.078],[12.077,47.059],[12.044,47.061],[12.021,47.047],[11.979,47.05],[11.95,47.035],[11.915,47.033],[11.837,46.993],[11.791,46.99],[11.767,47.015],[11.754,47.016],[11.733,47.031],[11.744,47.061],[11.728,47.078],[11.708,47.082],[11.711,47.088],[11.692,47.102],[11.675,47.095],[11.699,47.126],[11.639,47.13],[11.638,47.14],[11.673,47.16],[11.665,47.173],[11.672,47.181],[11.668,47.197],[11.703,47.205],[11.752,47.204],[11.748,47.225],[11.755,47.242],[11.744,47.25],[11.74,47.267],[11.745,47.283],[11.77,47.307],[11.764,47.317],[11.775,47.323],[11.77,47.331],[11.787,47.352],[11.889,47.379],[11.923,47.361],[11.927,47.335],[11.936,47.332],[11.975,47.332],[11.976,47.337],[11.998,47.323],[12.053,47.327],[12.083,47.371],[12.08,47.386],[12.061,47.407],[12.063,47.425],[12.088,47.432],[12.101,47.435],[12.089,47.449],[12.087,47.451],[12.124,47.459],[12.135,47.471],[12.128,47.475],[12.152,47.484],[12.19,47.481],[12.205,47.462],[12.24,47.475],[12.26,47.475],[12.296,47.529],[12.361,47.529],[12.377,47.449],[12.425,47.433],[12.521,47.545],[12.585,47.545],[12.601,47.465],[12.635,47.454],[12.64,47.465],[12.674,47.473],[12.696,47.478],[12.706,47.48],[12.634,47.547],[12.665,47.581],[12.632,47.596],[12.574,47.604],[12.575,47.633],[12.536,47.636],[12.499,47.625],[12.454,47.663],[12.446,47.662],[12.406,47.69],[12.364,47.684],[12.336,47.692],[12.337,47.697],[12.255,47.68],[12.242,47.694],[12.255,47.716],[12.214,47.713],[12.184,47.701],[12.16,47.701],[12.169,47.676],[12.181,47.672],[12.186,47.652],[12.199,47.64],[12.208,47.614],[12.202,47.606],[12.177,47.601],[12.179,47.614],[12.14,47.605],[12.06,47.618],[12.028,47.611],[12.009,47.624],[11.933,47.613],[11.936,47.618],[11.925,47.623],[11.889,47.622],[11.894,47.608],[11.855,47.602],[11.847,47.582],[11.781,47.591],[11.656,47.585],[11.634,47.593],[11.633,47.581],[11.606,47.582],[11.588,47.556],[11.587,47.525],[11.574,47.514],[11.451,47.507],[11.444,47.518],[11.412,47.496],[11.359,47.528],[11.34,47.471],[11.17,47.424],[10.903,47.415],[10.877,47.48],[10.845,47.529],[10.775,47.516],[10.763,47.521],[10.758,47.534],[10.695,47.545],[10.691,47.559],[10.71,47.566],[10.711,47.567],[10.613,47.585],[10.495,47.56],[10.388,47.579],[10.403,47.455],[10.2,47.301],[10.103,47.301],[10.138,47.389],[10.021,47.406],[10.026,47.48],[9.938,47.502],[9.892,47.564],[9.78,47.567],[9.737,47.616],[9.665,47.556],[9.68,47.556],[9.68,47.543],[9.712,47.551],[9.752,47.511],[9.743,47.505],[9.699,47.506],[9.678,47.489],[9.666,47.496],[9.648,47.488],[9.641,47.507],[9.598,47.487],[9.562,47.5],[9.672,47.383],[9.53,47.266],[9.473,47.057]]],[[[11.802,47.279],[11.807,47.252],[11.837,47.292],[11.874,47.299],[11.889,47.276],[11.926,47.273],[11.945,47.262],[11.944,47.249],[11.981,47.253],[11.988,47.266],[12.005,47.271],[12.022,47.317],[11.956,47.316],[11.928,47.308],[11.921,47.331],[11.876,47.317],[11.866,47.329],[11.837,47.323],[11.802,47.279]]],[[[12.084,50.262],[12.085,50.152],[12.128,50.152],[12.199,50.033],[12.243,50.037],[12.267,50.06],[12.31,50.056],[12.325,50.034],[12.348,50.036],[12.381,50.014],[12.402,50.012],[12.403,50.005],[12.423,50.003],[12.41,50.012],[12.423,50.02],[12.492,49.998],[12.468,49.996],[12.471,49.987],[12.498,49.972],[12.47,49.945],[12.477,49.936],[12.543,49.924],[12.551,49.905],[12.522,49.881],[12.511,49.859],[12.498,49.855],[12.496,49.838],[12.476,49.837],[12.473,49.817],[12.469,49.814],[12.464,49.81],[12.467,49.802],[12.472,49.786],[12.463,49.783],[12.448,49.706],[12.473,49.693],[12.491,49.686],[12.522,49.687],[12.529,49.669],[12.522,49.652],[12.519,49.643],[12.524,49.641],[12.529,49.64],[12.525,49.635],[12.523,49.632],[12.526,49.63],[12.533,49.624],[12.528,49.618],[12.561,49.62],[12.564,49.597],[12.575,49.589],[12.574,49.561],[12.594,49.542],[12.566,49.541],[12.646,49.485],[12.861,49.366],[12.945,49.398],[13.203,49.166],[13.397,49.09],[13.48,48.999],[13.578,49.037],[13.652,48.956],[13.745,48.94],[13.947,48.655],[13.716,48.378],[13.73,48.364],[13.717,48.353],[13.71,48.325],[13.721,48.319],[13.717,48.314],[13.671,48.305],[13.67,48.296],[13.633,48.305],[13.616,48.264],[13.567,48.247],[13.571,48.233],[13.584,48.226],[13.585,48.213],[13.603,48.211],[13.601,48.206],[13.585,48.21],[13.577,48.2],[13.604,48.197],[13.609,48.188],[13.598,48.179],[13.612,48.171],[13.609,48.123],[13.454,48.106],[13.419,48.083],[13.404,48.085],[13.383,48.051],[13.407,48.042],[13.396,48.045],[13.397,48.037],[13.379,48.028],[13.393,48.022],[13.359,48.018],[13.339,47.991],[13.336,47.987],[13.332,47.988],[13.344,47.981],[13.35,47.982],[13.381,47.986],[13.366,47.967],[13.388,47.947],[13.42,47.834],[13.565,47.786],[13.516,47.529],[13.677,47.465],[13.757,47.513],[13.805,47.497],[13.805,47.449],[13.902,47.401],[13.809,47.294],[13.817,47.296],[13.827,47.283],[13.824,47.267],[13.864,47.253],[13.869,47.241],[13.85,47.23],[13.905,47.195],[13.897,47.176],[13.95,47.165],[13.991,47.138],[13.94,47.137],[13.887,47.11],[13.878,47.094],[13.906,47.07],[13.902,47.062],[13.864,47.019],[13.865,46.996],[13.845,46.989],[13.832,46.966],[13.809,46.951],[13.799,46.954],[13.791,46.99],[13.772,46.984],[13.745,46.995],[13.732,46.989],[13.705,46.997],[13.694,47.007],[13.689,47.029],[13.696,47.033],[13.694,47.04],[13.646,47.04],[13.637,47.055],[13.578,47.052],[13.458,47.079],[13.426,47.082],[13.398,47.071],[13.381,47.081],[13.381,47.093],[13.364,47.098],[13.311,47.087],[13.278,47.095],[13.248,47.086],[13.239,47.072],[13.248,47.056],[13.292,47.064],[13.516,47],[13.581,46.839],[13.709,46.839],[13.725,46.646],[13.621,46.421],[13.606,46.132],[13.368,45.694],[13.438,45.638],[13.565,45.727],[14.076,45.678],[14.219,45.477],[13.99,45.42],[14.076,45.276],[14.354,45.323],[14.525,45.266],[14.815,45.078],[14.946,44.927],[14.907,44.723],[14.989,44.54],[15.286,44.329],[15.548,44.229],[16.184,44.258],[16.189,44.304],[16.224,44.329],[16.154,44.379],[16.144,44.434],[16.039,44.6],[15.958,44.68],[15.858,44.71],[15.818,44.751],[15.757,44.786],[15.747,44.826],[15.802,44.856],[15.787,44.987],[15.767,45.047],[15.787,45.122],[15.828,45.203],[15.883,45.223],[16.023,45.208],[16.139,45.072],[16.254,45.012],[16.345,45.002],[16.4,45.092],[16.511,45.208],[16.606,45.218],[16.832,45.188],[16.892,45.243],[16.933,45.238],[17.169,45.157],[17.194,45.132],[17.244,45.142],[17.284,45.178],[17.354,45.137],[17.43,45.132],[17.515,45.107],[17.666,45.117],[17.857,45.047],[17.932,45.082],[17.987,45.122],[18.037,45.122],[18.088,45.092],[18.148,45.072],[18.208,45.092],[18.258,45.122],[18.329,45.102],[18.394,45.102],[18.494,45.057],[18.54,45.052],[18.585,45.092],[18.715,45.047],[18.725,44.997],[18.781,44.992],[18.801,44.952],[18.776,44.906],[18.841,44.851],[18.931,44.841],[19.052,44.856],[19.017,44.896],[19.042,44.926],[19.082,44.911],[19.122,44.926],[19.107,44.997],[19.122,45.032],[19.102,45.062],[19.102,45.132],[19.137,45.132],[19.182,45.173],[19.167,45.203],[19.188,45.208],[19.213,45.203],[19.243,45.183],[19.278,45.178],[19.308,45.188],[19.348,45.173],[19.408,45.168],[19.424,45.193],[19.419,45.224],[19.544,45.253],[19.587,45.21],[19.853,45.236],[19.872,45.264],[20.024,45.173],[20.196,45.181],[20.241,45.155],[20.319,44.999],[20.288,44.971],[20.334,44.915],[20.405,44.855],[20.525,44.83],[20.571,44.847],[20.643,44.813],[20.633,44.757],[20.769,44.66],[20.922,44.671],[21.015,44.72],[21.149,44.739],[21.33,44.82],[21.364,44.82],[21.367,44.809],[21.478,44.793],[21.583,44.793],[21.592,44.708],[21.859,44.681],[21.947,44.619],[22.133,44.511],[22.199,44.564],[22.296,44.692],[22.41,44.75],[22.343,44.986],[22.462,45.641],[22.453,45.647],[22.457,45.658],[22.427,45.669],[22.427,45.675],[22.469,45.694],[22.466,45.723],[22.471,45.732],[22.505,45.743],[22.551,45.777],[22.534,45.801],[22.499,45.785],[22.479,45.789],[22.47,45.804],[22.478,45.814],[22.475,45.838],[22.46,45.837],[22.46,45.848],[22.437,45.855],[22.411,45.855],[22.375,45.888],[22.406,45.904],[22.426,45.933],[22.418,45.944],[22.428,45.96],[22.421,45.981],[22.433,45.996],[22.44,46.026],[22.429,46.038],[22.436,46.05],[22.431,46.079],[22.409,46.088],[22.412,46.109],[22.433,46.106],[22.464,46.143],[22.468,46.101],[22.493,46.094],[22.558,46.103],[22.582,46.088],[22.615,46.101],[22.624,46.11],[22.62,46.118],[22.663,46.118],[22.714,46.099],[22.714,46.084],[22.727,46.058],[22.741,46.049],[22.795,46.043],[22.821,46.058],[22.829,46.079],[22.842,46.08],[22.847,46.067],[22.835,46.051],[22.843,46.044],[22.836,46.031],[22.852,46],[22.874,46.001],[22.884,46.016],[22.898,46.02],[22.948,46.004],[22.989,46.019],[22.98,46.033],[22.978,46.07],[22.994,46.071],[23.005,46.082],[22.999,46.131],[23.037,46.13],[23.082,46.15],[23.099,46.139],[23.105,46.154],[23.091,46.166],[23.095,46.182],[23.069,46.2],[23.07,46.207],[23.001,46.212],[22.982,46.22],[22.947,46.266],[22.967,46.283],[22.957,46.297],[22.944,46.299],[22.932,46.335],[22.89,46.344],[22.812,46.326],[22.779,46.349],[22.7,46.365],[22.698,46.379],[22.681,46.386],[22.675,46.409],[22.72,46.431],[22.687,46.442],[22.691,46.455],[22.678,46.469],[22.674,46.49],[22.676,46.523],[22.691,46.519],[22.73,46.546],[22.813,46.556],[22.812,46.569],[22.818,46.57],[22.802,46.62],[22.814,46.638],[22.788,46.629],[22.793,46.64],[22.773,46.651],[22.774,46.678],[22.811,46.705],[22.788,46.717],[22.74,46.716],[22.709,46.738],[22.712,46.764],[22.672,46.768],[22.649,46.782],[22.654,46.792],[22.634,46.798],[22.704,46.806],[22.727,46.816],[22.754,46.876],[22.778,46.898],[22.776,46.909],[22.789,46.929],[22.782,46.952],[22.795,46.977],[22.858,46.984],[22.894,46.975],[22.919,46.982],[22.917,47.006],[22.938,47.011],[22.95,47.025],[22.952,47.052],[22.997,47.055],[23,47.064],[22.987,47.081],[23.038,47.118],[23.067,47.125],[23.106,47.156],[23.109,47.166],[23.167,47.165],[23.207,47.152],[23.265,47.206],[23.264,47.244],[23.292,47.237],[23.305,47.246],[23.321,47.244],[23.334,47.256],[23.332,47.27],[23.342,47.282],[23.354,47.276],[23.373,47.294],[23.413,47.297],[23.42,47.321],[23.431,47.324],[23.442,47.317],[23.458,47.332],[23.475,47.33],[23.493,47.348],[23.532,47.359],[23.574,47.345],[23.65,47.346],[23.709,47.333],[23.699,47.347],[23.709,47.352],[23.676,47.358],[23.667,47.365],[23.666,47.383],[23.683,47.393],[23.736,47.386],[23.73,47.416],[23.744,47.427],[23.727,47.422],[23.712,47.428],[23.715,47.44],[23.734,47.445],[23.743,47.468],[23.765,47.469],[23.782,47.491],[23.808,47.502],[23.797,47.532],[23.813,47.549],[23.84,47.55],[23.857,47.577],[23.872,47.582],[23.91,47.622],[23.898,47.652],[23.908,47.659],[23.981,47.659],[23.986,47.666],[24.026,47.673],[24.032,47.658],[24.055,47.654],[24.068,47.639],[24.101,47.634],[24.095,47.615],[24.154,47.614],[24.176,47.58],[24.178,47.561],[24.215,47.55],[24.267,47.517],[24.277,47.527],[24.279,47.545],[24.302,47.558],[24.302,47.576],[24.326,47.567],[24.355,47.573],[24.387,47.604],[24.557,47.573],[24.56,47.564],[24.625,47.576],[24.653,47.569],[24.655,47.555],[24.694,47.559],[24.723,47.575],[24.76,47.569],[24.789,47.577],[24.808,47.566],[24.822,47.594],[24.859,47.592],[24.899,47.603],[24.963,47.596],[24.998,47.575],[25.045,47.56],[25.064,47.562],[25.076,47.575],[25.126,47.572],[25.155,47.56],[25.157,47.551],[25.168,47.55],[25.183,47.531],[25.165,47.519],[25.158,47.499],[25.141,47.483],[25.152,47.458],[25.181,47.439],[25.184,47.418],[25.195,47.408],[25.184,47.385],[25.185,47.37],[25.096,47.36],[25.073,47.334],[25.079,47.314],[25.049,47.304],[25.032,47.285],[25.113,47.239],[25.174,47.229],[25.187,47.21],[25.298,47.16],[25.359,47.177],[25.422,47.182],[25.427,47.169],[25.451,47.154],[25.474,47.154],[25.508,47.131],[25.532,47.131],[25.559,47.111],[25.588,47.108],[25.6,47.115],[25.601,47.132],[25.638,47.115],[25.66,47.092],[25.736,47.074],[25.741,47.054],[25.769,47.036],[25.768,47.018],[25.806,46.965],[25.819,46.979],[25.839,46.959],[25.855,46.924],[25.878,46.922],[25.893,46.902],[25.916,46.894],[25.942,46.867],[25.964,46.874],[25.981,46.841],[25.979,46.824],[26.003,46.803],[26.001,46.783],[26.035,46.775],[26.03,46.769],[26.045,46.751],[26.191,46.809],[26.292,47.214],[25.685,47.619],[25.246,47.686],[24.796,47.807],[24.887,47.897],[24.736,48.23],[24.342,48.351],[24.161,48.987],[23.889,49.259],[21.771,49.592],[21.771,49.743],[21.317,49.864],[21.287,49.773],[21.135,49.834],[20.984,49.743],[20.893,49.834],[20.803,49.834],[20.893,49.743],[20.681,49.652],[20.53,49.803],[20.349,49.743],[20.016,49.803],[19.895,49.471],[19.713,49.531],[19.562,49.531],[19.562,49.713],[19.381,49.803],[19.138,49.713],[19.108,49.592],[18.927,49.622],[18.896,49.713],[18.796,49.713],[18.769,50.177],[18.646,50.645],[18.14,50.988],[17.64,51.437],[17.553,51.655],[17.291,51.786],[17.204,51.611],[16.855,51.655],[16.855,51.917],[16.506,52.178],[16.506,52.004],[16.095,52.124],[15.765,52.265],[15.286,52.214],[15.314,52.2],[15.293,52.149],[15.306,52.131],[15.364,52.115],[15.398,52.115],[15.456,52.122],[15.464,52.136],[15.531,52.161],[15.556,52.164],[15.576,52.152],[15.663,52.176],[15.671,52.161],[15.723,52.169],[15.756,52.147],[15.766,52.127],[15.756,52.115],[15.739,52.112],[15.741,52.099],[15.783,52.093],[15.791,52.074],[15.81,52.065],[15.794,52.033],[15.77,52.02],[15.713,52.015],[15.689,52.002],[15.662,51.999],[15.65,52.007],[15.61,52.007],[15.595,52.028],[15.585,52.026],[15.588,52.033],[15.57,52.034],[15.573,52.027],[15.565,52.034],[15.556,52.026],[15.547,52.033],[15.544,52.027],[15.532,52.035],[15.516,52.028],[15.511,52.029],[15.518,52.037],[15.495,52.037],[15.462,52.017],[15.44,52.018],[15.435,52.006],[15.406,51.997],[15.32,52.009],[15.329,52.049],[15.302,52.063],[15.285,52.056],[15.271,52.067],[15.265,52.063],[15.276,52.039],[15.27,52.034],[15.278,52.022],[15.261,52.011],[15.282,51.982],[15.277,51.974],[15.297,51.962],[15.308,51.964],[15.313,51.975],[15.353,51.966],[15.373,51.935],[15.302,51.926],[15.275,51.904],[15.204,51.9],[15.198,51.897],[15.211,51.861],[15.199,51.857],[15.209,51.86],[15.213,51.856],[15.246,51.852],[15.248,51.822],[15.309,51.68],[15.304,51.649],[15.233,51.634],[15.228,51.62],[15.258,51.622],[15.29,51.495],[15.333,51.507],[15.347,51.53],[15.383,51.546],[15.41,51.538],[15.409,51.496],[15.384,51.479],[15.418,51.457],[15.43,51.39],[15.431,51.377],[15.413,51.35],[15.415,51.278],[15.374,51.235],[15.316,51.196],[15.286,51.09],[15.366,51.111],[15.379,51.101],[15.363,51.057],[15.374,51.018],[15.352,51.013],[15.302,50.958],[15.256,50.967],[15.252,50.984],[15.263,51.006],[15.238,51.015],[15.236,51.027],[15.198,51.032],[15.131,51.026],[15.109,51.043],[15.088,51.029],[15.064,51.033],[15.04,51.024],[15.029,51.011],[15.04,50.994],[15.032,50.968],[15.003,50.955],[14.997,50.917],[14.977,50.917],[14.924,50.877],[14.845,50.882],[14.802,50.848],[14.697,50.849],[14.608,50.862],[14.616,50.889],[14.587,50.9],[14.542,50.936],[14.519,50.969],[14.461,51.014],[14.305,51.012],[14.358,50.971],[14.364,50.969],[14.387,50.952],[14.386,50.949],[14.386,50.946],[14.38,50.915],[14.323,50.924],[14.258,50.889],[14.167,50.872],[14.112,50.862],[14.107,50.861],[14.096,50.851],[14.021,50.854],[13.989,50.855],[13.978,50.85],[13.955,50.839],[13.942,50.803],[13.926,50.792],[13.863,50.778],[13.855,50.767],[13.685,50.762],[13.641,50.741],[13.597,50.709],[13.514,50.713],[13.5,50.712],[13.473,50.659],[13.426,50.678],[13.425,50.668],[13.354,50.659],[13.252,50.577],[13.194,50.573],[13.189,50.561],[13.171,50.56],[13.164,50.55],[13.077,50.501],[13.069,50.489],[12.958,50.435],[12.81,50.396],[12.646,50.395],[12.61,50.376],[12.523,50.354],[12.52,50.311],[12.471,50.304],[12.437,50.287],[12.421,50.268],[12.415,50.24],[12.431,50.185],[12.338,50.183],[12.324,50.234],[12.285,50.265],[12.256,50.273],[12.202,50.24],[12.177,50.192],[12.152,50.242],[12.084,50.262]],[[14.23,46.991],[14.247,47.008],[14.233,47.028],[14.249,47.034],[14.264,47.027],[14.366,47.025],[14.382,47.016],[14.377,46.994],[14.388,46.98],[14.433,46.999],[14.459,46.998],[14.459,47.012],[14.473,47.009],[14.477,47.02],[14.505,47.027],[14.504,47.019],[14.516,47.01],[14.586,47.012],[14.591,47.003],[14.55,46.973],[14.545,46.955],[14.554,46.942],[14.556,46.892],[14.552,46.864],[14.544,46.858],[14.495,46.866],[14.492,46.876],[14.463,46.884],[14.409,46.89],[14.334,46.876],[14.297,46.857],[14.25,46.848],[14.238,46.885],[14.238,46.959],[14.23,46.991]],[[14.778,46.747],[14.805,46.791],[14.858,46.778],[14.829,46.727],[14.798,46.729],[14.778,46.747]]],[[[12.393,47.048],[12.407,46.964],[12.502,46.96],[12.497,46.986],[12.504,46.998],[12.487,47.003],[12.497,47.021],[12.488,47.033],[12.506,47.045],[12.493,47.054],[12.451,47.058],[12.451,47.06],[12.393,47.048]]],[[[12.584,47.081],[12.594,47.048],[12.589,47.034],[12.603,47.018],[12.594,46.994],[12.604,46.987],[12.591,46.973],[12.597,46.962],[12.587,46.958],[12.586,46.956],[12.698,46.951],[13.056,47.019],[13.021,47.03],[13.02,47.041],[12.966,47.039],[12.944,47.058],[12.937,47.078],[12.869,47.086],[12.837,47.083],[12.821,47.097],[12.738,47.101],[12.731,47.131],[12.697,47.121],[12.666,47.122],[12.673,47.109],[12.657,47.1],[12.592,47.126],[12.607,47.103],[12.584,47.081]]],[[[14.327,51.052],[14.334,51.045],[14.359,51.038],[14.412,51.052],[14.417,51.067],[14.426,51.072],[14.329,51.056],[14.327,51.052]]],[[[14.932,51.599],[15.019,51.605],[14.968,51.602],[14.947,51.609],[14.932,51.599]]],[[[14.974,51.768],[14.993,51.76],[14.991,51.761],[15.002,51.764],[15.006,51.774],[14.974,51.771],[14.974,51.768]]],[[[19.57,54.255],[19.683,53.858],[19.925,53.918],[20.076,53.585],[20.409,53.434],[20.56,53.827],[21.014,54.1],[20.47,54.342],[20.046,54.19],[19.915,54.395],[19.733,54.31],[19.57,54.255]]]]}},{"type":"Feature","properties":{"NAME":"Baden","ABBREVN":"Baden","SUBJECTO":"Baden","BORDERPRECISION":3,"PARTOF":"Baden"},"geometry":{"type":"MultiPolygon","coordinates":[[[[7.446,47.709],[7.507,47.604],[7.583,47.579],[7.595,47.588],[7.589,47.59],[7.592,47.605],[7.585,47.614],[7.553,47.627],[7.538,47.642],[7.559,47.674],[7.544,47.681],[7.529,47.673],[7.52,47.677],[7.516,47.695],[7.516,47.702],[7.572,47.706],[7.575,47.716],[7.566,47.723],[7.579,47.734],[7.63,47.727],[7.63,47.738],[7.614,47.752],[7.62,47.757],[7.612,47.775],[7.579,47.774],[7.555,47.79],[7.579,47.809],[7.572,47.816],[7.582,47.834],[7.57,47.834],[7.572,47.857],[7.603,47.853],[7.617,47.877],[7.67,47.857],[7.683,47.866],[7.71,47.867],[7.729,47.846],[7.764,47.828],[7.768,47.802],[7.787,47.801],[7.835,47.821],[7.835,47.79],[7.851,47.758],[7.847,47.737],[7.829,47.712],[7.834,47.703],[7.845,47.691],[7.883,47.692],[7.955,47.729],[7.971,47.725],[7.981,47.702],[7.965,47.688],[7.909,47.663],[7.908,47.648],[7.871,47.645],[7.879,47.626],[7.867,47.609],[7.836,47.608],[7.836,47.617],[7.822,47.625],[7.798,47.618],[7.749,47.622],[7.729,47.616],[7.719,47.604],[7.717,47.577],[7.691,47.572],[7.674,47.585],[7.64,47.563],[7.641,47.562],[7.684,47.571],[7.67,47.546],[7.691,47.534],[8.217,47.621],[8.584,47.596],[8.609,47.672],[8.407,47.674],[8.572,47.808],[8.635,47.779],[8.512,48.112],[8.397,47.911],[8.022,48.458],[8.041,48.46],[8.021,48.471],[8.017,48.48],[7.989,48.495],[7.999,48.51],[8.031,48.505],[8.036,48.518],[8.054,48.51],[8.054,48.492],[8.08,48.463],[8.368,48.487],[8.743,48.833],[8.858,48.717],[8.887,48.775],[9.261,49.063],[9.428,49.095],[9.471,49.21],[9.638,49.273],[9.638,49.319],[9.585,49.335],[9.569,49.321],[9.569,49.303],[9.559,49.31],[9.543,49.302],[9.514,49.303],[9.51,49.326],[9.544,49.336],[9.543,49.348],[9.523,49.365],[9.46,49.351],[9.44,49.367],[9.452,49.375],[9.446,49.391],[9.462,49.395],[9.509,49.375],[9.534,49.395],[9.538,49.422],[9.511,49.439],[9.506,49.459],[9.517,49.472],[9.55,49.484],[9.571,49.472],[9.553,49.462],[9.538,49.44],[9.567,49.445],[9.602,49.433],[9.6,49.425],[9.571,49.412],[9.592,49.393],[9.638,49.398],[9.638,49.549],[9.57,49.545],[9.558,49.565],[9.565,49.576],[9.539,49.582],[9.534,49.567],[9.532,49.544],[9.484,49.479],[9.456,49.472],[9.276,49.501],[9.247,49.48],[9.244,49.466],[9.263,49.455],[9.257,49.447],[9.263,49.439],[9.313,49.436],[9.315,49.452],[9.356,49.469],[9.386,49.47],[9.401,49.457],[9.468,49.442],[9.472,49.433],[9.454,49.422],[9.476,49.423],[9.472,49.416],[9.434,49.4],[9.371,49.42],[9.363,49.415],[9.37,49.395],[9.338,49.385],[9.328,49.389],[9.346,49.407],[9.327,49.415],[9.328,49.421],[9.248,49.437],[9.232,49.43],[9.223,49.445],[9.196,49.445],[9.195,49.461],[9.218,49.471],[9.232,49.488],[9.214,49.501],[9.209,49.499],[9.159,49.398],[9.075,49.377],[9.075,49.273],[8.908,49.273],[8.971,49.335],[8.929,49.356],[8.804,49.356],[8.742,49.398],[8.724,49.53],[8.72,49.533],[8.703,49.538],[8.706,49.548],[8.722,49.546],[8.721,49.553],[8.656,49.553],[8.599,49.38],[8.512,49.524],[8.31,49.553],[8.483,49.294],[8.158,48.978],[8.023,48.864],[8.026,48.864],[8.019,48.852],[8.044,48.847],[8.042,48.837],[8.001,48.836],[7.999,48.843],[8.001,48.846],[7.729,48.616],[7.705,48.52],[7.681,48.359],[7.536,48.191],[7.502,48.058],[7.543,48.024],[7.446,47.709]],[[7.612,48.052],[7.636,48.063],[7.635,48.08],[7.688,48.086],[7.699,48.114],[7.728,48.137],[7.77,48.129],[7.776,48.137],[7.768,48.162],[7.801,48.174],[7.819,48.166],[7.818,48.151],[7.852,48.161],[7.842,48.176],[7.822,48.175],[7.847,48.183],[7.852,48.173],[7.862,48.173],[7.864,48.205],[7.891,48.197],[7.899,48.204],[7.962,48.206],[7.986,48.197],[7.96,48.161],[7.956,48.135],[7.937,48.127],[7.941,48.098],[7.931,48.102],[7.895,48.085],[7.925,48.072],[7.916,48.048],[7.911,48.056],[7.894,48.055],[7.884,48.036],[7.859,48.035],[7.821,48.072],[7.772,48.087],[7.753,48.078],[7.746,48.062],[7.708,48.056],[7.687,48.064],[7.658,48.029],[7.616,48.037],[7.612,48.052]],[[7.614,48.107],[7.63,48.111],[7.626,48.124],[7.631,48.133],[7.641,48.128],[7.646,48.109],[7.64,48.098],[7.626,48.096],[7.614,48.107]],[[7.637,48.196],[7.672,48.235],[7.709,48.197],[7.701,48.18],[7.682,48.176],[7.637,48.196]],[[7.639,48.135],[7.641,48.145],[7.673,48.152],[7.679,48.142],[7.666,48.126],[7.643,48.131],[7.649,48.133],[7.639,48.135]],[[7.672,47.891],[7.705,47.88],[7.679,47.878],[7.672,47.891]],[[7.678,47.96],[7.699,47.96],[7.717,47.969],[7.685,47.983],[7.679,47.996],[7.708,48.011],[7.728,48.019],[7.775,48.006],[7.761,47.997],[7.764,47.987],[7.756,47.979],[7.79,47.967],[7.767,47.956],[7.778,47.94],[7.734,47.953],[7.717,47.943],[7.684,47.95],[7.678,47.96]],[[7.733,48.396],[7.767,48.464],[7.796,48.443],[7.842,48.462],[7.859,48.435],[7.851,48.418],[7.877,48.408],[7.921,48.405],[7.939,48.393],[7.942,48.386],[7.935,48.382],[7.945,48.374],[7.981,48.369],[7.981,48.348],[7.972,48.353],[7.976,48.367],[7.959,48.356],[7.905,48.367],[7.916,48.358],[7.909,48.35],[7.853,48.358],[7.848,48.367],[7.854,48.378],[7.878,48.397],[7.857,48.404],[7.802,48.37],[7.775,48.376],[7.763,48.366],[7.734,48.362],[7.733,48.396]],[[7.764,48.209],[7.798,48.21],[7.802,48.228],[7.819,48.225],[7.832,48.235],[7.859,48.227],[7.813,48.215],[7.799,48.195],[7.764,48.209]],[[7.779,48.328],[7.799,48.343],[7.839,48.317],[7.861,48.332],[7.886,48.314],[7.904,48.318],[7.906,48.307],[7.895,48.276],[7.852,48.291],[7.842,48.288],[7.84,48.276],[7.822,48.276],[7.785,48.294],[7.779,48.328]],[[7.801,47.992],[7.815,48],[7.832,47.989],[7.827,47.983],[7.804,47.986],[7.801,47.992]],[[7.971,48.756],[8.014,48.761],[8.035,48.789],[8.079,48.794],[8.081,48.813],[8.11,48.811],[8.083,48.819],[8.078,48.826],[8.114,48.822],[8.064,48.848],[8.064,48.871],[8.123,48.872],[8.149,48.883],[8.144,48.893],[8.123,48.9],[8.127,48.912],[8.144,48.919],[8.173,48.911],[8.183,48.923],[8.213,48.932],[8.196,48.954],[8.235,48.96],[8.257,48.977],[8.28,48.98],[8.286,48.995],[8.309,48.994],[8.312,49.001],[8.284,49.007],[8.277,49.015],[8.283,49.023],[8.303,49.02],[8.302,49.016],[8.308,49.035],[8.281,49.043],[8.275,49.059],[8.299,49.06],[8.309,49.071],[8.341,49.069],[8.353,49.098],[8.364,49.082],[8.379,49.088],[8.381,49.095],[8.357,49.131],[8.362,49.142],[8.383,49.148],[8.369,49.161],[8.382,49.168],[8.376,49.179],[8.383,49.187],[8.417,49.191],[8.418,49.201],[8.41,49.208],[8.483,49.18],[8.476,49.173],[8.512,49.144],[8.518,49.13],[8.515,49.103],[8.528,49.087],[8.511,49.074],[8.487,49.074],[8.488,49.055],[8.512,49.035],[8.543,49.028],[8.557,49.01],[8.579,49.003],[8.609,49.026],[8.65,49.026],[8.664,49.004],[8.679,49.015],[8.687,49.008],[8.696,48.994],[8.669,48.989],[8.689,48.974],[8.709,48.975],[8.711,48.989],[8.735,48.995],[8.742,48.994],[8.732,48.985],[8.754,48.968],[8.772,48.973],[8.769,48.955],[8.776,48.948],[8.768,48.939],[8.758,48.94],[8.754,48.951],[8.742,48.946],[8.744,48.951],[8.724,48.945],[8.725,48.93],[8.765,48.922],[8.808,48.934],[8.813,48.929],[8.818,48.921],[8.791,48.905],[8.791,48.872],[8.807,48.859],[8.774,48.848],[8.736,48.87],[8.728,48.858],[8.722,48.86],[8.724,48.844],[8.698,48.837],[8.664,48.835],[8.635,48.845],[8.626,48.855],[8.64,48.858],[8.649,48.88],[8.637,48.899],[8.616,48.876],[8.572,48.896],[8.525,48.878],[8.506,48.859],[8.515,48.844],[8.509,48.837],[8.513,48.819],[8.493,48.82],[8.446,48.821],[8.439,48.812],[8.416,48.835],[8.398,48.831],[8.39,48.837],[8.379,48.831],[8.408,48.809],[8.39,48.804],[8.387,48.79],[8.372,48.778],[8.382,48.759],[8.406,48.758],[8.422,48.744],[8.461,48.764],[8.477,48.762],[8.484,48.753],[8.474,48.723],[8.458,48.717],[8.465,48.7],[8.44,48.694],[8.448,48.685],[8.447,48.661],[8.43,48.658],[8.435,48.651],[8.427,48.645],[8.387,48.636],[8.389,48.626],[8.379,48.618],[8.349,48.609],[8.357,48.6],[8.319,48.588],[8.257,48.59],[8.227,48.605],[8.247,48.603],[8.248,48.609],[8.233,48.613],[8.256,48.626],[8.245,48.637],[8.219,48.643],[8.211,48.634],[8.229,48.631],[8.2,48.628],[8.18,48.64],[8.162,48.64],[8.14,48.656],[8.148,48.666],[8.095,48.689],[8.081,48.674],[8.063,48.672],[8.056,48.643],[8.034,48.646],[8.033,48.659],[8.046,48.672],[8.033,48.678],[8.037,48.682],[8.018,48.682],[8.033,48.707],[8.021,48.723],[7.997,48.728],[7.971,48.756]],[[8.608,49.062],[8.609,49.082],[8.636,49.091],[8.661,49.088],[8.66,49.074],[8.686,49.061],[8.685,49.055],[8.638,49.033],[8.608,49.062]],[[9.211,49.315],[9.232,49.333],[9.23,49.349],[9.239,49.362],[9.23,49.369],[9.237,49.377],[9.263,49.382],[9.301,49.376],[9.315,49.357],[9.295,49.348],[9.286,49.325],[9.284,49.317],[9.299,49.301],[9.296,49.285],[9.307,49.29],[9.297,49.283],[9.347,49.273],[9.296,49.253],[9.26,49.268],[9.248,49.265],[9.228,49.277],[9.242,49.297],[9.212,49.292],[9.221,49.307],[9.211,49.315]]],[[[7.798,48.085],[7.812,48.079],[7.838,48.082],[7.843,48.09],[7.807,48.098],[7.798,48.085]]],[[[8.043,48.695],[8.05,48.693],[8.073,48.712],[8.057,48.707],[8.043,48.695]]],[[[8.426,48.945],[8.487,48.941],[8.487,48.928],[8.489,48.949],[8.453,48.971],[8.439,48.946],[8.426,48.945]]],[[[8.511,48.94],[8.539,48.942],[8.538,48.954],[8.511,48.94]]],[[[8.381,48.959],[8.394,48.952],[8.381,48.963],[8.382,48.962],[8.381,48.959]]],[[[9.38,49.602],[9.404,49.587],[9.38,49.607],[9.382,49.605],[9.38,49.602]]]]}},{"type":"Feature","properties":{"NAME":"Holy Roman Empire","ABBREVN":"GermanStates","SUBJECTO":"Holy Roman Empire","BORDERPRECISION":3,"PARTOF":"Holy Roman Empire"},"geometry":{"type":"MultiPolygon","coordinates":[[[[5.928,50.981],[6.01,50.964],[6.074,50.867],[6,50.742],[6.155,50.662],[6.281,50.498],[6.298,50.287],[6.109,50.117],[6.137,49.982],[6.321,49.842],[6.531,49.798],[6.511,49.669],[6.399,49.604],[6.433,49.445],[6.626,49.302],[6.777,49.177],[6.954,49.202],[6.975,49.137],[7.285,49.164],[7.317,49.186],[7.423,49.183],[7.465,49.099],[7.67,49.059],[7.886,49.065],[8.158,48.978],[8.483,49.294],[8.31,49.553],[8.512,49.524],[8.599,49.38],[8.656,49.553],[8.721,49.553],[8.722,49.546],[8.724,49.546],[8.767,49.563],[8.769,49.578],[8.756,49.584],[8.71,49.582],[8.684,49.586],[8.697,49.593],[8.696,49.615],[8.724,49.617],[8.726,49.629],[8.737,49.63],[8.756,49.601],[8.801,49.575],[8.786,49.574],[8.808,49.535],[8.797,49.512],[8.74,49.523],[8.731,49.519],[8.727,49.523],[8.734,49.523],[8.724,49.53],[8.742,49.398],[8.804,49.356],[8.929,49.356],[8.971,49.335],[8.908,49.273],[9.075,49.273],[9.075,49.377],[9.159,49.398],[9.209,49.499],[9.183,49.489],[9.115,49.491],[9.107,49.51],[9.127,49.522],[9.116,49.534],[9.086,49.545],[9.074,49.562],[9.078,49.575],[9.081,49.564],[9.097,49.56],[9.103,49.579],[9.085,49.601],[9.069,49.602],[9.065,49.616],[9.102,49.642],[9.101,49.661],[9.089,49.67],[9.09,49.693],[9.128,49.702],[9.122,49.71],[9.139,49.727],[9.212,49.708],[9.231,49.713],[9.181,49.742],[9.182,49.775],[9.173,49.79],[9.13,49.789],[9.131,49.795],[9.108,49.798],[9.092,49.791],[9.078,49.82],[9.087,49.827],[9.08,49.837],[9.088,49.843],[9.062,49.832],[9.055,49.843],[9.06,49.846],[9.04,49.841],[9.044,49.855],[9.033,49.867],[9.002,49.892],[8.984,49.896],[8.982,49.902],[9.024,49.911],[9.032,49.925],[9.014,49.992],[8.952,49.998],[8.928,50.007],[8.938,50.012],[8.924,50.025],[8.892,50.015],[8.887,50.024],[8.861,50.024],[8.857,50.011],[8.898,49.991],[8.9,49.966],[8.812,49.946],[8.806,49.953],[8.814,49.977],[8.799,49.988],[8.823,50.01],[8.816,50.026],[8.863,50.049],[8.864,50.065],[8.87,50.061],[8.891,50.071],[8.89,50.066],[8.904,50.064],[8.908,50.075],[8.89,50.078],[8.873,50.094],[8.854,50.09],[8.841,50.072],[8.802,50.067],[8.793,50.086],[8.815,50.108],[8.81,50.122],[8.818,50.133],[8.862,50.126],[8.902,50.129],[8.917,50.113],[8.934,50.118],[9.009,50.105],[9.12,50.126],[9.154,50.118],[9.154,50.107],[9.142,50.096],[9.149,50.09],[9.191,50.127],[9.184,50.138],[9.221,50.149],[9.255,50.139],[9.273,50.143],[9.307,50.134],[9.328,50.141],[9.34,50.132],[9.375,50.131],[9.402,50.09],[9.435,50.085],[9.513,50.094],[9.519,50.113],[9.512,50.148],[9.531,50.162],[9.529,50.168],[9.501,50.169],[9.479,50.155],[9.482,50.15],[9.43,50.157],[9.406,50.145],[9.402,50.157],[9.369,50.174],[9.318,50.173],[9.303,50.185],[9.258,50.182],[9.21,50.198],[9.225,50.202],[9.252,50.229],[9.268,50.226],[9.302,50.24],[9.313,50.266],[9.328,50.276],[9.337,50.275],[9.351,50.243],[9.382,50.239],[9.392,50.241],[9.397,50.262],[9.376,50.271],[9.379,50.275],[9.419,50.281],[9.436,50.272],[9.449,50.284],[9.463,50.262],[9.494,50.257],[9.501,50.243],[9.538,50.232],[9.537,50.226],[9.576,50.232],[9.582,50.222],[9.604,50.222],[9.667,50.24],[9.682,50.231],[9.685,50.209],[9.7,50.203],[9.683,50.176],[9.616,50.18],[9.614,50.16],[9.59,50.134],[9.61,50.121],[9.641,50.124],[9.688,50.114],[9.695,50.127],[9.729,50.105],[9.717,50.099],[9.731,50.093],[9.752,50.103],[9.756,50.092],[9.835,50.093],[9.856,50.086],[9.852,50.076],[9.868,50.045],[9.91,50.043],[9.901,50.056],[9.941,50.088],[9.931,50.093],[9.945,50.127],[9.975,50.13],[9.984,50.141],[9.97,50.16],[9.956,50.165],[9.956,50.192],[9.968,50.201],[9.912,50.208],[9.92,50.214],[9.912,50.232],[9.927,50.239],[9.898,50.264],[9.916,50.276],[9.9,50.3],[9.901,50.311],[9.932,50.324],[9.929,50.33],[9.912,50.336],[9.883,50.331],[9.853,50.357],[9.876,50.369],[9.884,50.399],[9.958,50.424],[9.993,50.452],[9.996,50.461],[9.957,50.485],[9.946,50.501],[9.949,50.518],[9.977,50.533],[10.014,50.507],[10.015,50.538],[9.982,50.603],[9.997,50.619],[10.026,50.618],[10.047,50.601],[10.045,50.575],[10.061,50.557],[10.039,50.528],[10.045,50.517],[10.074,50.528],[10.073,50.538],[10.1,50.555],[10.109,50.564],[10.129,50.564],[10.176,50.544],[10.194,50.555],[10.231,50.532],[10.23,50.511],[10.2,50.5],[10.204,50.469],[10.175,50.469],[10.161,50.478],[10.155,50.502],[10.144,50.503],[10.111,50.499],[10.124,50.491],[10.118,50.481],[10.084,50.485],[10.083,50.474],[10.099,50.467],[10.097,50.461],[10.111,50.451],[10.149,50.442],[10.177,50.445],[10.232,50.42],[10.236,50.431],[10.248,50.432],[10.245,50.442],[10.251,50.44],[10.269,50.477],[10.303,50.486],[10.301,50.494],[10.331,50.494],[10.342,50.483],[10.336,50.466],[10.368,50.439],[10.382,50.439],[10.372,50.432],[10.404,50.425],[10.384,50.406],[10.395,50.395],[10.426,50.394],[10.449,50.403],[10.459,50.382],[10.47,50.374],[10.489,50.375],[10.496,50.367],[10.492,50.355],[10.514,50.359],[10.515,50.35],[10.533,50.365],[10.543,50.364],[10.555,50.357],[10.551,50.344],[10.562,50.338],[10.601,50.334],[10.593,50.317],[10.605,50.294],[10.592,50.27],[10.604,50.272],[10.599,50.263],[10.611,50.25],[10.599,50.246],[10.612,50.224],[10.663,50.228],[10.658,50.224],[10.687,50.222],[10.724,50.205],[10.732,50.213],[10.727,50.232],[10.733,50.251],[10.769,50.241],[10.782,50.252],[10.801,50.252],[10.827,50.238],[10.852,50.251],[10.864,50.245],[10.928,50.243],[10.931,50.233],[10.921,50.211],[10.899,50.21],[10.876,50.195],[10.873,50.197],[10.877,50.176],[10.914,50.168],[10.922,50.154],[10.903,50.15],[10.951,50.157],[10.961,50.174],[11.009,50.18],[11.002,50.186],[11.007,50.2],[10.984,50.208],[10.988,50.213],[11.033,50.219],[11.064,50.206],[11.103,50.211],[11.118,50.2],[11.109,50.2],[11.111,50.194],[11.152,50.199],[11.159,50.189],[11.18,50.185],[11.198,50.202],[11.178,50.2],[11.171,50.209],[11.212,50.211],[11.247,50.224],[11.247,50.238],[11.225,50.232],[11.203,50.242],[11.203,50.256],[11.189,50.271],[11.198,50.292],[11.253,50.268],[11.262,50.275],[11.251,50.299],[11.27,50.307],[11.256,50.322],[11.265,50.338],[11.277,50.336],[11.263,50.352],[11.285,50.36],[11.264,50.39],[11.29,50.432],[11.299,50.433],[11.302,50.462],[11.317,50.468],[11.342,50.46],[11.344,50.445],[11.371,50.441],[11.383,50.45],[11.386,50.437],[11.44,50.438],[11.452,50.43],[11.444,50.421],[11.478,50.433],[11.488,50.418],[11.479,50.401],[11.519,50.396],[11.521,50.355],[11.54,50.342],[11.534,50.317],[11.559,50.306],[11.564,50.281],[11.546,50.277],[11.536,50.266],[11.575,50.257],[11.547,50.238],[11.543,50.222],[11.557,50.217],[11.553,50.2],[11.571,50.192],[11.553,50.182],[11.542,50.149],[11.507,50.149],[11.45,50.171],[11.437,50.186],[11.413,50.176],[11.398,50.179],[11.383,50.194],[11.36,50.176],[11.363,50.159],[11.399,50.161],[11.386,50.149],[11.385,50.131],[11.367,50.126],[11.358,50.095],[11.32,50.077],[11.33,50.073],[11.319,50.062],[11.325,50.05],[11.285,50.035],[11.29,50.023],[11.264,50.017],[11.26,50.006],[11.28,49.972],[11.346,49.95],[11.376,49.931],[11.354,49.917],[11.372,49.892],[11.391,49.888],[11.387,49.896],[11.408,49.896],[11.414,49.886],[11.497,49.855],[11.471,49.848],[11.469,49.827],[11.471,49.838],[11.499,49.839],[11.535,49.818],[11.517,49.811],[11.513,49.803],[11.523,49.795],[11.526,49.773],[11.503,49.757],[11.477,49.758],[11.463,49.739],[11.435,49.732],[11.417,49.711],[11.343,49.678],[11.318,49.685],[11.279,49.675],[11.261,49.694],[11.225,49.698],[11.191,49.691],[11.201,49.681],[11.197,49.672],[11.141,49.649],[11.164,49.646],[11.198,49.654],[11.2,49.647],[11.173,49.612],[11.2,49.607],[11.177,49.59],[11.128,49.587],[11.069,49.608],[11.012,49.602],[11.034,49.645],[11.061,49.663],[11.034,49.673],[10.976,49.661],[10.971,49.623],[10.989,49.616],[10.971,49.583],[10.953,49.567],[10.917,49.574],[10.898,49.555],[10.937,49.545],[10.926,49.523],[10.903,49.534],[10.869,49.52],[10.835,49.534],[10.866,49.547],[10.835,49.592],[10.852,49.604],[10.828,49.604],[10.813,49.622],[10.866,49.636],[10.846,49.663],[10.793,49.66],[10.702,49.694],[10.65,49.738],[10.563,49.76],[10.567,49.774],[10.609,49.774],[10.594,49.788],[10.605,49.807],[10.631,49.801],[10.634,49.813],[10.65,49.821],[10.635,49.828],[10.629,49.844],[10.601,49.856],[10.627,49.876],[10.626,49.891],[10.6,49.89],[10.6,49.876],[10.587,49.875],[10.578,49.859],[10.556,49.865],[10.567,49.884],[10.53,49.883],[10.49,49.868],[10.462,49.875],[10.437,49.847],[10.443,49.838],[10.407,49.78],[10.357,49.792],[10.37,49.816],[10.356,49.824],[10.32,49.819],[10.308,49.806],[10.284,49.798],[10.317,49.733],[10.359,49.718],[10.397,49.748],[10.418,49.731],[10.473,49.729],[10.488,49.718],[10.48,49.706],[10.395,49.673],[10.404,49.666],[10.441,49.662],[10.457,49.648],[10.458,49.633],[10.397,49.607],[10.383,49.614],[10.376,49.643],[10.347,49.67],[10.381,49.684],[10.408,49.693],[10.41,49.718],[10.401,49.719],[10.39,49.703],[10.374,49.704],[10.35,49.701],[10.35,49.69],[10.304,49.694],[10.252,49.668],[10.226,49.665],[10.228,49.651],[10.184,49.652],[10.187,49.679],[10.21,49.679],[10.216,49.694],[10.234,49.695],[10.239,49.714],[10.219,49.725],[10.159,49.723],[10.123,49.696],[10.128,49.69],[10.114,49.687],[10.097,49.655],[10.061,49.647],[10.068,49.624],[10.088,49.625],[10.072,49.607],[10.072,49.588],[10.174,49.582],[10.165,49.569],[10.169,49.554],[10.183,49.544],[10.099,49.529],[10.084,49.544],[10.065,49.546],[10.04,49.528],[10.06,49.518],[10.053,49.51],[10.028,49.502],[10.013,49.483],[9.972,49.481],[9.993,49.446],[9.986,49.431],[10.04,49.411],[10.038,49.402],[10.014,49.403],[9.998,49.392],[9.969,49.397],[9.924,49.373],[9.888,49.387],[9.882,49.375],[9.871,49.373],[9.859,49.377],[9.864,49.393],[9.891,49.405],[9.895,49.416],[9.96,49.428],[9.962,49.436],[9.941,49.444],[9.934,49.437],[9.901,49.438],[9.911,49.467],[9.931,49.471],[9.949,49.465],[9.96,49.472],[9.954,49.481],[9.917,49.491],[9.924,49.509],[9.917,49.518],[9.924,49.525],[9.922,49.551],[9.927,49.551],[9.924,49.561],[9.898,49.564],[9.914,49.583],[9.875,49.578],[9.858,49.546],[9.812,49.556],[9.802,49.564],[9.818,49.578],[9.774,49.589],[9.731,49.564],[9.752,49.547],[9.726,49.537],[9.638,49.549],[9.638,49.414],[9.644,49.431],[9.659,49.442],[9.71,49.45],[9.713,49.434],[9.706,49.416],[9.681,49.412],[9.687,49.392],[9.682,49.382],[9.701,49.377],[9.683,49.371],[9.705,49.359],[9.701,49.352],[9.654,49.343],[9.645,49.317],[9.638,49.319],[9.638,49.273],[9.471,49.21],[9.428,49.095],[9.261,49.063],[8.887,48.775],[8.858,48.717],[8.743,48.833],[8.368,48.487],[8.08,48.463],[8.089,48.452],[8.05,48.454],[8.041,48.46],[8.022,48.458],[8.397,47.911],[8.512,48.112],[8.512,48.141],[8.291,48.281],[8.291,48.352],[8.522,48.292],[8.612,48.231],[8.682,47.97],[8.594,47.889],[8.636,47.776],[8.827,47.681],[8.983,47.68],[9.006,47.695],[8.994,47.707],[8.94,47.726],[8.959,47.737],[9.014,47.72],[8.987,47.743],[9.101,47.702],[9.109,47.69],[9.084,47.69],[9.048,47.708],[9.043,47.693],[9.081,47.683],[9.113,47.686],[9.118,47.679],[9.199,47.678],[9.216,47.671],[9.211,47.683],[9.188,47.699],[9.201,47.707],[9.18,47.705],[9.174,47.734],[9.067,47.78],[9.031,47.805],[9.043,47.818],[9.106,47.792],[9.132,47.772],[9.226,47.739],[9.237,47.711],[9.288,47.684],[9.348,47.661],[9.421,47.666],[9.466,47.648],[9.488,47.652],[9.502,47.646],[9.534,47.597],[9.563,47.585],[9.601,47.585],[9.607,47.572],[9.628,47.57],[9.653,47.556],[9.665,47.556],[9.737,47.616],[9.78,47.567],[9.892,47.564],[9.938,47.502],[10.026,47.48],[10.021,47.406],[10.138,47.389],[10.103,47.301],[10.2,47.301],[10.403,47.455],[10.388,47.579],[10.495,47.56],[10.613,47.585],[10.711,47.567],[10.741,47.639],[10.735,47.649],[10.778,47.662],[10.793,47.677],[10.801,47.703],[10.822,47.712],[10.828,47.734],[10.796,47.721],[10.781,47.723],[10.76,47.707],[10.768,47.698],[10.742,47.694],[10.745,47.705],[10.729,47.699],[10.726,47.71],[10.743,47.727],[10.736,47.736],[10.737,47.752],[10.751,47.757],[10.75,47.767],[10.793,47.775],[10.788,47.783],[10.767,47.786],[10.766,47.798],[10.813,47.795],[10.807,47.804],[10.828,47.804],[10.829,47.812],[10.8,47.813],[10.803,47.824],[10.752,47.832],[10.754,47.844],[10.793,47.856],[10.838,47.852],[10.841,47.865],[10.853,47.865],[10.86,47.874],[10.853,47.878],[10.861,47.897],[10.875,47.896],[10.877,47.909],[10.862,47.925],[10.882,47.933],[10.867,47.936],[10.868,47.943],[10.879,47.941],[10.879,47.949],[10.863,47.958],[10.878,47.964],[10.879,47.992],[10.871,47.996],[10.876,48.009],[10.821,48.003],[10.797,48.036],[10.765,48.035],[10.757,48.045],[10.767,48.05],[10.769,48.066],[10.809,48.083],[10.809,48.094],[10.822,48.106],[10.801,48.105],[10.78,48.134],[10.776,48.175],[10.798,48.183],[10.793,48.197],[10.8,48.208],[10.893,48.2],[10.952,48.298],[10.936,48.361],[10.906,48.38],[10.89,48.406],[10.881,48.477],[10.863,48.505],[10.874,48.538],[10.872,48.576],[10.885,48.606],[10.879,48.651],[10.899,48.702],[10.975,48.714],[10.983,48.69],[11.026,48.678],[11.054,48.687],[11.087,48.666],[11.076,48.627],[11.111,48.633],[11.133,48.628],[11.124,48.618],[11.154,48.608],[11.166,48.614],[11.19,48.61],[11.177,48.629],[11.19,48.638],[11.207,48.629],[11.214,48.64],[11.201,48.649],[11.216,48.658],[11.282,48.642],[11.278,48.656],[11.327,48.658],[11.318,48.667],[11.347,48.674],[11.349,48.664],[11.401,48.676],[11.446,48.664],[11.444,48.656],[11.475,48.642],[11.485,48.645],[11.482,48.653],[11.505,48.655],[11.5,48.674],[11.53,48.716],[11.52,48.733],[11.484,48.739],[11.473,48.748],[11.456,48.745],[11.445,48.727],[11.434,48.737],[11.407,48.733],[11.392,48.718],[11.369,48.725],[11.335,48.722],[11.29,48.737],[11.291,48.748],[11.276,48.748],[11.277,48.773],[11.326,48.76],[11.348,48.777],[11.325,48.787],[11.331,48.812],[11.378,48.843],[11.394,48.838],[11.405,48.849],[11.403,48.863],[11.388,48.875],[11.387,48.899],[11.413,48.91],[11.469,48.916],[11.474,48.925],[11.492,48.921],[11.501,48.932],[11.486,48.939],[11.484,48.959],[11.517,48.954],[11.526,48.987],[11.545,48.985],[11.595,49.017],[11.535,49.043],[11.538,49.06],[11.527,49.062],[11.527,49.071],[11.541,49.071],[11.539,49.084],[11.525,49.087],[11.525,49.095],[11.534,49.095],[11.485,49.108],[11.471,49.117],[11.469,49.131],[11.434,49.149],[11.455,49.163],[11.453,49.178],[11.422,49.197],[11.39,49.213],[11.37,49.203],[11.371,49.192],[11.36,49.182],[11.342,49.183],[11.32,49.17],[11.313,49.174],[11.313,49.193],[11.322,49.199],[11.289,49.234],[11.295,49.246],[11.285,49.255],[11.274,49.252],[11.262,49.272],[11.306,49.277],[11.334,49.295],[11.327,49.3],[11.384,49.339],[11.374,49.35],[11.391,49.364],[11.376,49.387],[11.415,49.406],[11.414,49.417],[11.484,49.425],[11.513,49.408],[11.556,49.406],[11.562,49.414],[11.559,49.431],[11.599,49.473],[11.564,49.499],[11.552,49.497],[11.544,49.507],[11.548,49.513],[11.625,49.514],[11.689,49.488],[11.737,49.491],[11.746,49.479],[11.791,49.472],[11.813,49.48],[11.83,49.478],[11.823,49.465],[11.828,49.461],[11.848,49.47],[11.846,49.48],[11.891,49.501],[11.934,49.484],[11.934,49.544],[11.919,49.551],[11.92,49.583],[11.908,49.594],[11.874,49.59],[11.826,49.596],[11.793,49.617],[11.753,49.625],[11.741,49.62],[11.699,49.657],[11.622,49.624],[11.615,49.611],[11.596,49.606],[11.564,49.574],[11.54,49.602],[11.513,49.608],[11.517,49.627],[11.563,49.635],[11.567,49.676],[11.55,49.699],[11.574,49.704],[11.576,49.74],[11.588,49.751],[11.58,49.761],[11.649,49.785],[11.668,49.806],[11.686,49.805],[11.673,49.819],[11.675,49.832],[11.706,49.847],[11.712,49.869],[11.736,49.876],[11.712,49.891],[11.73,49.899],[11.714,49.906],[11.716,49.924],[11.747,49.928],[11.762,49.947],[11.787,49.941],[11.798,49.951],[11.792,49.964],[11.8,49.982],[11.788,49.998],[11.796,50.009],[11.816,50.004],[11.821,50.023],[11.858,50.022],[11.874,50.016],[11.887,49.999],[11.922,49.984],[11.962,49.992],[12.193,49.998],[12.201,50.011],[12.198,50.033],[12.199,50.033],[12.128,50.152],[12.085,50.152],[12.084,50.262],[12.152,50.242],[12.177,50.192],[12.202,50.24],[12.256,50.273],[12.235,50.279],[12.207,50.298],[12.116,50.309],[12.047,50.339],[12.022,50.359],[11.948,50.394],[11.895,50.445],[11.944,50.465],[11.97,50.489],[11.969,50.503],[11.932,50.534],[11.93,50.547],[11.947,50.56],[11.959,50.594],[11.993,50.603],[11.999,50.639],[12.021,50.642],[12.032,50.6],[12.072,50.572],[12.075,50.547],[12.091,50.543],[12.157,50.558],[12.146,50.588],[12.118,50.618],[12.13,50.624],[12.231,50.611],[12.253,50.631],[12.324,50.631],[12.368,50.669],[12.354,50.685],[12.317,50.679],[12.269,50.682],[12.252,50.69],[12.248,50.723],[12.227,50.731],[12.208,50.735],[12.201,50.714],[12.201,50.706],[12.172,50.706],[12.152,50.724],[12.118,50.735],[12.091,50.719],[12.073,50.727],[12.05,50.711],[12.017,50.706],[12.015,50.695],[11.978,50.683],[11.976,50.669],[11.95,50.657],[11.9,50.653],[11.88,50.664],[11.81,50.637],[11.747,50.58],[11.731,50.581],[11.694,50.604],[11.661,50.597],[11.662,50.582],[11.63,50.577],[11.601,50.561],[11.582,50.583],[11.562,50.583],[11.533,50.568],[11.521,50.576],[11.492,50.608],[11.497,50.664],[11.472,50.684],[11.473,50.706],[11.497,50.716],[11.509,50.718],[11.538,50.702],[11.587,50.713],[11.589,50.732],[11.554,50.732],[11.559,50.754],[11.693,50.789],[11.699,50.807],[11.715,50.814],[11.787,50.827],[11.871,50.896],[11.966,50.881],[12.045,50.845],[12.064,50.844],[12.091,50.858],[12.109,50.852],[12.127,50.827],[12.29,50.808],[12.312,50.82],[12.31,50.863],[12.383,50.867],[12.404,50.88],[12.417,50.873],[12.44,50.88],[12.548,50.95],[12.615,50.949],[12.625,50.935],[12.65,50.934],[12.668,50.938],[12.674,50.956],[12.637,50.985],[12.564,50.982],[12.536,50.997],[12.528,51.007],[12.535,51.008],[12.52,51.016],[12.526,51.025],[12.557,51.032],[12.52,51.088],[12.486,51.097],[12.48,51.123],[12.377,51.122],[12.358,51.126],[12.356,51.134],[12.344,51.123],[12.273,51.119],[12.238,51.136],[12.226,51.157],[12.192,51.153],[12.187,51.086],[12.179,51.079],[12.117,51.076],[12.102,51.051],[12.06,51.049],[12.047,51.026],[11.988,51.009],[11.96,50.983],[11.95,50.988],[11.939,51.019],[11.924,51.022],[11.912,51.018],[11.907,51.006],[11.91,50.987],[11.875,50.985],[11.866,51.001],[11.829,51.004],[11.78,50.988],[11.74,50.96],[11.646,50.953],[11.602,50.953],[11.478,50.996],[11.495,51.017],[11.537,51.006],[11.563,51.016],[11.551,51.047],[11.586,51.065],[11.591,51.082],[11.575,51.089],[11.537,51.078],[11.524,51.083],[11.509,51.107],[11.492,51.106],[11.487,51.086],[11.478,51.08],[11.425,51.103],[11.458,51.126],[11.452,51.159],[11.463,51.186],[11.447,51.188],[11.363,51.174],[11.358,51.169],[11.371,51.154],[11.332,51.133],[11.305,51.134],[11.266,51.15],[11.197,51.114],[11.175,51.115],[11.174,51.128],[11.175,51.106],[11.138,51.092],[11.093,51.112],[11.102,51.118],[11.097,51.128],[11.064,51.129],[11.064,51.13],[11.051,51.128],[11.02,51.133],[10.999,51.129],[10.973,51.116],[10.981,51.097],[10.964,51.086],[10.988,51.036],[11.025,51.031],[11.028,51.057],[11.018,51.059],[10.999,51.074],[10.998,51.086],[11.083,51.087],[11.091,51.068],[11.085,51.065],[11.128,51.082],[11.126,51.06],[11.147,51.066],[11.159,51.057],[11.177,51.07],[11.206,51.036],[11.195,51.021],[11.214,51.006],[11.237,51.007],[11.226,50.997],[11.241,50.985],[11.266,50.985],[11.267,50.971],[11.221,50.95],[11.232,50.946],[11.221,50.931],[11.253,50.889],[11.246,50.875],[11.208,50.882],[11.206,50.865],[11.181,50.879],[11.172,50.875],[11.188,50.872],[11.178,50.867],[11.152,50.877],[11.127,50.902],[11.113,50.893],[11.036,50.88],[11.024,50.859],[11.005,50.864],[10.995,50.874],[11.007,50.895],[11.055,50.896],[11.055,50.91],[10.98,50.904],[10.97,50.922],[11.023,50.929],[11.026,50.938],[11.002,50.939],[11,50.948],[10.953,50.938],[10.939,50.947],[10.912,50.941],[10.916,50.93],[10.905,50.923],[10.876,50.927],[10.868,50.942],[10.897,50.945],[10.894,50.961],[10.855,50.963],[10.852,50.952],[10.827,50.951],[10.832,50.99],[10.814,50.98],[10.781,50.986],[10.836,51.007],[10.889,50.995],[10.915,51.004],[10.911,51.021],[10.87,51.028],[10.869,51.058],[10.839,51.07],[10.799,51.072],[10.793,51.086],[10.804,51.097],[10.81,51.098],[10.784,51.095],[10.77,51.093],[10.764,51.105],[10.754,51.109],[10.748,51.1],[10.698,51.099],[10.625,51.063],[10.53,51.093],[10.449,51.095],[10.395,51.134],[10.399,51.146],[10.422,51.155],[10.474,51.159],[10.55,51.189],[10.577,51.19],[10.585,51.18],[10.597,51.186],[10.596,51.209],[10.633,51.228],[10.695,51.207],[10.722,51.211],[10.727,51.219],[10.804,51.199],[10.916,51.182],[10.952,51.184],[10.967,51.192],[10.927,51.221],[10.941,51.241],[11.001,51.268],[10.983,51.285],[10.989,51.29],[11.13,51.297],[11.184,51.29],[11.199,51.283],[11.149,51.383],[11.139,51.385],[11.124,51.407],[11.087,51.407],[11.07,51.441],[11.134,51.517],[11.178,51.546],[11.171,51.602],[11.245,51.658],[11.39,51.651],[11.442,51.613],[11.521,51.457],[11.538,51.307],[11.421,51.307],[11.421,51.335],[11.389,51.32],[11.383,51.306],[11.501,51.284],[11.529,51.272],[11.561,51.272],[11.59,51.292],[11.619,51.28],[11.678,51.27],[11.687,51.264],[11.69,51.218],[11.697,51.21],[11.767,51.206],[11.773,51.194],[11.767,51.165],[11.781,51.132],[11.792,51.128],[11.856,51.125],[11.889,51.14],[11.899,51.169],[11.873,51.186],[11.859,51.214],[11.915,51.234],[11.978,51.296],[11.999,51.28],[12.011,51.243],[12.082,51.238],[12.123,51.219],[12.164,51.219],[12.17,51.234],[12.181,51.237],[12.203,51.237],[12.209,51.228],[12.232,51.247],[12.269,51.253],[12.315,51.274],[12.328,51.285],[12.28,51.342],[12.326,51.353],[12.33,51.362],[12.316,51.408],[12.324,51.42],[12.36,51.435],[12.362,51.446],[12.344,51.476],[12.344,51.491],[12.315,51.488],[12.311,51.481],[12.319,51.469],[12.222,51.467],[12.208,51.475],[12.181,51.463],[12.126,51.5],[12.07,51.505],[12.042,51.551],[12.062,51.568],[12.088,51.573],[12.137,51.602],[12.135,51.625],[12.093,51.624],[12.049,51.634],[11.948,51.625],[11.94,51.638],[11.947,51.659],[11.927,51.68],[11.962,51.689],[11.994,51.681],[12.069,51.69],[12.144,51.724],[12.161,51.724],[12.171,51.748],[12.166,51.763],[12.176,51.768],[12.207,51.761],[12.239,51.732],[12.325,51.74],[12.341,51.766],[12.341,51.817],[12.424,51.836],[12.458,51.855],[12.462,51.863],[12.454,51.876],[12.431,51.899],[12.463,51.922],[12.492,51.957],[12.498,52.013],[12.493,52.033],[12.434,52.074],[12.363,52.063],[12.185,52.073],[12.118,52.129],[12.109,52.124],[12.111,52.135],[12.113,52.147],[12.097,52.167],[12.073,52.17],[12.127,52.188],[12.137,52.184],[12.139,52.187],[12.107,52.203],[11.94,52.138],[11.815,52.154],[11.826,52.108],[11.853,52.134],[11.875,52.127],[11.888,52.112],[11.875,52.101],[11.879,52.091],[11.899,52.096],[11.91,52.071],[12.014,52.053],[12.024,52.049],[12.031,52.032],[11.965,51.999],[11.926,51.99],[11.92,51.965],[11.931,51.943],[11.908,51.927],[11.878,51.931],[11.853,51.909],[11.812,51.912],[11.742,51.977],[11.746,51.985],[11.8,51.997],[11.812,52.007],[11.78,52.021],[11.757,52.014],[11.755,52.019],[11.688,51.952],[11.703,51.945],[11.677,51.918],[11.588,51.918],[11.498,51.829],[11.416,51.833],[11.39,51.77],[11.282,51.762],[11.256,51.796],[11.182,51.777],[11.167,51.803],[11.067,51.747],[11.126,51.58],[11.059,51.557],[10.973,51.584],[10.953,51.631],[10.892,51.638],[10.872,51.651],[10.832,51.611],[10.691,51.618],[10.598,51.564],[10.55,51.575],[10.529,51.602],[10.571,51.623],[10.518,51.677],[10.475,51.65],[10.454,51.677],[10.416,51.655],[10.427,51.612],[10.389,51.591],[10.352,51.612],[10.325,51.575],[10.284,51.577],[10.319,51.562],[10.364,51.556],[10.371,51.552],[10.366,51.542],[10.468,51.544],[10.48,51.518],[10.477,51.503],[10.464,51.497],[10.467,51.486],[10.465,51.485],[10.51,51.477],[10.514,51.375],[10.521,51.369],[10.519,51.363],[10.515,51.361],[10.519,51.264],[10.427,51.236],[10.387,51.281],[10.369,51.249],[10.34,51.243],[10.314,51.202],[10.343,51.188],[10.362,51.19],[10.377,51.168],[10.336,51.15],[10.21,51.143],[10.2,51.151],[10.201,51.15],[10.2,51.148],[10.208,51.14],[10.207,51.117],[10.2,51.113],[10.189,51.117],[10.18,51.131],[10.186,51.138],[10.17,51.152],[10.125,51.147],[10.121,51.137],[10.153,51.118],[10.172,51.118],[10.175,51.107],[10.16,51.108],[10.163,51.098],[10.144,51.085],[10.152,51.07],[10.14,51.059],[10.184,51.048],[10.205,51.035],[10.202,51.031],[10.214,51.025],[10.194,51.018],[10.205,51.007],[10.145,50.993],[10.127,51.001],[10.127,51.011],[10.104,51.005],[10.035,51.012],[10.019,50.982],[10.038,50.97],[10.032,50.959],[10.043,50.949],[10.061,50.943],[10.027,50.943],[10.011,50.935],[9.975,50.943],[9.951,50.941],[9.956,50.922],[9.967,50.934],[10.045,50.929],[10.094,50.893],[10.111,50.893],[10.137,50.907],[10.143,50.894],[10.17,50.902],[10.179,50.883],[10.198,50.88],[10.211,50.894],[10.22,50.888],[10.19,50.873],[10.185,50.866],[10.21,50.863],[10.189,50.853],[10.143,50.857],[10.114,50.869],[10.1,50.866],[10.092,50.874],[10.076,50.872],[10.074,50.879],[10.059,50.872],[10.054,50.851],[10.041,50.841],[10.057,50.821],[10.079,50.81],[10.078,50.789],[10.086,50.784],[10.075,50.783],[10.069,50.761],[10.06,50.76],[10.097,50.74],[10.076,50.72],[10.079,50.707],[10.043,50.734],[10.048,50.748],[10.04,50.758],[9.988,50.766],[9.969,50.783],[9.949,50.781],[9.955,50.786],[9.944,50.794],[9.957,50.81],[9.952,50.821],[9.899,50.817],[9.892,50.811],[9.896,50.79],[9.881,50.796],[9.812,50.794],[9.799,50.806],[9.807,50.814],[9.791,50.82],[9.74,50.807],[9.729,50.82],[9.7,50.813],[9.699,50.802],[9.677,50.793],[9.681,50.784],[9.671,50.769],[9.651,50.76],[9.628,50.76],[9.619,50.767],[9.602,50.759],[9.571,50.766],[9.508,50.735],[9.475,50.764],[9.432,50.77],[9.419,50.766],[9.404,50.743],[9.384,50.744],[9.344,50.768],[9.345,50.779],[9.369,50.787],[9.365,50.798],[9.333,50.796],[9.332,50.786],[9.312,50.776],[9.299,50.779],[9.293,50.79],[9.272,50.791],[9.26,50.818],[9.149,50.836],[9.147,50.841],[9.138,50.827],[9.114,50.831],[9.099,50.824],[9.096,50.808],[9.008,50.788],[9.015,50.788],[9.015,50.774],[8.998,50.765],[8.958,50.753],[8.951,50.775],[8.955,50.753],[8.938,50.73],[8.912,50.725],[8.907,50.716],[8.919,50.704],[8.913,50.694],[8.899,50.689],[8.867,50.697],[8.844,50.681],[8.814,50.703],[8.804,50.7],[8.8,50.693],[8.78,50.688],[8.806,50.668],[8.803,50.654],[8.81,50.646],[8.779,50.633],[8.759,50.644],[8.77,50.653],[8.767,50.678],[8.777,50.689],[8.768,50.695],[8.741,50.682],[8.71,50.686],[8.703,50.68],[8.705,50.679],[8.713,50.66],[8.687,50.653],[8.697,50.642],[8.685,50.619],[8.635,50.595],[8.613,50.618],[8.619,50.625],[8.6,50.655],[8.62,50.675],[8.595,50.676],[8.587,50.69],[8.57,50.701],[8.577,50.707],[8.551,50.708],[8.542,50.727],[8.547,50.737],[8.589,50.736],[8.62,50.76],[8.649,50.765],[8.644,50.793],[8.609,50.809],[8.629,50.822],[8.623,50.827],[8.631,50.828],[8.632,50.842],[8.614,50.846],[8.629,50.857],[8.615,50.887],[8.592,50.907],[8.609,50.912],[8.635,50.934],[8.617,50.947],[8.664,50.956],[8.651,50.982],[8.662,50.982],[8.671,50.995],[8.709,50.995],[8.714,51.019],[8.729,51.033],[8.701,51.042],[8.656,51.081],[8.65,51.095],[8.653,51.095],[8.549,51.103],[8.546,51.114],[8.506,51.126],[8.489,51.142],[8.492,51.154],[8.507,51.161],[8.483,51.17],[8.341,51.093],[8.278,51.103],[8.227,51.1],[8.221,51.091],[8.246,51.058],[8.228,51.046],[8.215,51.022],[8.177,51.02],[8.169,51.007],[8.13,51.023],[8.098,51.025],[8.08,51.023],[8.066,51.007],[8.043,51.005],[8.022,51.026],[8.022,51.042],[7.999,51.033],[7.955,51.029],[7.938,51.007],[7.934,50.991],[7.941,50.978],[7.938,50.967],[7.923,50.959],[7.928,50.95],[7.922,50.932],[7.897,50.919],[7.88,50.925],[7.857,50.918],[7.768,50.839],[7.549,50.87],[7.299,50.839],[7.065,51.432],[7.002,51.432],[6.985,51.519],[6.971,51.508],[6.867,51.493],[6.857,51.505],[6.878,51.544],[6.86,51.557],[6.868,51.568],[6.836,51.581],[6.866,51.597],[6.851,51.608],[6.869,51.62],[6.868,51.631],[6.902,51.636],[6.958,51.654],[6.961,51.664],[6.964,51.664],[6.951,51.667],[6.93,51.662],[6.887,51.669],[6.876,51.702],[6.86,51.717],[6.851,51.741],[6.842,51.748],[6.824,51.741],[6.778,51.747],[6.756,51.776],[6.728,51.769],[6.726,51.753],[6.666,51.748],[6.647,51.741],[6.768,51.635],[6.721,51.51],[6.768,51.417],[6.627,51.417],[6.627,51.537],[6.613,51.521],[6.568,51.517],[6.574,51.505],[6.561,51.496],[6.558,51.478],[6.527,51.463],[6.485,51.488],[6.478,51.513],[6.462,51.512],[6.462,51.513],[6.44,51.448],[6.396,51.422],[6.426,51.425],[6.439,51.415],[6.472,51.426],[6.482,51.406],[6.509,51.396],[6.569,51.416],[6.578,51.4],[6.614,51.398],[6.615,51.376],[6.645,51.383],[6.663,51.376],[6.672,51.369],[6.656,51.362],[6.655,51.352],[6.71,51.334],[6.733,51.318],[6.731,51.304],[6.704,51.278],[6.703,51.268],[6.766,51.237],[6.76,51.219],[6.723,51.225],[6.731,51.187],[6.747,51.18],[6.792,51.181],[6.797,51.172],[6.792,51.15],[6.801,51.143],[6.813,51.143],[6.838,51.161],[6.854,51.159],[6.848,51.132],[6.883,51.104],[6.854,51.087],[6.854,51.077],[6.925,51.05],[6.913,51.03],[6.915,51.018],[6.964,51.006],[6.966,50.989],[6.995,50.977],[6.997,50.967],[6.984,50.958],[6.976,50.955],[6.961,50.964],[6.928,50.95],[6.933,50.919],[6.97,50.924],[6.973,50.917],[6.996,50.896],[7.042,50.892],[7.051,50.88],[6.983,50.844],[6.983,50.83],[7.024,50.819],[7.032,50.79],[7.067,50.771],[7.103,50.762],[7.125,50.774],[7.157,50.745],[7.135,50.72],[7.158,50.713],[7.171,50.698],[7.217,50.7],[7.231,50.693],[7.221,50.657],[7.167,50.618],[7.157,50.622],[7.122,50.608],[7.091,50.634],[7.042,50.602],[6.968,50.596],[6.956,50.604],[6.935,50.604],[6.936,50.619],[6.917,50.643],[6.936,50.654],[6.938,50.674],[6.909,50.673],[6.913,50.678],[6.899,50.697],[6.912,50.709],[6.902,50.72],[6.871,50.73],[6.875,50.763],[6.861,50.77],[6.815,50.769],[6.804,50.757],[6.776,50.76],[6.768,50.755],[6.79,50.74],[6.787,50.718],[6.749,50.709],[6.718,50.719],[6.709,50.738],[6.719,50.747],[6.676,50.788],[6.688,50.796],[6.674,50.803],[6.679,50.817],[6.7,50.829],[6.691,50.838],[6.693,50.845],[6.739,50.869],[6.766,50.873],[6.811,50.863],[6.828,50.869],[6.836,50.885],[6.875,50.901],[6.875,50.911],[6.792,50.915],[6.776,50.929],[6.754,50.933],[6.749,50.944],[6.774,50.953],[6.792,50.981],[6.823,50.99],[6.819,51.01],[6.832,51.019],[6.832,51.029],[6.769,51.014],[6.735,51.014],[6.669,50.982],[6.632,50.985],[6.585,50.965],[6.566,50.978],[6.574,50.993],[6.537,51.04],[6.559,51.047],[6.584,51.036],[6.641,51.045],[6.654,51.074],[6.669,51.081],[6.679,51.074],[6.712,51.075],[6.714,51.101],[6.724,51.111],[6.701,51.113],[6.696,51.121],[6.705,51.128],[6.698,51.166],[6.652,51.14],[6.658,51.125],[6.653,51.119],[6.59,51.101],[6.583,51.092],[6.57,51.095],[6.556,51.116],[6.519,51.113],[6.491,51.131],[6.426,51.126],[6.419,51.16],[6.455,51.176],[6.495,51.182],[6.517,51.211],[6.497,51.202],[6.476,51.208],[6.482,51.232],[6.504,51.254],[6.469,51.257],[6.382,51.292],[6.355,51.35],[6.359,51.374],[6.35,51.394],[6.378,51.402],[6.39,51.419],[6.331,51.385],[6.222,51.389],[6.089,51.198],[6.176,51.144],[5.964,51.024],[5.928,50.981]],[[11.543,50.148],[11.578,50.153],[11.607,50.175],[11.605,50.196],[11.626,50.207],[11.605,50.225],[11.613,50.236],[11.598,50.259],[11.638,50.269],[11.648,50.283],[11.672,50.288],[11.682,50.303],[11.722,50.31],[11.73,50.299],[11.693,50.273],[11.695,50.258],[11.678,50.254],[11.666,50.26],[11.654,50.254],[11.666,50.227],[11.655,50.21],[11.681,50.194],[11.661,50.169],[11.67,50.156],[11.695,50.161],[11.702,50.151],[11.676,50.14],[11.714,50.103],[11.701,50.075],[11.642,50.078],[11.625,50.088],[11.643,50.103],[11.65,50.138],[11.607,50.143],[11.595,50.119],[11.58,50.116],[11.545,50.125],[11.543,50.148]],[[6.525,50.484],[6.556,50.498],[6.566,50.514],[6.557,50.52],[6.552,50.532],[6.557,50.541],[6.546,50.551],[6.609,50.55],[6.618,50.561],[6.641,50.568],[6.638,50.587],[6.596,50.573],[6.584,50.59],[6.585,50.601],[6.604,50.603],[6.614,50.613],[6.623,50.639],[6.706,50.611],[6.708,50.603],[6.676,50.575],[6.712,50.555],[6.679,50.546],[6.643,50.52],[6.646,50.502],[6.66,50.503],[6.665,50.489],[6.655,50.479],[6.636,50.484],[6.607,50.451],[6.593,50.464],[6.525,50.484]],[[6.585,49.491],[6.595,49.496],[6.595,49.509],[6.647,49.506],[6.661,49.494],[6.654,49.48],[6.605,49.482],[6.585,49.491]],[[6.594,50.715],[6.617,50.714],[6.62,50.73],[6.64,50.732],[6.675,50.713],[6.678,50.695],[6.647,50.666],[6.605,50.673],[6.601,50.684],[6.616,50.687],[6.594,50.715]],[[6.799,50.363],[6.811,50.381],[6.814,50.393],[6.834,50.396],[6.833,50.412],[6.84,50.42],[6.86,50.43],[6.867,50.456],[6.825,50.456],[6.803,50.471],[6.807,50.503],[6.825,50.517],[6.874,50.519],[6.897,50.537],[6.954,50.552],[7.036,50.559],[7.09,50.537],[7.091,50.504],[7.176,50.511],[7.201,50.493],[7.261,50.518],[7.267,50.536],[7.286,50.54],[7.303,50.512],[7.373,50.454],[7.394,50.444],[7.437,50.443],[7.457,50.419],[7.48,50.412],[7.477,50.405],[7.461,50.405],[7.438,50.392],[7.407,50.394],[7.396,50.387],[7.383,50.391],[7.381,50.409],[7.345,50.431],[7.312,50.436],[7.304,50.425],[7.285,50.436],[7.228,50.412],[7.202,50.391],[7.201,50.37],[7.189,50.365],[7.163,50.384],[7.123,50.384],[7.179,50.417],[7.136,50.426],[7.141,50.432],[7.161,50.43],[7.148,50.44],[7.162,50.441],[7.16,50.449],[7.131,50.45],[7.102,50.434],[7.059,50.427],[7.056,50.413],[7.04,50.405],[7.046,50.393],[7.042,50.389],[7.007,50.384],[7.007,50.369],[6.979,50.351],[7.01,50.348],[7.034,50.334],[6.989,50.319],[6.988,50.31],[6.979,50.308],[6.943,50.316],[6.949,50.326],[6.943,50.331],[6.922,50.333],[6.872,50.319],[6.859,50.323],[6.828,50.357],[6.831,50.362],[6.799,50.363]],[[6.953,49.694],[6.974,49.715],[7,49.723],[7.029,49.717],[6.992,49.704],[6.973,49.681],[6.953,49.694]],[[6.973,49.664],[6.974,49.675],[7.029,49.68],[7.07,49.71],[7.099,49.711],[7.105,49.708],[7.093,49.698],[7.11,49.7],[7.131,49.722],[7.231,49.762],[7.241,49.748],[7.269,49.754],[7.28,49.752],[7.278,49.745],[7.316,49.748],[7.289,49.791],[7.263,49.789],[7.263,49.804],[7.272,49.807],[7.322,49.79],[7.38,49.806],[7.39,49.792],[7.367,49.783],[7.364,49.766],[7.415,49.748],[7.424,49.747],[7.464,49.784],[7.51,49.758],[7.551,49.753],[7.564,49.736],[7.553,49.735],[7.528,49.709],[7.519,49.726],[7.483,49.722],[7.478,49.717],[7.492,49.703],[7.458,49.694],[7.436,49.693],[7.45,49.701],[7.434,49.706],[7.427,49.727],[7.402,49.71],[7.368,49.716],[7.313,49.709],[7.309,49.667],[7.321,49.657],[7.299,49.646],[7.278,49.623],[7.226,49.635],[7.125,49.622],[7.095,49.636],[7.078,49.632],[7.05,49.652],[7.008,49.63],[6.997,49.633],[7,49.647],[6.987,49.649],[6.973,49.664]],[[7.152,49.79],[7.206,49.824],[7.237,49.795],[7.194,49.778],[7.152,49.79]],[[7.211,50.597],[7.216,50.627],[7.257,50.624],[7.356,50.648],[7.356,50.665],[7.369,50.671],[7.372,50.682],[7.359,50.699],[7.373,50.718],[7.439,50.712],[7.47,50.673],[7.486,50.668],[7.482,50.641],[7.474,50.635],[7.482,50.626],[7.451,50.618],[7.478,50.608],[7.485,50.598],[7.471,50.597],[7.476,50.576],[7.431,50.573],[7.423,50.567],[7.432,50.556],[7.419,50.556],[7.411,50.547],[7.414,50.539],[7.396,50.533],[7.394,50.524],[7.365,50.525],[7.342,50.536],[7.346,50.551],[7.333,50.556],[7.288,50.548],[7.264,50.575],[7.22,50.584],[7.211,50.597]],[[7.215,49.912],[7.275,49.963],[7.276,49.977],[7.266,49.977],[7.263,49.987],[7.253,49.984],[7.275,50.022],[7.241,50.044],[7.29,50.033],[7.301,50.04],[7.294,50.049],[7.318,50.06],[7.334,50.051],[7.349,50.024],[7.403,50.014],[7.388,50],[7.413,49.986],[7.408,49.975],[7.391,49.972],[7.396,49.963],[7.501,49.968],[7.484,49.924],[7.475,49.923],[7.483,49.918],[7.437,49.896],[7.542,49.891],[7.539,49.872],[7.588,49.88],[7.617,49.898],[7.647,49.903],[7.66,49.897],[7.678,49.904],[7.707,49.926],[7.758,49.927],[7.78,49.891],[7.713,49.885],[7.707,49.893],[7.692,49.891],[7.688,49.895],[7.675,49.895],[7.664,49.886],[7.691,49.871],[7.675,49.86],[7.648,49.861],[7.64,49.854],[7.656,49.828],[7.599,49.839],[7.584,49.833],[7.579,49.819],[7.588,49.806],[7.587,49.785],[7.57,49.773],[7.554,49.78],[7.562,49.793],[7.548,49.803],[7.561,49.813],[7.518,49.812],[7.487,49.837],[7.467,49.838],[7.42,49.879],[7.397,49.888],[7.402,49.906],[7.348,49.897],[7.307,49.909],[7.281,49.899],[7.287,49.89],[7.281,49.883],[7.294,49.879],[7.267,49.884],[7.252,49.879],[7.261,49.901],[7.243,49.911],[7.216,49.901],[7.215,49.912]],[[7.227,49.835],[7.263,49.855],[7.283,49.848],[7.288,49.838],[7.305,49.839],[7.309,49.826],[7.264,49.821],[7.227,49.835]],[[7.465,50.335],[7.493,50.338],[7.497,50.346],[7.559,50.332],[7.503,50.306],[7.483,50.321],[7.469,50.317],[7.465,50.335]],[[7.56,49.237],[7.604,49.253],[7.691,49.258],[7.7,49.271],[7.745,49.284],[7.763,49.297],[7.788,49.293],[7.81,49.316],[7.834,49.321],[7.843,49.307],[7.837,49.299],[7.846,49.294],[7.832,49.288],[7.827,49.247],[7.763,49.231],[7.752,49.202],[7.739,49.196],[7.716,49.198],[7.709,49.208],[7.674,49.189],[7.662,49.197],[7.673,49.208],[7.651,49.203],[7.668,49.215],[7.672,49.23],[7.667,49.238],[7.616,49.212],[7.601,49.217],[7.602,49.233],[7.56,49.237]],[[7.56,50.11],[7.605,50.126],[7.601,50.136],[7.607,50.14],[7.658,50.144],[7.645,50.157],[7.666,50.172],[7.689,50.169],[7.687,50.192],[7.701,50.204],[7.717,50.197],[7.717,50.223],[7.734,50.231],[7.715,50.241],[7.734,50.248],[7.741,50.266],[7.762,50.266],[7.787,50.245],[7.853,50.263],[7.873,50.28],[7.938,50.303],[7.962,50.291],[7.958,50.274],[7.965,50.267],[7.948,50.256],[7.951,50.25],[8.032,50.239],[8.044,50.22],[8.099,50.222],[8.096,50.206],[8.065,50.198],[8.072,50.184],[8.059,50.178],[8.068,50.167],[8.096,50.16],[8.089,50.147],[8.108,50.131],[8.118,50.094],[8.084,50.103],[8.181,50.076],[8.173,50.062],[8.143,50.047],[8.158,50.03],[8.19,50.036],[8.243,50.028],[8.284,50.039],[8.338,50.008],[8.373,50.014],[8.378,50.025],[8.434,50.051],[8.42,50.067],[8.427,50.088],[8.459,50.098],[8.506,50.097],[8.509,50.105],[8.462,50.111],[8.386,50.154],[8.374,50.12],[8.338,50.109],[8.339,50.151],[8.325,50.165],[8.327,50.183],[8.355,50.2],[8.406,50.209],[8.458,50.23],[8.491,50.216],[8.487,50.212],[8.505,50.198],[8.532,50.199],[8.534,50.212],[8.524,50.22],[8.544,50.215],[8.548,50.223],[8.571,50.216],[8.59,50.221],[8.599,50.216],[8.594,50.212],[8.649,50.198],[8.661,50.177],[8.652,50.171],[8.615,50.182],[8.595,50.162],[8.606,50.153],[8.593,50.146],[8.598,50.141],[8.581,50.134],[8.596,50.124],[8.599,50.11],[8.613,50.106],[8.631,50.077],[8.65,50.076],[8.545,50.066],[8.526,50.084],[8.523,50.073],[8.492,50.078],[8.467,50.06],[8.486,50.045],[8.511,50.056],[8.549,50.05],[8.578,50.021],[8.574,50.014],[8.552,50.013],[8.543,50.027],[8.494,50.024],[8.471,50.034],[8.411,49.998],[8.346,49.999],[8.321,49.974],[8.396,49.942],[8.373,49.913],[8.374,49.898],[8.364,49.893],[8.284,49.912],[8.272,49.884],[8.244,49.866],[8.205,49.87],[8.191,49.88],[8.189,49.894],[8.17,49.891],[8.161,49.905],[8.184,49.921],[8.18,49.948],[8.12,49.998],[8.102,49.998],[8.088,50.009],[8.036,50.003],[7.976,49.98],[7.989,49.964],[8.042,49.963],[7.98,49.943],[7.981,49.93],[7.944,49.916],[7.939,49.928],[7.922,49.935],[7.898,49.924],[7.898,49.93],[7.844,49.944],[7.851,49.962],[7.814,49.983],[7.774,49.991],[7.765,50.023],[7.806,50.038],[7.777,50.055],[7.774,50.076],[7.844,50.07],[7.848,50.08],[7.874,50.092],[7.826,50.104],[7.854,50.12],[7.857,50.12],[7.89,50.111],[7.895,50.113],[7.874,50.121],[7.843,50.12],[7.839,50.136],[7.76,50.106],[7.732,50.123],[7.738,50.134],[7.726,50.139],[7.58,50.099],[7.56,50.11]],[[7.589,50.321],[7.65,50.324],[7.649,50.312],[7.668,50.308],[7.7,50.311],[7.713,50.325],[7.705,50.33],[7.733,50.325],[7.722,50.3],[7.7,50.299],[7.695,50.288],[7.638,50.289],[7.626,50.28],[7.603,50.295],[7.589,50.321]],[[7.796,49.758],[7.841,49.754],[7.843,49.763],[7.862,49.765],[7.867,49.76],[7.914,49.777],[7.917,49.769],[7.92,49.784],[7.908,49.787],[7.899,49.803],[7.912,49.806],[7.906,49.815],[7.915,49.818],[7.907,49.832],[7.966,49.845],[7.993,49.834],[8.04,49.84],[8.029,49.831],[8.03,49.809],[8.008,49.806],[8.01,49.795],[7.979,49.785],[7.95,49.797],[7.934,49.768],[7.923,49.753],[7.928,49.749],[7.909,49.736],[7.881,49.743],[7.855,49.733],[7.83,49.744],[7.825,49.74],[7.836,49.727],[7.847,49.727],[7.846,49.711],[7.831,49.706],[7.812,49.715],[7.797,49.706],[7.813,49.743],[7.8,49.747],[7.796,49.758]],[[7.891,49.619],[7.891,49.63],[7.91,49.642],[7.911,49.653],[7.944,49.661],[7.949,49.669],[7.925,49.669],[7.957,49.692],[7.958,49.715],[7.969,49.724],[7.978,49.719],[7.963,49.716],[7.96,49.701],[7.982,49.697],[8.018,49.711],[8.047,49.704],[8.054,49.699],[8.033,49.685],[8.073,49.681],[8.078,49.667],[8.113,49.662],[8.112,49.649],[8.084,49.626],[8.044,49.62],[8.056,49.612],[8.088,49.611],[8.078,49.59],[8.101,49.554],[8.054,49.535],[8.042,49.519],[8.011,49.509],[8.002,49.499],[7.957,49.489],[7.958,49.526],[7.921,49.529],[7.924,49.536],[7.911,49.54],[7.901,49.564],[7.944,49.567],[7.938,49.588],[7.995,49.595],[7.974,49.603],[7.977,49.608],[8.019,49.614],[8.009,49.625],[7.97,49.623],[7.948,49.618],[7.949,49.608],[7.936,49.606],[7.891,49.619]],[[7.97,49.861],[7.993,49.867],[8.001,49.886],[7.997,49.895],[8.006,49.902],[8.02,49.895],[8.021,49.873],[8.036,49.865],[8.028,49.851],[7.974,49.852],[7.97,49.861]],[[8.177,50.504],[8.229,50.508],[8.219,50.517],[8.228,50.53],[8.3,50.529],[8.332,50.511],[8.379,50.504],[8.426,50.471],[8.437,50.473],[8.426,50.446],[8.439,50.43],[8.468,50.423],[8.494,50.445],[8.511,50.439],[8.539,50.443],[8.53,50.467],[8.509,50.48],[8.499,50.51],[8.53,50.517],[8.52,50.539],[8.533,50.542],[8.554,50.565],[8.544,50.579],[8.567,50.592],[8.571,50.615],[8.622,50.6],[8.612,50.578],[8.614,50.564],[8.589,50.547],[8.637,50.552],[8.639,50.544],[8.615,50.529],[8.651,50.513],[8.634,50.507],[8.634,50.495],[8.616,50.493],[8.615,50.486],[8.634,50.474],[8.608,50.439],[8.574,50.446],[8.602,50.43],[8.598,50.421],[8.538,50.416],[8.52,50.406],[8.467,50.415],[8.449,50.412],[8.444,50.407],[8.45,50.403],[8.436,50.4],[8.437,50.39],[8.416,50.37],[8.4,50.372],[8.384,50.385],[8.35,50.38],[8.355,50.399],[8.33,50.414],[8.317,50.419],[8.282,50.409],[8.258,50.418],[8.253,50.462],[8.183,50.478],[8.177,50.504]],[[8.338,49.699],[8.362,49.718],[8.381,49.707],[8.426,49.717],[8.442,49.699],[8.468,49.696],[8.487,49.704],[8.506,49.681],[8.555,49.673],[8.58,49.699],[8.561,49.706],[8.567,49.711],[8.559,49.718],[8.572,49.72],[8.586,49.706],[8.633,49.71],[8.63,49.701],[8.674,49.694],[8.67,49.687],[8.643,49.681],[8.646,49.667],[8.7,49.676],[8.702,49.665],[8.691,49.662],[8.694,49.655],[8.725,49.644],[8.727,49.636],[8.691,49.627],[8.656,49.629],[8.595,49.605],[8.562,49.604],[8.573,49.634],[8.532,49.619],[8.516,49.623],[8.487,49.614],[8.443,49.613],[8.418,49.628],[8.384,49.625],[8.356,49.687],[8.338,49.699]],[[8.433,49.719],[8.478,49.757],[8.473,49.768],[8.484,49.775],[8.536,49.779],[8.556,49.761],[8.556,49.728],[8.541,49.717],[8.535,49.724],[8.493,49.723],[8.474,49.73],[8.433,49.719]],[[8.439,49.983],[8.444,49.993],[8.483,49.988],[8.464,49.975],[8.439,49.983]],[[8.495,49.573],[8.514,49.587],[8.603,49.594],[8.618,49.55],[8.606,49.53],[8.565,49.519],[8.542,49.528],[8.495,49.573]],[[8.674,50.385],[8.717,50.407],[8.739,50.402],[8.756,50.378],[8.718,50.365],[8.712,50.38],[8.674,50.385]],[[8.709,50.449],[8.723,50.452],[8.764,50.435],[8.768,50.41],[8.736,50.417],[8.709,50.449]],[[8.723,49.881],[8.736,49.887],[8.749,49.913],[8.792,49.942],[8.853,49.916],[8.867,49.917],[8.872,49.909],[8.863,49.905],[8.856,49.883],[8.865,49.864],[8.859,49.858],[8.846,49.862],[8.837,49.888],[8.805,49.877],[8.73,49.875],[8.723,49.881]],[[8.735,49.637],[8.741,49.657],[8.756,49.664],[8.77,49.66],[8.803,49.684],[8.83,49.676],[8.837,49.664],[8.886,49.659],[8.885,49.652],[8.869,49.649],[8.831,49.657],[8.816,49.641],[8.821,49.631],[8.841,49.631],[8.841,49.623],[8.735,49.637]],[[8.804,49.404],[8.808,49.42],[8.835,49.428],[8.834,49.451],[8.825,49.464],[8.849,49.482],[8.86,49.481],[8.864,49.465],[8.901,49.485],[8.949,49.455],[8.927,49.449],[8.911,49.438],[8.904,49.446],[8.892,49.421],[8.85,49.395],[8.831,49.408],[8.819,49.396],[8.804,49.404]],[[8.805,49.6],[8.807,49.607],[8.845,49.599],[8.838,49.589],[8.848,49.584],[8.885,49.579],[8.88,49.568],[8.843,49.572],[8.846,49.58],[8.827,49.583],[8.825,49.592],[8.805,49.6]],[[8.818,50.349],[8.848,50.348],[8.855,50.362],[8.888,50.355],[8.885,50.332],[8.82,50.332],[8.818,50.349]],[[8.826,49.506],[8.83,49.526],[8.826,49.535],[8.84,49.54],[8.862,49.531],[8.89,49.54],[8.893,49.53],[8.912,49.523],[8.897,49.503],[8.852,49.501],[8.826,49.506]],[[9.154,50.77],[9.165,50.779],[9.171,50.803],[9.204,50.81],[9.241,50.777],[9.186,50.769],[9.174,50.758],[9.154,50.77]],[[9.555,48.551],[9.58,48.573],[9.583,48.584],[9.627,48.581],[9.683,48.601],[9.673,48.636],[9.685,48.649],[9.732,48.643],[9.751,48.589],[9.737,48.58],[9.743,48.573],[9.718,48.564],[9.721,48.556],[9.712,48.548],[9.682,48.545],[9.698,48.533],[9.695,48.521],[9.67,48.534],[9.655,48.531],[9.667,48.523],[9.636,48.509],[9.645,48.504],[9.634,48.5],[9.635,48.49],[9.568,48.491],[9.583,48.499],[9.572,48.506],[9.583,48.517],[9.568,48.546],[9.555,48.551]],[[9.682,50.755],[9.689,50.768],[9.709,50.768],[9.723,50.76],[9.72,50.745],[9.69,50.738],[9.682,50.755]],[[9.687,49.317],[9.701,49.327],[9.719,49.324],[9.705,49.335],[9.711,49.34],[9.738,49.338],[9.73,49.352],[9.761,49.343],[9.752,49.362],[9.78,49.383],[9.811,49.379],[9.836,49.386],[9.84,49.379],[9.83,49.373],[9.842,49.373],[9.849,49.349],[9.839,49.344],[9.864,49.326],[9.841,49.314],[9.798,49.333],[9.756,49.318],[9.687,49.317]],[[9.752,49.204],[9.754,49.211],[9.787,49.206],[9.789,49.19],[9.781,49.188],[9.762,49.193],[9.752,49.204]],[[10.28,50.809],[10.284,50.816],[10.324,50.818],[10.338,50.795],[10.312,50.78],[10.294,50.785],[10.293,50.801],[10.28,50.809]],[[10.295,48.091],[10.344,48.088],[10.353,48.175],[10.372,48.19],[10.415,48.17],[10.446,48.167],[10.507,48.138],[10.548,48.096],[10.57,48.094],[10.592,48.095],[10.614,48.107],[10.609,48.116],[10.635,48.124],[10.613,48.146],[10.639,48.151],[10.635,48.201],[10.687,48.222],[10.708,48.216],[10.727,48.222],[10.735,48.204],[10.702,48.193],[10.694,48.168],[10.713,48.138],[10.69,48.125],[10.698,48.09],[10.659,48.04],[10.667,48.017],[10.693,47.995],[10.688,47.985],[10.649,47.983],[10.619,47.992],[10.6,47.983],[10.598,47.961],[10.546,47.976],[10.537,47.989],[10.528,47.988],[10.517,47.97],[10.526,47.961],[10.504,47.951],[10.491,47.932],[10.478,47.943],[10.487,47.968],[10.421,47.951],[10.402,47.98],[10.384,47.99],[10.358,47.981],[10.331,48.019],[10.346,48.033],[10.387,48.045],[10.377,48.068],[10.306,48.067],[10.295,48.091]],[[10.334,50.759],[10.381,50.774],[10.362,50.794],[10.393,50.816],[10.405,50.817],[10.416,50.849],[10.426,50.843],[10.468,50.85],[10.518,50.824],[10.513,50.811],[10.477,50.797],[10.475,50.79],[10.508,50.788],[10.533,50.796],[10.538,50.782],[10.563,50.781],[10.575,50.741],[10.616,50.737],[10.661,50.711],[10.711,50.699],[10.684,50.688],[10.645,50.685],[10.598,50.663],[10.586,50.678],[10.476,50.671],[10.423,50.685],[10.423,50.693],[10.403,50.709],[10.387,50.71],[10.383,50.721],[10.361,50.721],[10.334,50.759]],[[10.428,51.218],[10.445,51.23],[10.48,51.215],[10.477,51.205],[10.465,51.202],[10.449,51.203],[10.428,51.218]],[[10.635,48.905],[10.665,48.919],[10.671,48.907],[10.688,48.907],[10.734,48.886],[10.741,48.89],[10.764,48.862],[10.806,48.853],[10.794,48.843],[10.803,48.829],[10.801,48.815],[10.773,48.811],[10.73,48.818],[10.681,48.847],[10.635,48.905]],[[10.708,51.345],[10.708,51.355],[10.752,51.364],[10.792,51.346],[10.768,51.333],[10.746,51.333],[10.717,51.339],[10.708,51.345]],[[10.746,48.714],[10.746,48.739],[10.773,48.743],[10.785,48.754],[10.806,48.752],[10.83,48.739],[10.814,48.715],[10.778,48.714],[10.769,48.698],[10.746,48.714]],[[10.771,50.859],[10.804,50.887],[10.819,50.89],[10.818,50.907],[10.824,50.92],[10.86,50.916],[10.862,50.88],[10.874,50.878],[10.862,50.851],[10.845,50.839],[10.787,50.843],[10.771,50.859]],[[10.857,51.334],[10.874,51.351],[10.902,51.359],[10.94,51.345],[10.967,51.345],[10.987,51.331],[10.991,51.32],[10.938,51.311],[10.917,51.311],[10.902,51.324],[10.857,51.334]],[[10.902,49.459],[10.956,49.478],[10.951,49.505],[10.973,49.523],[10.985,49.52],[10.989,49.497],[11.012,49.494],[11.018,49.481],[11.012,49.459],[11.03,49.43],[11.046,49.429],[11.059,49.414],[11.015,49.412],[11.005,49.414],[10.975,49.455],[10.929,49.445],[10.902,49.459]],[[11.226,51.071],[11.266,51.073],[11.272,51.061],[11.257,51.055],[11.263,51.052],[11.273,51.052],[11.28,51.062],[11.312,51.054],[11.296,51.032],[11.274,51.026],[11.229,51.049],[11.226,51.071]],[[11.255,51.103],[11.256,51.131],[11.287,51.127],[11.294,51.126],[11.282,51.102],[11.255,51.103]],[[11.289,49.588],[11.337,49.604],[11.35,49.596],[11.339,49.58],[11.359,49.576],[11.36,49.567],[11.383,49.565],[11.372,49.529],[11.317,49.53],[11.291,49.562],[11.309,49.573],[11.289,49.588]],[[11.289,50.867],[11.32,50.873],[11.353,50.895],[11.357,50.911],[11.338,50.924],[11.381,50.925],[11.395,50.902],[11.418,50.898],[11.399,50.89],[11.379,50.865],[11.409,50.857],[11.405,50.833],[11.364,50.832],[11.358,50.815],[11.335,50.819],[11.307,50.804],[11.289,50.867]],[[11.374,51.043],[11.379,51.061],[11.408,51.077],[11.442,51.073],[11.458,51.056],[11.456,51.044],[11.412,51.031],[11.38,51.034],[11.374,51.043]],[[12.145,51.39],[12.164,51.4],[12.196,51.392],[12.233,51.397],[12.247,51.376],[12.221,51.357],[12.18,51.35],[12.169,51.372],[12.152,51.375],[12.145,51.39]]],[[[6.381,51.82],[6.487,51.745],[6.629,51.745],[6.629,51.75],[6.606,51.755],[6.582,51.783],[6.518,51.817],[6.446,51.835],[6.381,51.82]]],[[[6.468,51.531],[6.479,51.532],[6.484,51.544],[6.475,51.552],[6.468,51.531]]],[[[6.508,51.36],[6.513,51.351],[6.531,51.338],[6.53,51.325],[6.549,51.309],[6.594,51.322],[6.575,51.351],[6.515,51.37],[6.508,51.36]]],[[[6.547,51.598],[6.548,51.589],[6.558,51.579],[6.572,51.569],[6.574,51.55],[6.621,51.55],[6.581,51.604],[6.547,51.598]]],[[[6.712,51.903],[6.722,51.896],[6.733,51.899],[6.77,51.916],[6.794,51.935],[6.795,51.942],[6.712,51.903]]],[[[6.714,52.476],[6.912,52.416],[6.997,52.443],[7.069,52.366],[7.068,52.241],[7.102,52.243],[7.122,52.261],[7.299,52.264],[7.317,52.28],[7.258,52.341],[7.212,52.449],[7.203,52.444],[7.181,52.456],[7.158,52.48],[7.145,52.51],[7.149,52.564],[7.139,52.589],[7.042,52.633],[7.055,52.644],[7.07,52.789],[7.035,52.624],[6.778,52.64],[6.727,52.558],[6.714,52.476]]],[[[6.8,51.858],[6.822,51.85],[6.887,51.87],[6.897,51.866],[6.901,51.88],[6.892,51.893],[6.833,51.884],[6.811,51.859],[6.8,51.858]]],[[[6.981,53.317],[7.19,53.23],[7.16,53.164],[7.215,53.004],[7.217,53.007],[7.201,53.071],[7.203,53.113],[7.329,53.113],[7.334,53.102],[7.363,53.106],[7.38,53.091],[7.385,53.075],[7.426,53.073],[7.568,53.039],[7.609,53.042],[7.645,53.188],[7.664,53.176],[7.714,53.181],[7.749,53.173],[7.799,53.174],[7.834,53.209],[7.834,53.24],[7.865,53.271],[7.906,53.271],[7.947,53.282],[7.947,53.344],[7.896,53.385],[7.854,53.396],[7.875,53.437],[7.906,53.447],[7.875,53.634],[7.166,53.592],[7.037,53.51],[6.981,53.317]]],[[[6.992,52.177],[7.048,52.163],[7.101,52.186],[7.078,52.229],[7.068,52.228],[7.068,52.219],[6.993,52.182],[6.992,52.177]]],[[[7.261,52.167],[7.268,52.145],[7.293,52.141],[7.336,52.116],[7.393,52.145],[7.407,52.144],[7.432,52.18],[7.415,52.194],[7.304,52.192],[7.261,52.167]]],[[[7.3,51.708],[7.301,51.706],[7.304,51.709],[7.3,51.708]]],[[[7.307,51.711],[7.31,51.709],[7.309,51.711],[7.307,51.711]]],[[[7.324,51.701],[7.332,51.696],[7.343,51.7],[7.324,51.701]]],[[[7.343,51.7],[7.348,51.684],[7.345,51.694],[7.347,51.696],[7.343,51.7]]],[[[7.348,51.684],[7.366,51.68],[7.349,51.684],[7.348,51.684]]],[[[7.387,52.604],[7.5,52.359],[7.504,52.359],[7.536,52.371],[7.553,52.368],[7.574,52.375],[7.591,52.408],[7.617,52.421],[7.671,52.396],[7.671,52.371],[7.601,52.338],[7.622,52.305],[7.619,52.296],[7.648,52.284],[7.649,52.28],[7.697,52.256],[7.705,52.184],[7.716,52.179],[7.727,52.16],[7.71,52.137],[7.705,52.13],[7.712,52.118],[7.718,52.109],[7.74,52.097],[7.794,52.104],[7.82,52.091],[7.848,52.096],[7.889,52.083],[7.921,52.058],[7.917,52.051],[7.982,52.037],[8.033,52.068],[8.091,52.063],[8.096,52.057],[8.094,52.053],[8.179,52.053],[8.199,52.113],[8.109,52.399],[8.109,52.504],[8.062,52.503],[8.023,52.521],[8.013,52.533],[8.036,52.535],[8.034,52.545],[8.044,52.552],[8.042,52.589],[8.072,52.598],[8.083,52.618],[8.073,52.643],[8.052,52.651],[8.018,52.684],[7.974,52.697],[7.959,52.693],[7.947,52.677],[7.92,52.677],[7.879,52.7],[7.874,52.714],[7.818,52.716],[7.794,52.687],[7.775,52.682],[7.684,52.688],[7.66,52.698],[7.608,52.658],[7.604,52.614],[7.546,52.61],[7.465,52.618],[7.445,52.608],[7.414,52.612],[7.387,52.604]]],[[[7.658,51.26],[7.825,51.117],[7.836,51.129],[7.8,51.149],[7.835,51.163],[7.888,51.164],[7.909,51.183],[7.93,51.17],[7.948,51.179],[7.941,51.182],[7.931,51.21],[7.951,51.22],[7.951,51.229],[7.931,51.246],[7.898,51.254],[7.865,51.245],[7.793,51.27],[7.801,51.273],[7.802,51.285],[7.812,51.287],[7.778,51.308],[7.772,51.33],[7.781,51.344],[7.819,51.349],[7.839,51.361],[7.852,51.383],[7.848,51.389],[7.812,51.401],[7.792,51.417],[7.755,51.417],[7.706,51.397],[7.696,51.413],[7.658,51.26]]],[[[7.712,51.473],[7.795,51.468],[7.83,51.476],[7.721,51.51],[7.712,51.473]]],[[[7.735,50.231],[7.738,50.214],[7.754,50.211],[7.769,50.219],[7.775,50.231],[7.751,50.239],[7.735,50.231]]],[[[7.819,51.687],[7.908,51.682],[7.963,51.585],[7.976,51.588],[7.998,51.563],[7.986,51.548],[7.986,51.544],[7.985,51.531],[7.993,51.532],[8.023,51.536],[8.029,51.526],[8.053,51.522],[8.196,51.533],[8.223,51.52],[8.247,51.53],[8.247,51.545],[8.228,51.559],[8.239,51.582],[8.229,51.602],[8.205,51.609],[8.196,51.634],[8.041,51.635],[8.019,51.643],[8.005,51.669],[8,51.67],[7.973,51.691],[7.945,51.7],[7.895,51.705],[7.845,51.698],[7.819,51.687]]],[[[7.876,49.963],[7.889,49.94],[7.903,49.941],[7.893,49.96],[7.876,49.963]]],[[[7.927,50.236],[7.949,50.227],[7.961,50.231],[7.949,50.243],[7.927,50.236]]],[[[8.067,53.046],[8.076,53.034],[8.083,53.037],[8.124,52.997],[8.115,52.967],[8.123,52.951],[8.122,52.928],[8.157,52.925],[8.157,52.905],[8.19,52.888],[8.187,52.926],[8.141,53.024],[8.067,53.046]]],[[[8.124,51.894],[8.143,51.854],[8.166,51.849],[8.18,51.862],[8.202,51.863],[8.221,51.843],[8.2,51.828],[8.235,51.822],[8.242,51.809],[8.257,51.803],[8.256,51.778],[8.298,51.756],[8.367,51.756],[8.344,51.731],[8.346,51.722],[8.325,51.728],[8.31,51.719],[8.295,51.676],[8.292,51.675],[8.291,51.675],[8.309,51.671],[8.33,51.646],[8.346,51.642],[8.374,51.646],[8.376,51.656],[8.367,51.66],[8.379,51.672],[8.374,51.685],[8.385,51.69],[8.429,51.669],[8.46,51.689],[8.552,51.67],[8.573,51.659],[8.587,51.617],[8.578,51.619],[8.512,51.595],[8.508,51.586],[8.495,51.588],[8.475,51.573],[8.482,51.566],[8.473,51.565],[8.489,51.539],[8.485,51.534],[8.512,51.53],[8.52,51.491],[8.551,51.468],[8.57,51.468],[8.604,51.485],[8.654,51.481],[8.72,51.46],[8.752,51.466],[8.769,51.448],[8.849,51.469],[8.864,51.479],[8.859,51.488],[8.871,51.491],[8.889,51.488],[8.894,51.471],[8.913,51.459],[8.919,51.43],[8.949,51.425],[8.95,51.412],[8.943,51.412],[8.937,51.388],[8.89,51.392],[8.854,51.377],[8.837,51.388],[8.804,51.391],[8.73,51.372],[8.681,51.373],[8.679,51.36],[8.659,51.354],[8.653,51.34],[8.623,51.337],[8.556,51.277],[8.595,51.247],[8.611,51.247],[8.628,51.261],[8.68,51.268],[8.692,51.277],[8.721,51.275],[8.737,51.261],[8.727,51.25],[8.741,51.219],[8.768,51.209],[8.749,51.198],[8.75,51.181],[8.758,51.177],[8.694,51.136],[8.696,51.124],[8.719,51.113],[8.717,51.114],[8.754,51.125],[8.795,51.106],[8.824,51.134],[8.857,51.147],[8.902,51.152],[8.923,51.123],[8.916,51.113],[8.963,51.11],[8.977,51.095],[9.03,51.069],[9.051,51.042],[9.083,51.04],[9.095,51.029],[9.099,51.046],[9.145,51.056],[9.156,51.074],[9.167,51.077],[9.162,51.09],[9.187,51.096],[9.207,51.084],[9.19,51.097],[9.222,51.127],[9.252,51.123],[9.206,51.137],[9.233,51.157],[9.237,51.182],[9.189,51.17],[9.176,51.176],[9.173,51.191],[9.128,51.22],[9.126,51.244],[9.101,51.25],[9.093,51.266],[9.098,51.269],[9.126,51.276],[9.147,51.266],[9.116,51.281],[9.108,51.312],[9.127,51.342],[9.108,51.351],[9.102,51.364],[9.123,51.366],[9.126,51.388],[9.17,51.394],[9.087,51.384],[9.083,51.397],[9.09,51.406],[9.061,51.42],[9.066,51.429],[9.061,51.437],[9.087,51.44],[9.089,51.447],[9.137,51.449],[9.155,51.443],[9.177,51.464],[9.217,51.461],[9.224,51.488],[9.287,51.515],[9.308,51.514],[9.32,51.553],[9.358,51.579],[9.351,51.598],[9.357,51.6],[9.337,51.612],[9.341,51.616],[9.427,51.631],[9.458,51.65],[9.493,51.658],[9.492,51.642],[9.543,51.638],[9.546,51.64],[9.551,51.637],[9.606,51.633],[9.626,51.637],[9.629,51.631],[9.725,51.623],[9.784,51.56],[9.854,51.554],[9.864,51.616],[9.905,51.616],[9.915,51.637],[9.934,51.605],[9.95,51.606],[9.956,51.615],[9.945,51.621],[9.952,51.622],[9.96,51.621],[9.987,51.657],[10.018,51.657],[10.028,51.647],[10.049,51.647],[10.08,51.637],[10.08,51.626],[10.12,51.632],[10.104,51.644],[10.112,51.666],[10.18,51.65],[10.211,51.663],[10.193,51.765],[10.26,51.857],[10.294,51.815],[10.319,51.832],[10.344,51.807],[10.327,51.799],[10.335,51.774],[10.377,51.799],[10.369,51.824],[10.453,51.857],[10.486,51.824],[10.654,51.76],[10.665,51.728],[10.843,51.884],[10.578,52.092],[10.553,52.167],[10.079,52.193],[9.899,52.253],[9.759,52.253],[9.619,52.313],[9.529,52.233],[9.409,52.223],[9.419,51.993],[9.319,51.983],[9.299,52.033],[9.219,52.053],[9.229,51.923],[9.159,51.943],[9.119,52.093],[9.049,52.133],[9.051,52.143],[9.018,52.132],[9.012,52.14],[9.018,52.148],[9.012,52.162],[9.022,52.172],[8.989,52.196],[9.046,52.183],[9.046,52.21],[9.036,52.219],[9.043,52.225],[9.068,52.223],[9.099,52.373],[9.007,52.438],[8.949,52.418],[8.871,52.457],[8.719,52.223],[8.769,52.063],[8.579,52.043],[8.599,51.853],[8.539,51.843],[8.142,51.9],[8.124,51.894]]],[[[8.462,50.149],[8.484,50.135],[8.538,50.128],[8.532,50.143],[8.517,50.149],[8.462,50.149]]],[[[8.648,50.701],[8.654,50.701],[8.65,50.703],[8.648,50.701]]],[[[8.661,47.691],[8.666,47.686],[8.689,47.696],[8.717,47.691],[8.7,47.714],[8.667,47.711],[8.679,47.698],[8.661,47.691]]],[[[8.85,49.445],[8.87,49.413],[8.878,49.419],[8.884,49.432],[8.85,49.445]]],[[[8.865,50.776],[8.867,50.768],[8.868,50.778],[8.865,50.776]]],[[[8.867,50.768],[8.896,50.757],[8.894,50.763],[8.867,50.768]]],[[[8.892,50.732],[8.899,50.75],[8.898,50.753],[8.892,50.732]]],[[[9.084,50.885],[9.087,50.868],[9.088,50.887],[9.084,50.885]]],[[[9.093,50.889],[9.1,50.888],[9.096,50.891],[9.093,50.889]]],[[[9.108,50.887],[9.128,50.87],[9.143,50.855],[9.141,50.862],[9.126,50.872],[9.108,50.887]]],[[[9.199,49.872],[9.226,49.861],[9.229,49.868],[9.209,49.876],[9.199,49.872]]],[[[9.212,49.818],[9.214,49.811],[9.284,49.816],[9.307,49.81],[9.356,49.83],[9.351,49.842],[9.33,49.84],[9.315,49.854],[9.264,49.861],[9.25,49.855],[9.241,49.86],[9.232,49.851],[9.229,49.826],[9.212,49.818]]],[[[9.213,49.58],[9.245,49.563],[9.275,49.568],[9.264,49.578],[9.269,49.584],[9.248,49.595],[9.255,49.602],[9.242,49.594],[9.226,49.6],[9.213,49.58]]],[[[9.341,49.723],[9.355,49.702],[9.435,49.695],[9.474,49.68],[9.507,49.703],[9.511,49.692],[9.608,49.702],[9.658,49.621],[9.617,49.69],[9.641,49.699],[9.643,49.726],[9.661,49.752],[9.671,49.744],[9.71,49.746],[9.725,49.762],[9.697,49.775],[9.661,49.76],[9.626,49.789],[9.614,49.79],[9.623,49.797],[9.618,49.805],[9.582,49.811],[9.577,49.821],[9.644,49.823],[9.653,49.83],[9.63,49.85],[9.578,49.869],[9.535,49.862],[9.508,49.884],[9.496,49.88],[9.509,49.864],[9.497,49.861],[9.478,49.877],[9.468,49.844],[9.43,49.839],[9.428,49.817],[9.458,49.809],[9.476,49.784],[9.471,49.776],[9.449,49.77],[9.426,49.79],[9.389,49.768],[9.369,49.778],[9.35,49.767],[9.351,49.727],[9.341,49.723]]],[[[9.445,49.899],[9.456,49.895],[9.476,49.879],[9.447,49.903],[9.448,49.902],[9.445,49.899]]],[[[9.581,49.983],[9.588,49.979],[9.582,49.994],[9.581,49.994],[9.581,49.983]]],[[[9.598,49.951],[9.599,49.951],[9.598,49.954],[9.598,49.951]]],[[[9.638,49.398],[9.647,49.399],[9.655,49.411],[9.638,49.414],[9.638,49.398]]],[[[9.647,49.92],[9.666,49.9],[9.658,49.895],[9.66,49.887],[9.672,49.888],[9.709,49.858],[9.744,49.86],[9.739,49.888],[9.701,49.889],[9.687,49.9],[9.735,49.914],[9.72,49.93],[9.666,49.929],[9.647,49.92]]],[[[9.657,51.312],[9.672,51.317],[9.678,51.309],[9.736,51.296],[9.768,51.307],[9.78,51.326],[9.764,51.325],[9.769,51.337],[9.738,51.319],[9.72,51.343],[9.657,51.312]]],[[[9.676,49.693],[9.736,49.688],[9.751,49.697],[9.753,49.71],[9.792,49.731],[9.755,49.75],[9.724,49.744],[9.701,49.717],[9.677,49.716],[9.676,49.693]]],[[[9.676,49.806],[9.702,49.778],[9.73,49.789],[9.718,49.819],[9.682,49.815],[9.676,49.806]]],[[[9.764,50.074],[9.766,50.061],[9.793,50.054],[9.799,50.076],[9.78,50.081],[9.764,50.074]]],[[[9.838,49.918],[9.89,49.926],[9.89,49.965],[9.857,49.969],[9.856,49.938],[9.838,49.918]]],[[[9.886,51.32],[9.898,51.318],[9.906,51.324],[9.886,51.32]]],[[[9.886,51.32],[9.903,51.331],[9.912,51.349],[9.903,51.332],[9.886,51.32]]],[[[9.9,49.671],[9.932,49.667],[9.916,49.647],[9.928,49.623],[9.953,49.623],[9.963,49.658],[9.951,49.675],[9.963,49.686],[10.031,49.676],[10.024,49.697],[9.949,49.708],[9.93,49.685],[9.906,49.685],[9.9,49.671]]],[[[9.913,51.325],[9.931,51.312],[9.943,51.304],[9.914,51.325],[9.913,51.325]]],[[[9.914,51.35],[9.919,51.353],[9.917,51.352],[9.914,51.351],[9.914,51.35]]],[[[9.924,51.37],[9.925,51.356],[9.926,51.357],[9.924,51.37]]],[[[9.924,51.37],[9.947,51.382],[9.946,51.388],[9.986,51.398],[10.011,51.421],[10.038,51.42],[10.05,51.435],[10.061,51.432],[10.067,51.419],[10.085,51.435],[10.111,51.432],[10.105,51.454],[10.102,51.464],[10.096,51.465],[10.078,51.467],[10.058,51.439],[10.023,51.437],[10.026,51.46],[9.977,51.442],[9.977,51.401],[9.926,51.394],[9.932,51.38],[9.924,51.37]]],[[[9.943,51.304],[9.967,51.3],[9.975,51.285],[9.988,51.294],[9.975,51.288],[9.97,51.3],[9.943,51.304]]],[[[9.95,51.583],[9.987,51.565],[9.987,51.587],[9.95,51.583]]],[[[10.032,51.309],[10.071,51.3],[10.078,51.295],[10.064,51.279],[10.047,51.264],[10.048,51.261],[10.047,51.259],[10.081,51.298],[10.032,51.309]]],[[[10.042,49.719],[10.06,49.715],[10.061,49.703],[10.098,49.716],[10.113,49.734],[10.105,49.742],[10.042,49.728],[10.042,49.719]]],[[[10.05,51.257],[10.051,51.255],[10.079,51.243],[10.05,51.257]]],[[[10.068,51.227],[10.07,51.226],[10.112,51.216],[10.115,51.216],[10.068,51.227]]],[[[10.119,51.432],[10.144,51.429],[10.15,51.43],[10.129,51.431],[10.119,51.432]]],[[[10.121,50.556],[10.139,50.543],[10.151,50.552],[10.122,50.563],[10.121,50.556]]],[[[10.129,49.901],[10.141,49.869],[10.187,49.873],[10.172,49.904],[10.129,49.901]]],[[[10.14,51.439],[10.147,51.435],[10.152,51.43],[10.155,51.431],[10.14,51.439]]],[[[10.14,51.443],[10.141,51.442],[10.142,51.445],[10.141,51.443],[10.14,51.443]]],[[[10.142,51.218],[10.145,51.215],[10.144,51.218],[10.142,51.218]]],[[[10.142,51.445],[10.174,51.446],[10.186,51.465],[10.155,51.47],[10.146,51.471],[10.153,51.469],[10.182,51.462],[10.169,51.446],[10.142,51.445]]],[[[10.149,51.209],[10.151,51.207],[10.155,51.209],[10.149,51.209]]],[[[10.167,50.028],[10.212,50.009],[10.235,50.014],[10.249,50.019],[10.239,50.023],[10.241,50.039],[10.276,50.058],[10.26,50.059],[10.267,50.067],[10.257,50.086],[10.295,50.112],[10.269,50.132],[10.31,50.129],[10.323,50.14],[10.281,50.147],[10.275,50.139],[10.262,50.14],[10.237,50.122],[10.222,50.091],[10.229,50.085],[10.225,50.066],[10.205,50.073],[10.195,50.068],[10.182,50.053],[10.19,50.043],[10.167,50.028]]],[[[10.182,51.208],[10.195,51.192],[10.21,51.19],[10.215,51.187],[10.182,51.208]]],[[[10.269,49.897],[10.274,49.885],[10.313,49.884],[10.292,49.92],[10.279,49.916],[10.283,49.902],[10.269,49.897]]],[[[10.272,49.853],[10.275,49.834],[10.29,49.832],[10.313,49.845],[10.299,49.858],[10.272,49.853]]],[[[10.415,48.135],[10.45,48.105],[10.471,48.111],[10.479,48.131],[10.46,48.143],[10.415,48.135]]],[[[10.437,50.17],[10.471,50.178],[10.47,50.187],[10.45,50.196],[10.437,50.17]]],[[[10.52,50.088],[10.538,50.069],[10.574,50.062],[10.574,50.051],[10.613,50.051],[10.622,50.039],[10.659,50.041],[10.685,50.048],[10.686,50.069],[10.663,50.074],[10.653,50.07],[10.655,50.056],[10.647,50.058],[10.62,50.078],[10.632,50.083],[10.595,50.097],[10.58,50.087],[10.551,50.095],[10.52,50.088]]],[[[10.578,50.16],[10.586,50.146],[10.596,50.148],[10.595,50.161],[10.578,50.16]]],[[[10.771,50.203],[10.827,50.214],[10.837,50.221],[10.771,50.203]]],[[[10.786,51.125],[10.806,51.12],[10.801,51.118],[10.808,51.101],[10.816,51.109],[10.814,51.119],[10.791,51.126],[10.787,51.125],[10.786,51.125]]],[[[10.796,49.92],[10.802,49.885],[10.845,49.908],[10.796,49.92]]],[[[10.845,47.529],[10.877,47.48],[10.903,47.415],[11.17,47.424],[11.34,47.471],[11.359,47.528],[11.319,47.552],[11.174,47.543],[11.136,47.552],[11.068,47.545],[10.98,47.508],[10.961,47.516],[10.905,47.518],[10.886,47.537],[10.845,47.529]]],[[[10.867,49.687],[10.874,49.673],[10.887,49.667],[10.901,49.672],[10.903,49.682],[10.885,49.69],[10.867,49.687]]],[[[10.935,51.097],[10.95,51.101],[10.95,51.104],[10.935,51.097]]],[[[11.108,51.035],[11.124,51.021],[11.147,51.017],[11.144,51.009],[11.151,51.004],[11.188,51.022],[11.155,51.037],[11.108,51.035]]],[[[11.12,50.918],[11.134,50.905],[11.147,50.908],[11.176,50.896],[11.19,50.903],[11.191,50.91],[11.153,50.919],[11.12,50.918]]],[[[11.17,50.94],[11.188,50.938],[11.188,50.948],[11.172,50.956],[11.17,50.94]]],[[[11.181,49.737],[11.19,49.723],[11.213,49.729],[11.199,49.746],[11.181,49.737]]],[[[11.192,49.845],[11.196,49.801],[11.212,49.794],[11.209,49.781],[11.241,49.776],[11.266,49.787],[11.307,49.785],[11.26,49.873],[11.276,49.887],[11.262,49.899],[11.225,49.9],[11.192,49.891],[11.2,49.879],[11.234,49.874],[11.229,49.841],[11.192,49.845]]],[[[11.255,51.259],[11.261,51.256],[11.316,51.278],[11.339,51.28],[11.356,51.307],[11.369,51.31],[11.369,51.34],[11.38,51.361],[11.381,51.369],[11.287,51.357],[11.255,51.259]]],[[[11.271,48.343],[11.284,48.331],[11.32,48.341],[11.308,48.364],[11.271,48.343]]],[[[11.337,48.411],[11.36,48.388],[11.394,48.393],[11.391,48.403],[11.403,48.409],[11.374,48.421],[11.337,48.411]]],[[[11.375,50.233],[11.378,50.224],[11.409,50.216],[11.419,50.202],[11.459,50.226],[11.451,50.24],[11.386,50.246],[11.375,50.233]]],[[[11.476,49.291],[11.485,49.282],[11.521,49.28],[11.497,49.312],[11.483,49.306],[11.476,49.291]]],[[[11.543,48.438],[11.563,48.422],[11.552,48.398],[11.567,48.395],[11.613,48.433],[11.56,48.455],[11.543,48.438]]],[[[11.582,49.181],[11.591,49.162],[11.605,49.165],[11.608,49.148],[11.633,49.144],[11.642,49.13],[11.676,49.117],[11.663,49.08],[11.685,49.071],[11.682,49.053],[11.67,49.049],[11.677,49.028],[11.666,49.022],[11.677,49.018],[11.705,49.027],[11.713,49.013],[11.735,49.007],[11.734,48.996],[11.776,48.975],[11.866,48.969],[11.894,48.975],[11.923,49.012],[12.011,49.014],[12.022,49.033],[12.043,49.035],[12.056,49.048],[12.127,49.037],[12.124,49.022],[12.104,49.022],[12.069,49.018],[12.058,49.007],[12.135,48.994],[12.168,49.015],[12.184,49.008],[12.219,49.029],[12.256,49.021],[12.267,49.011],[12.32,49.014],[12.345,48.994],[12.326,48.98],[12.369,48.971],[12.382,48.98],[12.391,48.98],[12.393,48.973],[12.406,48.982],[12.427,48.981],[12.44,49.008],[12.423,49.032],[12.434,49.046],[12.455,49.049],[12.458,49.072],[12.428,49.077],[12.377,49.063],[12.325,49.082],[12.358,49.114],[12.319,49.125],[12.331,49.135],[12.309,49.154],[12.277,49.134],[12.243,49.149],[12.242,49.168],[12.217,49.171],[12.181,49.218],[12.169,49.216],[12.164,49.203],[12.148,49.204],[12.145,49.215],[12.171,49.253],[12.231,49.269],[12.211,49.284],[12.237,49.32],[12.22,49.33],[12.236,49.337],[12.169,49.381],[12.14,49.373],[12.103,49.384],[12.09,49.356],[12.073,49.347],[12.062,49.363],[12.047,49.36],[12.027,49.373],[12.001,49.355],[12.023,49.329],[11.975,49.309],[11.934,49.309],[11.913,49.284],[11.909,49.31],[11.889,49.296],[11.872,49.298],[11.868,49.267],[11.895,49.26],[11.89,49.234],[11.917,49.192],[11.904,49.17],[11.869,49.174],[11.864,49.148],[11.814,49.157],[11.823,49.17],[11.814,49.173],[11.803,49.162],[11.793,49.165],[11.798,49.182],[11.784,49.193],[11.796,49.204],[11.792,49.245],[11.751,49.268],[11.707,49.262],[11.702,49.283],[11.731,49.29],[11.725,49.308],[11.663,49.29],[11.654,49.268],[11.667,49.257],[11.639,49.223],[11.647,49.214],[11.598,49.203],[11.582,49.181]]],[[[11.607,48.158],[11.652,48.152],[11.671,48.2],[11.712,48.203],[11.75,48.242],[11.751,48.264],[11.787,48.322],[11.817,48.406],[11.752,48.405],[11.784,48.415],[11.743,48.433],[11.711,48.423],[11.736,48.395],[11.729,48.388],[11.736,48.372],[11.702,48.323],[11.699,48.294],[11.68,48.262],[11.685,48.252],[11.607,48.158]]],[[[11.734,49.832],[11.738,49.809],[11.767,49.816],[11.789,49.801],[11.833,49.811],[11.834,49.842],[11.811,49.853],[11.812,49.881],[11.804,49.896],[11.774,49.905],[11.763,49.891],[11.776,49.873],[11.765,49.848],[11.734,49.832]]],[[[11.773,47.761],[11.787,47.743],[11.786,47.731],[11.814,47.699],[11.83,47.7],[11.846,47.682],[11.839,47.67],[11.885,47.631],[11.889,47.622],[11.925,47.623],[11.92,47.625],[11.944,47.634],[11.921,47.646],[11.929,47.65],[11.921,47.671],[11.908,47.675],[11.914,47.688],[11.906,47.69],[11.89,47.737],[11.861,47.753],[11.858,47.772],[11.88,47.788],[11.871,47.795],[11.88,47.803],[11.811,47.825],[11.774,47.77],[11.799,47.768],[11.773,47.761]]],[[[11.777,49.68],[11.82,49.688],[11.795,49.684],[11.777,49.68]]],[[[11.831,47.883],[11.854,47.857],[12.02,47.816],[12.004,47.847],[12.009,47.854],[11.969,47.865],[12.011,47.888],[12.028,47.92],[12.008,47.943],[12.013,47.949],[11.969,47.943],[11.959,47.927],[11.94,47.923],[11.928,47.906],[11.845,47.911],[11.831,47.883]]],[[[11.891,49.681],[11.904,49.666],[11.905,49.626],[11.925,49.63],[11.944,49.609],[11.919,49.602],[11.934,49.594],[11.995,49.588],[12.004,49.579],[12.061,49.57],[12.084,49.588],[12.109,49.589],[12.122,49.585],[12.11,49.573],[12.177,49.567],[12.185,49.584],[12.229,49.599],[12.225,49.622],[12.274,49.656],[12.296,49.653],[12.282,49.642],[12.286,49.632],[12.339,49.618],[12.34,49.601],[12.371,49.598],[12.378,49.604],[12.369,49.614],[12.385,49.625],[12.418,49.628],[12.452,49.604],[12.496,49.607],[12.483,49.62],[12.489,49.639],[12.42,49.687],[12.405,49.685],[12.384,49.704],[12.433,49.716],[12.446,49.703],[12.473,49.693],[12.448,49.706],[12.463,49.783],[12.404,49.762],[12.374,49.781],[12.34,49.781],[12.329,49.788],[12.337,49.809],[12.311,49.81],[12.288,49.83],[12.24,49.831],[12.21,49.842],[12.195,49.838],[12.205,49.801],[12.194,49.789],[12.171,49.785],[12.17,49.805],[12.098,49.826],[12.099,49.844],[12.089,49.85],[12.073,49.888],[12.064,49.888],[12.041,49.872],[12.041,49.856],[12.031,49.854],[12.037,49.837],[12.021,49.822],[12.094,49.814],[12.102,49.804],[12.089,49.779],[12.097,49.776],[12.088,49.763],[12.053,49.773],[12.053,49.76],[12.031,49.739],[12.022,49.718],[11.98,49.711],[11.972,49.698],[11.955,49.694],[11.967,49.686],[11.892,49.68],[11.891,49.681]]],[[[12.025,48.197],[12.029,48.178],[12.057,48.173],[12.094,48.185],[12.102,48.197],[12.091,48.221],[12.025,48.197]]],[[[12.189,47.091],[12.232,47.048],[12.256,47.072],[12.237,47.07],[12.227,47.082],[12.189,47.091]]],[[[12.214,47.713],[12.255,47.716],[12.265,47.733],[12.257,47.743],[12.227,47.718],[12.214,47.713]]],[[[12.26,47.475],[12.309,47.474],[12.342,47.458],[12.356,47.438],[12.362,47.412],[12.361,47.4],[12.352,47.398],[12.342,47.379],[12.348,47.351],[12.338,47.324],[12.375,47.312],[12.413,47.314],[12.442,47.328],[12.48,47.326],[12.496,47.348],[12.482,47.373],[12.502,47.389],[12.618,47.41],[12.635,47.454],[12.601,47.465],[12.585,47.545],[12.521,47.545],[12.425,47.433],[12.377,47.449],[12.361,47.529],[12.296,47.529],[12.26,47.475]]],[[[12.282,47.091],[12.328,46.967],[12.407,46.964],[12.393,47.048],[12.451,47.06],[12.448,47.078],[12.424,47.092],[12.404,47.091],[12.346,47.109],[12.318,47.105],[12.309,47.093],[12.284,47.093],[12.282,47.091]]],[[[12.379,47.863],[12.381,47.851],[12.412,47.85],[12.44,47.875],[12.429,47.879],[12.408,47.87],[12.394,47.876],[12.379,47.863]]],[[[12.406,47.69],[12.446,47.662],[12.454,47.663],[12.439,47.676],[12.44,47.695],[12.406,47.69]]],[[[12.506,49.494],[12.567,49.492],[12.598,49.505],[12.617,49.489],[12.636,49.488],[12.627,49.481],[12.65,49.466],[12.657,49.434],[12.71,49.423],[12.751,49.399],[12.758,49.392],[12.758,49.375],[12.777,49.364],[12.783,49.347],[12.843,49.345],[12.877,49.332],[12.887,49.335],[12.884,49.35],[12.945,49.344],[12.973,49.334],[13.007,49.307],[13.029,49.304],[13.027,49.276],[13.034,49.264],[13.056,49.263],[13.062,49.25],[13.081,49.247],[13.09,49.227],[13.114,49.218],[13.112,49.202],[13.17,49.174],[13.176,49.166],[13.172,49.143],[13.18,49.137],[13.236,49.114],[13.289,49.119],[13.338,49.092],[13.376,49.058],[13.396,49.052],[13.395,49.04],[13.406,49.023],[13.401,49.015],[13.408,49.008],[13.406,48.985],[13.515,48.937],[13.507,48.923],[13.523,48.898],[13.522,48.879],[13.507,48.863],[13.453,48.856],[13.449,48.848],[13.47,48.843],[13.461,48.832],[13.447,48.831],[13.449,48.818],[13.44,48.81],[13.449,48.79],[13.425,48.756],[13.441,48.726],[13.455,48.718],[13.451,48.688],[13.437,48.677],[13.39,48.682],[13.381,48.67],[13.372,48.67],[13.367,48.688],[13.348,48.689],[13.342,48.676],[13.308,48.68],[13.271,48.694],[13.238,48.686],[13.234,48.671],[13.242,48.655],[13.266,48.644],[13.267,48.608],[13.385,48.595],[13.408,48.578],[13.45,48.576],[13.438,48.566],[13.401,48.567],[13.394,48.558],[13.372,48.56],[13.372,48.584],[13.347,48.585],[13.339,48.596],[13.296,48.571],[13.276,48.579],[13.289,48.588],[13.267,48.597],[13.217,48.592],[13.2,48.581],[13.21,48.569],[13.183,48.55],[13.181,48.537],[13.207,48.533],[13.225,48.522],[13.248,48.523],[13.269,48.512],[13.29,48.527],[13.284,48.542],[13.303,48.548],[13.307,48.535],[13.32,48.538],[13.325,48.528],[13.338,48.532],[13.335,48.544],[13.354,48.543],[13.362,48.531],[13.362,48.488],[13.383,48.487],[13.387,48.473],[13.41,48.476],[13.435,48.497],[13.448,48.496],[13.456,48.515],[13.437,48.556],[13.45,48.564],[13.475,48.556],[13.475,48.562],[13.504,48.574],[13.512,48.591],[13.566,48.562],[13.601,48.569],[13.625,48.554],[13.654,48.549],[13.657,48.544],[13.638,48.544],[13.643,48.539],[13.637,48.528],[13.654,48.504],[13.68,48.491],[13.677,48.484],[13.699,48.465],[13.686,48.447],[13.702,48.42],[13.686,48.407],[13.716,48.378],[13.947,48.655],[13.745,48.94],[13.652,48.956],[13.578,49.037],[13.48,48.999],[13.397,49.09],[13.203,49.166],[12.945,49.398],[12.861,49.366],[12.646,49.485],[12.566,49.541],[12.542,49.541],[12.512,49.518],[12.515,49.503],[12.506,49.494]],[[13.451,48.577],[13.437,48.637],[13.536,48.63],[13.532,48.606],[13.502,48.609],[13.483,48.6],[13.491,48.574],[13.451,48.577]]],[[[12.545,48.014],[12.587,48.04],[12.589,48.065],[12.584,48.039],[12.58,48.036],[12.545,48.014]]],[[[12.562,51.42],[12.566,51.394],[12.574,51.387],[12.666,51.378],[12.687,51.357],[12.689,51.336],[12.721,51.333],[12.727,51.326],[12.741,51.323],[12.768,51.336],[12.786,51.335],[12.842,51.311],[12.856,51.312],[12.882,51.327],[12.887,51.344],[12.834,51.347],[12.822,51.365],[12.86,51.375],[12.898,51.416],[12.921,51.424],[12.913,51.441],[12.769,51.449],[12.638,51.467],[12.611,51.437],[12.569,51.431],[12.562,51.42]]],[[[12.659,47.949],[12.701,47.932],[12.707,47.924],[12.694,47.918],[12.71,47.925],[12.69,47.942],[12.659,47.949]]],[[[12.708,48.108],[12.714,48.111],[12.713,48.111],[12.711,48.112],[12.708,48.108]]],[[[12.725,48.104],[12.727,48.103],[12.734,48.108],[12.725,48.104]]],[[[12.748,48.113],[12.749,48.113],[12.749,48.114],[12.748,48.113]]],[[[12.753,52.08],[12.825,52.022],[12.951,51.974],[12.931,51.972],[12.97,51.975],[12.965,51.957],[12.968,51.967],[12.992,51.958],[13.058,51.922],[13.086,51.858],[13.081,51.812],[13.108,51.802],[13.127,51.757],[13.189,51.753],[13.192,51.794],[13.223,51.763],[13.244,51.757],[13.277,51.76],[13.35,51.747],[13.362,51.761],[13.382,51.757],[13.384,51.781],[13.391,51.788],[13.331,51.862],[13.346,51.874],[13.408,51.885],[13.426,51.903],[13.483,51.916],[13.506,51.929],[13.517,51.948],[13.544,51.95],[13.577,51.978],[13.577,52.021],[13.604,52.048],[13.631,52.048],[13.67,51.942],[13.691,51.942],[13.719,51.953],[13.714,51.986],[13.808,52.007],[13.834,51.993],[13.784,52.02],[13.768,52.015],[13.768,52.022],[13.741,52.017],[13.727,52.024],[13.734,52.025],[13.728,52.032],[13.767,52.034],[13.759,52.038],[13.766,52.042],[13.767,52.059],[13.775,52.052],[13.767,52.071],[13.724,52.082],[13.691,52.057],[13.704,52.044],[13.702,52.028],[13.673,52.021],[13.654,52.029],[13.651,52.053],[13.63,52.071],[13.546,52.095],[13.387,52.052],[13.389,52.095],[13.375,52.089],[13.268,52.087],[13.327,52.077],[13.323,52.054],[13.336,52.058],[13.361,52.042],[13.356,51.998],[13.343,51.99],[13.315,51.989],[13.316,51.981],[13.32,51.973],[13.346,51.971],[13.354,51.958],[13.372,51.957],[13.386,51.934],[13.378,51.93],[13.355,51.936],[13.353,51.947],[13.323,51.937],[13.295,51.945],[13.246,51.941],[13.236,51.963],[13.246,51.99],[13.213,51.989],[13.214,52.005],[13.194,52.026],[13.18,52.024],[13.174,52.007],[13.163,52.006],[13.16,51.997],[13.12,52.004],[13.104,52.019],[13.096,52.011],[13.056,52.009],[13.064,52.004],[13.032,51.999],[12.942,52.034],[12.904,52.036],[12.876,52.02],[12.827,52.042],[12.845,52.053],[12.838,52.056],[12.847,52.069],[12.846,52.072],[12.753,52.08]],[[13.169,51.856],[13.169,51.869],[13.216,51.877],[13.218,51.891],[13.231,51.886],[13.23,51.895],[13.269,51.895],[13.274,51.872],[13.306,51.859],[13.311,51.842],[13.298,51.839],[13.31,51.828],[13.304,51.819],[13.285,51.825],[13.258,51.82],[13.228,51.838],[13.212,51.822],[13.181,51.842],[13.169,51.856]]],[[[12.76,47.65],[12.78,47.634],[12.762,47.651],[12.766,47.655],[12.76,47.65]]],[[[12.76,47.664],[12.779,47.67],[12.78,47.673],[12.76,47.664]]],[[[12.77,47.66],[12.777,47.662],[12.778,47.666],[12.77,47.66]]],[[[12.78,47.604],[12.793,47.593],[12.781,47.574],[12.798,47.554],[12.82,47.545],[12.847,47.546],[12.851,47.532],[12.884,47.521],[12.921,47.493],[12.972,47.475],[12.975,47.484],[12.995,47.478],[12.995,47.471],[13.009,47.465],[13.03,47.487],[13.047,47.492],[13.045,47.526],[13.032,47.537],[13.058,47.561],[13.041,47.576],[13.043,47.583],[13.071,47.589],[13.064,47.604],[13.096,47.63],[13.098,47.642],[13.074,47.692],[13.018,47.723],[13.008,47.722],[12.989,47.694],[12.979,47.691],[12.952,47.706],[12.91,47.69],[12.898,47.692],[12.885,47.682],[12.853,47.679],[12.837,47.666],[12.851,47.646],[12.832,47.643],[12.822,47.657],[12.78,47.634],[12.78,47.604]]],[[[12.831,47.779],[12.835,47.764],[12.848,47.755],[12.831,47.779]]],[[[12.89,47.745],[12.942,47.771],[12.928,47.77],[12.89,47.745]]],[[[12.898,47.692],[12.913,47.712],[12.912,47.714],[12.898,47.692]]],[[[12.905,47.724],[12.906,47.723],[12.905,47.725],[12.905,47.724]]],[[[12.91,47.731],[12.936,47.749],[12.918,47.742],[12.91,47.731]]],[[[12.939,47.76],[12.945,47.764],[12.942,47.771],[12.939,47.76]]],[[[12.974,48.024],[13.044,48.039],[13.042,48.041],[12.974,48.024]]],[[[13.047,48.036],[13.048,48.028],[13.059,48.03],[13.048,48.029],[13.048,48.033],[13.049,48.035],[13.047,48.036]]],[[[13.059,48.03],[13.06,48.013],[13.065,48.014],[13.06,48.016],[13.059,48.03]]],[[[13.109,52.225],[13.115,52.193],[13.14,52.191],[13.144,52.203],[13.124,52.218],[13.132,52.223],[13.128,52.237],[13.109,52.225]]],[[[13.112,47.981],[13.197,47.985],[13.232,47.972],[13.23,47.973],[13.206,47.982],[13.201,47.986],[13.144,47.988],[13.112,47.981]]],[[[13.171,50.56],[13.189,50.561],[13.194,50.573],[13.178,50.572],[13.171,50.56]]],[[[13.204,48.296],[13.255,48.294],[13.32,48.319],[13.376,48.357],[13.357,48.369],[13.328,48.361],[13.304,48.343],[13.213,48.318],[13.204,48.296]]],[[[13.243,47.987],[13.249,47.988],[13.248,47.988],[13.243,47.987]]],[[[13.271,47.891],[13.296,47.858],[13.287,47.846],[13.29,47.824],[13.309,47.821],[13.311,47.813],[13.348,47.814],[13.391,47.794],[13.451,47.804],[13.482,47.802],[13.485,47.792],[13.498,47.79],[13.511,47.797],[13.53,47.793],[13.539,47.783],[13.536,47.776],[13.514,47.772],[13.465,47.786],[13.446,47.772],[13.436,47.739],[13.486,47.722],[13.55,47.714],[13.531,47.682],[13.51,47.675],[13.485,47.641],[13.49,47.63],[13.514,47.631],[13.522,47.62],[13.506,47.603],[13.506,47.583],[13.48,47.569],[13.478,47.526],[13.516,47.496],[13.586,47.475],[13.59,47.466],[13.565,47.416],[13.602,47.331],[13.597,47.317],[13.605,47.284],[13.671,47.275],[13.713,47.26],[13.718,47.278],[13.747,47.278],[13.761,47.267],[13.784,47.275],[13.79,47.289],[13.809,47.294],[13.902,47.401],[13.805,47.449],[13.805,47.497],[13.757,47.513],[13.677,47.465],[13.516,47.529],[13.565,47.786],[13.42,47.834],[13.388,47.947],[13.366,47.967],[13.357,47.954],[13.33,47.954],[13.307,47.964],[13.282,47.957],[13.283,47.895],[13.271,47.891]]],[[[13.284,47.991],[13.305,47.982],[13.29,47.991],[13.284,47.991]]],[[[13.308,47.98],[13.311,47.979],[13.325,47.991],[13.324,47.992],[13.308,47.98]]],[[[13.426,50.678],[13.473,50.659],[13.5,50.712],[13.441,50.705],[13.429,50.695],[13.426,50.678]]],[[[13.685,50.762],[13.855,50.767],[13.863,50.778],[13.86,50.777],[13.799,50.78],[13.702,50.77],[13.685,50.762]]],[[[13.813,51.512],[13.831,51.498],[13.826,51.481],[13.879,51.492],[13.888,51.498],[13.897,51.541],[13.972,51.557],[14.019,51.628],[14.054,51.642],[14.096,51.637],[14.1,51.634],[14.099,51.629],[14.107,51.664],[14.118,51.663],[14.127,51.641],[14.164,51.639],[14.159,51.671],[14.163,51.675],[14.164,51.706],[14.149,51.716],[14.139,51.74],[14.111,51.74],[14.101,51.754],[14.124,51.799],[14.104,51.824],[14.073,51.827],[14.054,51.825],[14.041,51.815],[14.038,51.79],[14.056,51.727],[14.02,51.688],[14.02,51.672],[14.009,51.66],[13.952,51.635],[13.923,51.589],[13.849,51.571],[13.827,51.546],[13.813,51.512]],[[14.032,51.699],[14.067,51.71],[14.076,51.721],[14.108,51.721],[14.105,51.699],[14.056,51.693],[14.047,51.679],[14.032,51.699]]],[[[13.854,52.024],[13.856,52.025],[13.872,52.042],[13.89,52.046],[13.96,52.036],[14.096,52.06],[14.118,52.071],[14.127,52.085],[14.125,52.086],[14.069,52.101],[14.064,52.109],[14.043,52.105],[14.04,52.114],[14.011,52.109],[13.988,52.121],[13.954,52.116],[13.952,52.111],[13.983,52.095],[13.956,52.077],[13.924,52.071],[13.902,52.049],[13.862,52.04],[13.854,52.025],[13.854,52.024]]],[[[13.983,51.098],[13.997,51.079],[13.984,51.06],[14,51.045],[14.017,51.048],[14.054,51.035],[14.108,51.043],[14.114,51.059],[14.143,51.066],[14.212,51.054],[14.249,51.06],[14.274,51.088],[14.326,51.109],[14.33,51.144],[14.311,51.156],[14.234,51.17],[14.201,51.16],[14.298,51.124],[14.23,51.106],[14.214,51.111],[14.209,51.119],[14.215,51.127],[14.173,51.141],[14.135,51.125],[14.085,51.124],[14.093,51.105],[14.083,51.099],[14.06,51.104],[14.047,51.116],[14.011,51.12],[13.996,51.12],[13.983,51.098]]],[[[14.084,51.572],[14.096,51.571],[14.1,51.558],[14.139,51.525],[14.162,51.523],[14.194,51.543],[14.204,51.562],[14.184,51.574],[14.154,51.56],[14.136,51.572],[14.157,51.592],[14.132,51.569],[14.084,51.572]]],[[[14.154,51.864],[14.174,51.857],[14.181,51.865],[14.215,51.869],[14.218,51.875],[14.213,51.872],[14.154,51.864]]],[[[14.176,51.753],[14.183,51.744],[14.208,51.753],[14.2,51.763],[14.181,51.768],[14.176,51.753]]],[[[14.181,51.668],[14.184,51.647],[14.219,51.651],[14.24,51.64],[14.232,51.625],[14.197,51.608],[14.208,51.613],[14.223,51.609],[14.235,51.61],[14.24,51.615],[14.275,51.613],[14.307,51.616],[14.338,51.626],[14.337,51.633],[14.35,51.642],[14.46,51.643],[14.442,51.66],[14.429,51.66],[14.401,51.643],[14.392,51.649],[14.322,51.638],[14.299,51.644],[14.295,51.652],[14.269,51.651],[14.265,51.669],[14.223,51.681],[14.206,51.666],[14.181,51.668]],[[14.274,51.627],[14.301,51.638],[14.314,51.622],[14.29,51.618],[14.274,51.627]]],[[[14.192,51.684],[14.218,51.693],[14.222,51.706],[14.192,51.716],[14.192,51.684]]],[[[14.204,52.121],[14.23,52.128],[14.211,52.132],[14.204,52.121]]],[[[14.232,51.786],[14.238,51.768],[14.255,51.767],[14.258,51.778],[14.282,51.782],[14.275,51.793],[14.238,51.796],[14.232,51.786]]],[[[14.248,52.132],[14.281,52.141],[14.295,52.147],[14.28,52.152],[14.259,52.147],[14.248,52.132]]],[[[14.287,51.725],[14.293,51.707],[14.325,51.698],[14.333,51.717],[14.287,51.725]]],[[[14.292,51.012],[14.306,50.988],[14.358,50.971],[14.305,51.012],[14.292,51.012]]],[[[14.329,51.056],[14.426,51.072],[14.44,51.079],[14.418,51.097],[14.42,51.121],[14.403,51.132],[14.383,51.13],[14.332,51.063],[14.329,51.056]]],[[[14.462,51.641],[14.467,51.643],[14.479,51.643],[14.484,51.65],[14.486,51.651],[14.462,51.641]]],[[[14.506,51.783],[14.51,51.78],[14.51,51.784],[14.506,51.783]]],[[[14.719,51.456],[14.722,51.435],[14.742,51.435],[14.816,51.459],[14.853,51.445],[14.918,51.462],[15.139,51.474],[15.142,51.494],[15.165,51.529],[15.204,51.527],[15.232,51.499],[15.286,51.494],[15.29,51.495],[15.258,51.622],[15.228,51.62],[15.226,51.613],[15.194,51.612],[15.165,51.586],[15.139,51.579],[15.052,51.58],[15.036,51.584],[15.021,51.605],[15.019,51.605],[14.932,51.599],[14.898,51.575],[14.846,51.554],[14.746,51.546],[14.749,51.514],[14.734,51.496],[14.719,51.456]]],[[[14.92,51.877],[14.934,51.88],[14.923,51.878],[14.921,51.878],[14.92,51.877]]],[[[14.934,51.88],[14.962,51.872],[14.959,51.873],[14.934,51.88]]],[[[14.937,51.8],[14.964,51.809],[14.944,51.832],[14.949,51.826],[14.954,51.813],[14.951,51.805],[14.937,51.8]]],[[[14.974,51.771],[15.006,51.774],[15.008,51.78],[15.005,51.788],[15.012,51.788],[14.985,51.789],[14.975,51.781],[14.974,51.771]]],[[[14.977,50.917],[14.997,50.917],[15.003,50.955],[14.982,50.946],[14.988,50.925],[14.977,50.917]]],[[[14.987,51.81],[14.997,51.808],[14.995,51.814],[15.003,51.819],[14.987,51.81]]],[[[15.198,51.032],[15.236,51.027],[15.235,51.035],[15.198,51.032]]],[[[15.268,51.098],[15.281,51.089],[15.286,51.09],[15.316,51.196],[15.304,51.188],[15.291,51.166],[15.292,51.144],[15.27,51.118],[15.268,51.098]]]]}},{"type":"Feature","properties":{"NAME":"Republic of the Seven Zenden","ABBREVN":"Republic of the Seven Zenden","SUBJECTO":"Republic of the Seven Zenden","BORDERPRECISION":3,"PARTOF":"Republic of the Seven Zenden"},"geometry":{"type":"Polygon","coordinates":[[[6.776,46.362],[6.864,46.292],[6.804,46.137],[6.903,46.125],[6.876,46.054],[7.049,45.924],[7.196,45.861],[7.577,45.991],[7.873,45.921],[8.154,46.146],[8.089,46.268],[8.243,46.356],[8.314,46.396],[8.176,46.471],[8.176,46.433],[7.999,46.323],[7.907,46.302],[7.75,46.321],[7.752,46.363],[7.709,46.364],[7.694,46.426],[7.61,46.443],[7.535,46.409],[7.547,46.387],[7.5,46.373],[7.221,46.327],[7.033,46.184],[6.878,46.394],[6.864,46.395],[6.857,46.385],[6.809,46.394],[6.809,46.38],[6.776,46.362]]]}},{"type":"Feature","properties":{"NAME":"Geneva","ABBREVN":"Geneva","SUBJECTO":"Geneva","BORDERPRECISION":3,"PARTOF":"Geneva"},"geometry":{"type":"Polygon","coordinates":[[[5.941,46.176],[6.108,46.126],[6.275,46.257],[6.199,46.264],[6.194,46.238],[6.172,46.212],[6.148,46.207],[6.164,46.269],[6.156,46.27],[6.01,46.24],[5.941,46.176]]]}},{"type":"Feature","properties":{"NAME":null,"ABBREVN":null,"SUBJECTO":null,"BORDERPRECISION":3,"PARTOF":null},"geometry":{"type":"MultiPolygon","coordinates":[[[[26.769,37.176],[26.821,37.111],[26.854,37.097],[26.887,37.097],[26.889,37.109],[26.855,37.183],[26.786,37.191],[26.769,37.176]]],[[[26.882,37.069],[26.919,36.947],[26.936,36.932],[26.97,36.924],[27.046,36.944],[27.048,36.994],[26.986,37.044],[26.891,37.076],[26.882,37.069]]],[[[26.918,36.755],[26.923,36.706],[26.946,36.679],[26.971,36.672],[26.966,36.704],[26.971,36.736],[26.981,36.747],[27.243,36.827],[27.329,36.843],[27.355,36.859],[27.353,36.872],[27.341,36.885],[27.284,36.901],[27.177,36.889],[27.061,36.837],[26.918,36.755]]],[[[27.719,35.941],[27.733,35.911],[27.781,35.89],[27.843,35.914],[27.866,35.932],[27.946,36.035],[28.009,36.069],[28.064,36.112],[28.123,36.186],[28.207,36.344],[28.238,36.431],[28.226,36.453],[28.216,36.458],[28.207,36.442],[28.068,36.405],[27.896,36.332],[27.803,36.268],[27.72,36.166],[27.741,36.104],[27.731,35.979],[27.719,35.941]]]]}},{"type":"Feature","properties":{"NAME":null,"ABBREVN":null,"SUBJECTO":null,"BORDERPRECISION":3,"PARTOF":null},"geometry":{"type":"MultiPolygon","coordinates":[[[[-4.153,53.226],[-4.218,53.2],[-4.326,53.145],[-4.351,53.124],[-4.402,53.126],[-4.494,53.189],[-4.567,53.273],[-4.569,53.388],[-4.56,53.397],[-4.429,53.424],[-4.314,53.412],[-4.277,53.398],[-4.222,53.322],[-4.047,53.303],[-4.09,53.255],[-4.153,53.226]]]]}},{"type":"Feature","properties":{"NAME":null,"ABBREVN":null,"SUBJECTO":null,"BORDERPRECISION":3,"PARTOF":null},"geometry":{"type":"MultiPolygon","coordinates":[[[[-5.104,55.439],[-5.232,55.43],[-5.34,55.475],[-5.4,55.601],[-5.381,55.669],[-5.295,55.717],[-5.239,55.714],[-5.16,55.679],[-5.085,55.557],[-5.076,55.455],[-5.104,55.439]]]]}},{"type":"Feature","properties":{"NAME":null,"ABBREVN":null,"SUBJECTO":null,"BORDERPRECISION":3,"PARTOF":null},"geometry":{"type":"MultiPolygon","coordinates":[[[[-6.122,55.879],[-6.098,55.797],[-6.088,55.784],[-6.052,55.767],[-6.03,55.721],[-6.025,55.681],[-6.077,55.65],[-6.274,55.573],[-6.326,55.587],[-6.322,55.615],[-6.286,55.707],[-6.253,55.764],[-6.251,55.771],[-6.265,55.778],[-6.338,55.78],[-6.38,55.728],[-6.449,55.68],[-6.485,55.669],[-6.509,55.682],[-6.495,55.734],[-6.45,55.849],[-6.442,55.854],[-6.37,55.869],[-6.31,55.864],[-6.137,55.934],[-6.119,55.922],[-6.122,55.879]]]]}},{"type":"Feature","properties":{"NAME":null,"ABBREVN":null,"SUBJECTO":null,"BORDERPRECISION":3,"PARTOF":null},"geometry":{"type":"MultiPolygon","coordinates":[[[[-5.947,55.83],[-5.972,55.788],[-6.027,55.792],[-6.063,55.804],[-6.076,55.816],[-6.088,55.877],[-6.079,55.906],[-5.968,56.024],[-5.809,56.11],[-5.711,56.15],[-5.694,56.147],[-5.685,56.126],[-5.691,56.107],[-5.746,56.064],[-5.947,55.83]]]]}},{"type":"Feature","properties":{"NAME":null,"ABBREVN":null,"SUBJECTO":null,"BORDERPRECISION":3,"PARTOF":null},"geometry":{"type":"MultiPolygon","coordinates":[[[[-7.467,56.941],[-7.55,56.947],[-7.56,56.96],[-7.44,57.054],[-7.419,57.044],[-7.378,56.982],[-7.435,56.945],[-7.467,56.941]]]]}},{"type":"Feature","properties":{"NAME":null,"ABBREVN":null,"SUBJECTO":null,"BORDERPRECISION":3,"PARTOF":null},"geometry":{"type":"MultiPolygon","coordinates":[[[[-7.223,57.337],[-7.252,57.327],[-7.285,57.336],[-7.288,57.322],[-7.259,57.152],[-7.215,57.114],[-7.226,57.097],[-7.287,57.106],[-7.356,57.099],[-7.381,57.109],[-7.417,57.182],[-7.425,57.382],[-7.368,57.401],[-7.336,57.396],[-7.272,57.375],[-7.223,57.337]]]]}},{"type":"Feature","properties":{"NAME":null,"ABBREVN":null,"SUBJECTO":null,"BORDERPRECISION":3,"PARTOF":null},"geometry":{"type":"MultiPolygon","coordinates":[[[[-7.269,57.399],[-7.314,57.4],[-7.388,57.424],[-7.409,57.448],[-7.406,57.464],[-7.351,57.489],[-7.244,57.476],[-7.205,57.461],[-7.202,57.419],[-7.269,57.399]]]]}},{"type":"Feature","properties":{"NAME":null,"ABBREVN":null,"SUBJECTO":null,"BORDERPRECISION":3,"PARTOF":null},"geometry":{"type":"MultiPolygon","coordinates":[[[[-7.189,57.687],[-7.067,57.637],[-7.154,57.509],[-7.321,57.505],[-7.325,57.544],[-7.412,57.568],[-7.477,57.562],[-7.543,57.591],[-7.491,57.646],[-7.473,57.655],[-7.275,57.656],[-7.245,57.677],[-7.189,57.687]]]]}},{"type":"Feature","properties":{"NAME":null,"ABBREVN":null,"SUBJECTO":null,"BORDERPRECISION":3,"PARTOF":null},"geometry":{"type":"MultiPolygon","coordinates":[[[[-7.006,57.881],[-7.074,57.878],[-7.077,57.893],[-7.033,57.916],[-6.994,57.919],[-6.997,57.891],[-7.006,57.881]]]]}},{"type":"Feature","properties":{"NAME":null,"ABBREVN":null,"SUBJECTO":null,"BORDERPRECISION":3,"PARTOF":null},"geometry":{"type":"MultiPolygon","coordinates":[[[[-6.802,58.203],[-6.869,58.204],[-6.89,58.252],[-6.854,58.25],[-6.81,58.229],[-6.794,58.218],[-6.791,58.207],[-6.802,58.203]]]]}},{"type":"Feature","properties":{"NAME":null,"ABBREVN":null,"SUBJECTO":null,"BORDERPRECISION":3,"PARTOF":null},"geometry":{"type":"MultiPolygon","coordinates":[[[[-6.204,58.356],[-6.232,58.318],[-6.324,58.264],[-6.328,58.238],[-6.325,58.232],[-6.277,58.223],[-6.221,58.234],[-6.168,58.261],[-6.148,58.256],[-6.158,58.218],[-6.172,58.207],[-6.225,58.184],[-6.264,58.177],[-6.329,58.183],[-6.367,58.159],[-6.382,58.13],[-6.497,58.097],[-6.62,58.082],[-6.497,58.087],[-6.396,58.105],[-6.354,58.033],[-6.458,57.968],[-6.474,57.94],[-6.571,57.911],[-6.662,57.924],[-6.699,57.967],[-6.706,58.008],[-6.697,58.021],[-6.653,58.048],[-6.594,58.046],[-6.6,58.054],[-6.684,58.057],[-6.761,57.998],[-6.726,57.954],[-6.685,57.934],[-6.661,57.885],[-6.735,57.826],[-6.973,57.725],[-7.124,57.821],[-7.127,57.833],[-7.118,57.838],[-7.066,57.821],[-6.83,57.901],[-6.879,57.932],[-6.935,57.95],[-6.985,57.959],[-7.036,57.953],[-7.075,57.962],[-7.113,57.984],[-7.084,58.008],[-7.056,58.02],[-7.058,58.036],[-7.094,58.071],[-7.128,58.13],[-7.094,58.182],[-7.041,58.233],[-7.001,58.234],[-6.908,58.213],[-6.908,58.206],[-6.936,58.188],[-6.862,58.104],[-6.873,58.179],[-6.805,58.196],[-6.75,58.185],[-6.745,58.197],[-6.787,58.229],[-6.808,58.26],[-6.818,58.28],[-6.798,58.302],[-6.673,58.349],[-6.652,58.349],[-6.647,58.342],[-6.55,58.363],[-6.293,58.488],[-6.267,58.512],[-6.223,58.496],[-6.166,58.425],[-6.204,58.356]]]]}},{"type":"Feature","properties":{"NAME":null,"ABBREVN":null,"SUBJECTO":null,"BORDERPRECISION":3,"PARTOF":null},"geometry":{"type":"MultiPolygon","coordinates":[[[[-2.918,58.732],[-2.948,58.731],[-2.971,58.742],[-3.037,58.818],[-3.004,58.833],[-2.916,58.839],[-2.886,58.832],[-2.878,58.824],[-2.918,58.732]]]]}},{"type":"Feature","properties":{"NAME":null,"ABBREVN":null,"SUBJECTO":null,"BORDERPRECISION":3,"PARTOF":null},"geometry":{"type":"MultiPolygon","coordinates":[[[[-3.231,58.776],[-3.301,58.778],[-3.431,58.871],[-3.418,58.904],[-3.398,58.917],[-3.336,58.927],[-3.228,58.885],[-3.136,58.804],[-3.142,58.785],[-3.231,58.776]]]]}},{"type":"Feature","properties":{"NAME":null,"ABBREVN":null,"SUBJECTO":null,"BORDERPRECISION":3,"PARTOF":null},"geometry":{"type":"MultiPolygon","coordinates":[[[[-2.793,58.951],[-2.756,58.918],[-2.824,58.879],[-2.97,58.939],[-3.057,58.936],[-3.195,58.911],[-3.346,58.966],[-3.368,59.01],[-3.351,59.106],[-3.317,59.129],[-3.219,59.149],[-3.077,59.122],[-2.998,59.07],[-2.996,59.056],[-2.947,58.998],[-2.852,58.976],[-2.793,58.951]]]]}},{"type":"Feature","properties":{"NAME":null,"ABBREVN":null,"SUBJECTO":null,"BORDERPRECISION":3,"PARTOF":null},"geometry":{"type":"MultiPolygon","coordinates":[[[[-2.681,59.196],[-2.686,59.184],[-2.694,59.197],[-2.684,59.221],[-2.593,59.291],[-2.556,59.303],[-2.407,59.314],[-2.39,59.283],[-2.496,59.245],[-2.621,59.236],[-2.681,59.196]]]]}},{"type":"Feature","properties":{"NAME":null,"ABBREVN":null,"SUBJECTO":null,"BORDERPRECISION":3,"PARTOF":null},"geometry":{"type":"MultiPolygon","coordinates":[[[[-2.89,59.295],[-2.85,59.268],[-2.853,59.249],[-2.877,59.229],[-2.877,59.259],[-2.937,59.284],[-2.972,59.287],[-2.977,59.273],[-2.999,59.261],[-3.076,59.331],[-2.89,59.295]]]]}},{"type":"Feature","properties":{"NAME":null,"ABBREVN":null,"SUBJECTO":null,"BORDERPRECISION":3,"PARTOF":null},"geometry":{"type":"MultiPolygon","coordinates":[[[[-1.296,60.491],[-1.287,60.471],[-1.037,60.444],[-1.101,60.276],[-1.164,60.258],[-1.187,60.27],[-1.201,60.263],[-1.186,60.231],[-1.126,60.152],[-1.147,60.132],[-1.171,60.137],[-1.212,60.103],[-1.221,60.022],[-1.26,59.862],[-1.269,59.851],[-1.307,59.857],[-1.372,59.892],[-1.378,59.902],[-1.332,59.997],[-1.306,60.013],[-1.263,60.107],[-1.262,60.131],[-1.291,60.241],[-1.41,60.255],[-1.364,60.23],[-1.353,60.209],[-1.358,60.192],[-1.449,60.151],[-1.52,60.181],[-1.527,60.187],[-1.52,60.201],[-1.665,60.231],[-1.693,60.28],[-1.691,60.288],[-1.655,60.303],[-1.427,60.321],[-1.346,60.34],[-1.32,60.356],[-1.446,60.461],[-1.554,60.476],[-1.61,60.474],[-1.593,60.508],[-1.547,60.536],[-1.416,60.605],[-1.302,60.637],[-1.287,60.613],[-1.296,60.491]]]]}},{"type":"Feature","properties":{"NAME":null,"ABBREVN":null,"SUBJECTO":null,"BORDERPRECISION":3,"PARTOF":null},"geometry":{"type":"MultiPolygon","coordinates":[[[[-1.029,60.496],[-1.127,60.486],[-1.14,60.489],[-1.17,60.527],[-1.184,60.603],[-1.179,60.633],[-1.11,60.726],[-1.099,60.73],[-0.991,60.72],[-0.982,60.656],[-1.029,60.496]]]]}},{"type":"Feature","properties":{"NAME":null,"ABBREVN":null,"SUBJECTO":null,"BORDERPRECISION":3,"PARTOF":null},"geometry":{"type":"MultiPolygon","coordinates":[[[[-0.82,60.689],[-0.835,60.673],[-0.936,60.674],[-0.966,60.688],[-0.939,60.794],[-0.878,60.844],[-0.806,60.841],[-0.768,60.829],[-0.758,60.818],[-0.764,60.793],[-0.82,60.689]]]]}},{"type":"Feature","properties":{"NAME":null,"ABBREVN":null,"SUBJECTO":null,"BORDERPRECISION":3,"PARTOF":null},"geometry":{"type":"MultiPolygon","coordinates":[[[[-6.655,61.389],[-6.719,61.407],[-6.846,61.468],[-6.958,61.599],[-6.963,61.619],[-6.945,61.637],[-6.889,61.645],[-6.724,61.573],[-6.709,61.558],[-6.642,61.401],[-6.655,61.389]]],[[[-6.604,61.822],[-6.63,61.761],[-6.652,61.743],[-6.705,61.777],[-6.841,61.817],[-6.866,61.837],[-6.909,61.901],[-6.905,61.908],[-6.864,61.907],[-6.783,61.897],[-6.661,61.859],[-6.604,61.822]]],[[[-7.05,62.068],[-7.063,62.049],[-7.202,62.019],[-7.192,62.04],[-7.227,62.064],[-7.251,62.043],[-7.346,62.052],[-7.378,62.065],[-7.431,62.116],[-7.435,62.14],[-7.223,62.159],[-7.163,62.129],[-7.045,62.094],[-7.04,62.088],[-7.05,62.068]]],[[[-6.707,61.937],[-6.725,61.934],[-6.773,61.95],[-6.869,61.997],[-6.961,62.047],[-7.035,62.112],[-7.13,62.126],[-7.232,62.172],[-7.234,62.193],[-7.211,62.285],[-7.196,62.305],[-7.135,62.304],[-7.066,62.282],[-7.045,62.243],[-6.991,62.193],[-6.841,62.124],[-6.725,62.035],[-6.696,61.979],[-6.707,61.937]]],[[[-6.62,62.23],[-6.686,62.245],[-6.712,62.294],[-6.721,62.331],[-6.626,62.253],[-6.62,62.23]]],[[[-6.657,62.092],[-6.657,62.056],[-6.922,62.167],[-7.025,62.238],[-7.062,62.296],[-7.06,62.314],[-6.95,62.338],[-6.807,62.29],[-6.601,62.197],[-6.588,62.134],[-6.657,62.092]]],[[[-6.419,62.184],[-6.518,62.169],[-6.572,62.212],[-6.588,62.24],[-6.551,62.251],[-6.549,62.301],[-6.574,62.35],[-6.542,62.357],[-6.522,62.318],[-6.493,62.291],[-6.392,62.258],[-6.389,62.251],[-6.407,62.192],[-6.419,62.184]]],[[[-6.586,62.256],[-6.62,62.267],[-6.664,62.322],[-6.661,62.372],[-6.632,62.371],[-6.566,62.296],[-6.566,62.265],[-6.586,62.256]]],[[[-6.406,62.284],[-6.48,62.298],[-6.547,62.384],[-6.519,62.397],[-6.489,62.381],[-6.392,62.297],[-6.406,62.284]]]]}},{"type":"Feature","properties":{"NAME":null,"ABBREVN":null,"SUBJECTO":null,"BORDERPRECISION":3,"PARTOF":null},"geometry":{"type":"MultiPolygon","coordinates":[[[[-4.778,54.056],[-4.789,54.063],[-4.714,54.214],[-4.618,54.254],[-4.578,54.297],[-4.553,54.344],[-4.527,54.367],[-4.443,54.398],[-4.368,54.417],[-4.354,54.411],[-4.309,54.293],[-4.394,54.186],[-4.491,54.127],[-4.624,54.069],[-4.705,54.08],[-4.778,54.056]]]]}},{"type":"Feature","properties":{"NAME":null,"ABBREVN":null,"SUBJECTO":null,"BORDERPRECISION":3,"PARTOF":null},"geometry":{"type":"MultiPolygon","coordinates":[[[[60,69.717],[59.931,69.692],[59.912,69.666],[59.877,69.689],[59.859,69.692],[59.746,69.691],[59.602,69.712],[59.534,69.754],[59.557,69.782],[59.611,69.777],[59.621,69.783],[59.626,69.79],[59.616,69.809],[59.439,69.881],[59.384,69.891],[59.276,69.884],[58.959,69.941],[58.942,69.937],[58.941,69.931],[58.998,69.911],[59.114,69.878],[59.128,69.866],[59.113,69.854],[59.018,69.854],[58.621,70.037],[58.571,70.078],[58.609,70.137],[58.588,70.174],[58.568,70.183],[58.517,70.18],[58.495,70.19],[58.409,70.25],[58.41,70.257],[58.436,70.269],[58.49,70.27],[58.594,70.259],[58.655,70.233],[58.783,70.213],[58.821,70.214],[58.825,70.218],[58.788,70.254],[58.648,70.297],[58.632,70.326],[58.757,70.394],[59.033,70.479],[59.045,70.467],[59.035,70.453],[59.044,70.447],[59.334,70.361],[59.43,70.293],[59.641,70.196],[59.764,70.168],[59.815,70.125],[60,70.08],[60,69.717]]]]}},{"type":"Feature","properties":{"NAME":null,"ABBREVN":null,"SUBJECTO":null,"BORDERPRECISION":3,"PARTOF":null},"geometry":{"type":"MultiPolygon","coordinates":[[[[50.119,69.041],[50.166,69.079],[50.225,69.143],[50.224,69.15],[50.189,69.152],[50.13,69.138],[49.959,69.076],[49.806,68.952],[49.678,68.873],[49.452,68.811],[48.795,68.723],[48.576,68.733],[48.226,68.883],[48.216,68.895],[48.212,69.056],[48.266,69.123],[48.269,69.215],[48.289,69.254],[48.313,69.279],[48.414,69.348],[48.608,69.435],[48.833,69.489],[48.943,69.507],[49.244,69.506],[49.379,69.48],[49.725,69.378],[50.143,69.267],[50.194,69.241],[50.329,69.138],[50.329,69.117],[50.312,69.101],[50.143,68.993],[50.113,68.995],[50.119,69.041]]]]}},{"type":"Feature","properties":{"NAME":"Denmark-Norway","ABBREVN":"DenmarkNorwa","SUBJECTO":"Denmark-Norway","BORDERPRECISION":3,"PARTOF":"Denmark-Norway"},"geometry":{"type":"MultiPolygon","coordinates":[[[[4.98,60.689],[5.075,60.592],[5.255,60.564],[5.456,60.592],[5.551,60.509],[5.262,60.327],[5.096,60.264],[5.279,60.125],[5.525,60.168],[5.894,60.161],[5.806,59.949],[5.632,59.884],[5.543,59.824],[5.694,59.753],[5.91,59.753],[6.185,59.824],[5.97,59.711],[5.667,59.676],[5.741,59.628],[5.646,59.586],[5.449,59.658],[5.419,59.515],[5.383,59.711],[5.087,59.509],[5.177,59.307],[5.283,59.272],[5.35,59.39],[5.344,59.266],[5.529,59.266],[5.717,59.337],[5.683,59.414],[5.68,59.509],[5.8,59.432],[5.816,59.313],[6.113,59.527],[6.076,59.42],[5.877,59.313],[6.02,59.254],[6.238,59.284],[6.033,59.201],[5.772,59.076],[5.822,59.017],[5.94,58.934],[6.051,58.981],[6.266,58.993],[6.041,58.952],[5.984,58.887],[6.094,58.798],[5.794,58.916],[5.666,58.822],[5.627,58.964],[5.475,58.976],[5.531,58.881],[5.4,58.715],[5.615,58.455],[5.874,58.432],[6.231,58.278],[6.652,58.172],[6.479,58.09],[6.644,58.042],[6.726,58.137],[6.874,58.078],[6.959,57.972],[7.908,58.066],[8.03,58.066],[8.154,58.09],[8.175,58.172],[8.922,58.538],[9.146,58.656],[9.372,58.786],[9.346,58.845],[9.698,58.999],[9.938,58.94],[10.172,58.987],[10.211,59.07],[10.363,59.213],[10.43,59.26],[10.379,59.367],[10.407,59.497],[10.57,59.581],[10.634,59.45],[10.549,59.379],[10.657,59.224],[10.769,59.118],[10.829,59.106],[11.112,59.165],[11.179,59.07],[11.311,59.011],[11.379,58.857],[11.563,58.863],[11.709,59.195],[11.61,59.569],[11.838,59.67],[11.891,59.86],[12.077,59.866],[12.423,60.039],[12.436,60.278],[12.548,60.434],[12.431,60.626],[12.174,60.956],[12.597,61.029],[12.792,61.33],[12.658,61.44],[12.337,61.523],[12.075,61.698],[12.226,62.226],[11.933,62.554],[12.09,63.046],[12.124,63.345],[12.299,63.566],[12.577,63.782],[12.853,63.897],[13.131,63.949],[13.551,63.937],[13.88,63.953],[14.078,64.032],[14.155,64.111],[14.042,64.376],[13.87,64.497],[13.718,64.553],[13.94,64.799],[14.199,65.023],[14.371,65.234],[14.515,65.503],[14.542,65.94],[14.597,66.05],[15.038,66.06],[15.347,66.259],[15.944,66.672],[16.221,66.828],[16.305,66.983],[16.228,67.211],[16.206,67.307],[16.874,67.837],[17.083,67.912],[17.209,67.905],[17.601,67.863],[17.914,67.864],[18.057,67.999],[18.094,68.088],[18.104,68.386],[18.179,68.469],[18.959,68.294],[19.396,68.229],[19.697,68.171],[19.843,68.164],[19.965,68.276],[20.039,68.478],[20.166,68.958],[20.555,68.975],[20.739,68.961],[20.791,68.932],[21.246,69.228],[21.406,69.273],[21.625,69.237],[22.072,68.961],[22.46,68.694],[22.701,68.635],[23.336,68.616],[24.082,68.717],[24.662,68.495],[24.801,68.429],[25.063,68.595],[25.625,68.807],[25.71,69.032],[25.746,69.258],[25.863,69.454],[26.118,69.644],[26.507,69.812],[27.409,69.855],[27.659,69.886],[27.909,69.888],[28.415,69.694],[28.717,69.642],[29.113,69.486],[29.133,69.366],[28.74,68.95],[28.696,68.785],[28.697,68.696],[29.007,68.832],[29.463,69.134],[29.924,69.355],[30.27,69.409],[30.641,69.418],[30.872,69.51],[31.054,69.64],[30.735,69.752],[30.361,69.767],[30.056,69.721],[29.729,69.698],[29.556,69.833],[29.08,69.961],[28.73,70.136],[29.735,70.115],[30.252,70.131],[30.799,70.308],[30.754,70.43],[30.462,70.537],[30.041,70.544],[29.741,70.605],[28.984,70.857],[28.795,70.865],[28.389,70.572],[28.29,70.372],[27.875,70.425],[28.019,70.609],[27.985,70.717],[28.136,70.833],[28.308,70.949],[28.211,71.018],[27.948,71.017],[27.516,70.97],[27.131,70.577],[26.934,70.469],[26.617,70.392],[26.619,70.799],[26.607,70.915],[26.263,70.791],[25.574,70.367],[25.263,70.107],[25.074,70.144],[25.122,70.435],[25.231,70.558],[25.832,70.898],[25.389,70.905],[24.849,70.827],[24.571,70.741],[24.36,70.61],[24.208,70.472],[23.955,70.502],[23.827,70.479],[23.508,70.279],[23.292,70.011],[23.204,69.943],[22.746,70.171],[22.306,70.216],[22.163,70.093],[21.908,69.804],[21.609,69.963],[21.412,70.015],[21.103,69.818],[20.734,69.779],[20.553,69.522],[20.197,69.318],[20.278,69.582],[20.358,69.71],[20.286,69.786],[20.158,69.748],[19.821,69.37],[19.58,69.181],[19.289,69.211],[18.985,69.315],[18.553,69.247],[18.319,69.359],[18.097,69.058],[18.052,69.028],[17.928,69.005],[17.895,69.035],[17.566,68.974],[17.449,68.887],[17.407,68.772],[17.04,68.659],[16.855,68.558],[17.126,68.416],[17.033,68.338],[16.719,68.311],[16.522,68.341],[16.649,68.046],[16.412,67.874],[16.233,67.911],[16.071,68.045],[15.92,68.049],[15.854,67.925],[15.572,67.821],[15.762,67.676],[15.746,67.597],[15.58,67.583],[15.385,67.464],[15.227,67.509],[14.976,67.523],[14.699,67.374],[14.569,67.329],[14.616,67.245],[14.778,67.217],[14.639,67.123],[14.373,67.093],[14.055,66.975],[13.859,66.959],[13.747,66.922],[13.992,66.687],[13.592,66.657],[13.383,66.679],[13.242,66.569],[13.169,66.458],[13.255,66.393],[13.403,66.349],[13.581,66.188],[13.152,66.136],[13.109,66.034],[13.087,65.88],[12.709,65.909],[12.479,65.617],[12.284,65.435],[12.496,65.384],[12.526,65.109],[12.222,65.101],[12.112,65.13],[11.896,64.913],[11.69,64.776],[11.47,64.675],[11.407,64.617],[11.508,64.517],[11.364,64.416],[11.214,64.416],[10.997,64.494],[10.891,64.473],[10.74,64.386],[10.066,64.056],[9.87,63.876],[9.832,63.684],[9.441,63.498],[9.216,63.284],[9.154,63.319],[8.957,63.404],[8.606,63.325],[8.472,63.176],[8.258,63.054],[8.231,62.841],[7.989,62.94],[7.606,62.904],[7.088,62.91],[6.982,62.846],[7.102,62.705],[7.547,62.599],[7.289,62.486],[6.989,62.542],[6.613,62.583],[6.533,62.336],[6.308,62.286],[6.053,62.335],[5.824,62.179],[5.565,62.15],[5.47,62.094],[5.426,62.009],[5.528,61.933],[5.719,61.88],[5.834,61.819],[5.797,61.77],[5.592,61.79],[5.149,61.741],[5.101,61.699],[5.141,61.39],[5.018,61.305],[5.12,61.137],[5.387,61.026],[5.109,60.906],[4.98,60.689]]],[[[8.035,55.476],[8.214,55.399],[8.319,55.481],[8.481,55.349],[8.56,55.356],[8.645,55.069],[8.596,54.761],[8.742,54.608],[8.951,54.419],[8.852,54.332],[8.554,54.275],[8.581,54.194],[8.884,54.229],[8.962,54.276],[9.056,54.349],[9.136,54.298],[9.165,54.32],[9.216,54.29],[9.26,54.305],[9.296,54.247],[9.441,54.247],[9.449,54.189],[9.674,54.189],[9.739,54.276],[9.827,54.276],[9.885,54.254],[10.142,54.337],[10.065,54.434],[9.865,54.411],[9.978,54.49],[9.987,54.592],[9.864,54.726],[9.61,54.88],[9.421,54.976],[9.518,55.129],[9.517,55.223],[9.544,55.351],[9.63,55.459],[9.704,55.483],[9.768,55.467],[9.811,55.437],[9.887,55.342],[9.897,55.28],[10.006,55.193],[10.099,55.188],[10.119,55.179],[10.153,55.133],[10.151,55.122],[10.135,55.117],[10.153,55.084],[10.529,55.029],[10.599,55.058],[10.74,55.067],[10.783,55.122],[10.812,55.186],[10.835,55.294],[10.791,55.363],[10.744,55.497],[10.627,55.617],[10.611,55.617],[10.603,55.607],[10.617,55.564],[10.606,55.486],[10.469,55.437],[10.426,55.439],[10.416,55.453],[10.452,55.482],[10.485,55.532],[10.406,55.586],[10.31,55.617],[10.213,55.599],[10.149,55.574],[10,55.541],[9.905,55.506],[9.856,55.512],[9.838,55.522],[9.835,55.54],[9.824,55.547],[9.738,55.534],[9.69,55.605],[9.976,55.62],[10.007,55.73],[10.147,55.765],[10.23,55.951],[10.175,56.076],[10.293,56.137],[10.442,56.151],[10.496,56.034],[10.751,56.097],[10.889,56.369],[10.826,56.443],[10.314,56.469],[10.23,56.605],[10.216,56.85],[9.835,56.89],[9.37,56.882],[9.322,56.719],[9.312,56.481],[9.136,56.46],[9.003,56.657],[8.869,56.616],[8.675,56.358],[8.452,56.412],[8.309,56.479],[8.183,56.431],[8.124,56.207],[8.117,56.092],[8.317,55.849],[8.32,55.768],[8.125,55.636],[8.035,55.476]]],[[[8.183,56.798],[8.471,56.597],[8.507,56.647],[8.666,56.7],[8.778,56.798],[8.847,56.986],[8.971,57],[9.079,57.037],[9.141,57.009],[9.334,57.023],[9.503,56.975],[10.257,57.006],[10.333,57.171],[10.463,57.242],[10.451,57.458],[10.401,57.506],[10.558,57.745],[10.479,57.759],[10.39,57.661],[10.29,57.672],[9.849,57.582],[9.449,57.228],[9.302,57.166],[8.661,57.104],[8.534,57.141],[8.359,57.023],[8.183,56.798]]],[[[10.991,54.787],[11.032,54.756],[11.262,54.707],[11.35,54.659],[11.456,54.619],[11.588,54.664],[11.785,54.64],[11.834,54.661],[11.856,54.683],[11.862,54.746],[11.845,54.77],[11.709,54.875],[11.649,54.907],[11.642,54.901],[11.643,54.878],[11.564,54.822],[11.514,54.83],[11.393,54.868],[11.351,54.892],[11.331,54.919],[11.276,54.95],[11.24,54.957],[11.164,54.957],[11.071,54.941],[11.014,54.896],[11.025,54.814],[10.991,54.787]]],[[[11.102,55.634],[11.23,55.337],[11.285,55.189],[11.585,55.162],[11.767,55.176],[11.97,54.954],[12.077,54.995],[12.301,55.17],[12.43,55.245],[12.158,55.379],[12.409,55.548],[12.469,55.711],[12.444,55.968],[12.238,55.988],[12.088,55.967],[12.053,55.703],[11.962,55.581],[11.728,55.662],[11.568,55.885],[11.296,55.675],[11.102,55.634]]],[[[11.709,54.937],[11.752,54.859],[11.802,54.839],[11.899,54.719],[11.878,54.688],[11.872,54.651],[11.929,54.573],[11.969,54.562],[11.98,54.57],[11.96,54.648],[11.963,54.685],[11.981,54.71],[12.072,54.786],[12.12,54.806],[12.169,54.836],[12.168,54.842],[12.104,54.89],[12.02,54.896],[11.847,54.956],[11.751,54.961],[11.709,54.937]]],[[[14.68,55.1],[14.747,55.065],[14.942,55.013],[15.043,54.995],[15.077,55.001],[15.103,55.021],[15.148,55.082],[15.149,55.129],[15.134,55.144],[15.065,55.162],[14.825,55.257],[14.77,55.306],[14.744,55.292],[14.699,55.215],[14.68,55.1]]]]}},{"type":"Feature","properties":{"NAME":"Tsardom of Muscovy","ABBREVN":"Muscovy","SUBJECTO":"Tsardom of Muscovy","BORDERPRECISION":3,"PARTOF":"Tsardom of Muscovy"},"geometry":{"type":"MultiPolygon","coordinates":[[[[28.173,58.986],[29.518,58.075],[29.995,58.205],[30.472,57.771],[30.386,57.294],[31.167,56.73],[31.557,57.034],[32.078,56.774],[31.861,55.993],[31.21,55.732],[31.253,55.602],[31.514,55.559],[31.731,54.952],[31.427,54.908],[31.557,54.301],[32.208,54.431],[32.468,53.086],[31.383,53.26],[31.297,52.956],[31.383,52.001],[30.559,51.828],[30.342,51.394],[30.472,50.093],[30.516,49.962],[31.514,49.962],[31.514,49.702],[33.553,48.878],[32.381,48.487],[31.167,48.618],[31.167,48.27],[31.08,48.184],[31.08,47.793],[31.427,47.62],[31.991,47.403],[33.388,47.313],[37.385,48.811],[37.885,49.186],[39.259,48.437],[40.508,47.437],[40.549,47.191],[40.551,47.19],[40.638,47.2],[40.692,47.198],[40.717,47.172],[40.724,47.139],[40.748,47.115],[40.802,47.121],[40.861,47.139],[41.006,47.093],[41.082,47.052],[41.434,46.929],[41.461,46.901],[41.512,46.759],[41.516,46.756],[42.257,46.813],[43.381,46.188],[43.88,44.814],[44.755,44.439],[46.873,44.68],[47.026,44.788],[47.17,44.86],[47.251,44.986],[47.394,45.175],[47.556,45.453],[47.655,45.543],[47.601,45.66],[47.628,45.732],[47.673,45.75],[47.754,45.714],[47.871,45.678],[48.015,45.714],[48.303,45.768],[48.635,45.975],[48.77,45.885],[48.833,45.921],[48.833,46.083],[48.887,46.083],[49.058,46.137],[49.238,46.263],[49.313,46.353],[49.535,46.542],[49.723,46.533],[49.948,46.56],[50.272,46.685],[50.632,46.91],[50.82,46.919],[51.117,47.063],[51.369,47.09],[51.773,47.462],[51.387,48.105],[51.901,49.391],[51.13,50.42],[51.387,51.063],[55.245,51.706],[58.331,50.934],[60,50.884],[60,68.6],[59.925,68.581],[59.892,68.402],[59.762,68.297],[59.502,68.289],[59.218,68.349],[59.12,68.393],[59.062,68.497],[59.346,68.7],[59.199,68.774],[58.77,68.856],[58.409,68.833],[57.959,68.705],[57.526,68.495],[57.364,68.457],[57.024,68.449],[56.54,68.553],[56.195,68.567],[55.723,68.536],[55.335,68.483],[55.126,68.401],[54.996,68.207],[54.877,68.11],[54.752,68.05],[54.648,68.072],[54.576,68.161],[54.38,68.161],[53.626,68.048],[53.317,68.136],[53.316,68.233],[53.396,68.3],[53.782,68.338],[53.808,68.607],[53.889,68.787],[53.502,68.816],[53.179,68.756],[53.006,68.681],[52.939,68.471],[52.72,68.351],[52.463,68.299],[52.337,68.336],[52.245,68.545],[51.831,68.409],[51.139,68.266],[50.496,68.153],[49.63,67.936],[49.186,67.839],[48.635,67.652],[48.081,67.562],[47.953,67.377],[47.706,66.89],[47.571,66.816],[46.973,66.778],[46.402,66.719],[46.077,66.762],[45.715,66.85],[45.386,67.099],[44.957,67.231],[44.871,67.312],[45.093,67.542],[45.463,67.639],[46.634,67.701],[46.439,67.908],[46.162,68.108],[45.863,68.383],[45.58,68.443],[44.668,68.389],[44.012,68.492],[43.853,68.469],[43.822,68.327],[44.169,68.097],[44.261,67.83],[44.216,67.718],[43.704,67.266],[43.838,67.163],[44.219,67.09],[44.362,66.906],[44.384,66.612],[44.122,66.267],[44.053,66.041],[44.029,66.011],[43.876,66.011],[43.241,66.251],[42.211,66.41],[42.133,66.388],[41.623,66.065],[41.354,65.955],[40.681,65.794],[39.951,65.581],[39.823,65.436],[39.979,65.153],[40.366,64.858],[40.462,64.75],[40.44,64.564],[40.322,64.463],[39.997,64.541],[39.622,64.476],[39.193,64.511],[38.253,64.703],[37.604,64.853],[37.102,65.068],[36.884,65.068],[36.569,64.765],[36.997,64.407],[37.262,64.314],[37.463,64.3],[37.668,64.343],[37.88,64.308],[38.054,64.129],[38.054,63.986],[37.945,63.85],[37.591,63.807],[37.411,63.749],[36.988,63.841],[36.421,63.876],[36.24,63.919],[36.015,64.197],[35.623,64.254],[35.082,64.288],[34.885,64.367],[34.815,64.46],[34.773,64.682],[34.426,65.107],[34.332,65.346],[34.293,65.396],[34.601,65.484],[34.726,65.615],[34.726,65.797],[34.544,66.001],[34.258,66.11],[33.844,66.182],[33.47,66.313],[32.971,66.583],[32.754,66.649],[32.425,66.891],[32.219,66.994],[32.644,67.046],[32.991,66.988],[33.158,66.914],[33.437,66.702],[34.153,66.63],[35.168,66.412],[35.772,66.259],[36.505,66.172],[37.422,66.094],[38.048,66.007],[38.782,66.001],[39.19,66.039],[39.978,66.201],[40.345,66.319],[40.836,66.561],[41.147,66.782],[41.255,66.937],[41.209,67.069],[41.017,67.202],[40.951,67.335],[40.973,67.534],[40.826,67.66],[39.918,67.94],[38.668,68.146],[38.406,68.243],[37.689,68.63],[37.246,68.793],[36.018,69.024],[35.437,69.15],[34.934,69.149],[34.699,69.164],[34.305,69.171],[33.818,69.192],[33.628,69.215],[33.316,69.071],[33.281,69.342],[33.01,69.387],[32.596,69.424],[32.352,69.514],[32.191,69.642],[32.076,69.815],[32.072,69.883],[31.782,69.777],[31.331,69.663],[30.733,68.574],[30.603,66.665],[30.993,65.754],[30.603,65.147],[30.559,63.108],[31.123,62.804],[31.194,61.634],[31.258,61.641],[31.308,61.605],[31.334,61.627],[31.365,61.627],[31.486,61.551],[31.576,61.437],[31.604,61.423],[31.62,61.427],[31.62,61.461],[31.637,61.463],[31.698,61.415],[31.762,61.384],[31.871,61.347],[31.899,61.324],[32.36,61.181],[32.527,61.118],[32.563,61.079],[32.581,61.045],[32.581,61.014],[32.593,60.998],[32.633,60.987],[32.641,60.969],[32.765,60.886],[32.808,60.826],[32.812,60.756],[32.844,60.712],[32.903,60.694],[32.937,60.67],[32.944,60.643],[32.841,60.497],[32.816,60.482],[32.782,60.488],[32.722,60.521],[32.642,60.537],[32.6,60.533],[32.596,60.511],[32.618,60.476],[32.664,60.427],[32.677,60.392],[32.656,60.372],[32.595,60.355],[32.59,60.33],[32.614,60.286],[32.612,60.245],[32.584,60.209],[32.5,60.177],[32.362,60.148],[32.26,60.154],[32.196,60.195],[32.057,60.227],[31.843,60.248],[31.699,60.236],[31.599,60.17],[31.591,60.156],[31.606,60.134],[31.548,60.072],[31.541,60.035],[31.565,59.998],[31.567,59.967],[31.547,59.94],[31.51,59.92],[31.455,59.907],[31.401,59.911],[31.349,59.933],[31.298,59.936],[31.318,59.594],[29.995,59.463],[29.518,59.247],[29.041,59.29],[28.173,58.986]],[[33.944,62.5],[33.979,62.516],[34.003,62.516],[34.027,62.512],[34.054,62.495],[34.137,62.414],[34.328,62.264],[34.329,62.246],[34.321,62.227],[34.343,62.199],[34.417,62.158],[34.514,62.12],[34.591,62.096],[34.636,62.095],[34.653,62.109],[34.632,62.182],[34.658,62.245],[34.615,62.304],[34.609,62.339],[34.633,62.348],[34.682,62.339],[34.696,62.365],[34.66,62.406],[34.547,62.498],[34.52,62.542],[34.532,62.546],[34.557,62.54],[34.641,62.489],[34.841,62.31],[34.852,62.294],[34.871,62.219],[34.892,62.187],[35.029,62.078],[35.075,62.054],[35.115,62.054],[35.165,62.081],[35.168,62.097],[35.052,62.212],[35.046,62.229],[35.341,62.149],[35.387,62.158],[35.455,62.181],[35.554,62.236],[35.567,62.287],[35.54,62.354],[35.433,62.469],[35.352,62.523],[35.271,62.545],[35.147,62.559],[34.967,62.639],[34.943,62.643],[34.839,62.591],[34.776,62.622],[34.739,62.621],[34.621,62.712],[34.536,62.818],[34.48,62.874],[34.489,62.904],[34.533,62.916],[34.605,62.873],[34.703,62.844],[34.91,62.815],[35.083,62.741],[35.326,62.666],[35.464,62.604],[35.488,62.606],[35.504,62.625],[35.585,62.576],[35.74,62.52],[35.803,62.461],[35.822,62.412],[35.823,62.352],[35.8,62.281],[35.73,62.139],[35.674,62.079],[35.689,62.04],[35.818,61.951],[35.871,61.855],[35.985,61.756],[36.061,61.654],[36.2,61.531],[36.247,61.493],[36.406,61.411],[36.419,61.392],[36.428,61.373],[36.425,61.349],[36.374,61.271],[36.371,61.257],[36.395,61.206],[36.387,61.184],[36.364,61.16],[36.279,61.114],[36.099,61.063],[35.88,60.948],[35.884,60.931],[35.904,60.917],[35.91,60.902],[35.88,60.878],[35.829,60.867],[35.719,60.905],[35.551,60.938],[35.499,60.97],[35.45,61.023],[35.4,61.04],[35.184,61.005],[35.133,61.007],[35.093,61.045],[35.022,61.064],[34.942,61.07],[34.869,61.027],[34.846,61.027],[34.802,61.074],[34.797,61.123],[34.804,61.15],[34.838,61.194],[34.887,61.206],[34.974,61.212],[35.075,61.207],[35.157,61.194],[35.231,61.165],[35.078,61.151],[35.053,61.141],[35.062,61.126],[35.08,61.108],[35.142,61.077],[35.192,61.069],[35.345,61.073],[35.441,61.063],[35.527,61.023],[35.583,61.034],[35.632,61.108],[35.629,61.15],[35.611,61.197],[35.578,61.246],[35.537,61.292],[35.457,61.356],[35.304,61.43],[35.154,61.485],[34.772,61.601],[34.63,61.654],[34.531,61.704],[34.388,61.796],[34.345,61.831],[34.315,61.869],[34.445,61.819],[34.494,61.808],[34.531,61.812],[34.562,61.824],[34.583,61.846],[34.594,61.874],[34.586,61.938],[34.537,61.999],[34.255,62.169],[34.265,62.238],[34.257,62.262],[34.165,62.339],[34.098,62.379],[33.978,62.408],[33.947,62.453],[33.944,62.5]]],[[[35.16,61.859],[35.202,61.839],[35.274,61.87],[35.326,61.935],[35.347,61.998],[35.339,62.033],[35.308,62.077],[35.252,62.08],[35.196,61.988],[35.16,61.859]]],[[[51.482,71.845],[51.534,71.658],[51.815,71.48],[52.121,71.465],[52.402,71.52],[52.55,71.59],[53.234,71.514],[54.308,71.206],[54.353,71.198],[54.321,71.09],[53.715,70.927],[53.729,70.765],[54.032,70.719],[54.522,70.759],[54.694,70.744],[54.998,70.522],[55.266,70.561],[55.679,70.707],[56.059,70.731],[57.238,70.691],[57.251,70.818],[56.727,70.994],[56.379,71.132],[56.151,71.271],[55.721,71.642],[55.567,72],[51.613,72],[51.585,71.985],[51.482,71.845]]]]}},{"type":"Feature","properties":{"NAME":"Sweden","ABBREVN":"Sweden","SUBJECTO":"Sweden","BORDERPRECISION":3,"PARTOF":"Sweden"},"geometry":{"type":"MultiPolygon","coordinates":[[[[8.423,53.261],[8.558,53.158],[8.62,53.168],[8.744,53.085],[8.641,53.013],[8.662,52.888],[8.675,52.889],[8.686,52.871],[8.665,52.867],[8.666,52.86],[8.708,52.862],[8.716,52.885],[8.691,52.913],[8.714,52.921],[8.734,52.901],[8.743,52.874],[8.763,52.849],[8.815,52.841],[8.831,52.828],[8.81,52.804],[9.049,52.843],[9.179,52.813],[9.249,52.783],[9.339,52.723],[9.429,52.803],[9.489,52.943],[9.969,53.063],[9.979,53.163],[9.939,53.183],[9.929,53.203],[9.839,53.223],[9.729,53.273],[9.679,53.383],[9.699,53.453],[9.752,53.503],[9.484,53.538],[9.125,53.79],[8.848,53.75],[8.54,53.801],[8.429,53.612],[8.502,53.449],[8.537,53.478],[8.506,53.385],[8.454,53.416],[8.434,53.396],[8.475,53.375],[8.465,53.333],[8.434,53.333],[8.423,53.261]]],[[[8.67,52.836],[8.673,52.818],[8.692,52.814],[8.682,52.837],[8.67,52.836]]],[[[11.039,58.91],[11.14,58.851],[11.221,58.308],[11.407,58.331],[11.431,58.202],[11.614,58.247],[11.802,58.178],[11.709,58.025],[11.61,57.807],[11.766,57.673],[11.881,57.509],[11.877,57.325],[12.005,57.325],[12.289,56.88],[12.526,56.78],[12.657,56.611],[12.786,56.617],[12.872,56.512],[12.805,56.401],[12.615,56.436],[12.652,56.296],[12.414,56.243],[12.699,55.905],[12.986,55.667],[12.859,55.533],[12.888,55.452],[12.802,55.417],[12.802,55.353],[13.302,55.301],[13.823,55.422],[14.117,55.347],[14.286,55.515],[14.126,55.667],[14.259,55.899],[14.492,56.018],[14.605,55.981],[14.653,56.121],[15.221,56.08],[15.497,56.167],[15.696,56.061],[15.771,56.033],[16.031,56.353],[16.376,56.822],[16.395,57.074],[16.494,57.279],[16.659,57.443],[16.55,57.545],[16.607,57.666],[16.477,57.702],[16.46,57.895],[16.598,57.866],[16.725,57.889],[16.774,58.038],[16.744,58.312],[16.513,58.428],[16.443,58.634],[17.081,58.65],[17.083,58.748],[17.245,58.717],[17.357,58.743],[17.582,58.893],[17.623,59.1],[17.739,59.11],[17.745,58.986],[17.726,58.914],[17.766,58.872],[17.94,58.908],[18.016,59.038],[18.372,59.157],[18.273,59.287],[18.598,59.297],[18.611,59.333],[18.515,59.401],[18.441,59.401],[18.43,59.333],[18.328,59.37],[18.111,59.323],[17.976,59.327],[17.862,59.24],[17.584,59.268],[17.575,59.214],[17.358,59.245],[17.325,59.279],[17.305,59.272],[17.193,59.344],[17,59.359],[16.849,59.44],[16.742,59.431],[16.61,59.454],[16.144,59.448],[16.044,59.478],[16.252,59.493],[16.469,59.519],[16.523,59.583],[16.538,59.579],[16.574,59.612],[16.647,59.559],[16.743,59.545],[16.786,59.577],[16.814,59.574],[16.841,59.588],[16.942,59.56],[16.995,59.554],[17.063,59.569],[17.372,59.496],[17.391,59.584],[17.534,59.539],[17.687,59.542],[17.672,59.595],[17.76,59.621],[17.786,59.598],[17.809,59.553],[17.773,59.414],[17.829,59.379],[17.953,59.361],[18.03,59.359],[18.639,59.567],[18.868,59.712],[19.044,59.712],[19.037,59.863],[18.893,59.926],[18.804,60.108],[18.417,60.182],[18.224,60.323],[17.931,60.59],[17.706,60.554],[17.605,60.638],[17.188,60.674],[17.318,60.753],[17.146,60.953],[17.15,61.198],[17.065,61.538],[17.163,61.63],[17.387,61.658],[17.497,62.088],[17.387,62.201],[17.29,62.441],[17.718,62.357],[17.936,62.548],[17.868,62.789],[17.967,62.775],[18.303,62.789],[18.389,62.853],[18.487,62.981],[18.785,63.138],[19.076,63.202],[19.318,63.445],[19.465,63.481],[19.67,63.389],[20.701,63.818],[20.866,64.026],[21.049,64.219],[21.386,64.385],[21.237,64.521],[21.064,64.592],[20.921,64.714],[21.329,64.894],[21.489,65.017],[21.424,65.104],[21.277,65.212],[21.522,65.372],[21.819,65.38],[21.957,65.446],[22.202,65.715],[22.49,65.883],[22.646,65.935],[22.798,65.855],[23.204,65.681],[23.406,65.725],[23.844,65.798],[24.215,65.786],[24.591,65.583],[25.104,65.54],[25.252,65.417],[25.133,65.076],[25.293,65.004],[25.352,64.939],[25.325,64.802],[24.932,64.816],[24.47,64.636],[24.094,64.377],[23.58,64.082],[22.826,63.581],[22.704,63.581],[22.569,63.723],[22.476,63.602],[22.429,63.395],[22.292,63.203],[22.075,63.103],[21.666,63.187],[21.495,63.123],[21.546,62.974],[21.481,62.889],[21.195,62.761],[21.062,62.612],[21.034,62.477],[21.2,62.435],[21.338,62.344],[21.346,62.167],[21.211,61.871],[21.405,61.702],[21.561,61.485],[21.521,61.38],[21.498,61.183],[21.427,61.015],[21.443,60.694],[21.56,60.512],[21.747,60.408],[21.931,60.381],[22.221,60.259],[22.421,60.293],[22.392,60.121],[22.625,60.201],[23.005,60.209],[22.882,60.056],[22.982,59.932],[23.201,59.818],[23.665,59.836],[23.961,59.932],[23.979,59.881],[24.281,59.938],[24.421,59.87],[24.516,59.989],[24.969,60.087],[24.993,60.03],[25.146,60.11],[25.45,60.138],[25.581,60.262],[25.846,60.115],[25.89,60.236],[26.323,60.27],[26.443,60.333],[26.552,60.571],[26.526,60.396],[26.613,60.348],[26.922,60.316],[26.946,60.376],[27.178,60.442],[27.406,60.345],[27.474,60.426],[28.011,60.511],[28.522,60.623],[28.551,60.533],[28.435,60.337],[28.569,60.198],[28.692,60.15],[28.969,60.109],[29.511,60.145],[29.687,60.131],[29.953,59.986],[30.127,59.806],[29.963,59.737],[29.765,59.736],[29.414,59.86],[29.076,59.908],[28.936,59.825],[28.796,59.672],[28.663,59.644],[28.444,59.734],[28.309,59.664],[28.351,59.602],[28.266,59.562],[28.163,59.591],[28.094,59.665],[27.942,59.648],[27.897,59.534],[27.973,59.517],[28.016,59.454],[27.894,59.346],[27.702,59.298],[27.265,59.338],[26.999,59.318],[26.862,59.372],[26.343,59.447],[25.721,59.46],[25.49,59.42],[25.449,59.494],[25.248,59.362],[24.751,59.448],[24.714,59.352],[24.571,59.374],[24.538,59.323],[24.342,59.369],[24.282,59.284],[24.03,59.235],[24.032,59.176],[23.416,59.119],[23.457,59.005],[23.338,58.972],[23.432,58.858],[23.361,58.767],[23.512,58.581],[23.69,58.665],[23.671,58.241],[23.908,58.224],[24.058,58.112],[24.331,58.308],[24.497,58.213],[24.414,58.106],[24.416,57.948],[24.236,57.728],[24.323,57.337],[24.346,57.16],[24.266,57.03],[24.158,56.975],[23.768,56.866],[23.625,56.877],[24.027,56.542],[25.675,56.629],[25.856,56.557],[28.091,56.748],[29.518,58.075],[28.173,58.986],[29.041,59.29],[29.518,59.247],[29.995,59.463],[31.318,59.594],[31.298,59.936],[31.106,59.928],[31.043,59.951],[31.145,60.006],[31.143,60.032],[31.106,60.056],[31.095,60.084],[31.115,60.135],[31.109,60.146],[31.019,60.193],[30.957,60.264],[30.849,60.443],[30.832,60.458],[30.817,60.459],[30.803,60.447],[30.776,60.448],[30.774,60.492],[30.759,60.525],[30.724,60.562],[30.663,60.593],[30.534,60.63],[30.504,60.704],[30.504,60.732],[30.525,60.739],[30.533,60.766],[30.528,60.812],[30.502,60.843],[30.456,60.86],[30.441,60.874],[30.436,60.903],[30.409,60.928],[30.293,61.005],[30.125,61.087],[29.857,61.188],[29.825,61.216],[29.86,61.239],[29.865,61.251],[29.855,61.271],[29.891,61.295],[29.949,61.289],[30.029,61.254],[30.079,61.243],[30.094,61.259],[30.09,61.299],[30.13,61.313],[30.174,61.314],[30.193,61.327],[30.196,61.348],[30.179,61.373],[30.201,61.389],[30.217,61.431],[30.252,61.459],[30.252,61.473],[30.235,61.493],[30.239,61.515],[30.285,61.517],[30.466,61.487],[30.481,61.49],[30.486,61.515],[30.513,61.525],[30.606,61.541],[30.617,61.56],[30.593,61.579],[30.594,61.606],[30.758,61.733],[30.852,61.775],[30.888,61.765],[30.906,61.742],[31.026,61.714],[31.057,61.689],[31.071,61.645],[31.098,61.62],[31.161,61.619],[31.172,61.63],[31.194,61.634],[31.123,62.804],[30.559,63.108],[30.603,65.147],[30.993,65.754],[30.603,66.665],[30.733,68.574],[31.331,69.663],[31.054,69.64],[30.872,69.51],[30.641,69.418],[30.27,69.409],[29.924,69.355],[29.463,69.134],[29.007,68.832],[28.697,68.696],[28.696,68.785],[28.74,68.95],[29.133,69.366],[29.113,69.486],[28.717,69.642],[28.415,69.694],[27.909,69.888],[27.659,69.886],[27.409,69.855],[26.507,69.812],[26.118,69.644],[25.863,69.454],[25.746,69.258],[25.71,69.032],[25.625,68.807],[25.063,68.595],[24.801,68.429],[24.662,68.495],[24.082,68.717],[23.336,68.616],[22.701,68.635],[22.46,68.694],[22.072,68.961],[21.625,69.237],[21.406,69.273],[21.246,69.228],[20.791,68.932],[20.739,68.961],[20.555,68.975],[20.166,68.958],[20.039,68.478],[19.965,68.276],[19.843,68.164],[19.697,68.171],[19.396,68.229],[18.959,68.294],[18.179,68.469],[18.104,68.386],[18.094,68.088],[18.057,67.999],[17.914,67.864],[17.601,67.863],[17.209,67.905],[17.083,67.912],[16.874,67.837],[16.206,67.307],[16.228,67.211],[16.305,66.983],[16.221,66.828],[15.944,66.672],[15.347,66.259],[15.038,66.06],[14.597,66.05],[14.542,65.94],[14.515,65.503],[14.371,65.234],[14.199,65.023],[13.94,64.799],[13.718,64.553],[13.87,64.497],[14.042,64.376],[14.155,64.111],[14.078,64.032],[13.88,63.953],[13.551,63.937],[13.131,63.949],[12.853,63.897],[12.577,63.782],[12.299,63.566],[12.124,63.345],[12.09,63.046],[11.933,62.554],[12.226,62.226],[12.075,61.698],[12.337,61.523],[12.658,61.44],[12.792,61.33],[12.597,61.029],[12.174,60.956],[12.431,60.626],[12.548,60.434],[12.436,60.278],[12.423,60.039],[12.077,59.866],[11.891,59.86],[11.838,59.67],[11.61,59.569],[11.709,59.195],[11.563,58.863],[11.379,58.857],[11.311,59.011],[11.179,59.07],[11.039,58.91]],[[12.313,58.395],[12.329,58.434],[12.488,58.513],[12.607,58.617],[12.611,58.641],[12.525,58.661],[12.504,58.695],[12.5,58.764],[12.471,58.783],[12.448,58.783],[12.425,58.801],[12.432,58.813],[12.459,58.817],[12.474,58.84],[12.464,58.921],[12.469,58.935],[12.497,58.92],[12.51,58.901],[12.535,58.832],[12.557,58.819],[12.576,58.826],[12.6,58.846],[12.708,59.036],[12.746,59.065],[12.818,59.082],[12.869,59.073],[13.041,59.014],[13.088,58.947],[13.122,58.921],[13.195,58.899],[13.236,58.905],[13.244,58.93],[13.221,58.993],[13.177,59.097],[13.123,59.198],[13.103,59.255],[13.108,59.284],[13.155,59.353],[13.173,59.348],[13.191,59.325],[13.218,59.311],[13.246,59.31],[13.252,59.315],[13.251,59.345],[13.278,59.357],[13.68,59.39],[13.72,59.378],[13.752,59.331],[13.83,59.341],[13.867,59.335],[13.904,59.328],[13.962,59.334],[14.046,59.314],[14.056,59.29],[14.047,59.241],[13.994,59.157],[13.931,59.09],[13.945,59.067],[14.005,59.068],[14.083,59.1],[14.091,59.079],[14.072,59.028],[14.039,59.004],[14.012,59.004],[13.993,58.986],[13.995,58.945],[13.975,58.865],[13.8,58.722],[13.737,58.704],[13.517,58.663],[13.358,58.617],[13.24,58.515],[13.172,58.512],[13.148,58.521],[13.137,58.541],[13.149,58.559],[13.148,58.597],[13.115,58.608],[13.041,58.604],[12.952,58.572],[12.869,58.504],[12.798,58.486],[12.728,58.452],[12.624,58.382],[12.58,58.372],[12.551,58.379],[12.573,58.419],[12.571,58.432],[12.554,58.43],[12.507,58.397],[12.335,58.374],[12.313,58.395]],[[14.121,57.925],[14.213,58.15],[14.507,58.561],[14.632,58.68],[14.932,58.854],[14.968,58.849],[14.933,58.784],[14.941,58.756],[14.929,58.7],[14.9,58.635],[14.891,58.592],[14.963,58.539],[14.946,58.511],[14.686,58.395],[14.622,58.299],[14.582,58.202],[14.543,58.138],[14.499,58.085],[14.339,57.933],[14.245,57.809],[14.159,57.796],[14.121,57.925]],[[15.344,59.27],[15.354,59.283],[15.613,59.317],[15.728,59.298],[15.822,59.295],[15.857,59.304],[15.99,59.286],[16.187,59.288],[16.271,59.3],[16.406,59.305],[16.31,59.275],[15.921,59.194],[15.881,59.162],[15.816,59.149],[15.701,59.151],[15.624,59.167],[15.62,59.192],[15.59,59.225],[15.52,59.255],[15.481,59.261],[15.344,59.27]],[[26.899,63.566],[26.899,63.584],[27.113,63.546],[27.183,63.518],[27.234,63.457],[27.234,63.427],[27.211,63.417],[27.25,63.376],[27.338,63.346],[27.363,63.316],[27.347,63.279],[27.337,63.213],[27.264,63.146],[27.358,63.068],[27.44,63.023],[27.559,63.001],[27.605,63.015],[27.723,62.954],[27.77,62.946],[27.774,62.996],[27.736,63.059],[27.767,63.1],[27.81,63.092],[27.848,63.071],[27.851,63.032],[27.888,63.019],[28.006,63.04],[28.106,63.009],[28.352,63.04],[28.35,63.026],[28.308,63.003],[28.192,62.964],[28.154,62.933],[28.187,62.857],[28.144,62.825],[28.149,62.804],[28.211,62.73],[28.268,62.689],[28.264,62.663],[28.653,62.527],[28.799,62.456],[28.898,62.39],[28.81,62.382],[28.659,62.42],[28.529,62.474],[28.496,62.501],[28.565,62.499],[28.555,62.523],[28.424,62.575],[28.367,62.587],[28.274,62.565],[28.211,62.508],[28.191,62.448],[28.169,62.434],[28.103,62.442],[28.106,62.476],[28.138,62.538],[28.057,62.69],[27.979,62.732],[27.849,62.719],[27.766,62.68],[27.755,62.652],[27.801,62.627],[27.758,62.583],[27.846,62.524],[27.915,62.43],[28.04,62.409],[28.042,62.379],[27.991,62.337],[27.963,62.298],[27.97,62.259],[28.067,62.244],[28.276,62.256],[28.277,62.276],[28.324,62.287],[28.406,62.237],[28.506,62.22],[28.566,62.222],[28.608,62.279],[28.63,62.294],[28.67,62.306],[28.699,62.328],[28.668,62.368],[28.666,62.387],[28.693,62.383],[28.765,62.348],[28.87,62.235],[28.837,62.185],[28.786,62.177],[28.826,62.134],[28.976,62.142],[29.198,62.177],[29.33,62.166],[29.345,62.186],[29.353,62.219],[29.319,62.242],[29.298,62.275],[29.298,62.313],[29.265,62.394],[29.297,62.426],[29.3,62.476],[29.261,62.551],[29.279,62.599],[29.335,62.6],[29.364,62.53],[29.422,62.523],[29.509,62.467],[29.626,62.419],[29.65,62.427],[29.612,62.462],[29.589,62.5],[29.593,62.527],[29.633,62.597],[29.697,62.609],[29.776,62.577],[29.825,62.518],[29.926,62.434],[29.835,62.389],[29.802,62.362],[29.793,62.335],[29.768,62.313],[29.641,62.31],[29.599,62.27],[29.648,62.223],[29.727,62.199],[29.791,62.2],[29.96,62.164],[29.982,62.133],[29.911,62.115],[29.708,62.151],[29.688,62.138],[29.607,62.145],[29.518,62.123],[29.492,62.089],[29.47,62.08],[29.492,62.046],[29.552,62.003],[29.615,61.983],[29.638,62.005],[29.685,62.004],[29.757,61.949],[29.777,61.889],[29.733,61.874],[29.727,61.848],[29.531,61.778],[29.477,61.742],[29.426,61.734],[29.29,61.649],[29.266,61.615],[29.115,61.6],[29.098,61.578],[28.941,61.626],[28.73,61.671],[28.629,61.642],[28.608,61.617],[28.76,61.61],[28.79,61.59],[28.722,61.581],[28.68,61.558],[28.679,61.524],[28.693,61.484],[28.582,61.473],[28.568,61.441],[28.345,61.349],[28.36,61.331],[28.477,61.332],[28.641,61.352],[28.663,61.368],[28.714,61.352],[28.82,61.297],[28.867,61.247],[28.788,61.204],[28.292,61.08],[27.988,61.08],[27.947,61.068],[27.919,61.08],[27.892,61.114],[27.882,61.157],[27.966,61.188],[28.082,61.179],[28.172,61.153],[28.197,61.163],[28.174,61.188],[28.072,61.233],[27.862,61.252],[27.678,61.232],[27.625,61.214],[27.519,61.23],[27.406,61.259],[27.432,61.27],[27.435,61.296],[27.368,61.326],[27.27,61.324],[27.265,61.379],[27.301,61.433],[27.274,61.468],[27.298,61.484],[27.296,61.557],[27.276,61.653],[27.329,61.693],[27.327,61.632],[27.359,61.531],[27.459,61.523],[27.476,61.539],[27.471,61.599],[27.488,61.618],[27.515,61.577],[27.593,61.581],[27.665,61.607],[27.678,61.636],[27.758,61.656],[27.773,61.685],[27.705,61.731],[27.623,61.764],[27.605,61.781],[27.626,61.801],[27.816,61.728],[27.866,61.696],[27.918,61.657],[27.921,61.627],[27.946,61.601],[28,61.549],[28.054,61.511],[28.104,61.522],[28.129,61.549],[28.185,61.544],[28.234,61.621],[28.248,61.716],[28.262,61.744],[28.306,61.756],[28.369,61.751],[28.442,61.768],[28.539,61.841],[28.672,61.826],[28.807,61.828],[28.84,61.846],[28.838,61.863],[28.737,61.891],[28.579,61.993],[28.427,62.052],[28.403,62.069],[28.297,62.097],[28.086,62.1],[27.926,62.133],[27.899,62.157],[27.902,62.244],[27.877,62.329],[27.8,62.429],[27.755,62.429],[27.679,62.412],[27.597,62.418],[27.547,62.412],[27.489,62.443],[27.459,62.479],[27.419,62.496],[27.367,62.482],[27.297,62.477],[27.236,62.507],[27.178,62.553],[27.159,62.577],[27.191,62.572],[27.295,62.518],[27.339,62.519],[27.352,62.544],[27.398,62.576],[27.6,62.494],[27.647,62.498],[27.67,62.513],[27.669,62.528],[27.608,62.601],[27.619,62.71],[27.666,62.76],[27.65,62.816],[27.684,62.912],[27.652,62.925],[27.588,62.9],[27.564,62.877],[27.56,62.851],[27.494,62.863],[27.415,62.902],[27.391,62.941],[27.33,63.001],[27.176,63.084],[27.207,63.122],[27.193,63.169],[27.193,63.289],[27.213,63.309],[27.246,63.308],[27.239,63.332],[27.19,63.388],[27.175,63.438],[27.135,63.496],[27.068,63.523],[27.038,63.517],[27.02,63.501],[26.959,63.524],[26.899,63.566]],[[26.966,58.806],[26.974,58.884],[27.107,58.954],[27.298,58.995],[27.524,59.007],[27.683,58.98],[27.748,58.912],[27.814,58.571],[27.821,58.485],[27.798,58.447],[27.748,58.43],[27.583,58.306],[27.561,58.257],[27.569,58.215],[27.592,58.175],[27.714,58.164],[27.865,58.173],[27.973,58.133],[28.097,58.044],[28.149,57.975],[28.169,57.915],[28.102,57.86],[27.992,57.868],[27.911,57.896],[27.875,57.92],[27.882,57.937],[27.803,57.99],[27.678,58.019],[27.624,58.014],[27.473,58.217],[27.425,58.303],[27.324,58.402],[27.237,58.452],[27.157,58.648],[26.966,58.806]],[[27.162,68.923],[27.484,69.004],[27.56,69.062],[27.745,69.129],[27.941,69.178],[27.984,69.162],[28.088,69.162],[28.084,69.19],[28.011,69.227],[27.991,69.254],[28.031,69.288],[28.101,69.299],[28.138,69.237],[28.232,69.249],[28.309,69.284],[28.345,69.323],[28.53,69.336],[28.632,69.364],[28.677,69.395],[28.76,69.419],[28.749,69.394],[28.554,69.299],[28.532,69.257],[28.566,69.222],[28.54,69.192],[28.448,69.153],[28.442,69.116],[28.4,69.082],[28.251,69.064],[28.091,69.007],[28.092,68.981],[28.329,68.893],[28.356,68.872],[28.336,68.857],[28.295,68.852],[27.989,68.88],[27.891,68.861],[27.919,68.828],[27.978,68.816],[27.992,68.788],[27.87,68.742],[27.84,68.749],[27.836,68.782],[27.779,68.792],[27.7,68.759],[27.655,68.732],[27.464,68.761],[27.366,68.751],[27.282,68.715],[27.26,68.737],[27.428,68.802],[27.417,68.841],[27.328,68.884],[27.172,68.906],[27.162,68.923]]],[[[12.456,54.252],[12.474,54.248],[12.497,54.242],[12.543,54.223],[12.57,54.196],[12.569,54.183],[12.586,54.176],[12.586,54.171],[12.587,54.162],[12.602,54.162],[12.675,54.12],[12.697,54.119],[12.718,54.091],[12.742,54.078],[12.742,54.077],[12.9,54.025],[12.869,53.973],[12.909,53.966],[12.924,53.958],[12.9,53.938],[12.901,53.922],[12.953,53.919],[12.959,53.899],[12.987,53.9],[13.001,53.89],[12.995,53.883],[12.943,53.873],[12.897,53.873],[12.881,53.862],[12.893,53.841],[12.821,53.788],[12.8,53.753],[12.818,53.724],[12.853,53.729],[12.878,53.717],[12.89,53.732],[12.931,53.744],[12.977,53.733],[13.013,53.749],[13.046,53.749],[13.078,53.758],[13.143,53.782],[13.175,53.669],[13.123,53.631],[13.138,53.635],[13.14,53.642],[13.174,53.645],[13.189,53.631],[13.247,53.61],[13.248,53.609],[13.246,53.614],[13.259,53.644],[13.271,53.654],[13.268,53.663],[13.392,53.696],[13.413,53.708],[13.429,53.744],[13.445,53.751],[13.506,53.742],[13.528,53.725],[13.538,53.701],[13.551,53.695],[13.642,53.704],[13.718,53.698],[13.754,53.686],[13.82,53.684],[13.861,53.67],[13.807,53.649],[13.761,53.622],[13.763,53.618],[13.806,53.604],[13.804,53.595],[13.808,53.595],[13.821,53.587],[13.798,53.571],[13.79,53.566],[13.795,53.56],[13.795,53.559],[13.868,53.581],[13.902,53.569],[13.883,53.542],[13.898,53.533],[13.879,53.502],[13.893,53.499],[13.894,53.514],[13.974,53.499],[13.953,53.491],[14.024,53.466],[14.038,53.481],[14.039,53.496],[14.105,53.52],[14.142,53.508],[14.166,53.514],[14.164,53.488],[14.18,53.472],[14.225,53.474],[14.265,53.491],[14.305,53.486],[14.306,53.472],[14.286,53.449],[14.23,53.434],[14.242,53.422],[14.244,53.394],[14.227,53.364],[14.207,53.344],[14.107,53.281],[14.093,53.222],[14.121,53.164],[14.183,53.151],[14.196,53.145],[14.449,53.313],[14.537,53.538],[14.433,53.594],[14.19,53.625],[14.177,53.683],[14.01,53.673],[13.85,53.729],[13.78,53.775],[13.738,54.03],[13.668,54.084],[13.431,54.03],[13.064,54.194],[13.026,54.265],[12.943,54.347],[12.765,54.27],[12.653,54.321],[12.463,54.255],[12.456,54.252]]],[[[12.768,53.721],[12.773,53.704],[12.774,53.701],[12.824,53.693],[12.82,53.7],[12.799,53.716],[12.781,53.719],[12.768,53.721]]],[[[13.117,54.339],[13.156,54.306],[13.25,54.258],[13.319,54.249],[13.393,54.221],[13.429,54.238],[13.426,54.252],[13.413,54.265],[13.357,54.26],[13.359,54.275],[13.508,54.343],[13.689,54.348],[13.713,54.321],[13.711,54.297],[13.696,54.281],[13.715,54.272],[13.731,54.276],[13.744,54.331],[13.731,54.355],[13.707,54.384],[13.676,54.401],[13.617,54.404],[13.578,54.454],[13.578,54.472],[13.591,54.486],[13.675,54.526],[13.677,54.565],[13.634,54.586],[13.456,54.573],[13.407,54.589],[13.391,54.607],[13.383,54.639],[13.442,54.671],[13.43,54.682],[13.263,54.667],[13.225,54.64],[13.245,54.559],[13.311,54.573],[13.375,54.61],[13.384,54.578],[13.426,54.57],[13.459,54.551],[13.503,54.55],[13.517,54.513],[13.503,54.493],[13.484,54.484],[13.447,54.489],[13.378,54.558],[13.367,54.58],[13.304,54.55],[13.147,54.546],[13.167,54.513],[13.232,54.486],[13.229,54.465],[13.165,54.434],[13.208,54.428],[13.239,54.411],[13.268,54.383],[13.223,54.369],[13.134,54.372],[13.117,54.339]]],[[[13.777,53.949],[13.828,53.83],[14.029,53.865],[14.068,53.843],[14.205,53.813],[14.174,53.907],[14.07,53.918],[13.778,54.044],[13.777,53.949]]],[[[14.237,53.458],[14.241,53.455],[14.274,53.461],[14.282,53.468],[14.276,53.484],[14.257,53.483],[14.237,53.458]]],[[[16.392,56.465],[16.411,56.225],[16.421,56.211],[16.437,56.211],[16.474,56.224],[16.496,56.241],[16.576,56.361],[16.571,56.394],[16.77,56.796],[16.808,56.824],[16.841,56.832],[16.927,57.038],[17.051,57.187],[17.124,57.321],[17.106,57.348],[17.057,57.359],[17.022,57.345],[16.973,57.305],[16.959,57.274],[16.963,57.229],[16.848,57.064],[16.749,56.94],[16.617,56.874],[16.543,56.776],[16.42,56.586],[16.393,56.529],[16.392,56.465]]],[[[18.11,57.496],[18.142,57.409],[18.158,57.316],[18.148,57.235],[18.173,57.142],[18.254,57.079],[18.257,57.032],[18.158,56.942],[18.14,56.915],[18.216,56.913],[18.302,56.937],[18.347,56.999],[18.336,57.017],[18.341,57.074],[18.397,57.134],[18.712,57.242],[18.788,57.448],[18.769,57.467],[18.76,57.508],[18.809,57.704],[18.849,57.721],[18.929,57.74],[19.033,57.827],[19.005,57.909],[18.725,57.923],[18.682,57.914],[18.467,57.812],[18.382,57.719],[18.295,57.646],[18.179,57.588],[18.119,57.531],[18.11,57.496]]],[[[19.512,60.181],[19.523,60.151],[19.543,60.128],[19.575,60.122],[19.604,60.153],[19.673,60.15],[19.677,60.157],[19.666,60.193],[19.627,60.244],[19.602,60.256],[19.572,60.252],[19.541,60.23],[19.512,60.181]]],[[[19.648,60.257],[19.699,60.159],[19.751,60.095],[19.772,60.081],[19.848,60.076],[19.868,60.077],[19.875,60.095],[19.918,60.093],[19.944,60.043],[19.948,60.079],[19.958,60.089],[20.051,60.09],[20.026,60.154],[19.937,60.184],[19.914,60.217],[20.025,60.311],[20.037,60.311],[20.062,60.301],[20.12,60.24],[20.123,60.226],[20.101,60.216],[20.082,60.179],[20.092,60.17],[20.172,60.164],[20.277,60.274],[20.085,60.35],[19.906,60.4],[19.857,60.404],[19.825,60.392],[19.78,60.349],[19.862,60.312],[19.883,60.342],[19.892,60.343],[19.937,60.289],[19.931,60.277],[19.817,60.188],[19.796,60.187],[19.761,60.238],[19.777,60.261],[19.783,60.293],[19.749,60.305],[19.648,60.257]]],[[[19.999,60.055],[20.137,59.992],[20.203,59.977],[20.226,60],[20.212,60.06],[20.123,60.081],[20.103,60.096],[20.008,60.067],[19.999,60.055]]],[[[20.199,60.091],[20.205,60.081],[20.263,60.054],[20.271,60.057],[20.298,60.104],[20.292,60.125],[20.269,60.141],[20.216,60.139],[20.199,60.091]]],[[[20.343,60.247],[20.345,60.231],[20.387,60.193],[20.409,60.204],[20.441,60.243],[20.436,60.258],[20.366,60.266],[20.343,60.247]]],[[[21.832,58.505],[21.868,58.478],[21.917,58.457],[21.996,58.381],[22.008,58.353],[21.874,58.34],[21.841,58.293],[21.849,58.279],[21.884,58.252],[22.079,58.171],[22.177,58.159],[22.201,58.145],[22.151,58.086],[22.101,58.085],[22.082,58.077],[21.986,57.976],[21.981,57.958],[21.994,57.923],[22.01,57.913],[22.038,57.908],[22.073,57.917],[22.202,57.986],[22.262,58.094],[22.276,58.142],[22.267,58.171],[22.279,58.184],[22.367,58.22],[22.475,58.242],[22.582,58.241],[22.649,58.23],[22.757,58.24],[23.029,58.358],[23.064,58.386],[23.077,58.414],[23.142,58.444],[23.198,58.45],[23.267,58.429],[23.328,58.434],[23.332,58.45],[23.273,58.492],[23.091,58.564],[22.991,58.598],[22.905,58.617],[22.808,58.616],[22.768,58.6],[22.624,58.593],[22.502,58.602],[22.327,58.577],[22.198,58.549],[22.112,58.492],[21.985,58.516],[21.925,58.517],[21.832,58.505]]],[[[22.042,58.94],[22.064,58.924],[22.229,58.878],[22.277,58.889],[22.382,58.887],[22.45,58.831],[22.472,58.764],[22.465,58.71],[22.518,58.691],[22.596,58.688],[22.667,58.705],[22.739,58.8],[22.798,58.825],[22.826,58.824],[22.829,58.818],[22.783,58.796],[22.777,58.79],[22.784,58.776],[22.884,58.78],[22.889,58.811],[22.866,58.824],[22.884,58.833],[22.961,58.845],[23.022,58.821],[23.048,58.844],[22.952,58.967],[22.93,58.982],[22.861,59.002],[22.801,58.997],[22.72,59.004],[22.699,59.02],[22.699,59.051],[22.576,59.069],[22.468,58.978],[22.376,58.952],[22.065,58.952],[22.042,58.94]]],[[[27.328,61.4],[27.368,61.369],[27.588,61.266],[27.637,61.273],[27.677,61.31],[27.659,61.355],[27.629,61.383],[27.556,61.397],[27.418,61.437],[27.36,61.422],[27.328,61.4]]],[[[27.52,61.485],[27.564,61.456],[27.662,61.435],[27.712,61.403],[27.798,61.405],[27.914,61.442],[27.959,61.48],[27.969,61.503],[27.946,61.527],[27.859,61.519],[27.732,61.547],[27.712,61.534],[27.7,61.488],[27.666,61.483],[27.548,61.491],[27.52,61.485]]],[[[27.842,62.911],[27.886,62.834],[28.072,62.746],[28.109,62.755],[28.109,62.788],[28.099,62.852],[28.062,62.976],[27.903,62.973],[27.849,62.951],[27.842,62.911]]],[[[28.226,61.443],[28.24,61.394],[28.416,61.416],[28.495,61.444],[28.496,61.478],[28.445,61.516],[28.459,61.558],[28.493,61.602],[28.536,61.622],[28.515,61.699],[28.476,61.723],[28.388,61.712],[28.328,61.73],[28.277,61.71],[28.286,61.623],[28.308,61.582],[28.243,61.539],[28.24,61.523],[28.255,61.497],[28.226,61.443]]],[[[28.691,62.036],[28.714,61.995],[28.828,61.963],[28.944,61.873],[28.99,61.802],[29.137,61.775],[29.255,61.807],[29.309,61.87],[29.327,61.944],[29.342,61.971],[29.403,61.975],[29.445,61.948],[29.474,61.951],[29.477,61.967],[29.442,62.038],[29.363,62.105],[29.322,62.13],[29.102,62.118],[29.019,62.125],[28.809,62.082],[28.703,62.082],[28.691,62.036]]]]}},{"type":"Feature","properties":{"NAME":"Nogai Horde","ABBREVN":"Nogai Horde","SUBJECTO":"Nogai Horde","BORDERPRECISION":1,"PARTOF":"Nogai Horde"},"geometry":{"type":"MultiPolygon","coordinates":[[[[52.98,45.776],[53.05,45.831],[53.149,45.957],[53.203,46.191],[53.257,46.317],[53.185,46.425],[53.122,46.497],[53.167,46.586],[53.284,46.676],[53.23,46.73],[53.185,46.865],[53.023,46.919],[52.556,46.982],[52.466,46.91],[52.376,46.874],[52.142,46.838],[51.935,46.892],[51.791,47.009],[51.369,47.09],[51.773,47.462],[51.387,48.105],[51.901,49.391],[51.13,50.42],[51.387,51.063],[55.245,51.706],[57.152,51.229],[60,46.457],[60,45.065],[57.728,44.635],[52.98,45.776]]]]}},{"type":"Feature","properties":{"NAME":"Quazaq Khanate","ABBREVN":"Quazaq Khanate","SUBJECTO":"Quazaq Khanate","BORDERPRECISION":1,"PARTOF":"Quazaq Khanate"},"geometry":{"type":"MultiPolygon","coordinates":[[[[60,46.457],[57.152,51.229],[58.331,50.934],[60,50.884],[60,46.457]]]]}},{"type":"Feature","properties":{"NAME":"Khiva Khanate","ABBREVN":"Khiva Khanate","SUBJECTO":"Khiva Khanate","BORDERPRECISION":1,"PARTOF":"Khiva Khanate"},"geometry":{"type":"MultiPolygon","coordinates":[[[[54.067,36.942],[54.009,37.349],[54.015,37.348],[53.928,37.824],[53.88,38.025],[53.937,38.159],[53.937,38.571],[53.985,38.657],[54.071,38.897],[54.033,38.993],[53.918,39.05],[53.775,39.136],[53.679,39.251],[53.66,39.318],[53.583,39.318],[53.334,39.385],[53.248,39.299],[53.209,39.405],[53.248,39.452],[53.315,39.567],[53.372,39.52],[53.545,39.539],[53.794,39.491],[53.813,39.548],[53.669,39.644],[53.554,39.654],[53.516,39.778],[53.593,39.893],[53.688,39.979],[53.506,39.998],[53.363,39.96],[53.19,39.96],[53.047,39.998],[52.989,39.931],[52.912,40.046],[52.845,40.18],[52.845,40.334],[52.826,40.468],[52.903,40.563],[52.951,40.707],[52.97,40.822],[53.056,41.052],[53.181,40.841],[53.257,40.765],[53.439,40.803],[53.612,40.745],[53.66,40.813],[53.65,40.88],[53.765,40.87],[53.794,40.726],[53.842,40.64],[53.976,40.65],[54.11,40.678],[54.225,40.726],[54.416,40.659],[54.455,40.717],[54.387,40.803],[54.368,40.899],[54.455,40.918],[54.502,40.851],[54.608,40.813],[54.818,40.88],[54.828,40.985],[54.751,41.138],[54.598,41.244],[54.359,41.387],[54.167,41.483],[54.138,41.627],[54.119,41.78],[54.024,41.857],[54.024,42.048],[53.985,42.106],[53.736,42.134],[53.458,42.096],[53.267,42.086],[53.066,42.029],[52.98,41.904],[52.941,41.77],[52.999,41.684],[52.932,41.378],[52.96,41.272],[52.97,41.138],[52.855,41.387],[52.692,41.531],[52.711,41.607],[52.683,41.694],[52.559,41.758],[52.601,41.938],[52.574,42.019],[52.52,42.073],[52.583,42.189],[52.673,42.279],[52.736,42.423],[52.754,42.558],[52.835,42.648],[52.763,42.756],[52.583,42.828],[52.376,42.801],[52.295,42.873],[52.07,42.828],[51.98,42.909],[51.881,43.053],[51.738,43.179],[51.423,43.17],[51.423,43.259],[51.459,43.385],[51.369,43.556],[51.261,43.61],[51.171,43.718],[50.991,44.078],[50.955,44.204],[50.703,44.258],[50.389,44.294],[50.326,44.365],[50.335,44.563],[50.407,44.617],[50.542,44.644],[50.874,44.626],[51.333,44.482],[51.414,44.518],[51.576,44.554],[51.486,44.626],[51.189,44.77],[51.099,44.878],[51.216,45.04],[51.342,45.058],[51.378,45.175],[51.459,45.31],[51.513,45.373],[51.63,45.355],[51.773,45.391],[51.845,45.436],[51.998,45.382],[52.61,45.4],[53.059,45.337],[53.284,45.328],[53.059,45.453],[52.844,45.507],[52.835,45.642],[52.924,45.732],[52.98,45.776],[57.728,44.635],[60,45.065],[60,38.889],[57.314,36.829],[54.067,36.942]]]]}}],"metadata":{"source":"historical-basemaps (aourednik)","sourceUrl":"https://github.com/aourednik/historical-basemaps","license":"GPL-3.0","commit":"62d8f1a03a71f2d3ff17f2d166f7553f256bce68","borderPrecision":"概略（出典は確定境界を含むが、簡略化により数 km の近似）"}}