{"type":"FeatureCollection","features":[{"type":"Feature","properties":{"NAME":null,"ABBREVN":null,"SUBJECTO":null,"BORDERPRECISION":3,"PARTOF":null},"geometry":{"type":"MultiPolygon","coordinates":[[[[-24.219,65.534],[-24.162,65.607],[-23.973,65.687],[-23.571,65.681],[-23.267,65.725],[-23.426,65.827],[-23.608,65.98],[-23.466,66.133],[-23.341,66.134],[-22.911,65.944],[-22.609,65.923],[-22.474,65.996],[-22.56,66.113],[-22.841,66.281],[-22.676,66.391],[-22.21,66.29],[-21.779,66.254],[-21.443,66.13],[-21.242,65.882],[-21.296,65.699],[-21.495,65.568],[-21.08,65.205],[-20.831,65.366],[-20.672,65.424],[-20.389,65.475],[-20.168,65.556],[-20.141,65.651],[-20.217,66.001],[-19.973,66.111],[-19.748,65.907],[-19.556,65.768],[-19.336,65.674],[-19.239,65.667],[-19.156,65.725],[-19.275,65.929],[-19.165,66.003],[-19.044,66.017],[-18.676,66.091],[-18.369,65.895],[-18.128,65.786],[-17.884,65.757],[-17.861,65.837],[-18.022,66.078],[-17.57,66.013],[-16.922,65.978],[-16.568,66.029],[-16.376,66.132],[-16.385,66.454],[-15.86,66.419],[-15.574,66.207],[-15.071,66.061],[-14.763,66.055],[-14.641,65.945],[-14.754,65.697],[-14.4,65.567],[-13.647,65.495],[-13.59,65.43],[-13.526,65.183],[-13.557,65.009],[-13.694,64.779],[-13.893,64.721],[-14.26,64.713],[-14.348,64.67],[-14.366,64.476],[-14.598,64.267],[-14.821,64.195],[-15.077,64.209],[-15.267,64.28],[-15.634,64.057],[-15.876,63.993],[-16.534,63.784],[-16.918,63.733],[-17.244,63.733],[-17.591,63.689],[-17.944,63.425],[-18.157,63.367],[-18.642,63.324],[-18.961,63.337],[-19.553,63.415],[-19.827,63.478],[-20.404,63.698],[-20.88,63.74],[-21.079,63.711],[-21.548,63.718],[-22.373,63.773],[-22.507,63.866],[-22.311,63.952],[-21.804,64.11],[-21.488,64.376],[-21.857,64.383],[-22.086,64.44],[-22.279,64.619],[-22.392,64.662],[-22.554,64.625],[-23.508,64.559],[-23.675,64.659],[-23.611,64.746],[-23.437,64.804],[-23.136,64.847],[-22.778,64.855],[-22.45,64.906],[-21.978,64.95],[-21.809,65.037],[-21.729,65.182],[-21.794,65.298],[-21.955,65.378],[-22.146,65.385],[-22.362,65.45],[-22.814,65.471],[-23.183,65.427],[-23.374,65.354],[-23.678,65.317],[-24.147,65.439],[-24.219,65.534]]]]}},{"type":"Feature","properties":{"NAME":"Spain","ABBREVN":"Spain","SUBJECTO":"Spain","BORDERPRECISION":3,"PARTOF":"Spain"},"geometry":{"type":"MultiPolygon","coordinates":[[[[-9.271,43.049],[-9.247,42.901],[-9.173,42.856],[-8.942,42.824],[-8.644,42.42],[-8.799,42.195],[-8.86,42.015],[-8.806,41.889],[-8.405,42.002],[-8.157,42.087],[-7.919,41.889],[-7.098,41.868],[-6.86,41.985],[-6.709,41.96],[-6.586,41.858],[-6.518,41.749],[-6.139,41.526],[-6.112,41.417],[-6.241,41.32],[-6.797,41.093],[-6.834,41.061],[-6.857,40.862],[-6.825,40.657],[-6.884,40.214],[-6.859,39.792],[-6.878,39.702],[-7.084,39.599],[-7.301,39.579],[-7.431,39.521],[-7.211,39.298],[-6.933,38.961],[-7.089,38.795],[-7.317,38.5],[-7.394,38.295],[-7.028,38.24],[-6.845,38.1],[-7.243,37.811],[-7.351,37.644],[-7.492,37.208],[-7.228,37.226],[-6.948,37.149],[-6.632,37.022],[-6.422,36.792],[-6.5,36.719],[-6.444,36.623],[-6.289,36.572],[-6.305,36.454],[-6.204,36.282],[-5.85,36.072],[-5.661,36.008],[-5.485,36.065],[-5.488,36.174],[-5.457,36.167],[-5.424,36.072],[-5.387,36.11],[-5.374,36.237],[-5.217,36.41],[-4.757,36.486],[-4.447,36.722],[-2.97,36.741],[-2.915,36.69],[-2.761,36.69],[-2.624,36.811],[-2.355,36.824],[-2.239,36.728],[-1.94,36.952],[-1.817,37.292],[-1.626,37.439],[-1.365,37.548],[-0.918,37.57],[-0.803,37.615],[-0.872,37.76],[-0.665,38.177],[-0.564,38.215],[-0.435,38.43],[0.173,38.738],[0.126,38.821],[-0.166,38.954],[-0.236,39.062],[-0.395,39.434],[-0.161,39.886],[0.238,40.24],[0.505,40.593],[0.788,40.657],[0.827,40.727],[0.71,40.785],[0.734,40.875],[0.879,41.022],[1.311,41.157],[2.081,41.298],[2.201,41.446],[2.628,41.62],[3.129,41.857],[3.157,42.076],[3.086,42.121],[3.087,42.369],[3.002,42.771],[3.039,42.869],[2.949,42.883],[2.825,42.85],[2.701,42.73],[2.49,42.719],[2.481,42.686],[2.272,42.69],[2.103,42.615],[1.728,42.501],[1.729,42.516],[1.726,42.505],[1.711,42.492],[1.667,42.5],[1.655,42.467],[1.599,42.467],[1.579,42.45],[1.56,42.458],[1.552,42.433],[1.517,42.429],[1.452,42.437],[1.443,42.444],[1.448,42.46],[1.439,42.477],[1.42,42.485],[1.465,42.508],[1.451,42.54],[1.414,42.537],[1.423,42.556],[1.444,42.569],[1.427,42.586],[1.445,42.604],[1.473,42.61],[1.47,42.622],[1.456,42.619],[1.316,42.614],[1.307,42.635],[0.744,42.772],[0.584,42.772],[0.592,42.628],[0.348,42.635],[0.196,42.608],[0.18,42.663],[-0.166,42.649],[-0.216,42.717],[-0.41,42.786],[-0.469,42.751],[-0.587,42.765],[-0.612,42.731],[-0.84,42.909],[-0.907,42.881],[-1.397,43.032],[-1.448,42.984],[-1.515,42.998],[-1.558,43.045],[-1.466,43.155],[-1.491,43.21],[-1.702,43.196],[-1.915,43.305],[-2.066,43.333],[-2.367,43.326],[-2.768,43.538],[-3.007,43.55],[-3.196,43.447],[-3.417,43.376],[-3.848,43.439],[-4.802,43.469],[-5.225,43.507],[-5.537,43.577],[-5.82,43.706],[-5.98,43.705],[-6.468,43.563],[-6.808,43.523],[-7.151,43.555],[-7.636,43.721],[-7.98,43.74],[-8.22,43.617],[-8.251,43.43],[-8.31,43.353],[-8.849,43.326],[-9.014,43.281],[-9.197,43.158],[-9.271,43.049]]],[[[1.567,42.646],[1.6,42.626],[1.637,42.63],[1.66,42.621],[1.667,42.622],[1.577,42.648],[1.567,42.646]]],[[[1.728,42.601],[1.731,42.588],[1.784,42.575],[1.792,42.579],[1.755,42.597],[1.73,42.604],[1.728,42.601]]]]}},{"type":"Feature","properties":{"NAME":"Portugal","ABBREVN":"Portugal","SUBJECTO":"Portugal","BORDERPRECISION":3,"PARTOF":"Portugal"},"geometry":{"type":"Polygon","coordinates":[[[-9.549,38.775],[-9.522,38.69],[-9.362,38.671],[-9.176,38.732],[-9.041,38.92],[-8.961,38.818],[-8.942,38.742],[-9.069,38.643],[-9.285,38.619],[-9.237,38.417],[-8.854,38.5],[-8.789,38.436],[-8.847,38.385],[-8.823,38.206],[-8.933,37.962],[-8.851,37.91],[-8.842,37.525],[-9.017,37.07],[-8.991,36.99],[-8.667,37.121],[-8.541,37.089],[-8.28,37.089],[-8.034,37.009],[-7.836,37.032],[-7.603,37.163],[-7.492,37.208],[-7.351,37.644],[-7.243,37.811],[-6.845,38.1],[-7.028,38.24],[-7.394,38.295],[-7.317,38.5],[-7.089,38.795],[-6.933,38.961],[-7.211,39.298],[-7.431,39.521],[-7.301,39.579],[-7.084,39.599],[-6.878,39.702],[-6.859,39.792],[-6.884,40.214],[-6.825,40.657],[-6.857,40.862],[-6.834,41.061],[-6.797,41.093],[-6.241,41.32],[-6.112,41.417],[-6.139,41.526],[-6.518,41.749],[-6.586,41.858],[-6.709,41.96],[-6.86,41.985],[-7.098,41.868],[-7.919,41.889],[-8.157,42.087],[-8.405,42.002],[-8.806,41.889],[-8.921,41.767],[-8.855,41.597],[-8.852,41.408],[-8.694,40.992],[-8.97,40.19],[-8.916,40.138],[-9.118,39.644],[-9.299,39.418],[-9.415,39.367],[-9.398,39.23],[-9.46,38.953],[-9.549,38.775]]]}},{"type":"Feature","properties":{"NAME":"Dutch Republic","ABBREVN":"Dutch Republic","SUBJECTO":"Dutch Republic","BORDERPRECISION":3,"PARTOF":"Dutch Republic"},"geometry":{"type":"Polygon","coordinates":[[[3.52,51.579],[3.743,51.46],[3.775,51.388],[3.99,51.344],[4.173,51.325],[4.407,51.34],[4.395,51.411],[4.671,51.405],[4.791,51.487],[4.932,51.378],[5.01,51.433],[5.113,51.405],[5.244,51.237],[5.484,51.286],[5.824,51.117],[5.774,50.926],[5.697,50.883],[5.697,50.731],[6,50.742],[6.074,50.867],[6.01,50.964],[5.928,50.981],[5.964,51.024],[6.176,51.144],[6.089,51.198],[6.222,51.389],[6.154,51.521],[6.117,51.64],[5.948,51.722],[5.979,51.804],[6.133,51.838],[6.211,51.88],[6.381,51.82],[6.68,51.888],[6.825,51.956],[6.882,52.126],[7.068,52.219],[7.069,52.366],[6.997,52.443],[6.912,52.416],[6.714,52.476],[6.727,52.558],[6.778,52.64],[7.035,52.624],[7.073,52.804],[7.228,52.967],[7.16,53.164],[7.043,53.164],[7.009,53.245],[6.861,53.266],[6.751,53.39],[6.261,53.322],[5.966,53.335],[5.39,53.139],[5.332,53.011],[5.343,52.996],[5.358,52.938],[5.326,52.79],[5.653,52.75],[5.547,52.679],[5.556,52.587],[5.611,52.532],[5.817,52.521],[5.757,52.334],[5.574,52.283],[5.473,52.177],[4.95,52.278],[5.036,52.334],[5.006,52.557],[5.108,52.532],[5.235,52.623],[5.173,52.743],[5.008,52.856],[4.719,52.802],[4.641,52.756],[4.387,52.23],[4.264,52.071],[3.878,51.792],[3.52,51.579]]]}},{"type":"Feature","properties":{"NAME":null,"ABBREVN":null,"SUBJECTO":null,"BORDERPRECISION":3,"PARTOF":null},"geometry":{"type":"MultiPolygon","coordinates":[[[[-25,69.319],[-24.897,69.392],[-24.584,69.34],[-24.333,69.333],[-23.444,69.568],[-22.732,69.774],[-22.158,70.056],[-22.434,70.079],[-23.009,70.093],[-23.459,70.092],[-23.587,70.084],[-23.775,70.145],[-24.195,70.243],[-24.585,70.304],[-25,70.296],[-25,69.319]]],[[[-25,71.468],[-24.913,71.437],[-24.386,71.183],[-24.227,71.059],[-24.04,70.774],[-23.754,70.59],[-23.084,70.468],[-22.616,70.484],[-22.203,70.485],[-21.714,70.386],[-21.547,70.44],[-21.471,70.532],[-21.592,71.211],[-21.726,71.405],[-21.904,71.497],[-22.03,71.435],[-22.431,71.341],[-22.649,71.745],[-22.818,71.87],[-23.247,72],[-25,72],[-25,71.468]]]]}},{"type":"Feature","properties":{"NAME":"Parma","ABBREVN":"Parma","SUBJECTO":"Parma","BORDERPRECISION":3,"PARTOF":"Parma"},"geometry":{"type":"Polygon","coordinates":[[[9.131,44.789],[9.23,44.772],[9.297,44.54],[9.363,44.556],[9.396,44.44],[9.479,44.473],[9.572,44.437],[9.596,44.573],[9.745,44.606],[9.895,44.556],[9.978,44.407],[10.127,44.357],[10.193,44.49],[10.243,44.49],[10.36,44.689],[10.276,44.905],[10.393,45.026],[10.293,45.021],[9.662,45.22],[9.131,45.121],[9.131,44.789]]]}},{"type":"Feature","properties":{"NAME":"Papal States","ABBREVN":"Papal States","SUBJECTO":"Papal States","BORDERPRECISION":3,"PARTOF":"Papal States"},"geometry":{"type":"Polygon","coordinates":[[[11.14,44.34],[11.202,44.143],[11.323,44.158],[11.289,44.224],[11.455,44.274],[11.572,44.224],[11.555,44.191],[11.704,44.224],[11.688,44.257],[11.738,44.357],[11.804,44.34],[11.854,44.357],[11.904,44.324],[11.887,44.257],[11.937,44.091],[12.02,44.174],[12.086,44.174],[12.053,44.108],[12.037,43.925],[12.086,43.842],[12.169,43.892],[12.219,43.892],[12.12,43.743],[12.103,43.61],[12.12,43.477],[12.219,43.344],[12.302,43.344],[12.302,43.278],[12.219,43.228],[12.153,43.062],[12.169,42.912],[12.186,42.912],[12.153,42.696],[12.169,42.63],[12.053,42.53],[12.07,42.298],[12.003,42.248],[12.02,42.099],[11.963,42.005],[12.395,41.73],[12.642,41.531],[12.977,41.371],[13.271,41.314],[13.498,41.302],[13.761,41.207],[13.813,41.318],[13.979,41.335],[14.029,41.401],[13.963,41.468],[13.963,41.518],[13.929,41.634],[13.88,41.634],[13.88,41.667],[13.929,41.75],[13.863,41.783],[13.863,41.75],[13.647,41.8],[13.647,41.75],[13.597,41.8],[13.564,41.866],[13.631,41.933],[13.631,42.016],[13.581,42.049],[13.581,42.099],[13.415,42.198],[13.465,42.232],[13.415,42.364],[13.548,42.431],[13.631,42.53],[13.714,42.398],[13.763,42.464],[13.83,42.481],[13.83,42.564],[13.929,42.53],[13.996,42.613],[14.076,42.634],[13.915,42.873],[13.792,43.123],[13.732,43.374],[13.601,43.535],[12.697,43.935],[12.345,44.301],[12.281,44.55],[12.274,44.673],[12.378,44.732],[12.136,45.104],[12.037,45.137],[12.053,45.021],[11.97,45.038],[11.887,45.087],[11.771,45.071],[11.605,44.905],[11.24,45.071],[11.17,45.067],[11.339,44.855],[11.256,44.789],[11.173,44.606],[11.289,44.456],[11.289,44.373],[11.14,44.34]],[[12.404,43.949],[12.515,43.99],[12.506,43.958],[12.515,43.939],[12.493,43.917],[12.488,43.898],[12.478,43.897],[12.453,43.895],[12.443,43.906],[12.411,43.901],[12.408,43.921],[12.415,43.929],[12.404,43.949]]]}},{"type":"Feature","properties":{"NAME":"Pontremoli","ABBREVN":"Pontremoli","SUBJECTO":"Pontremoli","BORDERPRECISION":3,"PARTOF":"Pontremoli"},"geometry":{"type":"Polygon","coordinates":[[[9.572,44.437],[9.778,44.357],[9.828,44.29],[9.878,44.29],[9.892,44.343],[9.954,44.333],[9.978,44.407],[9.895,44.556],[9.745,44.606],[9.596,44.573],[9.572,44.437]]]}},{"type":"Feature","properties":{"NAME":"Fivizzano","ABBREVN":"Fivizzano","SUBJECTO":"Fivizzano","BORDERPRECISION":3,"PARTOF":"Fivizzano"},"geometry":{"type":"Polygon","coordinates":[[[10.037,44.292],[10.141,44.219],[10.172,44.312],[10.127,44.357],[10.056,44.38],[10.037,44.292]]]}},{"type":"Feature","properties":{"NAME":"Lucca","ABBREVN":"Lucca","SUBJECTO":"Lucca","BORDERPRECISION":3,"PARTOF":"Lucca"},"geometry":{"type":"Polygon","coordinates":[[[10.261,43.745],[10.292,43.705],[10.338,43.596],[10.503,43.609],[10.596,43.578],[10.751,43.63],[10.689,43.867],[10.73,43.981],[10.692,44.091],[10.592,44.141],[10.542,44.091],[10.509,44.091],[10.36,43.859],[10.326,43.892],[10.261,43.745]]]}},{"type":"Feature","properties":{"NAME":"Tuscany","ABBREVN":"Tuscany","SUBJECTO":"Tuscany","BORDERPRECISION":3,"PARTOF":"Tuscany"},"geometry":{"type":"Polygon","coordinates":[[[10.338,43.596],[10.488,43.236],[10.743,42.851],[11.105,42.549],[11.497,42.376],[11.96,42.007],[12.02,42.099],[12.003,42.248],[12.07,42.298],[12.053,42.53],[12.169,42.63],[12.153,42.696],[12.186,42.912],[12.169,42.912],[12.153,43.062],[12.219,43.228],[12.302,43.278],[12.302,43.344],[12.219,43.344],[12.12,43.477],[12.103,43.61],[12.12,43.743],[12.219,43.892],[12.169,43.892],[12.086,43.842],[12.037,43.925],[12.053,44.108],[12.086,44.174],[12.02,44.174],[11.937,44.091],[11.887,44.257],[11.904,44.324],[11.854,44.357],[11.804,44.34],[11.738,44.357],[11.688,44.257],[11.704,44.224],[11.555,44.191],[11.572,44.224],[11.455,44.274],[11.289,44.224],[11.323,44.158],[11.057,44.124],[11.057,44.158],[10.957,44.158],[10.824,44.207],[10.708,44.174],[10.692,44.091],[10.73,43.981],[10.689,43.867],[10.751,43.63],[10.596,43.578],[10.503,43.609],[10.338,43.596]]]}},{"type":"Feature","properties":{"NAME":"Modena","ABBREVN":"Modena","SUBJECTO":"Modena","BORDERPRECISION":3,"PARTOF":"Modena"},"geometry":{"type":"Polygon","coordinates":[[[9.825,44.153],[9.909,44.11],[10.155,43.881],[10.286,43.981],[10.41,43.937],[10.509,44.091],[10.542,44.091],[10.592,44.141],[10.692,44.091],[10.708,44.174],[10.824,44.207],[10.957,44.158],[11.057,44.158],[11.057,44.124],[11.202,44.143],[11.14,44.34],[11.289,44.373],[11.289,44.456],[11.173,44.606],[11.256,44.789],[11.339,44.855],[11.17,45.067],[10.393,45.026],[10.276,44.905],[10.36,44.689],[10.243,44.49],[10.193,44.49],[10.127,44.357],[10.172,44.312],[10.141,44.219],[10.037,44.292],[10.056,44.38],[9.978,44.407],[9.954,44.333],[9.892,44.343],[9.825,44.153]]]}},{"type":"Feature","properties":{"NAME":"Massa","ABBREVN":"Massa","SUBJECTO":"Massa","BORDERPRECISION":3,"PARTOF":"Massa"},"geometry":{"type":"Polygon","coordinates":[[[10.155,43.881],[10.261,43.745],[10.326,43.892],[10.36,43.859],[10.41,43.937],[10.286,43.981],[10.155,43.881]]]}},{"type":"Feature","properties":{"NAME":"Austrian Empire","ABBREVN":"Austria-Hung","SUBJECTO":"Austrian Empire","BORDERPRECISION":3,"PARTOF":"Austrian Empire"},"geometry":{"type":"Polygon","coordinates":[[[19.57,54.255],[19.683,53.858],[19.925,53.918],[20.076,53.585],[20.409,53.434],[20.56,53.827],[21.014,54.1],[20.47,54.342],[20.046,54.19],[19.915,54.395],[19.733,54.31],[19.57,54.255]]]}},{"type":"Feature","properties":{"NAME":"Prussia","ABBREVN":"Prussia","SUBJECTO":"Prussia","BORDERPRECISION":3,"PARTOF":"Prussia"},"geometry":{"type":"Polygon","coordinates":[[[18.806,53.737],[18.927,53.495],[19.804,53.525],[20.011,53.044],[20.097,53.182],[20.477,53.131],[20.702,53.321],[21.117,53.269],[22.807,53.808],[22.74,53.95],[22.699,54.415],[22.67,54.494],[22.662,54.571],[22.724,54.733],[22.824,54.787],[22.794,54.902],[22.632,54.949],[22.584,55.009],[21.684,55.353],[21.276,55.861],[20.945,56.07],[20.996,56.024],[21.018,55.634],[21.216,55.344],[21.201,55.261],[21.143,55.256],[21.224,55.111],[21.113,55.089],[21.192,54.96],[21.137,54.845],[20.985,54.812],[19.943,54.85],[19.863,54.752],[19.833,54.531],[19.882,54.525],[19.938,54.608],[20.006,54.547],[20.194,54.575],[20.327,54.564],[20.189,54.522],[19.915,54.395],[20.046,54.19],[20.47,54.342],[21.014,54.1],[20.56,53.827],[20.409,53.434],[20.076,53.585],[19.925,53.918],[19.683,53.858],[19.57,54.255],[19.457,54.217],[19.328,54.161],[19.23,54.167],[19.232,54.222],[19.318,54.272],[19.758,54.459],[19.734,54.461],[19.255,54.277],[18.965,54.228],[18.987,53.858],[18.806,53.737]]]}},{"type":"Feature","properties":{"NAME":"Lombardy","ABBREVN":"Lombardy","SUBJECTO":"Lombardy","BORDERPRECISION":3,"PARTOF":"Lombardy"},"geometry":{"type":"Polygon","coordinates":[[[10.377,45.374],[10.393,45.026],[10.856,45.051],[10.824,45.353],[10.675,45.353],[10.377,45.374]]]}},{"type":"Feature","properties":{"NAME":"Genoa","ABBREVN":"Genoa","SUBJECTO":"Genoa","BORDERPRECISION":3,"PARTOF":"Genoa"},"geometry":{"type":"Polygon","coordinates":[[[7.769,44.367],[7.962,44.222],[8.09,44.051],[8.186,44.126],[8.672,44.417],[8.897,44.437],[9.157,44.373],[9.692,44.22],[9.825,44.153],[9.878,44.29],[9.828,44.29],[9.778,44.357],[9.479,44.473],[9.396,44.44],[9.363,44.556],[9.297,44.54],[9.23,44.772],[8.764,44.864],[8.7,44.816],[8.556,44.864],[8.491,44.8],[8.395,44.8],[8.363,44.72],[8.251,44.736],[8.219,44.672],[7.914,44.415],[7.849,44.463],[7.769,44.367]]]}},{"type":"Feature","properties":{"NAME":null,"ABBREVN":null,"SUBJECTO":null,"BORDERPRECISION":3,"PARTOF":null},"geometry":{"type":"Polygon","coordinates":[[[7.467,43.92],[7.468,43.811],[7.553,43.867],[7.689,43.887],[7.98,43.965],[7.897,44.094],[7.689,44.238],[7.705,44.062],[7.673,43.981],[7.634,44.036],[7.467,43.92]]]}},{"type":"Feature","properties":{"NAME":"Sardinia","ABBREVN":"Sardinia","SUBJECTO":"Spain","BORDERPRECISION":3,"PARTOF":"Sardinia"},"geometry":{"type":"Polygon","coordinates":[[[8.159,40.785],[8.202,40.663],[8.428,40.465],[8.488,40.209],[8.508,39.946],[8.465,39.64],[8.374,39.308],[8.417,39.212],[8.582,39.066],[8.696,38.996],[8.82,38.977],[8.931,39.054],[8.999,39.175],[9.063,39.22],[9.296,39.233],[9.479,39.144],[9.648,39.457],[9.698,39.693],[9.631,40.096],[9.696,40.314],[9.788,40.442],[9.794,40.564],[9.591,40.903],[9.306,41.184],[8.918,40.94],[8.766,40.863],[8.241,40.855],[8.159,40.785]]]}},{"type":"Feature","properties":{"NAME":"Naples","ABBREVN":"Naples","SUBJECTO":"Spain","BORDERPRECISION":3,"PARTOF":"Naples"},"geometry":{"type":"Polygon","coordinates":[[[13.415,42.198],[13.581,42.099],[13.581,42.049],[13.631,42.016],[13.631,41.933],[13.564,41.866],[13.597,41.8],[13.647,41.75],[13.647,41.8],[13.863,41.75],[13.863,41.783],[13.929,41.75],[13.88,41.667],[13.88,41.634],[13.929,41.634],[13.963,41.518],[13.963,41.468],[14.029,41.401],[13.979,41.335],[13.813,41.318],[13.761,41.207],[13.797,41.193],[13.853,41.091],[13.942,40.998],[14.051,40.768],[14.24,40.853],[14.37,40.851],[14.495,40.73],[14.35,40.643],[14.334,40.594],[14.743,40.705],[14.951,40.551],[14.992,40.372],[14.899,40.241],[15.027,40.212],[15.432,39.989],[15.516,40.066],[15.666,40.092],[15.757,39.934],[15.825,39.661],[15.99,39.428],[16.083,39.012],[16.177,38.931],[16.212,38.778],[16.152,38.701],[15.99,38.735],[15.827,38.623],[15.933,38.54],[15.791,38.296],[15.627,38.233],[15.627,38.004],[15.71,37.941],[15.785,37.91],[16.053,37.931],[16.331,38.321],[16.572,38.457],[16.522,38.725],[16.613,38.827],[16.798,38.926],[17.095,38.915],[17.181,39.022],[17.121,39.086],[17.107,39.28],[17.149,39.422],[16.532,39.698],[16.535,39.832],[16.624,39.968],[16.604,40.09],[16.728,40.184],[16.844,40.363],[16.949,40.481],[17.084,40.525],[17.243,40.496],[17.204,40.398],[17.402,40.292],[17.619,40.288],[17.85,40.243],[17.968,40.167],[18.017,39.948],[18.16,39.873],[18.365,39.747],[18.523,40.094],[18.384,40.308],[18.06,40.514],[18.034,40.597],[17.319,40.929],[16.946,41.094],[16.42,41.279],[15.991,41.406],[15.873,41.502],[15.989,41.635],[16.198,41.746],[16.187,41.841],[16.013,41.904],[15.449,41.857],[14.922,41.972],[14.739,42.047],[14.72,42.142],[14.519,42.23],[14.405,42.353],[14.093,42.61],[14.076,42.634],[13.996,42.613],[13.929,42.53],[13.83,42.564],[13.83,42.481],[13.763,42.464],[13.714,42.398],[13.631,42.53],[13.548,42.431],[13.415,42.364],[13.465,42.232],[13.415,42.198]]]}},{"type":"Feature","properties":{"NAME":"Sicily","ABBREVN":"Sicily","SUBJECTO":"Spain","BORDERPRECISION":3,"PARTOF":"Sicily"},"geometry":{"type":"Polygon","coordinates":[[[12.454,37.766],[12.532,37.639],[12.637,37.582],[13.012,37.525],[13.868,37.157],[14.216,37.049],[14.622,36.776],[14.942,36.739],[15.027,36.745],[15.221,37],[15.301,37.058],[15.116,37.287],[15.112,37.459],[15.181,37.682],[15.423,38.053],[15.473,38.11],[15.454,38.167],[15.387,38.206],[14.766,38.058],[14.134,37.973],[13.81,37.966],[13.628,38.03],[13.322,38.221],[13.066,38.067],[12.783,38.117],[12.664,38.072],[12.517,37.919],[12.454,37.766]]]}},{"type":"Feature","properties":{"NAME":null,"ABBREVN":null,"SUBJECTO":null,"BORDERPRECISION":3,"PARTOF":null},"geometry":{"type":"Polygon","coordinates":[[[37.474,44.692],[37.622,44.673],[37.774,44.745],[37.88,44.719],[38.109,44.494],[38.277,44.423],[38.556,44.385],[38.924,44.212],[40.252,43.268],[40.557,43.147],[40.969,43.077],[41.123,43.019],[41.41,42.788],[41.503,42.608],[41.652,42.121],[41.68,41.793],[41.666,41.729],[41.521,41.466],[41.484,41.437],[42.029,41.4],[42.25,41.369],[42.352,41.402],[42.694,41.564],[42.878,41.546],[43.957,42.591],[44.053,42.559],[44.17,42.612],[44.297,42.612],[44.414,42.729],[44.51,42.761],[44.669,42.761],[44.786,42.729],[44.872,42.666],[44.935,42.74],[44.978,42.772],[45.031,42.772],[45.138,42.719],[45.201,42.676],[45.297,42.676],[45.382,42.623],[45.478,42.549],[45.648,42.549],[45.808,42.538],[45.861,42.474],[45.808,42.389],[45.754,42.251],[45.914,42.123],[46.042,42.049],[46.159,42.006],[46.286,41.985],[46.393,41.995],[46.499,41.964],[46.556,41.878],[46.659,41.889],[46.669,41.815],[46.765,41.836],[46.85,41.836],[46.914,41.751],[47.127,41.623],[47.169,41.57],[47.222,41.57],[47.35,41.442],[47.35,41.304],[47.616,41.261],[47.818,41.198],[47.988,41.219],[48.063,41.315],[48.201,41.464],[48.224,41.471],[47.249,42.785],[47.195,43.376],[47.493,43.583],[47.538,43.673],[47.565,43.844],[47.332,44.186],[47.224,44.204],[47.143,44.339],[46.999,44.356],[46.846,44.446],[46.81,44.536],[46.873,44.68],[44.755,44.439],[43.88,44.814],[43.381,46.188],[42.257,46.813],[41.516,46.756],[41.627,46.668],[41.674,46.617],[41.828,46.546],[41.896,46.481],[41.861,46.406],[41.773,46.309],[41.74,46.231],[41.657,46.167],[41.548,46.111],[41.32,46.066],[41.306,46.007],[41.344,45.913],[41.451,45.735],[41.451,45.645],[41.368,45.617],[41.218,45.483],[41.015,45.41],[40.897,45.445],[40.647,45.439],[40.498,45.379],[40.317,45.344],[40.133,45.341],[39.979,45.3],[39.749,45.221],[39.622,45.194],[39.328,45.004],[39.196,44.951],[39.065,44.951],[38.411,45.125],[37.474,44.692]]]}},{"type":"Feature","properties":{"NAME":"Sardinia-Piedmont","ABBREVN":"Sardinia","SUBJECTO":"Sardinia-Piedmont","BORDERPRECISION":3,"PARTOF":"Sardinia-Piedmont"},"geometry":{"type":"MultiPolygon","coordinates":[[[[5.268,46.318],[5.533,46.097],[5.533,46.009],[5.357,46.053],[5.357,45.876],[5.607,45.847],[5.823,45.396],[5.935,45.322],[5.947,45.26],[6.058,45.223],[6.033,45.334],[6.083,45.372],[6.145,45.322],[6.219,45.347],[6.268,45.322],[6.243,45.297],[6.28,45.199],[6.507,45.116],[6.665,44.955],[6.943,44.869],[7.003,44.72],[6.925,44.715],[6.783,44.548],[6.87,44.349],[6.787,44.297],[6.787,44.198],[6.836,44.112],[6.886,44.149],[6.935,44.136],[6.972,44.062],[6.997,44.05],[6.923,43.976],[6.96,43.914],[6.886,43.902],[6.923,43.815],[7.355,43.902],[7.397,43.764],[7.468,43.811],[7.467,43.92],[7.634,44.036],[7.673,43.981],[7.705,44.062],[7.689,44.238],[7.897,44.094],[7.98,43.965],[8.09,44.051],[7.962,44.222],[7.769,44.367],[7.849,44.463],[7.914,44.415],[8.219,44.672],[8.251,44.736],[8.273,44.904],[8.067,44.904],[8.052,45.007],[8.229,45.051],[8.259,45.184],[8.111,45.788],[7.979,45.847],[7.831,45.817],[7.79,45.927],[7.565,45.987],[7.196,45.861],[7.041,45.93],[6.955,45.939],[6.939,46.007],[6.876,46.054],[6.903,46.125],[6.804,46.137],[6.855,46.27],[6.839,46.312],[6.776,46.362],[6.809,46.38],[6.807,46.394],[6.726,46.408],[6.637,46.407],[6.545,46.395],[6.515,46.405],[6.484,46.393],[6.477,46.376],[6.414,46.36],[6.384,46.342],[6.108,46.126],[5.829,46.213],[5.676,46.182],[5.646,46.457],[5.416,46.524],[5.268,46.318]]],[[[6.746,46.487],[6.777,46.473],[6.769,46.493],[6.746,46.487]]]]}},{"type":"Feature","properties":{"NAME":"Milan","ABBREVN":"Milan","SUBJECTO":"Spain","BORDERPRECISION":3,"PARTOF":"Milan"},"geometry":{"type":"MultiPolygon","coordinates":[[[[7.79,45.927],[7.831,45.817],[7.979,45.847],[8.111,45.788],[8.259,45.184],[8.229,45.051],[8.052,45.007],[8.067,44.904],[8.273,44.904],[8.251,44.736],[8.363,44.72],[8.395,44.8],[8.491,44.8],[8.556,44.864],[8.7,44.816],[8.764,44.864],[9.131,44.789],[9.131,45.121],[9.662,45.22],[10.293,45.021],[10.393,45.026],[10.377,45.374],[9.998,45.401],[9.922,45.666],[9.846,45.704],[9.506,45.515],[9.695,45.78],[9.582,45.893],[9.545,46.312],[9.441,46.375],[9.377,46.534],[9.21,46.498],[9.218,46.348],[9.027,46.175],[9.019,45.934],[8.891,45.866],[8.718,46.007],[8.762,46.089],[8.622,46.121],[8.382,46.284],[8.375,46.471],[8.273,46.418],[8.314,46.396],[8.089,46.268],[8.154,46.146],[7.873,45.921],[7.807,45.937],[7.79,45.927]]],[[[8.5,42.36],[8.628,42.262],[8.517,42.208],[8.511,42.134],[8.626,42.097],[8.668,42.029],[8.59,41.958],[8.538,41.948],[8.562,41.882],[8.693,41.913],[8.742,41.882],[8.627,41.732],[8.823,41.688],[8.855,41.654],[8.727,41.561],[8.829,41.492],[9.013,41.458],[9.039,41.369],[9.173,41.35],[9.305,41.575],[9.357,41.901],[9.453,42.048],[9.487,42.406],[9.459,42.556],[9.405,42.581],[9.432,42.794],[9.414,42.91],[9.367,42.988],[9.303,42.983],[9.271,42.883],[9.28,42.728],[9.238,42.664],[9.149,42.711],[9.018,42.691],[9,42.635],[8.879,42.625],[8.609,42.487],[8.5,42.36]]]]}},{"type":"Feature","properties":{"NAME":"Franche-Comté","ABBREVN":"Franche-Comté","SUBJECTO":"Spain","BORDERPRECISION":3,"PARTOF":"Franche-Comté"},"geometry":{"type":"Polygon","coordinates":[[[5.626,46.649],[5.74,46.598],[5.725,46.48],[5.646,46.457],[5.676,46.182],[5.829,46.213],[5.941,46.176],[6.049,46.277],[6.055,46.422],[6.019,46.484],[6.058,46.616],[6.382,46.804],[6.364,46.946],[6.623,47.054],[6.629,47.088],[6.866,47.31],[6.944,47.326],[6.892,47.366],[6.823,47.378],[6.628,47.512],[6.781,47.679],[6.697,47.762],[6.795,47.86],[6.641,47.985],[6.252,47.957],[6.099,48.027],[6.057,47.957],[5.96,47.985],[5.96,47.804],[5.82,47.735],[5.918,47.595],[5.793,47.512],[5.779,47.359],[5.737,47.234],[5.667,47.108],[5.794,46.997],[5.757,46.887],[5.646,46.85],[5.626,46.649]]]}},{"type":"Feature","properties":{"NAME":"Swiss Confederation","ABBREVN":"Swiss Confederation","SUBJECTO":"Swiss Confederation","BORDERPRECISION":3,"PARTOF":"Swiss Confederation"},"geometry":{"type":"MultiPolygon","coordinates":[[[[5.941,46.176],[6.108,46.126],[6.384,46.342],[6.361,46.348],[6.344,46.37],[6.304,46.366],[6.278,46.35],[6.235,46.289],[6.199,46.264],[6.194,46.238],[6.172,46.212],[6.148,46.207],[6.171,46.296],[6.248,46.386],[6.274,46.39],[6.291,46.423],[6.347,46.461],[6.399,46.459],[6.449,46.474],[6.511,46.516],[6.559,46.507],[6.592,46.518],[6.689,46.5],[6.721,46.486],[6.769,46.493],[6.777,46.473],[6.832,46.467],[6.858,46.449],[6.901,46.44],[6.931,46.408],[6.919,46.395],[6.861,46.396],[6.858,46.388],[6.878,46.394],[7.033,46.184],[7.221,46.327],[7.5,46.373],[7.547,46.388],[7.535,46.409],[7.61,46.443],[7.694,46.426],[7.709,46.364],[7.752,46.363],[7.75,46.321],[7.907,46.302],[7.999,46.323],[8.176,46.433],[8.176,46.471],[8.273,46.418],[8.375,46.471],[8.382,46.284],[8.622,46.121],[8.762,46.089],[8.718,46.007],[8.891,45.866],[9.019,45.934],[9.027,46.175],[9.218,46.348],[9.21,46.498],[9.377,46.534],[9.441,46.375],[9.545,46.312],[9.642,46.325],[9.674,46.38],[9.885,46.403],[9.995,46.252],[10.097,46.439],[9.987,46.498],[10.024,46.621],[10.151,46.662],[10.23,46.589],[10.372,46.566],[10.389,46.653],[10.339,46.748],[10.396,46.887],[10.409,46.965],[10.312,47.017],[10.052,46.868],[9.804,46.977],[9.801,47.042],[9.521,47.069],[9.561,47.156],[9.465,47.286],[9.584,47.409],[9.539,47.487],[9.482,47.482],[9.466,47.496],[9.436,47.507],[9.437,47.519],[9.387,47.544],[9.382,47.571],[9.3,47.611],[9.191,47.648],[9.178,47.664],[9.096,47.666],[9.09,47.673],[9.066,47.674],[8.983,47.67],[8.961,47.657],[8.907,47.645],[8.86,47.657],[8.894,47.652],[8.936,47.659],[8.983,47.68],[8.815,47.681],[8.748,47.721],[8.659,47.715],[8.635,47.779],[8.332,47.693],[8.412,47.604],[8.253,47.594],[8.128,47.644],[7.873,47.573],[7.751,47.616],[7.628,47.564],[7.507,47.604],[7.333,47.465],[7.121,47.468],[7.123,47.511],[6.922,47.514],[6.881,47.458],[6.823,47.378],[6.892,47.366],[6.944,47.326],[6.866,47.31],[6.629,47.088],[6.623,47.054],[6.364,46.946],[6.382,46.804],[6.058,46.616],[6.019,46.484],[6.055,46.422],[6.049,46.277],[5.941,46.176]]],[[[6.839,46.312],[6.855,46.27],[6.864,46.292],[6.839,46.312]]],[[[6.939,46.007],[6.955,45.939],[7.041,45.93],[6.939,46.007]]],[[[7.565,45.987],[7.79,45.927],[7.807,45.937],[7.577,45.991],[7.565,45.987]]],[[[9.118,47.679],[9.124,47.671],[9.218,47.666],[9.199,47.678],[9.118,47.679]]]]}},{"type":"Feature","properties":{"NAME":"Luxembourg","ABBREVN":"Luxembourg","SUBJECTO":"Luxembourg","BORDERPRECISION":3,"PARTOF":"Luxembourg"},"geometry":{"type":"Polygon","coordinates":[[[1.796,50.921],[1.826,50.243],[1.987,50.22],[1.987,50.082],[2.148,50.059],[2.401,50.197],[2.677,50.151],[2.907,49.943],[3.483,49.92],[3.82,50.039],[4.255,49.887],[5.361,49.697],[5.909,49.201],[6.126,49.405],[6.451,49.387],[6.451,49.126],[6.799,49.104],[7.06,49.952],[6.647,49.931],[6.408,50.257],[6.756,51.605],[6.381,51.82],[6.211,51.88],[6.133,51.838],[5.979,51.804],[5.948,51.722],[6.117,51.64],[6.154,51.521],[6.222,51.389],[6.089,51.198],[6.176,51.144],[5.964,51.024],[5.928,50.981],[6.01,50.964],[6.074,50.867],[6,50.742],[5.697,50.731],[5.697,50.883],[5.774,50.926],[5.824,51.117],[5.484,51.286],[5.244,51.237],[5.113,51.405],[5.01,51.433],[4.932,51.378],[4.791,51.487],[4.671,51.405],[4.395,51.411],[4.407,51.34],[4.173,51.325],[3.99,51.344],[3.775,51.388],[3.681,51.321],[3.472,51.314],[3.214,51.354],[2.995,51.313],[2.443,51.048],[2.03,51.007],[1.796,50.921]]]}},{"type":"Feature","properties":{"NAME":"Venice","ABBREVN":"Venice","SUBJECTO":"Venice","BORDERPRECISION":3,"PARTOF":"Venice"},"geometry":{"type":"Polygon","coordinates":[[[9.506,45.515],[9.846,45.704],[9.922,45.666],[9.998,45.401],[10.675,45.353],[10.824,45.353],[10.856,45.051],[11.24,45.071],[11.605,44.905],[11.771,45.071],[11.887,45.087],[11.97,45.038],[12.053,45.021],[12.037,45.137],[12.136,45.104],[12.378,44.732],[12.476,44.787],[12.523,44.883],[12.409,44.989],[12.322,45.042],[12.313,45.178],[12.176,45.214],[12.18,45.27],[12.251,45.29],[12.28,45.402],[12.483,45.462],[12.448,45.394],[12.899,45.558],[13.105,45.582],[13.156,45.727],[13.368,45.694],[13.606,46.132],[13.621,46.421],[13.725,46.646],[13.709,46.839],[13.581,46.839],[13.516,47],[13.292,47.064],[12.698,46.951],[12.328,46.967],[12.218,46.884],[12.075,46.928],[11.74,46.752],[11.908,46.414],[11.571,46.245],[11.571,45.975],[11.335,46.009],[11.233,46.009],[11.166,45.739],[10.93,45.84],[10.795,45.638],[10.66,45.807],[10.525,45.739],[10.457,46.212],[10.558,46.313],[10.558,46.718],[10.396,46.887],[10.339,46.748],[10.389,46.653],[10.372,46.566],[10.23,46.589],[10.151,46.662],[10.024,46.621],[9.987,46.498],[10.097,46.439],[9.995,46.252],[9.885,46.403],[9.674,46.38],[9.642,46.325],[9.545,46.312],[9.582,45.893],[9.695,45.78],[9.506,45.515]]]}},{"type":"Feature","properties":{"NAME":"Morocco","ABBREVN":"Morocco","SUBJECTO":"Morocco","BORDERPRECISION":3,"PARTOF":"Morocco"},"geometry":{"type":"Polygon","coordinates":[[[-6.878,34],[-1.669,34],[-1.664,34.205],[-1.738,34.605],[-1.823,34.7],[-2.077,34.826],[-2.193,35.054],[-2.356,35.054],[-2.715,35.098],[-2.83,35.142],[-3.009,35.39],[-3.206,35.269],[-3.441,35.166],[-4.028,35.133],[-4.295,35.152],[-4.593,35.151],[-5.11,35.379],[-5.172,35.424],[-5.479,35.805],[-5.565,35.862],[-5.808,35.785],[-5.929,35.728],[-6.302,34.861],[-6.511,34.454],[-6.753,34.123],[-6.878,34]]]}},{"type":"Feature","properties":{"NAME":"Polish–Lithuanian Commonwealth","ABBREVN":"Polish–Lithuanian Commonwealth","SUBJECTO":"Polish–Lithuanian Commonwealth","BORDERPRECISION":3,"PARTOF":"Polish–Lithuanian Commonwealth"},"geometry":{"type":"Polygon","coordinates":[[[15.76,52.571],[15.765,52.265],[16.095,52.124],[16.506,52.004],[16.506,52.178],[16.855,51.917],[16.855,51.655],[17.204,51.611],[17.291,51.786],[17.553,51.655],[17.64,51.437],[18.14,50.988],[18.646,50.645],[18.769,50.177],[18.796,49.713],[18.896,49.713],[18.927,49.622],[19.108,49.592],[19.138,49.713],[19.381,49.803],[19.562,49.713],[19.562,49.531],[19.713,49.531],[19.895,49.471],[20.016,49.803],[20.349,49.743],[20.53,49.803],[20.681,49.652],[20.893,49.743],[20.803,49.834],[20.893,49.834],[20.984,49.743],[21.135,49.834],[21.287,49.773],[21.317,49.864],[21.771,49.743],[21.771,49.592],[23.889,49.259],[24.161,48.987],[25.275,48.769],[25.246,48.787],[25.342,48.919],[25.509,48.919],[25.797,48.757],[26.163,48.941],[27.076,48.654],[27.108,48.654],[27.108,48.833],[27.486,48.671],[27.486,48.752],[27.648,48.752],[29.316,48.286],[32.865,48.185],[34.163,47.811],[36.008,48.996],[36.399,49.036],[36.211,49.909],[35.704,50.416],[33.879,50.213],[33.879,51.125],[33.169,51.43],[31.344,50.923],[31.383,52.001],[31.297,52.956],[31.383,53.26],[32.468,53.086],[32.208,54.431],[31.557,54.301],[31.427,54.908],[31.731,54.952],[31.514,55.559],[31.253,55.602],[31.21,55.732],[31.861,55.993],[32.078,56.774],[31.557,57.034],[31.167,56.73],[30.386,57.294],[30.472,57.771],[29.995,58.205],[29.518,58.075],[28.091,56.748],[25.856,56.557],[25.79,56.583],[25.434,56.588],[24.38,56.719],[23.118,56.825],[23.211,56.988],[23.071,57.261],[22.881,57.334],[22.585,57.509],[22.564,57.616],[22.433,57.616],[22.285,57.565],[21.81,57.475],[21.677,57.464],[21.46,57.25],[21.34,57.177],[21.324,56.854],[21.022,56.684],[20.965,56.609],[20.916,56.097],[20.945,56.07],[21.276,55.861],[21.684,55.353],[22.584,55.009],[22.632,54.949],[22.794,54.902],[22.824,54.787],[22.724,54.733],[22.662,54.571],[22.67,54.494],[22.699,54.415],[22.74,53.95],[22.807,53.808],[21.117,53.269],[20.702,53.321],[20.477,53.131],[20.097,53.182],[20.011,53.044],[19.804,53.525],[18.927,53.495],[18.806,53.737],[18.987,53.858],[18.965,54.228],[18.673,54.255],[18.513,54.316],[18.454,54.525],[18.338,54.603],[18.363,54.669],[18.76,54.536],[18.279,54.724],[17.658,54.685],[17.747,54.433],[17.111,54.13],[16.99,54.19],[16.688,54.039],[16.809,53.858],[16.809,53.464],[16.658,53.858],[16.204,53.706],[16.416,53.525],[16.204,53.343],[16.053,52.716],[15.844,52.71],[15.816,52.571],[15.76,52.571]]]}},{"type":"Feature","properties":{"NAME":null,"ABBREVN":null,"SUBJECTO":null,"BORDERPRECISION":3,"PARTOF":null},"geometry":{"type":"MultiPolygon","coordinates":[[[[37.559,34],[38.036,34.597],[39.342,34.597],[40.029,34.391],[40.42,34],[37.559,34]]]]}},{"type":"Feature","properties":{"NAME":"Scotland","ABBREVN":"Scottalnd","SUBJECTO":"Scottalnd","BORDERPRECISION":3,"PARTOF":"Scottalnd"},"geometry":{"type":"Polygon","coordinates":[[[-6.044,56.475],[-5.822,56.4],[-5.645,56.516],[-5.547,56.652],[-5.458,56.632],[-5.271,56.544],[-5.3,56.429],[-5.497,56.177],[-5.633,55.94],[-5.57,55.751],[-5.334,55.88],[-5.135,55.893],[-4.848,56.097],[-4.711,56.131],[-4.623,55.908],[-4.758,55.82],[-4.895,55.772],[-4.908,55.664],[-4.771,55.488],[-4.638,55.428],[-4.91,55.11],[-5.067,54.948],[-5.111,54.794],[-4.903,54.734],[-4.6,54.688],[-4.5,54.775],[-4.461,54.862],[-4.122,54.762],[-3.908,54.79],[-3.577,54.924],[-3.309,54.885],[-3.174,54.845],[-2.755,54.916],[-2.454,55.382],[-2.297,55.824],[-2.54,55.885],[-2.742,55.957],[-2.928,55.946],[-3.161,55.846],[-3.356,55.843],[-3.577,55.885],[-3.713,55.885],[-3.895,55.985],[-3.294,55.974],[-3.17,56.062],[-2.895,56.086],[-2.773,56.171],[-2.721,56.178],[-2.949,56.253],[-3.152,56.337],[-2.981,56.354],[-2.667,56.471],[-2.515,56.667],[-2.413,56.717],[-2.159,57.014],[-2.203,57.065],[-2.108,57.21],[-1.945,57.402],[-2.15,57.572],[-2.854,57.543],[-3.093,57.577],[-3.401,57.576],[-3.796,57.542],[-4.148,57.555],[-4.249,57.636],[-4.15,57.835],[-3.943,57.958],[-3.166,58.275],[-3.028,58.406],[-3.165,58.522],[-3.441,58.529],[-3.831,58.507],[-4.139,58.445],[-4.51,58.403],[-4.926,58.567],[-5.113,58.395],[-4.907,58.169],[-5.346,58.093],[-5.056,57.751],[-5.23,57.71],[-5.568,57.777],[-5.763,57.62],[-5.461,57.388],[-5.562,57.299],[-5.726,57.258],[-5.625,56.999],[-5.666,56.938],[-5.909,56.733],[-6.044,56.475]]]}},{"type":"Feature","properties":{"NAME":"Republic of the Seven Zenden","ABBREVN":"Republic of the Seven Zenden","SUBJECTO":"Republic of the Seven Zenden","BORDERPRECISION":3,"PARTOF":"Republic of the Seven Zenden"},"geometry":{"type":"Polygon","coordinates":[[[6.776,46.362],[6.864,46.292],[6.804,46.137],[6.903,46.125],[6.876,46.054],[7.049,45.924],[7.196,45.861],[7.577,45.991],[7.873,45.921],[8.154,46.146],[8.089,46.268],[8.243,46.356],[8.314,46.396],[8.176,46.471],[8.176,46.433],[7.999,46.323],[7.907,46.302],[7.75,46.321],[7.752,46.363],[7.709,46.364],[7.694,46.426],[7.61,46.443],[7.535,46.409],[7.547,46.387],[7.5,46.373],[7.221,46.327],[7.033,46.184],[6.878,46.394],[6.864,46.395],[6.857,46.385],[6.809,46.394],[6.809,46.38],[6.776,46.362]]]}},{"type":"Feature","properties":{"NAME":"Ottoman Empire","ABBREVN":"Ottoman Emp","SUBJECTO":"Ottoman Empire","BORDERPRECISION":1,"PARTOF":"Ottoman Empire"},"geometry":{"type":"MultiPolygon","coordinates":[[[[-2.193,35.054],[-2.077,34.826],[-1.823,34.7],[-1.738,34.605],[-1.664,34.205],[-1.669,34],[10.071,34],[10.019,34.081],[10.116,34.234],[10.574,34.648],[10.839,34.801],[11.083,35.145],[11.125,35.241],[10.989,35.622],[10.831,35.679],[10.603,35.889],[10.511,36.086],[10.509,36.214],[10.633,36.424],[10.92,36.654],[11.039,36.909],[11.024,37.068],[10.843,36.991],[10.581,36.793],[10.393,36.717],[10.272,36.755],[10.159,36.996],[10.133,37.105],[10.021,37.2],[9.732,37.282],[9.416,37.275],[9.15,37.173],[8.866,36.968],[8.637,36.885],[7.913,36.775],[7.792,36.832],[7.719,36.953],[7.545,37.042],[7.307,37.061],[7.063,36.882],[6.923,36.818],[6.771,36.862],[6.323,37.091],[6.047,36.842],[5.73,36.752],[5.383,36.675],[5.144,36.668],[4.777,36.743],[4.632,36.794],[4.395,36.838],[4.164,36.831],[3.741,36.837],[3.587,36.792],[3.324,36.651],[3.07,36.619],[2.81,36.714],[2.524,36.573],[2.294,36.541],[1.58,36.514],[1.058,36.462],[0.781,36.385],[0.474,36.225],[0.199,36.033],[0.015,35.804],[-0.092,35.74],[-0.283,35.758],[-0.429,35.86],[-0.917,35.668],[-1.147,35.629],[-1.329,35.489],[-1.495,35.234],[-1.738,35.119],[-2.035,35.055],[-2.193,35.054]]],[[[14.354,45.323],[14.525,45.266],[14.815,45.078],[14.946,44.927],[14.907,44.723],[14.989,44.54],[15.286,44.329],[15.548,44.229],[15.149,44.24],[15.412,43.935],[15.494,43.888],[15.75,44.098],[16.185,43.908],[16.701,43.847],[16.712,43.771],[16.64,43.39],[16.992,43.323],[17.054,43.473],[17.163,43.391],[17.326,43.337],[17.304,43.076],[17.596,42.889],[18.001,42.694],[18.249,42.527],[18.529,42.353],[18.91,42.218],[19.136,42],[19.143,41.932],[19.338,41.862],[19.458,41.798],[19.607,41.762],[19.619,41.559],[19.499,41.524],[19.417,41.345],[19.53,41.218],[19.445,40.965],[19.527,40.866],[19.339,40.589],[19.494,40.403],[19.484,40.296],[19.38,40.324],[19.369,40.26],[19.804,40.017],[20.029,39.814],[20.091,39.603],[20.212,39.405],[20.678,39.08],[20.901,39.062],[21.007,39.113],[21.16,39.005],[21.105,38.922],[21.007,38.871],[20.893,38.896],[20.772,38.851],[21.172,38.348],[21.364,38.412],[21.661,38.438],[21.826,38.464],[22.334,38.427],[22.876,38.205],[23.116,38.157],[22.899,37.998],[22.747,37.953],[21.997,38.251],[21.906,38.27],[21.714,38.135],[21.44,38.18],[21.228,37.905],[21.221,37.828],[21.296,37.727],[21.517,37.536],[21.614,37.415],[21.627,37.307],[21.531,37.115],[21.588,36.981],[21.781,36.823],[21.984,37.02],[22.191,36.855],[22.39,36.524],[22.524,36.722],[22.674,36.754],[22.983,36.615],[22.887,37.047],[22.793,37.139],[22.813,37.212],[22.726,37.289],[22.639,37.492],[22.642,37.585],[22.713,37.543],[22.942,37.518],[23.025,37.48],[22.971,37.385],[23.11,37.347],[23.186,37.375],[23.185,37.427],[23.418,37.469],[23.312,37.548],[23.322,37.637],[23.221,37.602],[23.151,37.59],[23.049,37.643],[23.04,37.858],[22.898,37.9],[22.981,37.958],[23.196,38.005],[23.419,38.068],[23.496,38.068],[23.634,37.879],[23.734,37.858],[23.836,37.685],[23.918,37.685],[23.987,37.763],[23.88,38.115],[23.967,38.152],[23.961,38.21],[23.804,38.347],[23.556,38.352],[23.494,38.483],[23.356,38.49],[23.191,38.61],[23.169,38.667],[23.1,38.672],[22.984,38.667],[22.899,38.767],[22.723,38.793],[22.602,38.856],[22.49,38.877],[22.784,38.94],[22.871,39.024],[22.835,39.166],[22.766,39.203],[22.72,39.287],[22.851,39.366],[22.981,39.329],[23.045,39.271],[23.1,39.187],[23.052,39.103],[23.158,39.14],[23.236,39.203],[23.074,39.413],[22.813,39.603],[22.754,39.818],[22.695,39.834],[22.555,39.987],[22.526,40.064],[22.467,40.118],[22.49,40.231],[22.602,40.397],[22.492,40.498],[22.701,40.577],[22.77,40.667],[22.852,40.651],[22.875,40.596],[22.864,40.535],[22.748,40.482],[22.96,40.315],[23.141,40.266],[23.215,40.182],[23.276,40.05],[23.261,39.971],[23.597,39.934],[23.639,39.96],[23.592,40.002],[23.436,40.045],[23.367,40.108],[23.259,40.229],[23.293,40.245],[23.292,40.287],[23.349,40.282],[23.442,40.256],[23.596,40.192],[23.796,39.987],[23.907,39.997],[23.92,40.055],[23.869,40.161],[23.804,40.155],[23.652,40.229],[23.659,40.287],[23.627,40.345],[23.722,40.348],[23.775,40.393],[24.048,40.308],[24.055,40.261],[24.221,40.145],[24.295,40.176],[23.924,40.451],[23.785,40.477],[23.709,40.63],[23.633,40.713],[23.635,40.773],[23.748,40.804],[23.886,40.733],[24.025,40.746],[24.219,40.83],[24.354,40.971],[24.505,40.984],[24.519,40.873],[24.701,40.878],[24.812,40.933],[25.019,41.017],[25.046,40.952],[25.301,40.896],[25.993,40.852],[26.021,40.669],[26.124,40.603],[26.418,40.578],[26.455,40.584],[26.556,40.498],[26.458,40.435],[26.195,40.303],[26.223,40.224],[26.214,40.161],[26.141,40.045],[26.255,40.082],[26.376,40.213],[26.514,40.282],[26.614,40.398],[26.889,40.525],[27.264,40.667],[27.313,40.79],[27.474,40.963],[27.932,40.958],[28.026,41.026],[28.173,41.058],[28.596,40.947],[28.828,40.915],[28.964,40.989],[29.081,41.201],[29.012,41.255],[28.74,41.325],[28.371,41.433],[28.104,41.593],[28.07,41.625],[28.018,41.753],[28.026,41.882],[27.918,41.978],[27.913,42.078],[27.738,42.247],[27.723,42.316],[27.608,42.417],[27.495,42.401],[27.502,42.516],[27.654,42.684],[27.836,42.736],[27.87,42.8],[27.887,43.064],[28.035,43.392],[28.187,43.45],[28.328,43.438],[28.446,43.476],[28.481,43.592],[28.53,43.843],[28.573,44.198],[28.686,44.488],[28.918,44.766],[29.09,44.876],[29.458,44.915],[29.579,45.058],[29.711,45.258],[29.683,45.375],[29.536,45.452],[29.5,45.523],[29.63,45.75],[29.73,45.77],[30.069,45.861],[30.52,46.251],[30.833,46.577],[31.087,46.636],[31.538,46.701],[31.781,46.702],[31.951,46.865],[32.189,46.592],[32.122,46.546],[32.302,46.495],[32.51,46.593],[32.585,46.596],[32.667,46.656],[32.789,46.674],[32.845,46.692],[32.919,46.732],[33.031,46.74],[33.14,46.784],[33.238,46.766],[33.272,46.752],[33.341,46.758],[33.373,46.782],[33.374,46.797],[33.42,46.83],[33.474,46.82],[33.586,46.844],[33.607,46.885],[33.598,46.916],[33.6,46.936],[33.615,46.953],[33.662,46.977],[33.661,47.034],[33.762,47.095],[33.794,47.135],[33.902,47.161],[33.973,47.219],[33.985,47.248],[33.965,47.302],[33.981,47.345],[33.978,47.402],[33.986,47.407],[34.013,47.397],[34.191,47.45],[34.257,47.489],[34.328,47.513],[34.428,47.527],[34.505,47.567],[34.758,47.54],[34.827,47.482],[34.93,47.454],[35.148,47.463],[35.261,47.479],[35.386,47.447],[36.146,47.583],[36.606,47.58],[36.925,47.688],[37.491,47.776],[38.293,47.843],[39.062,47.784],[39.227,47.71],[39.402,47.591],[39.592,47.215],[39.629,47.195],[39.787,47.216],[39.86,47.252],[40.063,47.245],[40.172,47.261],[40.226,47.23],[40.268,47.249],[40.417,47.234],[40.549,47.191],[40.508,47.437],[39.259,48.437],[37.885,49.186],[36.008,48.996],[34.163,47.811],[32.865,48.185],[29.316,48.286],[27.648,48.752],[27.486,48.752],[27.486,48.671],[27.108,48.833],[27.108,48.654],[27.394,48.654],[27.538,48.456],[28.42,48.192],[28.57,48.06],[28.555,47.928],[28.878,47.862],[29.028,47.73],[28.93,47.598],[28.982,47.335],[29.222,47.269],[29.214,47.203],[29.363,47.072],[29.348,46.94],[29.579,46.809],[29.572,46.743],[28.886,46.48],[28.44,46.152],[28.508,46.021],[28.331,45.89],[28.31,45.693],[28.147,45.693],[28.119,45.431],[27.861,45.3],[27.631,45.431],[27.757,45.359],[27.636,45.286],[27.466,45.203],[27.412,45.075],[27.763,44.989],[27.74,44.943],[27.893,44.926],[27.873,44.877],[27.854,44.867],[27.828,44.829],[27.82,44.786],[27.874,44.774],[27.882,44.765],[27.871,44.725],[27.89,44.703],[27.942,44.679],[27.973,44.676],[28.018,44.647],[28.035,44.612],[28.014,44.583],[28.014,44.572],[28.036,44.549],[28.053,44.51],[28.088,44.491],[28.11,44.435],[28.076,44.416],[28.028,44.37],[28.009,44.32],[27.935,44.25],[27.914,44.247],[27.848,44.258],[27.776,44.232],[27.723,44.196],[27.637,44.206],[27.596,44.197],[27.525,44.169],[27.452,44.124],[27.394,44.132],[27.36,44.127],[27.315,44.14],[27.23,44.115],[27.066,44.149],[26.992,44.134],[26.917,44.138],[26.763,44.078],[26.702,44.078],[26.601,44.052],[26.336,44.033],[26.197,43.985],[26.144,43.983],[26.107,43.97],[26.073,43.926],[26.03,43.918],[25.964,43.925],[25.933,43.912],[25.925,43.883],[25.954,43.859],[25.888,43.793],[25.865,43.782],[25.864,43.769],[25.839,43.767],[25.809,43.748],[25.78,43.709],[25.73,43.69],[25.667,43.69],[25.561,43.648],[25.492,43.649],[25.394,43.618],[25.343,43.63],[25.243,43.686],[25.18,43.698],[25.112,43.684],[25.09,43.687],[25.021,43.71],[25.008,43.725],[24.966,43.722],[24.918,43.738],[24.907,43.759],[24.858,43.759],[24.827,43.746],[24.846,43.709],[24.778,43.706],[24.724,43.707],[24.611,43.745],[24.501,43.762],[24.35,43.697],[24.294,43.698],[24.175,43.681],[24.087,43.703],[24.058,43.719],[23.979,43.743],[23.852,43.759],[23.818,43.771],[23.778,43.8],[23.702,43.806],[23.607,43.792],[23.554,43.804],[23.495,43.834],[23.414,43.853],[23.268,43.846],[23.138,43.805],[23.065,43.796],[22.9,43.826],[22.869,43.837],[22.836,43.876],[22.88,43.983],[22.944,44.007],[23.006,44.011],[23.042,44.053],[23.043,44.075],[23.03,44.087],[22.993,44.098],[22.924,44.1],[22.864,44.137],[22.789,44.166],[22.758,44.193],[22.688,44.208],[22.672,44.222],[22.683,44.249],[22.681,44.278],[22.661,44.288],[22.612,44.293],[22.558,44.31],[22.529,44.337],[22.509,44.372],[22.499,44.411],[22.456,44.468],[22.457,44.477],[22.474,44.482],[22.539,44.48],[22.557,44.499],[22.563,44.534],[22.588,44.552],[22.635,44.55],[22.695,44.518],[22.763,44.539],[22.757,44.562],[22.702,44.608],[22.602,44.622],[22.468,44.714],[22.472,44.724],[22.464,44.744],[22.429,44.761],[22.422,44.795],[22.486,44.883],[22.482,44.903],[22.494,44.921],[22.485,44.935],[22.509,44.962],[22.502,44.98],[22.531,44.996],[22.569,45.039],[22.593,45.048],[22.656,45.105],[22.65,45.125],[22.577,45.138],[22.56,45.16],[22.603,45.214],[22.673,45.239],[22.701,45.257],[22.73,45.253],[22.772,45.27],[22.778,45.261],[22.834,45.285],[22.84,45.276],[22.875,45.265],[22.909,45.278],[22.973,45.271],[23.001,45.282],[23.087,45.284],[23.097,45.292],[23.144,45.282],[23.176,45.298],[23.231,45.301],[23.249,45.309],[23.291,45.31],[23.312,45.301],[23.331,45.314],[23.336,45.329],[23.357,45.339],[23.401,45.337],[23.431,45.308],[23.46,45.323],[23.494,45.316],[23.589,45.356],[23.586,45.367],[23.602,45.387],[23.591,45.4],[23.594,45.421],[23.575,45.428],[23.594,45.45],[23.598,45.477],[23.596,45.491],[23.575,45.509],[23.591,45.513],[23.615,45.507],[23.631,45.512],[23.625,45.521],[23.641,45.527],[23.649,45.527],[23.662,45.509],[23.688,45.518],[23.709,45.504],[23.708,45.486],[23.691,45.471],[23.693,45.437],[23.702,45.425],[23.743,45.431],[23.824,45.476],[23.862,45.473],[23.879,45.459],[23.932,45.458],[23.939,45.496],[23.981,45.486],[23.986,45.495],[23.98,45.533],[24.001,45.526],[24.023,45.53],[24.085,45.513],[24.171,45.515],[24.203,45.523],[24.23,45.547],[24.257,45.545],[24.287,45.561],[24.385,45.584],[24.433,45.581],[24.446,45.591],[24.481,45.574],[24.511,45.586],[24.522,45.581],[24.556,45.586],[24.571,45.577],[24.598,45.596],[24.626,45.603],[24.673,45.594],[24.696,45.605],[24.74,45.604],[24.771,45.611],[24.794,45.603],[24.83,45.606],[24.838,45.591],[24.917,45.594],[24.938,45.582],[24.959,45.593],[24.998,45.586],[25.034,45.592],[25.078,45.581],[25.106,45.583],[25.192,45.522],[25.214,45.526],[25.237,45.516],[25.242,45.499],[25.238,45.477],[25.257,45.452],[25.274,45.443],[25.273,45.432],[25.288,45.439],[25.31,45.431],[25.309,45.392],[25.322,45.381],[25.368,45.391],[25.405,45.388],[25.411,45.428],[25.515,45.472],[25.511,45.502],[25.526,45.499],[25.536,45.509],[25.596,45.515],[25.625,45.499],[25.638,45.506],[25.648,45.527],[25.644,45.535],[25.675,45.526],[25.699,45.504],[25.7,45.483],[25.726,45.465],[25.766,45.465],[25.786,45.481],[25.812,45.466],[25.826,45.44],[25.823,45.431],[25.868,45.424],[25.867,45.436],[25.889,45.448],[25.896,45.482],[25.89,45.485],[25.924,45.523],[25.938,45.513],[25.995,45.514],[26.014,45.49],[26.041,45.478],[26.065,45.485],[26.066,45.504],[26.096,45.518],[26.133,45.568],[26.24,45.366],[26.102,45.628],[26.421,45.752],[26.422,45.753],[26.418,45.769],[26.438,45.766],[26.44,45.761],[26.44,45.759],[26.478,46.152],[25.942,46.546],[25.967,46.809],[25.727,46.874],[25.669,47.137],[25.017,47.203],[25.034,47.401],[24.881,47.532],[24.905,47.796],[24.988,47.796],[25.012,48.06],[25.54,48.39],[25.559,48.588],[25.275,48.769],[24.161,48.987],[23.889,49.259],[21.771,49.592],[21.771,49.743],[21.317,49.864],[21.287,49.773],[21.135,49.834],[20.984,49.743],[20.893,49.834],[20.803,49.834],[20.893,49.743],[20.681,49.652],[20.53,49.803],[20.349,49.743],[20.016,49.803],[19.895,49.471],[19.713,49.531],[19.562,49.531],[19.562,49.713],[19.381,49.803],[19.138,49.713],[19.108,49.592],[18.927,49.622],[18.522,49.561],[18.25,49.181],[18.223,48.99],[18.314,48.279],[18.186,48.056],[17.517,47.642],[16.535,46.365],[16.448,46.104],[16.209,46.147],[16.079,45.886],[16.209,45.734],[16.122,45.582],[15.47,45.734],[15.424,45.43],[14.88,45.484],[14.798,45.865],[14.527,45.783],[14.354,45.323]]],[[[22.87,38.837],[23.121,38.867],[23.463,38.624],[23.638,38.523],[23.6,38.457],[23.661,38.404],[24.025,38.386],[24.314,37.985],[24.527,37.967],[24.588,38.153],[24.292,38.195],[24.208,38.552],[24.132,38.653],[23.79,38.719],[23.242,39.044],[23.014,38.961],[22.87,38.837]]],[[[23.467,35.318],[23.513,35.276],[23.568,35.255],[23.786,35.263],[24.013,35.21],[24.324,35.208],[24.69,35.092],[24.716,35.035],[24.693,34.94],[25.591,35.016],[25.742,35.009],[25.899,35.045],[26.16,35.024],[26.243,35.145],[26.236,35.229],[26.274,35.313],[26.169,35.247],[26.099,35.216],[26.064,35.239],[25.935,35.213],[25.789,35.137],[25.742,35.137],[25.668,35.187],[25.714,35.327],[25.673,35.349],[25.512,35.295],[25.014,35.362],[24.997,35.421],[24.769,35.428],[24.388,35.373],[24.23,35.391],[24.22,35.449],[24.178,35.47],[24.073,35.496],[24.091,35.52],[24.136,35.522],[24.153,35.564],[24.082,35.612],[24.033,35.598],[24.039,35.562],[23.957,35.528],[23.879,35.552],[23.743,35.562],[23.734,35.627],[23.697,35.698],[23.665,35.667],[23.671,35.572],[23.529,35.57],[23.467,35.318]]],[[[24.261,37.541],[24.383,37.571],[24.398,37.667],[24.299,37.661],[24.261,37.541]]],[[[24.299,36.753],[24.466,36.649],[24.679,36.759],[24.588,36.869],[24.428,36.795],[24.299,36.753]]],[[[24.36,37.305],[24.489,37.396],[24.398,37.468],[24.36,37.396],[24.36,37.305]]],[[[24.428,37.208],[24.444,37.099],[24.535,37.117],[24.428,37.208]]],[[[24.649,37.014],[24.679,36.905],[24.786,36.948],[24.717,37.051],[24.649,37.014]]],[[[24.656,37.901],[24.923,37.691],[25.318,37.402],[25.47,37.438],[25.272,37.565],[24.763,38.003],[24.656,37.901]]],[[[24.824,36.637],[24.945,36.57],[24.976,36.637],[24.877,36.68],[24.824,36.661],[24.824,36.637]]],[[[24.846,37.366],[25.044,37.378],[24.945,37.51],[24.862,37.529],[24.846,37.366]]],[[[24.938,36.96],[25.113,36.941],[25.31,37.002],[25.31,37.196],[25.151,37.172],[24.938,36.96]]],[[[25.044,36.661],[25.059,36.619],[25.105,36.637],[25.196,36.674],[25.166,36.741],[25.044,36.661]]],[[[25.242,36.753],[25.265,36.704],[25.386,36.637],[25.432,36.698],[25.295,36.808],[25.242,36.753]]],[[[25.318,36.399],[25.386,36.319],[25.493,36.331],[25.493,36.423],[25.371,36.497],[25.333,36.46],[25.318,36.399]]],[[[25.341,37.087],[25.363,37.008],[25.455,36.923],[25.546,36.96],[25.599,37.026],[25.607,37.124],[25.538,37.22],[25.341,37.087]]],[[[25.713,36.35],[25.766,36.338],[25.873,36.356],[25.789,36.405],[25.736,36.387],[25.713,36.35]]],[[[25.751,36.783],[25.835,36.783],[26.086,36.899],[26.025,36.96],[25.949,36.911],[25.858,36.838],[25.751,36.814],[25.751,36.783]]],[[[25.797,48.757],[25.981,48.654],[27.076,48.654],[26.163,48.941],[25.797,48.757]]],[[[26.064,39.456],[26.139,39.44],[26.804,39.567],[26.958,39.548],[26.926,39.477],[26.854,39.461],[26.72,39.337],[26.602,39.256],[26.704,39.25],[26.708,39.182],[26.797,39.13],[26.871,39.056],[26.79,39.024],[26.785,38.94],[26.937,38.925],[27.004,38.885],[27.035,38.821],[26.966,38.77],[26.709,38.699],[26.696,38.641],[26.829,38.583],[26.82,38.527],[26.997,38.4],[26.742,38.278],[26.527,38.418],[26.469,38.445],[26.392,38.219],[26.393,38.104],[26.512,38.066],[26.679,38.105],[26.961,37.946],[27.14,37.889],[27.18,37.774],[27.141,37.647],[27.123,37.494],[27.16,37.36],[27.365,37.329],[27.493,37.24],[27.526,37.131],[27.269,37.042],[27.308,36.921],[27.999,36.909],[28.051,36.833],[27.942,36.756],[27.912,36.699],[28.014,36.527],[28.267,36.712],[28.47,36.738],[28.814,36.535],[29.002,36.695],[29.298,36.173],[29.472,36.091],[29.662,36.078],[30.166,36.188],[30.28,36.118],[30.395,36.118],[30.473,36.188],[30.54,36.647],[30.594,36.762],[30.905,36.794],[31.371,36.712],[31.902,36.497],[32.335,36.128],[32.64,36.008],[32.904,35.977],[33.171,35.971],[33.482,36.054],[33.753,36.147],[33.834,36.071],[33.836,36.107],[33.891,36.139],[33.954,36.16],[33.952,36.252],[34.103,36.38],[34.485,36.627],[34.662,36.648],[34.87,36.577],[35.071,36.488],[35.221,36.388],[35.354,36.414],[35.389,36.454],[35.417,36.433],[35.495,36.443],[35.548,36.54],[35.506,36.559],[35.568,36.587],[35.672,36.606],[35.891,36.771],[35.957,36.747],[36.082,36.622],[36.105,36.561],[36.095,36.482],[35.817,36.301],[35.709,36.212],[35.665,36.134],[35.719,36.092],[35.856,35.835],[35.74,35.69],[35.691,35.685],[35.733,35.585],[35.68,35.528],[35.664,35.459],[35.607,35.418],[35.796,35.271],[35.841,35.043],[35.809,35.014],[35.751,34.747],[35.852,34.493],[35.873,34.422],[35.821,34.344],[35.716,34.312],[35.532,34.119],[35.526,34],[37.559,34],[38.036,34.597],[39.342,34.597],[40.029,34.391],[40.42,34],[49.552,34],[49.557,34.256],[50.469,36.748],[50.252,36.895],[50.111,37.098],[50.039,37.225],[49.848,37.268],[49.476,37.292],[49.06,37.398],[48.837,37.511],[48.745,37.727],[48.809,37.989],[48.832,38.306],[48.825,38.31],[48.988,38.719],[48.946,38.836],[49.052,38.932],[49.02,39.006],[49.041,39.145],[49.116,39.187],[49.18,39.145],[49.222,39.038],[49.275,39.017],[49.339,39.283],[49.382,39.326],[49.488,39.294],[49.499,39.379],[49.403,39.485],[49.446,39.655],[49.541,39.879],[49.552,40.091],[49.573,40.176],[49.669,40.24],[49.85,40.272],[49.914,40.325],[50.031,40.347],[50.126,40.347],[50.307,40.325],[50.467,40.262],[50.467,40.325],[50.424,40.411],[50.318,40.496],[50.19,40.57],[50.02,40.602],[49.807,40.581],[49.605,40.687],[49.605,40.762],[49.478,40.836],[49.35,40.953],[49.286,41.059],[49.244,41.293],[49.116,41.432],[48.999,41.517],[48.892,41.687],[48.683,41.836],[48.662,41.902],[48.5,41.929],[48.42,42.091],[48.222,42.279],[48.132,42.405],[47.97,42.594],[47.844,42.621],[47.79,42.855],[47.736,42.9],[47.565,43.008],[47.583,43.188],[47.655,43.277],[47.601,43.322],[47.574,43.502],[47.673,43.664],[47.736,43.862],[47.664,43.853],[47.61,43.754],[47.565,43.601],[47.52,43.511],[47.493,43.583],[47.195,43.376],[47.249,42.785],[48.224,41.471],[48.201,41.464],[48.063,41.315],[47.988,41.219],[47.818,41.198],[47.616,41.261],[47.35,41.304],[47.35,41.442],[47.222,41.57],[47.169,41.57],[47.127,41.623],[46.914,41.751],[46.85,41.836],[46.765,41.836],[46.669,41.815],[46.659,41.889],[46.556,41.878],[46.499,41.964],[46.393,41.995],[46.286,41.985],[46.159,42.006],[46.042,42.049],[45.914,42.123],[45.754,42.251],[45.808,42.389],[45.861,42.474],[45.808,42.538],[45.648,42.549],[45.478,42.549],[45.382,42.623],[45.297,42.676],[45.201,42.676],[45.138,42.719],[45.031,42.772],[44.978,42.772],[44.935,42.74],[44.872,42.666],[44.786,42.729],[44.669,42.761],[44.51,42.761],[44.414,42.729],[44.297,42.612],[44.17,42.612],[44.053,42.559],[43.957,42.591],[42.878,41.546],[42.694,41.564],[42.352,41.402],[42.25,41.369],[42.029,41.4],[41.484,41.437],[41.293,41.286],[40.61,41.028],[40.361,40.963],[40.007,40.956],[39.663,41],[39.37,41.064],[39.139,41.044],[38.651,40.922],[38.314,40.921],[37.822,41.01],[37.253,41.028],[36.817,41.29],[36.641,41.315],[36.383,41.238],[36.161,41.353],[35.958,41.686],[35.678,41.621],[35.411,41.627],[35.286,41.671],[35.099,41.806],[35.002,42.043],[34.663,41.876],[34.304,41.894],[33.897,41.951],[33.556,41.983],[33.155,41.95],[32.688,41.846],[32.419,41.749],[31.666,41.395],[31.386,41.285],[31.404,41.164],[31.218,41.054],[30.745,41.04],[30.256,41.185],[30.138,41.132],[29.578,41.153],[29.161,41.216],[29.015,40.979],[29.29,40.807],[29.32,40.741],[29.683,40.752],[29.883,40.746],[29.713,40.694],[29.525,40.688],[28.902,40.62],[28.778,40.525],[28.873,40.472],[29.084,40.456],[29.122,40.414],[29.052,40.335],[28.756,40.376],[28.478,40.395],[27.908,40.351],[28.006,40.451],[27.954,40.488],[27.808,40.504],[27.679,40.461],[27.8,40.403],[27.83,40.345],[27.764,40.287],[27.526,40.297],[27.45,40.31],[27.329,40.356],[27.272,40.451],[27.056,40.43],[26.996,40.372],[26.765,40.377],[26.482,40.187],[26.403,40.176],[26.32,39.992],[26.186,39.997],[26.128,39.879],[26.142,39.661],[26.085,39.604],[26.064,39.456]]],[[[26.769,37.169],[26.821,37.111],[26.849,37.098],[26.89,37.102],[26.861,37.177],[26.778,37.188],[26.769,37.169]]],[[[26.882,37.069],[26.919,36.947],[26.936,36.932],[26.97,36.924],[27.046,36.944],[27.048,36.994],[26.986,37.044],[26.891,37.076],[26.882,37.069]]],[[[26.919,36.716],[26.946,36.679],[26.971,36.672],[26.966,36.704],[26.971,36.736],[26.981,36.747],[27.243,36.827],[27.329,36.843],[27.355,36.859],[27.353,36.872],[27.341,36.885],[27.284,36.901],[27.152,36.881],[26.922,36.761],[26.919,36.716]]],[[[27.719,35.941],[27.73,35.913],[27.781,35.89],[27.843,35.914],[27.893,35.961],[27.906,35.988],[27.957,36.045],[28.009,36.069],[28.064,36.112],[28.141,36.211],[28.187,36.3],[28.238,36.431],[28.226,36.453],[28.216,36.458],[28.207,36.442],[28.068,36.405],[27.909,36.34],[27.803,36.268],[27.72,36.166],[27.741,36.104],[27.731,35.979],[27.719,35.941]]],[[[32.144,35.043],[32.199,34.861],[32.271,34.814],[32.271,34.72],[32.357,34.68],[32.603,34.615],[32.784,34.625],[32.817,34.539],[32.915,34.541],[32.915,34.636],[32.959,34.659],[33.131,34.68],[33.484,34.796],[33.539,34.944],[33.686,34.935],[33.733,34.909],[33.792,34.957],[33.925,34.953],[33.773,35.129],[33.78,35.208],[34.048,35.408],[34.245,35.512],[34.458,35.645],[34.217,35.574],[33.907,35.437],[33.539,35.332],[33.374,35.306],[33.077,35.319],[32.795,35.361],[32.819,35.282],[32.78,35.153],[32.745,35.114],[32.597,35.156],[32.483,35.153],[32.301,35.016],[32.234,35.014],[32.18,35.058],[32.144,35.043]]],[[[33.228,45.799],[33.228,45.793],[33.238,45.788],[33.322,45.815],[33.337,45.826],[33.228,45.799]]],[[[33.411,44.634],[33.464,44.649],[33.492,44.672],[33.483,44.781],[33.411,44.634]]],[[[33.525,44.867],[33.554,44.878],[33.559,44.926],[33.557,44.932],[33.525,44.867]]],[[[35.482,45.364],[35.521,45.342],[35.575,45.366],[35.67,45.387],[35.68,45.409],[35.546,45.38],[35.482,45.364]]],[[[35.938,45.442],[35.946,45.433],[35.976,45.425],[35.996,45.426],[36.002,45.443],[35.939,45.444],[35.938,45.442]]],[[[36.96,45.227],[37.318,44.924],[37.474,44.692],[38.411,45.125],[38.268,45.163],[38.087,45.157],[37.933,45.134],[37.809,45.127],[37.749,45.156],[37.682,45.165],[37.598,45.145],[37.513,45.16],[37.369,45.226],[37.334,45.312],[37.228,45.312],[36.96,45.227]]],[[[32.766,45.596],[32.77,45.597],[32.772,45.598],[32.766,45.596]]],[[[33.087,45.748],[33.104,45.751],[33.105,45.755],[33.087,45.748]]],[[[33.543,45.009],[33.547,44.99],[33.548,44.998],[33.543,45.009]]]]}},{"type":"Feature","properties":{"NAME":null,"ABBREVN":null,"SUBJECTO":null,"BORDERPRECISION":3,"PARTOF":null},"geometry":{"type":"Polygon","coordinates":[[[-5.4,55.601],[-5.34,55.475],[-5.232,55.43],[-5.104,55.439],[-5.076,55.455],[-5.085,55.557],[-5.16,55.679],[-5.239,55.714],[-5.295,55.717],[-5.381,55.669],[-5.4,55.601]]]}},{"type":"Feature","properties":{"NAME":null,"ABBREVN":null,"SUBJECTO":null,"BORDERPRECISION":3,"PARTOF":null},"geometry":{"type":"MultiPolygon","coordinates":[[[[-6.122,55.879],[-6.098,55.797],[-6.088,55.784],[-6.052,55.767],[-6.03,55.721],[-6.025,55.681],[-6.077,55.65],[-6.274,55.573],[-6.326,55.587],[-6.322,55.615],[-6.286,55.707],[-6.253,55.764],[-6.251,55.771],[-6.265,55.778],[-6.338,55.78],[-6.38,55.728],[-6.449,55.68],[-6.485,55.669],[-6.509,55.682],[-6.495,55.734],[-6.45,55.849],[-6.442,55.854],[-6.37,55.869],[-6.31,55.864],[-6.137,55.934],[-6.119,55.922],[-6.122,55.879]]]]}},{"type":"Feature","properties":{"NAME":null,"ABBREVN":null,"SUBJECTO":null,"BORDERPRECISION":3,"PARTOF":null},"geometry":{"type":"MultiPolygon","coordinates":[[[[-5.947,55.83],[-5.972,55.788],[-6.027,55.792],[-6.063,55.804],[-6.076,55.816],[-6.088,55.877],[-6.079,55.906],[-5.968,56.024],[-5.809,56.11],[-5.711,56.15],[-5.694,56.147],[-5.685,56.126],[-5.691,56.107],[-5.746,56.064],[-5.947,55.83]]]]}},{"type":"Feature","properties":{"NAME":null,"ABBREVN":null,"SUBJECTO":null,"BORDERPRECISION":3,"PARTOF":null},"geometry":{"type":"MultiPolygon","coordinates":[[[[-7.467,56.941],[-7.55,56.947],[-7.56,56.96],[-7.44,57.054],[-7.419,57.044],[-7.378,56.982],[-7.435,56.945],[-7.467,56.941]]]]}},{"type":"Feature","properties":{"NAME":null,"ABBREVN":null,"SUBJECTO":null,"BORDERPRECISION":3,"PARTOF":null},"geometry":{"type":"MultiPolygon","coordinates":[[[[-7.223,57.337],[-7.252,57.327],[-7.285,57.336],[-7.288,57.322],[-7.259,57.152],[-7.215,57.114],[-7.226,57.097],[-7.287,57.106],[-7.356,57.099],[-7.381,57.109],[-7.417,57.182],[-7.425,57.382],[-7.368,57.401],[-7.336,57.396],[-7.272,57.375],[-7.223,57.337]]]]}},{"type":"Feature","properties":{"NAME":null,"ABBREVN":null,"SUBJECTO":null,"BORDERPRECISION":3,"PARTOF":null},"geometry":{"type":"MultiPolygon","coordinates":[[[[-7.269,57.399],[-7.314,57.4],[-7.388,57.424],[-7.409,57.448],[-7.406,57.464],[-7.351,57.489],[-7.244,57.476],[-7.205,57.461],[-7.202,57.419],[-7.269,57.399]]]]}},{"type":"Feature","properties":{"NAME":null,"ABBREVN":null,"SUBJECTO":null,"BORDERPRECISION":3,"PARTOF":null},"geometry":{"type":"MultiPolygon","coordinates":[[[[-7.189,57.687],[-7.067,57.637],[-7.154,57.509],[-7.321,57.505],[-7.325,57.544],[-7.412,57.568],[-7.477,57.562],[-7.543,57.591],[-7.491,57.646],[-7.473,57.655],[-7.275,57.656],[-7.245,57.677],[-7.189,57.687]]]]}},{"type":"Feature","properties":{"NAME":null,"ABBREVN":null,"SUBJECTO":null,"BORDERPRECISION":3,"PARTOF":null},"geometry":{"type":"MultiPolygon","coordinates":[[[[-7.006,57.881],[-7.074,57.878],[-7.077,57.893],[-7.033,57.916],[-6.994,57.919],[-6.997,57.891],[-7.006,57.881]]]]}},{"type":"Feature","properties":{"NAME":null,"ABBREVN":null,"SUBJECTO":null,"BORDERPRECISION":3,"PARTOF":null},"geometry":{"type":"MultiPolygon","coordinates":[[[[-6.802,58.203],[-6.869,58.204],[-6.89,58.252],[-6.854,58.25],[-6.81,58.229],[-6.794,58.218],[-6.791,58.207],[-6.802,58.203]]]]}},{"type":"Feature","properties":{"NAME":null,"ABBREVN":null,"SUBJECTO":null,"BORDERPRECISION":3,"PARTOF":null},"geometry":{"type":"MultiPolygon","coordinates":[[[[-6.204,58.356],[-6.232,58.318],[-6.324,58.264],[-6.328,58.238],[-6.325,58.232],[-6.277,58.223],[-6.221,58.234],[-6.168,58.261],[-6.148,58.256],[-6.158,58.218],[-6.172,58.207],[-6.225,58.184],[-6.264,58.177],[-6.329,58.183],[-6.367,58.159],[-6.382,58.13],[-6.497,58.097],[-6.62,58.082],[-6.497,58.087],[-6.396,58.105],[-6.354,58.033],[-6.458,57.968],[-6.474,57.94],[-6.571,57.911],[-6.662,57.924],[-6.699,57.967],[-6.706,58.008],[-6.697,58.021],[-6.653,58.048],[-6.594,58.046],[-6.6,58.054],[-6.684,58.057],[-6.761,57.998],[-6.726,57.954],[-6.685,57.934],[-6.661,57.885],[-6.735,57.826],[-6.973,57.725],[-7.124,57.821],[-7.127,57.833],[-7.118,57.838],[-7.066,57.821],[-6.83,57.901],[-6.879,57.932],[-6.935,57.95],[-6.985,57.959],[-7.036,57.953],[-7.075,57.962],[-7.113,57.984],[-7.084,58.008],[-7.056,58.02],[-7.058,58.036],[-7.094,58.071],[-7.128,58.13],[-7.094,58.182],[-7.041,58.233],[-7.001,58.234],[-6.908,58.213],[-6.908,58.206],[-6.936,58.188],[-6.862,58.104],[-6.873,58.179],[-6.805,58.196],[-6.75,58.185],[-6.745,58.197],[-6.787,58.229],[-6.808,58.26],[-6.818,58.28],[-6.798,58.302],[-6.673,58.349],[-6.652,58.349],[-6.647,58.342],[-6.55,58.363],[-6.293,58.488],[-6.267,58.512],[-6.223,58.496],[-6.166,58.425],[-6.204,58.356]]]]}},{"type":"Feature","properties":{"NAME":null,"ABBREVN":null,"SUBJECTO":null,"BORDERPRECISION":3,"PARTOF":null},"geometry":{"type":"MultiPolygon","coordinates":[[[[-2.918,58.732],[-2.948,58.731],[-2.971,58.742],[-3.037,58.818],[-3.004,58.833],[-2.916,58.839],[-2.886,58.832],[-2.878,58.824],[-2.918,58.732]]]]}},{"type":"Feature","properties":{"NAME":null,"ABBREVN":null,"SUBJECTO":null,"BORDERPRECISION":3,"PARTOF":null},"geometry":{"type":"MultiPolygon","coordinates":[[[[-3.231,58.776],[-3.301,58.778],[-3.431,58.871],[-3.418,58.904],[-3.398,58.917],[-3.336,58.927],[-3.228,58.885],[-3.136,58.804],[-3.142,58.785],[-3.231,58.776]]]]}},{"type":"Feature","properties":{"NAME":null,"ABBREVN":null,"SUBJECTO":null,"BORDERPRECISION":3,"PARTOF":null},"geometry":{"type":"MultiPolygon","coordinates":[[[[-2.793,58.951],[-2.756,58.918],[-2.824,58.879],[-2.97,58.939],[-3.057,58.936],[-3.195,58.911],[-3.346,58.966],[-3.368,59.01],[-3.351,59.106],[-3.317,59.129],[-3.219,59.149],[-3.077,59.122],[-2.998,59.07],[-2.996,59.056],[-2.947,58.998],[-2.852,58.976],[-2.793,58.951]]]]}},{"type":"Feature","properties":{"NAME":null,"ABBREVN":null,"SUBJECTO":null,"BORDERPRECISION":3,"PARTOF":null},"geometry":{"type":"MultiPolygon","coordinates":[[[[-2.681,59.196],[-2.686,59.184],[-2.694,59.197],[-2.684,59.221],[-2.593,59.291],[-2.556,59.303],[-2.407,59.314],[-2.39,59.283],[-2.496,59.245],[-2.621,59.236],[-2.681,59.196]]]]}},{"type":"Feature","properties":{"NAME":null,"ABBREVN":null,"SUBJECTO":null,"BORDERPRECISION":3,"PARTOF":null},"geometry":{"type":"MultiPolygon","coordinates":[[[[-2.89,59.295],[-2.85,59.268],[-2.853,59.249],[-2.877,59.229],[-2.877,59.259],[-2.937,59.284],[-2.972,59.287],[-2.977,59.273],[-2.999,59.261],[-3.076,59.331],[-2.89,59.295]]]]}},{"type":"Feature","properties":{"NAME":null,"ABBREVN":null,"SUBJECTO":null,"BORDERPRECISION":3,"PARTOF":null},"geometry":{"type":"MultiPolygon","coordinates":[[[[-1.296,60.491],[-1.287,60.471],[-1.037,60.444],[-1.101,60.276],[-1.164,60.258],[-1.187,60.27],[-1.201,60.263],[-1.186,60.231],[-1.126,60.152],[-1.147,60.132],[-1.171,60.137],[-1.212,60.103],[-1.221,60.022],[-1.26,59.862],[-1.269,59.851],[-1.307,59.857],[-1.372,59.892],[-1.378,59.902],[-1.332,59.997],[-1.306,60.013],[-1.263,60.107],[-1.262,60.131],[-1.291,60.241],[-1.41,60.255],[-1.364,60.23],[-1.353,60.209],[-1.358,60.192],[-1.449,60.151],[-1.52,60.181],[-1.527,60.187],[-1.52,60.201],[-1.665,60.231],[-1.693,60.28],[-1.691,60.288],[-1.655,60.303],[-1.427,60.321],[-1.346,60.34],[-1.32,60.356],[-1.446,60.461],[-1.554,60.476],[-1.61,60.474],[-1.593,60.508],[-1.547,60.536],[-1.416,60.605],[-1.302,60.637],[-1.287,60.613],[-1.296,60.491]]]]}},{"type":"Feature","properties":{"NAME":null,"ABBREVN":null,"SUBJECTO":null,"BORDERPRECISION":3,"PARTOF":null},"geometry":{"type":"MultiPolygon","coordinates":[[[[-1.029,60.496],[-1.127,60.486],[-1.14,60.489],[-1.17,60.527],[-1.184,60.603],[-1.179,60.633],[-1.11,60.726],[-1.099,60.73],[-0.991,60.72],[-0.982,60.656],[-1.029,60.496]]]]}},{"type":"Feature","properties":{"NAME":null,"ABBREVN":null,"SUBJECTO":null,"BORDERPRECISION":3,"PARTOF":null},"geometry":{"type":"MultiPolygon","coordinates":[[[[-0.82,60.689],[-0.835,60.673],[-0.936,60.674],[-0.966,60.688],[-0.939,60.794],[-0.878,60.844],[-0.806,60.841],[-0.768,60.829],[-0.758,60.818],[-0.764,60.793],[-0.82,60.689]]]]}},{"type":"Feature","properties":{"NAME":null,"ABBREVN":null,"SUBJECTO":null,"BORDERPRECISION":3,"PARTOF":null},"geometry":{"type":"MultiPolygon","coordinates":[[[[-6.655,61.389],[-6.719,61.407],[-6.846,61.468],[-6.958,61.599],[-6.963,61.619],[-6.945,61.637],[-6.889,61.645],[-6.724,61.573],[-6.709,61.558],[-6.642,61.401],[-6.655,61.389]]],[[[-6.604,61.822],[-6.63,61.761],[-6.652,61.743],[-6.705,61.777],[-6.841,61.817],[-6.866,61.837],[-6.909,61.901],[-6.905,61.908],[-6.864,61.907],[-6.783,61.897],[-6.661,61.859],[-6.604,61.822]]],[[[-7.05,62.068],[-7.063,62.049],[-7.202,62.019],[-7.192,62.04],[-7.227,62.064],[-7.251,62.043],[-7.346,62.052],[-7.378,62.065],[-7.431,62.116],[-7.435,62.14],[-7.223,62.159],[-7.163,62.129],[-7.045,62.094],[-7.04,62.088],[-7.05,62.068]]],[[[-6.707,61.937],[-6.725,61.934],[-6.773,61.95],[-6.869,61.997],[-6.961,62.047],[-7.035,62.112],[-7.13,62.126],[-7.232,62.172],[-7.234,62.193],[-7.211,62.285],[-7.196,62.305],[-7.135,62.304],[-7.066,62.282],[-7.045,62.243],[-6.991,62.193],[-6.841,62.124],[-6.725,62.035],[-6.696,61.979],[-6.707,61.937]]],[[[-6.62,62.23],[-6.686,62.245],[-6.712,62.294],[-6.721,62.331],[-6.626,62.253],[-6.62,62.23]]],[[[-6.657,62.092],[-6.657,62.056],[-6.922,62.167],[-7.025,62.238],[-7.062,62.296],[-7.06,62.314],[-6.95,62.338],[-6.807,62.29],[-6.601,62.197],[-6.588,62.134],[-6.657,62.092]]],[[[-6.419,62.184],[-6.518,62.169],[-6.572,62.212],[-6.588,62.24],[-6.551,62.251],[-6.549,62.301],[-6.574,62.35],[-6.542,62.357],[-6.522,62.318],[-6.493,62.291],[-6.392,62.258],[-6.389,62.251],[-6.407,62.192],[-6.419,62.184]]],[[[-6.586,62.256],[-6.62,62.267],[-6.664,62.322],[-6.661,62.372],[-6.632,62.371],[-6.566,62.296],[-6.566,62.265],[-6.586,62.256]]],[[[-6.406,62.284],[-6.48,62.298],[-6.547,62.384],[-6.519,62.397],[-6.489,62.381],[-6.392,62.297],[-6.406,62.284]]]]}},{"type":"Feature","properties":{"NAME":"Russia","ABBREVN":"Russia","SUBJECTO":"Russia","BORDERPRECISION":3,"PARTOF":"Russia"},"geometry":{"type":"MultiPolygon","coordinates":[[[[55.567,72],[55.721,71.642],[56.151,71.271],[56.379,71.132],[56.727,70.994],[57.251,70.818],[57.238,70.691],[56.059,70.731],[55.679,70.707],[55.266,70.561],[54.998,70.522],[54.694,70.744],[54.522,70.759],[54.032,70.719],[53.729,70.765],[53.715,70.927],[54.321,71.09],[54.353,71.198],[54.308,71.206],[53.234,71.514],[52.55,71.59],[52.402,71.52],[52.121,71.465],[51.815,71.48],[51.534,71.658],[51.482,71.845],[51.585,71.985],[51.613,72],[55.567,72]]]]}},{"type":"Feature","properties":{"NAME":"Tsardom of Muscovy","ABBREVN":"Muscovy","SUBJECTO":"Tsardom of Muscovy","BORDERPRECISION":3,"PARTOF":"Tsardom of Muscovy"},"geometry":{"type":"Polygon","coordinates":[[[28.173,58.986],[29.518,58.075],[29.995,58.205],[30.472,57.771],[30.386,57.294],[31.167,56.73],[31.557,57.034],[32.078,56.774],[31.861,55.993],[31.21,55.732],[31.253,55.602],[31.514,55.559],[31.731,54.952],[31.427,54.908],[31.557,54.301],[32.208,54.431],[32.468,53.086],[31.383,53.26],[31.297,52.956],[31.383,52.001],[31.344,50.923],[33.169,51.43],[33.879,51.125],[33.879,50.213],[35.704,50.416],[36.211,49.909],[36.399,49.036],[37.885,49.186],[39.259,48.437],[40.508,47.437],[40.549,47.191],[40.551,47.19],[40.638,47.2],[40.692,47.198],[40.717,47.172],[40.724,47.139],[40.748,47.115],[40.802,47.121],[40.861,47.139],[41.006,47.093],[41.082,47.052],[41.434,46.929],[41.461,46.901],[41.512,46.759],[41.516,46.756],[42.257,46.813],[43.381,46.188],[43.88,44.814],[44.755,44.439],[46.873,44.68],[47.026,44.788],[47.17,44.86],[47.251,44.986],[47.394,45.175],[47.556,45.453],[47.655,45.543],[47.601,45.66],[47.628,45.732],[47.673,45.75],[47.754,45.714],[47.871,45.678],[48.015,45.714],[48.303,45.768],[48.635,45.975],[48.77,45.885],[48.833,45.921],[48.833,46.083],[48.887,46.083],[49.058,46.137],[49.238,46.263],[49.313,46.353],[49.535,46.542],[49.723,46.533],[49.948,46.56],[50.272,46.685],[50.632,46.91],[50.82,46.919],[51.117,47.063],[51.369,47.09],[51.773,47.462],[51.387,48.105],[51.901,49.391],[51.13,50.42],[51.387,51.063],[55.245,51.706],[58.331,50.934],[60,50.884],[60,68.6],[59.925,68.581],[59.892,68.402],[59.762,68.297],[59.502,68.289],[59.218,68.349],[59.12,68.393],[59.062,68.497],[59.346,68.7],[59.199,68.774],[58.77,68.856],[58.409,68.833],[57.959,68.705],[57.526,68.495],[57.364,68.457],[57.024,68.449],[56.54,68.553],[56.195,68.567],[55.723,68.536],[55.335,68.483],[55.126,68.401],[54.996,68.207],[54.877,68.11],[54.752,68.05],[54.648,68.072],[54.576,68.161],[54.38,68.161],[53.626,68.048],[53.317,68.136],[53.316,68.233],[53.396,68.3],[53.782,68.338],[53.808,68.607],[53.889,68.787],[53.502,68.816],[53.179,68.756],[53.006,68.681],[52.939,68.471],[52.72,68.351],[52.463,68.299],[52.337,68.336],[52.245,68.545],[51.831,68.409],[51.139,68.266],[50.496,68.153],[49.63,67.936],[49.186,67.839],[48.635,67.652],[48.081,67.562],[47.953,67.377],[47.706,66.89],[47.571,66.816],[46.973,66.778],[46.402,66.719],[46.077,66.762],[45.715,66.85],[45.386,67.099],[44.957,67.231],[44.871,67.312],[45.093,67.542],[45.463,67.639],[46.634,67.701],[46.439,67.908],[46.162,68.108],[45.863,68.383],[45.58,68.443],[44.668,68.389],[44.012,68.492],[43.853,68.469],[43.822,68.327],[44.169,68.097],[44.261,67.83],[44.216,67.718],[43.704,67.266],[43.838,67.163],[44.219,67.09],[44.362,66.906],[44.384,66.612],[44.122,66.267],[44.053,66.041],[44.029,66.011],[43.876,66.011],[43.241,66.251],[42.211,66.41],[42.133,66.388],[41.623,66.065],[41.354,65.955],[40.681,65.794],[39.951,65.581],[39.823,65.436],[39.979,65.153],[40.366,64.858],[40.462,64.75],[40.44,64.564],[40.322,64.463],[39.997,64.541],[39.622,64.476],[39.193,64.511],[38.253,64.703],[37.604,64.853],[37.102,65.068],[36.884,65.068],[36.569,64.765],[36.997,64.407],[37.262,64.314],[37.463,64.3],[37.668,64.343],[37.88,64.308],[38.054,64.129],[38.054,63.986],[37.945,63.85],[37.591,63.807],[37.411,63.749],[36.988,63.841],[36.421,63.876],[36.24,63.919],[36.015,64.197],[35.623,64.254],[35.082,64.288],[34.885,64.367],[34.815,64.46],[34.773,64.682],[34.426,65.107],[34.332,65.346],[34.293,65.396],[34.601,65.484],[34.726,65.615],[34.726,65.797],[34.544,66.001],[34.258,66.11],[33.844,66.182],[33.47,66.313],[32.971,66.583],[32.754,66.649],[32.425,66.891],[32.219,66.994],[32.644,67.046],[32.991,66.988],[33.158,66.914],[33.437,66.702],[34.153,66.63],[35.168,66.412],[35.772,66.259],[36.505,66.172],[37.422,66.094],[38.048,66.007],[38.782,66.001],[39.19,66.039],[39.978,66.201],[40.345,66.319],[40.836,66.561],[41.147,66.782],[41.255,66.937],[41.209,67.069],[41.017,67.202],[40.951,67.335],[40.973,67.534],[40.826,67.66],[39.918,67.94],[38.668,68.146],[38.406,68.243],[37.689,68.63],[37.246,68.793],[36.018,69.024],[35.437,69.15],[34.934,69.149],[34.699,69.164],[34.305,69.171],[33.818,69.192],[33.628,69.215],[33.316,69.071],[33.281,69.342],[33.01,69.387],[32.596,69.424],[32.352,69.514],[32.191,69.642],[32.076,69.815],[32.072,69.883],[31.782,69.777],[31.331,69.663],[31.054,69.64],[30.735,69.752],[29.099,68.804],[30.661,67.517],[30.603,66.665],[30.993,65.754],[30.603,65.147],[30.559,63.108],[31.123,62.804],[31.194,61.634],[31.258,61.641],[31.308,61.605],[31.334,61.627],[31.365,61.627],[31.486,61.551],[31.576,61.437],[31.604,61.423],[31.62,61.427],[31.62,61.461],[31.637,61.463],[31.698,61.415],[31.762,61.384],[31.871,61.347],[31.899,61.324],[32.36,61.181],[32.527,61.118],[32.563,61.079],[32.581,61.045],[32.581,61.014],[32.593,60.998],[32.633,60.987],[32.641,60.969],[32.765,60.886],[32.808,60.826],[32.812,60.756],[32.844,60.712],[32.903,60.694],[32.937,60.67],[32.944,60.643],[32.841,60.497],[32.816,60.482],[32.782,60.488],[32.722,60.521],[32.642,60.537],[32.6,60.533],[32.596,60.511],[32.618,60.476],[32.664,60.427],[32.677,60.392],[32.656,60.372],[32.595,60.355],[32.59,60.33],[32.614,60.286],[32.612,60.245],[32.584,60.209],[32.5,60.177],[32.362,60.148],[32.26,60.154],[32.196,60.195],[32.057,60.227],[31.843,60.248],[31.699,60.236],[31.599,60.17],[31.591,60.156],[31.606,60.134],[31.548,60.072],[31.541,60.035],[31.565,59.998],[31.567,59.967],[31.547,59.94],[31.51,59.92],[31.455,59.907],[31.401,59.911],[31.349,59.933],[31.298,59.936],[31.318,59.594],[29.995,59.463],[29.518,59.247],[29.041,59.29],[28.173,58.986]],[[33.257,63.423],[33.355,63.424],[33.586,63.487],[33.637,63.476],[33.657,63.433],[33.697,63.409],[33.847,63.438],[33.933,63.418],[33.991,63.297],[34.066,63.229],[34.017,63.201],[33.897,63.189],[33.703,63.19],[33.499,63.216],[33.307,63.284],[33.274,63.316],[33.283,63.382],[33.257,63.423]],[[33.944,62.5],[33.979,62.516],[34.003,62.516],[34.027,62.512],[34.054,62.495],[34.137,62.414],[34.328,62.264],[34.329,62.246],[34.321,62.227],[34.343,62.199],[34.417,62.158],[34.514,62.12],[34.591,62.096],[34.636,62.095],[34.653,62.109],[34.632,62.182],[34.658,62.245],[34.615,62.304],[34.609,62.339],[34.633,62.348],[34.682,62.339],[34.696,62.365],[34.66,62.406],[34.547,62.498],[34.52,62.542],[34.532,62.546],[34.557,62.54],[34.641,62.489],[34.841,62.31],[34.852,62.294],[34.871,62.219],[34.892,62.187],[35.029,62.078],[35.075,62.054],[35.115,62.054],[35.165,62.081],[35.168,62.097],[35.052,62.212],[35.046,62.229],[35.341,62.149],[35.387,62.158],[35.455,62.181],[35.554,62.236],[35.567,62.287],[35.54,62.354],[35.433,62.469],[35.352,62.523],[35.271,62.545],[35.147,62.559],[34.967,62.639],[34.943,62.643],[34.839,62.591],[34.776,62.622],[34.739,62.621],[34.621,62.712],[34.536,62.818],[34.48,62.874],[34.489,62.904],[34.533,62.916],[34.605,62.873],[34.703,62.844],[34.91,62.815],[35.083,62.741],[35.326,62.666],[35.464,62.604],[35.488,62.606],[35.504,62.625],[35.585,62.576],[35.74,62.52],[35.803,62.461],[35.822,62.412],[35.823,62.352],[35.8,62.281],[35.73,62.139],[35.674,62.079],[35.689,62.04],[35.818,61.951],[35.871,61.855],[35.985,61.756],[36.061,61.654],[36.2,61.531],[36.247,61.493],[36.406,61.411],[36.419,61.392],[36.428,61.373],[36.425,61.349],[36.374,61.271],[36.371,61.257],[36.395,61.206],[36.387,61.184],[36.364,61.16],[36.279,61.114],[36.099,61.063],[35.915,60.967],[35.88,60.948],[35.884,60.931],[35.904,60.917],[35.91,60.902],[35.899,60.89],[35.829,60.867],[35.719,60.905],[35.551,60.938],[35.499,60.97],[35.45,61.023],[35.4,61.04],[35.184,61.005],[35.133,61.007],[35.093,61.045],[35.022,61.064],[34.942,61.07],[34.869,61.027],[34.846,61.027],[34.802,61.074],[34.797,61.123],[34.804,61.15],[34.838,61.194],[34.887,61.206],[34.974,61.212],[35.075,61.207],[35.157,61.194],[35.231,61.165],[35.078,61.151],[35.053,61.141],[35.062,61.126],[35.08,61.108],[35.142,61.077],[35.192,61.069],[35.345,61.073],[35.441,61.063],[35.527,61.023],[35.583,61.034],[35.632,61.108],[35.629,61.15],[35.611,61.197],[35.578,61.246],[35.537,61.292],[35.457,61.356],[35.304,61.43],[35.154,61.485],[34.772,61.601],[34.63,61.654],[34.531,61.704],[34.388,61.796],[34.345,61.831],[34.315,61.869],[34.445,61.819],[34.494,61.808],[34.531,61.812],[34.562,61.824],[34.583,61.846],[34.594,61.874],[34.586,61.938],[34.537,61.999],[34.255,62.169],[34.265,62.238],[34.257,62.262],[34.165,62.339],[34.098,62.379],[33.978,62.408],[33.947,62.453],[33.944,62.5]],[[34.214,63.676],[34.284,63.777],[34.347,63.851],[34.428,63.848],[34.563,63.816],[34.644,63.789],[34.616,63.766],[34.857,63.721],[34.861,63.688],[34.99,63.585],[34.984,63.564],[34.953,63.54],[35.013,63.506],[35.145,63.482],[35.374,63.492],[35.413,63.448],[35.382,63.434],[35.193,63.404],[35.172,63.381],[35.099,63.383],[34.872,63.464],[34.829,63.434],[34.885,63.294],[34.953,63.181],[34.957,63.119],[34.946,63.033],[34.91,62.951],[34.863,62.919],[34.864,63.01],[34.873,63.04],[34.899,63.055],[34.891,63.107],[34.858,63.172],[34.853,63.225],[34.835,63.276],[34.804,63.326],[34.702,63.399],[34.552,63.459],[34.517,63.484],[34.525,63.502],[34.453,63.623],[34.358,63.697],[34.308,63.692],[34.215,63.613],[34.214,63.676]],[[37.151,58.849],[37.308,58.76],[37.372,58.731],[37.423,58.727],[37.41,58.67],[37.459,58.634],[37.538,58.613],[37.565,58.553],[37.609,58.545],[37.661,58.557],[37.667,58.572],[37.621,58.626],[37.632,58.636],[37.715,58.618],[37.768,58.618],[37.995,58.55],[38.074,58.542],[38.074,58.592],[38.103,58.619],[38.096,58.634],[37.988,58.672],[37.984,58.692],[37.945,58.72],[37.942,58.735],[37.961,58.744],[38.024,58.746],[37.996,58.862],[37.918,58.858],[37.869,58.897],[37.828,58.914],[37.777,58.926],[37.714,58.928],[37.642,58.919],[37.581,58.899],[37.501,58.845],[37.471,58.857],[37.466,58.875],[37.484,58.927],[37.499,58.944],[37.609,58.989],[37.673,59.025],[37.696,59.064],[37.676,59.102],[37.64,59.138],[37.645,59.157],[37.843,59.155],[37.987,59.177],[38.007,59.144],[38.027,59.128],[38.116,59.103],[38.159,59.102],[38.18,59.113],[38.18,59.132],[38.176,59.148],[38.124,59.203],[38.143,59.21],[38.183,59.203],[38.294,59.161],[38.415,59.173],[38.407,59.152],[38.332,59.093],[38.239,59.063],[38.171,59.065],[37.91,59.103],[37.866,59.094],[37.858,59.075],[37.92,59.042],[38.047,58.994],[38.119,58.955],[38.427,58.747],[38.753,58.547],[38.989,58.496],[39.004,58.476],[38.97,58.441],[39,58.387],[39.005,58.358],[38.871,58.331],[38.83,58.296],[38.812,58.251],[38.819,58.135],[38.805,58.122],[38.779,58.135],[38.692,58.207],[38.638,58.22],[38.619,58.201],[38.698,58.133],[38.704,58.113],[38.681,58.108],[38.383,58.122],[38.357,58.1],[38.437,58.036],[38.437,58.018],[38.415,58.016],[38.31,58.041],[38.259,58.071],[38.25,58.103],[38.251,58.199],[38.221,58.237],[38.149,58.249],[37.944,58.301],[37.897,58.292],[37.507,58.535],[37.417,58.613],[37.317,58.657],[37.155,58.695],[37.155,58.707],[37.169,58.726],[37.151,58.849]]]}},{"type":"Feature","properties":{"NAME":"Finnmark","ABBREVN":"Finnmark","SUBJECTO":"Denmark-Norway","BORDERPRECISION":3,"PARTOF":"Finnmark"},"geometry":{"type":"MultiPolygon","coordinates":[[[[29.108,68.81],[27.383,68.874],[23.03,69.324],[23.436,69.477],[23.422,69.527],[29.049,69.977],[29.08,69.961],[29.556,69.833],[29.729,69.698],[30.056,69.721],[30.361,69.767],[30.735,69.752],[29.108,68.81]]]]}},{"type":"Feature","properties":{"NAME":"Holy Roman Empire","ABBREVN":"Holy Roman E","SUBJECTO":"Holy Roman Empire","BORDERPRECISION":3,"PARTOF":"Holy Roman Empire"},"geometry":{"type":"Polygon","coordinates":[[[5.612,49.21],[5.723,48.959],[5.876,49.071],[6.001,48.904],[5.834,48.778],[6.015,48.653],[5.946,48.347],[6.238,48.291],[6.252,47.957],[6.641,47.985],[6.795,47.86],[6.697,47.762],[6.781,47.679],[6.628,47.512],[6.823,47.378],[6.922,47.514],[7.123,47.511],[7.121,47.468],[7.333,47.465],[7.507,47.604],[7.628,47.564],[7.751,47.616],[7.873,47.573],[8.128,47.644],[8.253,47.594],[8.412,47.604],[8.332,47.693],[8.635,47.779],[8.659,47.715],[8.748,47.721],[8.815,47.681],[8.983,47.68],[9.006,47.695],[8.994,47.707],[8.94,47.726],[8.959,47.737],[9.014,47.72],[8.987,47.743],[9.101,47.702],[9.109,47.69],[9.084,47.69],[9.048,47.708],[9.043,47.693],[9.081,47.683],[9.113,47.686],[9.118,47.679],[9.199,47.678],[9.216,47.671],[9.211,47.683],[9.188,47.699],[9.201,47.707],[9.18,47.705],[9.174,47.734],[9.067,47.78],[9.031,47.805],[9.043,47.818],[9.106,47.792],[9.132,47.772],[9.226,47.739],[9.237,47.711],[9.288,47.684],[9.348,47.661],[9.421,47.666],[9.466,47.648],[9.488,47.652],[9.502,47.646],[9.534,47.597],[9.563,47.585],[9.601,47.585],[9.607,47.572],[9.628,47.57],[9.653,47.556],[9.68,47.556],[9.68,47.543],[9.712,47.551],[9.752,47.511],[9.743,47.505],[9.699,47.506],[9.678,47.489],[9.666,47.496],[9.648,47.488],[9.641,47.507],[9.598,47.487],[9.561,47.5],[9.539,47.487],[9.584,47.409],[9.465,47.286],[9.561,47.156],[9.521,47.069],[9.801,47.042],[9.804,46.977],[10.052,46.868],[10.312,47.017],[10.409,46.965],[10.396,46.887],[10.558,46.718],[10.558,46.313],[10.457,46.212],[10.525,45.739],[10.66,45.807],[10.795,45.638],[10.93,45.84],[11.166,45.739],[11.233,46.009],[11.335,46.009],[11.571,45.975],[11.571,46.245],[11.908,46.414],[11.74,46.752],[12.075,46.928],[12.218,46.884],[12.328,46.967],[12.698,46.951],[13.292,47.064],[13.516,47],[13.581,46.839],[13.709,46.839],[13.725,46.646],[13.621,46.421],[13.606,46.132],[13.368,45.694],[13.438,45.638],[13.565,45.727],[14.076,45.678],[14.219,45.477],[13.99,45.42],[14.076,45.276],[14.354,45.323],[14.527,45.783],[14.798,45.865],[14.88,45.484],[15.424,45.43],[15.47,45.734],[16.122,45.582],[16.209,45.734],[16.079,45.886],[16.209,46.147],[16.448,46.104],[16.535,46.365],[17.517,47.642],[18.186,48.056],[18.314,48.279],[18.223,48.99],[18.25,49.181],[18.522,49.561],[18.927,49.622],[18.896,49.713],[18.796,49.713],[18.769,50.177],[18.646,50.645],[18.14,50.988],[17.64,51.437],[17.553,51.655],[17.291,51.786],[17.204,51.611],[16.855,51.655],[16.855,51.917],[16.506,52.178],[16.506,52.004],[16.095,52.124],[15.765,52.265],[15.76,52.571],[15.816,52.571],[15.844,52.71],[16.053,52.716],[16.204,53.343],[16.416,53.525],[16.204,53.706],[16.658,53.858],[16.809,53.464],[16.809,53.858],[16.688,54.039],[16.99,54.19],[17.111,54.13],[17.747,54.433],[17.658,54.685],[16.976,54.549],[16.473,54.415],[16.115,54.2],[15.898,54.128],[15.312,54.071],[15.205,54.039],[15.12,53.246],[13.209,53.534],[12.429,54.243],[12.041,54.097],[11.565,54.035],[11.408,53.859],[11.202,53.857],[11.151,53.938],[10.859,53.877],[10.717,53.964],[11.016,54.097],[11.073,54.22],[11.039,54.313],[10.649,54.259],[10.446,54.292],[10.34,54.362],[10.213,54.372],[10.142,54.337],[9.885,54.254],[9.827,54.276],[9.739,54.276],[9.674,54.189],[9.449,54.189],[9.441,54.247],[9.296,54.247],[9.26,54.305],[9.216,54.29],[9.165,54.32],[9.136,54.298],[9.056,54.349],[8.962,54.276],[8.884,54.229],[8.853,54.168],[8.779,54.132],[8.833,54.066],[8.946,54.015],[8.819,53.969],[8.977,53.905],[9.181,53.879],[9.066,53.854],[9.335,53.591],[8.803,53.542],[8.436,53.625],[8.429,53.612],[8.502,53.449],[8.306,53.525],[8.189,53.531],[8.261,53.439],[8.242,53.352],[8.175,53.322],[8.029,53.373],[8.099,53.444],[7.969,53.638],[7.166,53.592],[7.037,53.51],[6.981,53.317],[7.19,53.23],[7.16,53.164],[7.228,52.967],[7.073,52.804],[7.035,52.624],[6.778,52.64],[6.727,52.558],[6.714,52.476],[6.912,52.416],[6.997,52.443],[7.069,52.366],[7.068,52.219],[6.882,52.126],[6.825,51.956],[6.68,51.888],[6.381,51.82],[6.756,51.605],[6.408,50.257],[6.647,49.931],[7.06,49.952],[6.799,49.104],[6.451,49.126],[6.451,49.387],[6.126,49.405],[5.904,49.196],[5.612,49.21]]]}},{"type":"Feature","properties":{"NAME":"Denmark-Norway","ABBREVN":"DenmarkNorwa","SUBJECTO":"Denmark-Norway","BORDERPRECISION":3,"PARTOF":"Denmark-Norway"},"geometry":{"type":"MultiPolygon","coordinates":[[[[4.98,60.689],[5.075,60.592],[5.255,60.564],[5.456,60.592],[5.551,60.509],[5.262,60.327],[5.096,60.264],[5.279,60.125],[5.525,60.168],[5.894,60.161],[5.806,59.949],[5.632,59.884],[5.543,59.824],[5.694,59.753],[5.91,59.753],[6.185,59.824],[5.97,59.711],[5.667,59.676],[5.741,59.628],[5.646,59.586],[5.449,59.658],[5.419,59.515],[5.383,59.711],[5.087,59.509],[5.177,59.307],[5.283,59.272],[5.35,59.39],[5.344,59.266],[5.529,59.266],[5.717,59.337],[5.683,59.414],[5.68,59.509],[5.8,59.432],[5.816,59.313],[6.113,59.527],[6.076,59.42],[5.877,59.313],[6.02,59.254],[6.238,59.284],[6.033,59.201],[5.772,59.076],[5.822,59.017],[5.94,58.934],[6.051,58.981],[6.266,58.993],[6.041,58.952],[5.984,58.887],[6.094,58.798],[5.794,58.916],[5.666,58.822],[5.627,58.964],[5.475,58.976],[5.531,58.881],[5.4,58.715],[5.615,58.455],[5.874,58.432],[6.231,58.278],[6.652,58.172],[6.479,58.09],[6.644,58.042],[6.726,58.137],[6.874,58.078],[6.959,57.972],[7.908,58.066],[8.03,58.066],[8.154,58.09],[8.175,58.172],[8.922,58.538],[9.146,58.656],[9.372,58.786],[9.346,58.845],[9.698,58.999],[9.938,58.94],[10.172,58.987],[10.211,59.07],[10.363,59.213],[10.43,59.26],[10.379,59.367],[10.407,59.497],[10.57,59.581],[10.634,59.45],[10.549,59.379],[10.657,59.224],[10.769,59.118],[10.829,59.106],[11.112,59.165],[11.179,59.07],[11.039,58.91],[11.14,58.851],[11.221,58.308],[11.407,58.331],[11.431,58.202],[11.614,58.247],[11.802,58.178],[11.709,58.025],[11.61,57.807],[11.642,57.779],[12.095,58.129],[11.629,59.012],[11.709,59.195],[11.61,59.569],[11.838,59.67],[11.891,59.86],[12.077,59.866],[12.423,60.039],[12.436,60.278],[12.548,60.434],[12.431,60.626],[12.174,60.956],[12.597,61.029],[12.792,61.33],[12.658,61.44],[12.337,61.523],[12.075,61.698],[12.226,62.226],[11.933,62.554],[12.09,63.046],[12.124,63.345],[12.299,63.566],[12.577,63.782],[12.853,63.897],[13.131,63.949],[13.551,63.937],[13.88,63.953],[14.078,64.032],[14.155,64.111],[14.042,64.376],[13.87,64.497],[13.718,64.553],[13.94,64.799],[14.199,65.023],[14.371,65.234],[14.515,65.503],[14.542,65.94],[14.597,66.05],[15.038,66.06],[15.347,66.259],[15.944,66.672],[16.221,66.828],[16.305,66.983],[16.228,67.211],[16.206,67.307],[16.874,67.837],[17.083,67.912],[17.209,67.905],[17.601,67.863],[17.914,67.864],[18.057,67.999],[18.094,68.088],[18.104,68.386],[18.179,68.469],[18.959,68.294],[19.396,68.229],[19.697,68.171],[19.843,68.164],[19.965,68.276],[20.039,68.478],[20.166,68.958],[20.555,68.975],[20.739,68.961],[20.791,68.932],[21.246,69.228],[21.406,69.273],[21.625,69.237],[22.072,68.961],[23.03,69.324],[23.436,69.477],[23.422,69.527],[29.049,69.977],[28.73,70.136],[29.735,70.115],[30.252,70.131],[30.799,70.308],[30.754,70.43],[30.462,70.537],[30.041,70.544],[29.741,70.605],[28.984,70.857],[28.795,70.865],[28.389,70.572],[28.29,70.372],[27.875,70.425],[28.019,70.609],[27.985,70.717],[28.136,70.833],[28.308,70.949],[28.211,71.018],[27.948,71.017],[27.516,70.97],[27.131,70.577],[26.934,70.469],[26.617,70.392],[26.619,70.799],[26.607,70.915],[26.263,70.791],[25.574,70.367],[25.263,70.107],[25.074,70.144],[25.122,70.435],[25.231,70.558],[25.832,70.898],[25.389,70.905],[24.849,70.827],[24.571,70.741],[24.36,70.61],[24.208,70.472],[23.955,70.502],[23.827,70.479],[23.508,70.279],[23.292,70.011],[23.204,69.943],[22.746,70.171],[22.306,70.216],[22.163,70.093],[21.908,69.804],[21.609,69.963],[21.412,70.015],[21.103,69.818],[20.734,69.779],[20.553,69.522],[20.197,69.318],[20.278,69.582],[20.358,69.71],[20.286,69.786],[20.158,69.748],[19.821,69.37],[19.58,69.181],[19.289,69.211],[18.985,69.315],[18.553,69.247],[18.319,69.359],[18.097,69.058],[18.052,69.028],[17.928,69.005],[17.895,69.035],[17.566,68.974],[17.449,68.887],[17.407,68.772],[17.04,68.659],[16.855,68.558],[17.126,68.416],[17.033,68.338],[16.719,68.311],[16.522,68.341],[16.649,68.046],[16.412,67.874],[16.233,67.911],[16.071,68.045],[15.92,68.049],[15.854,67.925],[15.572,67.821],[15.762,67.676],[15.746,67.597],[15.58,67.583],[15.385,67.464],[15.227,67.509],[14.976,67.523],[14.699,67.374],[14.569,67.329],[14.616,67.245],[14.778,67.217],[14.639,67.123],[14.373,67.093],[14.055,66.975],[13.859,66.959],[13.747,66.922],[13.992,66.687],[13.592,66.657],[13.383,66.679],[13.242,66.569],[13.169,66.458],[13.255,66.393],[13.403,66.349],[13.581,66.188],[13.152,66.136],[13.109,66.034],[13.087,65.88],[12.709,65.909],[12.479,65.617],[12.284,65.435],[12.496,65.384],[12.526,65.109],[12.222,65.101],[12.112,65.13],[11.896,64.913],[11.69,64.776],[11.47,64.675],[11.407,64.617],[11.508,64.517],[11.364,64.416],[11.214,64.416],[10.997,64.494],[10.891,64.473],[10.74,64.386],[10.066,64.056],[9.87,63.876],[9.832,63.684],[9.441,63.498],[9.216,63.284],[9.154,63.319],[8.957,63.404],[8.606,63.325],[8.472,63.176],[8.258,63.054],[8.231,62.841],[7.989,62.94],[7.606,62.904],[7.088,62.91],[6.982,62.846],[7.102,62.705],[7.547,62.599],[7.289,62.486],[6.989,62.542],[6.613,62.583],[6.533,62.336],[6.308,62.286],[6.053,62.335],[5.824,62.179],[5.565,62.15],[5.47,62.094],[5.426,62.009],[5.528,61.933],[5.719,61.88],[5.834,61.819],[5.797,61.77],[5.592,61.79],[5.149,61.741],[5.101,61.699],[5.141,61.39],[5.018,61.305],[5.12,61.137],[5.387,61.026],[5.109,60.906],[4.98,60.689]]],[[[8.035,55.476],[8.214,55.399],[8.319,55.481],[8.481,55.349],[8.56,55.356],[8.645,55.069],[8.596,54.761],[8.742,54.608],[8.951,54.419],[8.852,54.332],[8.554,54.275],[8.581,54.194],[8.884,54.229],[8.962,54.276],[9.056,54.349],[9.136,54.298],[9.165,54.32],[9.216,54.29],[9.26,54.305],[9.296,54.247],[9.441,54.247],[9.449,54.189],[9.674,54.189],[9.739,54.276],[9.827,54.276],[9.885,54.254],[10.142,54.337],[10.065,54.434],[9.865,54.411],[9.978,54.49],[9.987,54.592],[9.864,54.726],[9.61,54.88],[9.421,54.976],[9.518,55.129],[9.517,55.223],[9.544,55.351],[9.63,55.459],[9.704,55.483],[9.768,55.467],[9.811,55.437],[9.887,55.342],[9.897,55.28],[10.006,55.193],[10.099,55.188],[10.119,55.179],[10.153,55.133],[10.151,55.122],[10.135,55.117],[10.153,55.084],[10.498,55.029],[10.529,55.029],[10.599,55.058],[10.74,55.067],[10.783,55.122],[10.812,55.186],[10.835,55.294],[10.791,55.363],[10.744,55.497],[10.627,55.617],[10.611,55.617],[10.603,55.607],[10.617,55.564],[10.606,55.486],[10.469,55.437],[10.426,55.439],[10.416,55.453],[10.452,55.482],[10.485,55.532],[10.406,55.586],[10.31,55.617],[10.213,55.599],[10.149,55.574],[10,55.541],[9.905,55.506],[9.856,55.512],[9.838,55.522],[9.835,55.54],[9.824,55.547],[9.738,55.534],[9.69,55.605],[9.976,55.62],[10.007,55.73],[10.147,55.765],[10.23,55.951],[10.175,56.076],[10.293,56.137],[10.442,56.151],[10.496,56.034],[10.751,56.097],[10.889,56.369],[10.826,56.443],[10.314,56.469],[10.23,56.605],[10.216,56.85],[9.835,56.89],[9.37,56.882],[9.322,56.719],[9.312,56.481],[9.136,56.46],[9.003,56.657],[8.869,56.616],[8.675,56.358],[8.452,56.412],[8.309,56.479],[8.183,56.431],[8.124,56.207],[8.117,56.092],[8.317,55.849],[8.32,55.768],[8.125,55.636],[8.035,55.476]]],[[[8.183,56.798],[8.471,56.597],[8.507,56.647],[8.666,56.7],[8.778,56.798],[8.847,56.986],[8.971,57],[9.079,57.037],[9.141,57.009],[9.334,57.023],[9.503,56.975],[10.257,57.006],[10.333,57.171],[10.463,57.242],[10.451,57.458],[10.401,57.506],[10.558,57.745],[10.479,57.759],[10.39,57.661],[10.29,57.672],[9.849,57.582],[9.449,57.228],[9.302,57.166],[8.661,57.104],[8.534,57.141],[8.359,57.023],[8.183,56.798]]],[[[10.991,54.787],[11.026,54.759],[11.262,54.707],[11.35,54.659],[11.456,54.619],[11.588,54.664],[11.785,54.64],[11.834,54.661],[11.858,54.689],[11.862,54.746],[11.849,54.766],[11.709,54.875],[11.649,54.907],[11.642,54.901],[11.643,54.878],[11.564,54.822],[11.514,54.83],[11.393,54.868],[11.351,54.892],[11.331,54.919],[11.276,54.95],[11.24,54.957],[11.164,54.957],[11.071,54.941],[11.014,54.896],[11.025,54.814],[10.991,54.787]]],[[[11.102,55.634],[11.23,55.337],[11.285,55.189],[11.585,55.162],[11.767,55.176],[11.97,54.954],[12.077,54.995],[12.301,55.17],[12.43,55.245],[12.158,55.379],[12.409,55.548],[12.469,55.711],[12.444,55.968],[12.238,55.988],[12.088,55.967],[12.053,55.703],[11.962,55.581],[11.728,55.662],[11.568,55.885],[11.296,55.675],[11.102,55.634]]],[[[11.709,54.937],[11.752,54.859],[11.802,54.839],[11.899,54.719],[11.878,54.688],[11.872,54.651],[11.929,54.573],[11.969,54.562],[11.98,54.57],[11.96,54.648],[11.963,54.685],[11.981,54.71],[12.078,54.789],[12.12,54.806],[12.169,54.836],[12.168,54.842],[12.104,54.89],[12.02,54.896],[11.847,54.956],[11.751,54.961],[11.709,54.937]]],[[[11.877,57.325],[12.005,57.325],[12.289,56.88],[12.526,56.78],[12.657,56.611],[12.786,56.617],[12.872,56.512],[12.805,56.401],[12.615,56.436],[12.652,56.296],[12.414,56.243],[12.699,55.905],[12.986,55.667],[12.859,55.533],[12.888,55.452],[12.802,55.417],[12.802,55.353],[13.302,55.301],[13.823,55.422],[14.117,55.347],[14.286,55.515],[14.126,55.667],[14.259,55.899],[14.492,56.018],[14.605,55.981],[14.653,56.121],[15.221,56.08],[15.497,56.167],[15.696,56.061],[15.771,56.033],[16.063,56.396],[15.427,56.766],[14.485,56.68],[14.175,56.813],[13.432,56.524],[13.226,57.102],[12.896,56.978],[12.731,57.432],[12.524,57.391],[12.318,57.68],[11.877,57.325]]],[[[14.68,55.1],[14.747,55.065],[14.942,55.013],[15.061,54.996],[15.103,55.021],[15.15,55.089],[15.149,55.129],[15.141,55.139],[15.091,55.155],[14.825,55.257],[14.77,55.306],[14.744,55.292],[14.699,55.215],[14.68,55.1]]]]}},{"type":"Feature","properties":{"NAME":"Sweden","ABBREVN":"Sweden","SUBJECTO":"Sweden","BORDERPRECISION":3,"PARTOF":"Sweden"},"geometry":{"type":"MultiPolygon","coordinates":[[[[8.436,53.625],[8.803,53.542],[9.335,53.591],[9.066,53.854],[8.872,53.811],[8.746,53.84],[8.663,53.902],[8.516,53.761],[8.436,53.625]]],[[[11.61,59.569],[11.709,59.195],[11.629,59.012],[12.095,58.129],[11.642,57.779],[11.766,57.673],[11.881,57.509],[11.877,57.325],[12.318,57.68],[12.524,57.391],[12.731,57.432],[12.896,56.978],[13.226,57.102],[13.432,56.524],[14.175,56.813],[14.485,56.68],[15.427,56.766],[16.063,56.396],[16.376,56.822],[16.395,57.074],[16.494,57.279],[16.659,57.443],[16.55,57.545],[16.607,57.666],[16.477,57.702],[16.46,57.895],[16.598,57.866],[16.725,57.889],[16.774,58.038],[16.744,58.312],[16.513,58.428],[16.443,58.634],[17.081,58.65],[17.083,58.748],[17.245,58.717],[17.357,58.743],[17.582,58.893],[17.623,59.1],[17.739,59.11],[17.745,58.986],[17.726,58.914],[17.766,58.872],[17.94,58.908],[18.016,59.038],[18.372,59.157],[18.273,59.287],[18.598,59.297],[18.611,59.333],[18.515,59.401],[18.441,59.401],[18.43,59.333],[18.328,59.37],[18.111,59.323],[17.976,59.327],[17.862,59.24],[17.584,59.268],[17.575,59.214],[17.358,59.245],[17.325,59.279],[17.305,59.272],[17.193,59.344],[17,59.359],[16.849,59.44],[16.742,59.431],[16.61,59.454],[16.144,59.448],[16.044,59.478],[16.252,59.493],[16.469,59.519],[16.523,59.583],[16.538,59.579],[16.574,59.612],[16.647,59.559],[16.743,59.545],[16.786,59.577],[16.814,59.574],[16.841,59.588],[16.942,59.56],[16.995,59.554],[17.063,59.569],[17.372,59.496],[17.391,59.584],[17.534,59.539],[17.687,59.542],[17.672,59.595],[17.76,59.621],[17.786,59.598],[17.809,59.553],[17.773,59.414],[17.829,59.379],[17.953,59.361],[18.03,59.359],[18.639,59.567],[18.868,59.712],[19.044,59.712],[19.037,59.863],[18.893,59.926],[18.804,60.108],[18.417,60.182],[18.224,60.323],[17.931,60.59],[17.706,60.554],[17.605,60.638],[17.188,60.674],[17.318,60.753],[17.146,60.953],[17.15,61.198],[17.065,61.538],[17.163,61.63],[17.387,61.658],[17.497,62.088],[17.387,62.201],[17.29,62.441],[17.718,62.357],[17.936,62.548],[17.868,62.789],[17.967,62.775],[18.303,62.789],[18.389,62.853],[18.487,62.981],[18.785,63.138],[19.076,63.202],[19.318,63.445],[19.465,63.481],[19.67,63.389],[20.701,63.818],[20.866,64.026],[21.049,64.219],[21.386,64.385],[21.237,64.521],[21.064,64.592],[20.921,64.714],[21.329,64.894],[21.489,65.017],[21.424,65.104],[21.277,65.212],[21.522,65.372],[21.819,65.38],[21.957,65.446],[22.202,65.715],[22.49,65.883],[22.646,65.935],[22.798,65.855],[23.204,65.681],[23.406,65.725],[23.844,65.798],[24.215,65.786],[24.591,65.583],[25.104,65.54],[25.252,65.417],[25.133,65.076],[25.293,65.004],[25.352,64.939],[25.325,64.802],[24.932,64.816],[24.47,64.636],[24.094,64.377],[23.58,64.082],[22.826,63.581],[22.704,63.581],[22.569,63.723],[22.476,63.602],[22.429,63.395],[22.292,63.203],[22.075,63.103],[21.666,63.187],[21.495,63.123],[21.546,62.974],[21.481,62.889],[21.195,62.761],[21.062,62.612],[21.034,62.477],[21.2,62.435],[21.338,62.344],[21.346,62.167],[21.211,61.871],[21.405,61.702],[21.561,61.485],[21.521,61.38],[21.498,61.183],[21.427,61.015],[21.443,60.694],[21.56,60.512],[21.747,60.408],[21.931,60.381],[22.221,60.259],[22.421,60.293],[22.392,60.121],[22.625,60.201],[23.005,60.209],[22.882,60.056],[22.982,59.932],[23.201,59.818],[23.665,59.836],[23.961,59.932],[23.979,59.881],[24.281,59.938],[24.421,59.87],[24.516,59.989],[24.969,60.087],[24.993,60.03],[25.146,60.11],[25.45,60.138],[25.581,60.262],[25.846,60.115],[25.89,60.236],[26.323,60.27],[26.443,60.333],[26.552,60.571],[26.526,60.396],[26.613,60.348],[26.922,60.316],[26.946,60.376],[27.178,60.442],[27.406,60.345],[27.474,60.426],[28.011,60.511],[28.522,60.623],[28.551,60.533],[28.435,60.337],[28.569,60.198],[28.692,60.15],[28.969,60.109],[29.511,60.145],[29.687,60.131],[29.953,59.986],[30.127,59.806],[29.963,59.737],[29.765,59.736],[29.414,59.86],[29.076,59.908],[28.936,59.825],[28.796,59.672],[28.663,59.644],[28.444,59.734],[28.309,59.664],[28.351,59.602],[28.266,59.562],[28.163,59.591],[28.094,59.665],[27.942,59.648],[27.897,59.534],[27.973,59.517],[28.016,59.454],[27.894,59.346],[27.702,59.298],[27.265,59.338],[26.999,59.318],[26.862,59.372],[26.343,59.447],[25.721,59.46],[25.49,59.42],[25.449,59.494],[25.248,59.362],[24.751,59.448],[24.714,59.352],[24.571,59.374],[24.538,59.323],[24.342,59.369],[24.282,59.284],[24.03,59.235],[24.032,59.176],[23.416,59.119],[23.457,59.005],[23.338,58.972],[23.432,58.858],[23.361,58.767],[23.512,58.581],[23.69,58.665],[23.671,58.241],[23.908,58.224],[24.058,58.112],[24.331,58.308],[24.497,58.213],[24.414,58.106],[24.416,57.948],[24.236,57.728],[24.323,57.337],[24.346,57.16],[24.266,57.03],[24.158,56.975],[23.768,56.866],[23.414,56.892],[23.211,56.988],[23.118,56.825],[24.38,56.719],[25.434,56.588],[25.79,56.583],[25.856,56.557],[28.091,56.748],[29.518,58.075],[28.173,58.986],[29.041,59.29],[29.518,59.247],[29.995,59.463],[31.318,59.594],[31.298,59.936],[31.106,59.928],[31.043,59.951],[31.145,60.006],[31.143,60.032],[31.106,60.056],[31.095,60.084],[31.115,60.135],[31.109,60.146],[31.019,60.193],[30.957,60.264],[30.849,60.443],[30.832,60.458],[30.817,60.459],[30.803,60.447],[30.776,60.448],[30.774,60.492],[30.759,60.525],[30.724,60.562],[30.663,60.593],[30.534,60.63],[30.504,60.704],[30.504,60.732],[30.525,60.739],[30.533,60.766],[30.528,60.812],[30.502,60.843],[30.456,60.86],[30.441,60.874],[30.436,60.903],[30.409,60.928],[30.293,61.005],[30.125,61.087],[29.857,61.188],[29.825,61.216],[29.86,61.239],[29.865,61.251],[29.855,61.271],[29.891,61.295],[29.949,61.289],[30.029,61.254],[30.079,61.243],[30.094,61.259],[30.09,61.299],[30.13,61.313],[30.174,61.314],[30.193,61.327],[30.196,61.348],[30.179,61.373],[30.201,61.389],[30.217,61.431],[30.252,61.459],[30.252,61.473],[30.235,61.493],[30.239,61.515],[30.285,61.517],[30.466,61.487],[30.481,61.49],[30.486,61.515],[30.513,61.525],[30.606,61.541],[30.617,61.56],[30.593,61.579],[30.594,61.606],[30.758,61.733],[30.852,61.775],[30.888,61.765],[30.906,61.742],[31.026,61.714],[31.057,61.689],[31.071,61.645],[31.098,61.62],[31.161,61.619],[31.172,61.63],[31.194,61.634],[31.123,62.804],[30.559,63.108],[30.603,65.147],[30.993,65.754],[30.603,66.665],[30.661,67.517],[29.099,68.804],[29.108,68.81],[27.383,68.874],[23.03,69.324],[22.072,68.961],[21.625,69.237],[21.406,69.273],[21.246,69.228],[20.791,68.932],[20.739,68.961],[20.555,68.975],[20.166,68.958],[20.039,68.478],[19.965,68.276],[19.843,68.164],[19.697,68.171],[19.396,68.229],[18.959,68.294],[18.179,68.469],[18.104,68.386],[18.094,68.088],[18.057,67.999],[17.914,67.864],[17.601,67.863],[17.209,67.905],[17.083,67.912],[16.874,67.837],[16.206,67.307],[16.228,67.211],[16.305,66.983],[16.221,66.828],[15.944,66.672],[15.347,66.259],[15.038,66.06],[14.597,66.05],[14.542,65.94],[14.515,65.503],[14.371,65.234],[14.199,65.023],[13.94,64.799],[13.718,64.553],[13.87,64.497],[14.042,64.376],[14.155,64.111],[14.078,64.032],[13.88,63.953],[13.551,63.937],[13.131,63.949],[12.853,63.897],[12.577,63.782],[12.299,63.566],[12.124,63.345],[12.09,63.046],[11.933,62.554],[12.226,62.226],[12.075,61.698],[12.337,61.523],[12.658,61.44],[12.792,61.33],[12.597,61.029],[12.174,60.956],[12.431,60.626],[12.548,60.434],[12.436,60.278],[12.423,60.039],[12.077,59.866],[11.891,59.86],[11.838,59.67],[11.61,59.569]],[[12.313,58.395],[12.329,58.434],[12.488,58.513],[12.607,58.617],[12.611,58.641],[12.525,58.661],[12.504,58.695],[12.5,58.764],[12.471,58.783],[12.448,58.783],[12.425,58.801],[12.432,58.813],[12.459,58.817],[12.474,58.84],[12.464,58.921],[12.469,58.935],[12.497,58.92],[12.51,58.901],[12.535,58.832],[12.557,58.819],[12.576,58.826],[12.6,58.846],[12.708,59.036],[12.746,59.065],[12.818,59.082],[12.869,59.073],[13.041,59.014],[13.088,58.947],[13.122,58.921],[13.195,58.899],[13.236,58.905],[13.244,58.93],[13.221,58.993],[13.177,59.097],[13.123,59.198],[13.103,59.255],[13.108,59.284],[13.155,59.353],[13.173,59.348],[13.191,59.325],[13.218,59.311],[13.246,59.31],[13.252,59.315],[13.251,59.345],[13.278,59.357],[13.68,59.39],[13.72,59.378],[13.752,59.331],[13.8,59.337],[13.83,59.341],[13.904,59.328],[13.962,59.334],[14.046,59.314],[14.056,59.29],[14.047,59.241],[13.994,59.157],[13.931,59.09],[13.945,59.067],[14.005,59.068],[14.083,59.1],[14.091,59.079],[14.072,59.028],[14.039,59.004],[14.012,59.004],[13.993,58.986],[13.995,58.945],[13.975,58.865],[13.8,58.722],[13.737,58.704],[13.517,58.663],[13.358,58.617],[13.24,58.515],[13.172,58.512],[13.148,58.521],[13.137,58.541],[13.149,58.559],[13.148,58.597],[13.115,58.608],[13.041,58.604],[12.952,58.572],[12.869,58.504],[12.798,58.486],[12.728,58.452],[12.624,58.382],[12.58,58.372],[12.551,58.379],[12.573,58.419],[12.571,58.432],[12.554,58.43],[12.507,58.397],[12.335,58.374],[12.313,58.395]],[[14.121,57.925],[14.213,58.15],[14.507,58.561],[14.632,58.68],[14.932,58.854],[14.968,58.849],[14.933,58.784],[14.941,58.756],[14.929,58.7],[14.9,58.635],[14.891,58.592],[14.963,58.539],[14.946,58.511],[14.686,58.395],[14.622,58.299],[14.582,58.202],[14.543,58.138],[14.499,58.085],[14.339,57.933],[14.245,57.809],[14.159,57.796],[14.121,57.925]],[[23.349,61.39],[23.365,61.403],[23.709,61.511],[23.638,61.556],[23.627,61.589],[23.599,61.623],[23.57,61.641],[23.632,61.652],[23.603,61.688],[23.621,61.712],[23.667,61.728],[23.692,61.81],[23.725,61.836],[23.708,61.865],[23.751,61.877],[23.838,61.87],[23.861,61.879],[23.865,61.911],[24.032,61.974],[24.016,62],[24.003,62.076],[23.974,62.09],[23.738,62.103],[23.681,62.116],[23.684,62.125],[23.649,62.166],[23.638,62.197],[23.645,62.215],[23.699,62.227],[23.683,62.191],[23.701,62.164],[23.81,62.155],[23.855,62.14],[23.885,62.142],[23.906,62.154],[23.928,62.221],[23.968,62.233],[23.999,62.232],[23.953,62.178],[23.954,62.16],[24.122,62.151],[24.181,62.157],[24.146,62.143],[24.123,62.123],[24.117,62.092],[24.126,62.057],[24.181,62.045],[24.22,62.045],[24.285,62.117],[24.301,62.12],[24.335,62.103],[24.304,62.042],[24.324,62.03],[24.375,62.029],[24.498,62.027],[24.565,62.045],[24.524,62.081],[24.384,62.119],[24.343,62.146],[24.363,62.156],[24.438,62.141],[24.595,62.09],[24.611,62.109],[24.582,62.18],[24.585,62.197],[24.615,62.205],[24.611,62.251],[24.63,62.263],[24.662,62.266],[24.682,62.194],[24.722,62.198],[24.728,62.181],[24.709,62.134],[24.686,62.095],[24.63,62.043],[24.634,61.986],[24.684,61.949],[24.706,61.921],[24.599,61.965],[24.549,61.993],[24.482,62.001],[24.417,61.995],[24.417,61.987],[24.094,62.02],[24.119,61.988],[24.105,61.951],[23.962,61.894],[23.954,61.88],[23.758,61.786],[23.786,61.729],[23.743,61.673],[23.739,61.651],[23.82,61.646],[23.834,61.636],[23.772,61.618],[23.798,61.599],[23.776,61.521],[23.73,61.495],[23.611,61.46],[23.511,61.419],[23.507,61.391],[23.528,61.369],[23.568,61.348],[23.707,61.317],[23.725,61.27],[23.717,61.262],[23.572,61.296],[23.485,61.331],[23.44,61.371],[23.349,61.39]],[[23.773,61.283],[23.845,61.228],[23.919,61.211],[23.952,61.224],[23.981,61.256],[24.021,61.282],[24.035,61.312],[24.017,61.369],[24.043,61.423],[24.306,61.553],[24.358,61.587],[24.309,61.621],[24.321,61.633],[24.422,61.621],[24.454,61.626],[24.481,61.647],[24.497,61.668],[24.491,61.679],[24.691,61.721],[24.702,61.702],[24.659,61.656],[24.608,61.654],[24.558,61.64],[24.493,61.614],[24.456,61.59],[24.507,61.552],[24.469,61.528],[24.342,61.52],[24.265,61.496],[24.194,61.457],[24.128,61.344],[24.158,61.328],[24.24,61.315],[24.279,61.293],[24.161,61.28],[24.024,61.247],[24.014,61.231],[24.041,61.207],[24.092,61.185],[24.176,61.183],[24.242,61.195],[24.296,61.187],[24.355,61.162],[24.372,61.145],[24.33,61.139],[24.337,61.12],[24.439,61.031],[24.414,61.036],[24.352,61.073],[24.03,61.154],[23.875,61.183],[23.781,61.214],[23.773,61.283]],[[25.188,61.532],[25.233,61.546],[25.27,61.568],[25.398,61.584],[25.418,61.626],[25.403,61.67],[25.228,61.759],[25.209,61.794],[25.237,61.796],[25.306,61.777],[25.389,61.794],[25.444,61.844],[25.393,61.872],[25.314,61.878],[25.317,61.902],[25.51,61.931],[25.506,61.95],[25.543,61.989],[25.625,62.005],[25.671,62.059],[25.586,62.101],[25.498,62.111],[25.472,62.142],[25.668,62.136],[25.713,62.162],[25.716,62.194],[25.735,62.219],[25.761,62.235],[25.824,62.252],[25.881,62.292],[25.907,62.33],[25.922,62.385],[25.897,62.441],[25.865,62.443],[25.841,62.433],[25.825,62.448],[25.815,62.491],[25.763,62.534],[25.69,62.543],[25.644,62.589],[25.632,62.627],[25.781,62.652],[25.795,62.705],[25.827,62.725],[25.894,62.72],[25.888,62.756],[25.818,62.794],[25.857,62.825],[25.866,62.875],[25.934,62.913],[25.87,62.987],[25.832,63.014],[25.737,63.046],[25.617,63.071],[25.541,63.03],[25.522,62.966],[25.495,62.957],[25.436,62.975],[25.368,63.007],[25.384,63.028],[25.444,63.052],[25.449,63.098],[25.44,63.128],[25.505,63.145],[25.589,63.211],[25.623,63.216],[25.621,63.182],[25.681,63.137],[25.792,63.092],[25.822,63.103],[25.837,63.13],[25.903,63.111],[25.991,63.043],[26.084,62.993],[26.079,62.981],[26.015,62.991],[26.014,62.972],[26.364,62.768],[26.371,62.725],[26.302,62.729],[26.103,62.826],[26.067,62.819],[26.038,62.796],[26.013,62.752],[26.007,62.71],[25.98,62.706],[26.02,62.665],[26.029,62.632],[25.913,62.648],[25.821,62.613],[25.834,62.535],[25.938,62.462],[26.024,62.477],[26.056,62.521],[26.096,62.519],[26.103,62.488],[26.069,62.454],[26.084,62.421],[26.16,62.388],[26.185,62.46],[26.178,62.55],[26.217,62.572],[26.342,62.608],[26.359,62.633],[26.451,62.633],[26.469,62.704],[26.358,62.826],[26.359,62.854],[26.447,62.797],[26.563,62.706],[26.69,62.637],[26.785,62.609],[26.813,62.623],[26.827,62.659],[26.822,62.697],[26.689,62.787],[26.671,62.817],[26.595,62.872],[26.568,62.9],[26.59,62.901],[26.68,62.846],[26.73,62.836],[26.743,62.866],[26.713,62.929],[26.729,62.957],[26.762,62.959],[26.765,62.98],[26.917,63.007],[26.996,63.031],[27.033,63.019],[26.978,62.998],[26.931,62.941],[26.948,62.916],[26.894,62.917],[26.889,62.895],[26.927,62.859],[26.95,62.852],[26.986,62.858],[27.092,62.842],[27.084,62.833],[27.018,62.832],[27.018,62.8],[26.88,62.796],[26.916,62.744],[26.983,62.686],[26.952,62.652],[26.999,62.613],[26.984,62.603],[26.896,62.624],[26.853,62.606],[26.819,62.564],[26.825,62.526],[26.851,62.497],[26.93,62.482],[26.909,62.456],[26.778,62.479],[26.736,62.494],[26.724,62.553],[26.69,62.596],[26.662,62.583],[26.665,62.551],[26.629,62.479],[26.58,62.412],[26.426,62.366],[26.432,62.329],[26.42,62.318],[26.379,62.346],[26.384,62.381],[26.407,62.418],[26.465,62.427],[26.508,62.424],[26.51,62.453],[26.558,62.49],[26.526,62.539],[26.383,62.567],[26.273,62.551],[26.239,62.522],[26.238,62.481],[26.254,62.437],[26.288,62.407],[26.312,62.368],[26.277,62.34],[26.173,62.358],[26.128,62.329],[26.128,62.28],[26.089,62.295],[26.05,62.348],[25.992,62.373],[25.956,62.356],[26.002,62.277],[25.974,62.254],[25.946,62.21],[25.951,62.145],[25.923,62.149],[25.898,62.2],[25.876,62.206],[25.826,62.148],[25.821,62.072],[25.878,62.021],[25.858,62.001],[25.79,61.992],[25.774,61.967],[25.703,61.964],[25.641,61.95],[25.632,61.916],[25.701,61.885],[25.682,61.869],[25.615,61.842],[25.588,61.793],[25.622,61.774],[25.721,61.813],[25.723,61.778],[25.68,61.712],[25.682,61.638],[25.706,61.601],[25.63,61.602],[25.586,61.591],[25.573,61.494],[25.641,61.467],[25.607,61.442],[25.543,61.423],[25.557,61.393],[25.547,61.335],[25.58,61.308],[25.759,61.278],[25.977,61.255],[26.013,61.235],[26.027,61.212],[26.082,61.196],[26.118,61.211],[26.106,61.246],[26.163,61.31],[26.275,61.374],[26.278,61.36],[26.238,61.317],[26.255,61.284],[26.257,61.247],[26.234,61.242],[26.212,61.263],[26.173,61.271],[26.148,61.256],[26.197,61.175],[26.184,61.148],[26.241,61.102],[26.178,61.059],[26.175,61.041],[26.15,61.003],[26.095,60.964],[26.025,60.961],[26.071,61.004],[26.102,61.101],[26.026,61.17],[25.961,61.19],[25.871,61.168],[25.67,61.273],[25.621,61.263],[25.645,61.235],[25.657,61.206],[25.583,61.166],[25.531,61.115],[25.564,61.08],[25.603,61.055],[25.592,61.024],[25.549,61.027],[25.518,61.062],[25.48,61.088],[25.405,61.058],[25.356,61.076],[25.397,61.116],[25.459,61.156],[25.5,61.229],[25.465,61.28],[25.442,61.273],[25.431,61.25],[25.406,61.251],[25.394,61.284],[25.356,61.315],[25.271,61.352],[25.255,61.366],[25.263,61.388],[25.194,61.475],[25.188,61.532]],[[25.891,61.675],[25.931,61.691],[25.955,61.717],[25.966,61.743],[25.936,61.786],[25.944,61.796],[26.032,61.772],[26.126,61.767],[26.176,61.798],[26.219,61.841],[26.237,61.841],[26.246,61.822],[26.278,61.751],[26.279,61.733],[26.295,61.716],[26.406,61.717],[26.438,61.735],[26.466,61.735],[26.507,61.718],[26.543,61.688],[26.563,61.648],[26.567,61.616],[26.545,61.609],[26.473,61.612],[26.346,61.655],[26.24,61.718],[26.183,61.73],[26.077,61.704],[26.072,61.679],[26.085,61.657],[26.103,61.648],[26.144,61.669],[26.167,61.653],[26.183,61.629],[26.148,61.546],[26.114,61.542],[26.059,61.555],[25.9,61.647],[25.891,61.675]],[[26.276,61.866],[26.305,61.9],[26.412,61.976],[26.442,61.962],[26.391,61.905],[26.376,61.87],[26.418,61.863],[26.524,61.9],[26.54,61.915],[26.527,61.928],[26.531,61.939],[26.575,61.937],[26.631,61.886],[26.668,61.868],[26.684,61.872],[26.692,61.888],[26.774,61.861],[26.796,61.871],[26.81,61.887],[26.809,61.902],[26.698,61.931],[26.644,61.968],[26.591,62.022],[26.588,62.037],[26.64,62.011],[26.819,61.948],[26.873,61.902],[26.9,61.753],[26.927,61.73],[27.028,61.704],[27.043,61.688],[27.045,61.671],[27.037,61.662],[26.938,61.67],[26.863,61.696],[26.795,61.703],[26.743,61.694],[26.77,61.666],[26.837,61.648],[26.879,61.626],[26.89,61.569],[26.87,61.564],[26.834,61.573],[26.811,61.571],[26.796,61.558],[26.758,61.612],[26.554,61.758],[26.29,61.854],[26.276,61.866]],[[26.78,64.391],[26.815,64.415],[26.831,64.44],[26.814,64.469],[26.827,64.505],[26.866,64.53],[27.112,64.523],[27.214,64.497],[27.217,64.414],[27.262,64.369],[27.365,64.33],[27.469,64.339],[27.578,64.38],[27.727,64.397],[27.925,64.381],[27.913,64.333],[27.93,64.307],[27.801,64.304],[27.738,64.282],[27.765,64.245],[27.859,64.233],[27.94,64.205],[28.157,64.16],[28.186,64.142],[28.188,64.131],[28.164,64.121],[28.073,64.121],[27.929,64.145],[27.653,64.225],[27.562,64.274],[27.506,64.27],[27.481,64.25],[27.421,64.23],[27.323,64.209],[27.282,64.173],[27.288,64.131],[27.258,64.12],[27.2,64.158],[26.942,64.238],[26.921,64.278],[26.793,64.362],[26.78,64.391]],[[26.899,63.566],[26.899,63.584],[27.113,63.546],[27.183,63.518],[27.234,63.457],[27.234,63.427],[27.211,63.417],[27.25,63.376],[27.338,63.346],[27.363,63.316],[27.347,63.279],[27.337,63.213],[27.264,63.146],[27.358,63.068],[27.44,63.023],[27.559,63.001],[27.605,63.015],[27.723,62.954],[27.77,62.946],[27.774,62.996],[27.736,63.059],[27.767,63.1],[27.81,63.092],[27.848,63.071],[27.851,63.032],[27.888,63.019],[28.006,63.04],[28.106,63.009],[28.352,63.04],[28.35,63.026],[28.308,63.003],[28.192,62.964],[28.154,62.933],[28.187,62.857],[28.144,62.825],[28.149,62.804],[28.211,62.73],[28.268,62.689],[28.264,62.663],[28.653,62.527],[28.799,62.456],[28.898,62.39],[28.81,62.382],[28.659,62.42],[28.529,62.474],[28.496,62.501],[28.565,62.499],[28.555,62.523],[28.424,62.575],[28.367,62.587],[28.274,62.565],[28.211,62.508],[28.191,62.448],[28.169,62.434],[28.103,62.442],[28.106,62.476],[28.138,62.538],[28.057,62.69],[27.979,62.732],[27.849,62.719],[27.766,62.68],[27.755,62.652],[27.801,62.627],[27.758,62.583],[27.846,62.524],[27.915,62.43],[28.04,62.409],[28.042,62.379],[27.991,62.337],[27.963,62.298],[27.97,62.259],[28.067,62.244],[28.276,62.256],[28.277,62.276],[28.324,62.287],[28.406,62.237],[28.506,62.22],[28.566,62.222],[28.608,62.279],[28.63,62.294],[28.67,62.306],[28.699,62.328],[28.668,62.368],[28.666,62.387],[28.693,62.383],[28.765,62.348],[28.87,62.235],[28.837,62.185],[28.786,62.177],[28.826,62.134],[28.976,62.142],[29.198,62.177],[29.33,62.166],[29.345,62.186],[29.353,62.219],[29.319,62.242],[29.298,62.275],[29.298,62.313],[29.265,62.394],[29.297,62.426],[29.3,62.476],[29.261,62.551],[29.279,62.599],[29.335,62.6],[29.364,62.53],[29.422,62.523],[29.509,62.467],[29.626,62.419],[29.65,62.427],[29.612,62.462],[29.589,62.5],[29.593,62.527],[29.633,62.597],[29.697,62.609],[29.776,62.577],[29.825,62.518],[29.926,62.434],[29.835,62.389],[29.802,62.362],[29.793,62.335],[29.768,62.313],[29.641,62.31],[29.599,62.27],[29.648,62.223],[29.727,62.199],[29.791,62.2],[29.96,62.164],[29.982,62.133],[29.911,62.115],[29.708,62.151],[29.688,62.138],[29.607,62.145],[29.518,62.123],[29.492,62.089],[29.47,62.08],[29.492,62.046],[29.552,62.003],[29.615,61.983],[29.638,62.005],[29.685,62.004],[29.757,61.949],[29.777,61.889],[29.733,61.874],[29.727,61.848],[29.531,61.778],[29.477,61.742],[29.426,61.734],[29.29,61.649],[29.266,61.615],[29.115,61.6],[29.098,61.578],[28.941,61.626],[28.73,61.671],[28.629,61.642],[28.608,61.617],[28.76,61.61],[28.79,61.59],[28.722,61.581],[28.68,61.558],[28.679,61.524],[28.693,61.484],[28.582,61.473],[28.568,61.441],[28.345,61.349],[28.36,61.331],[28.477,61.332],[28.641,61.352],[28.663,61.368],[28.714,61.352],[28.82,61.297],[28.867,61.247],[28.788,61.204],[28.292,61.08],[27.988,61.08],[27.947,61.068],[27.919,61.08],[27.892,61.114],[27.882,61.157],[27.966,61.188],[28.082,61.179],[28.172,61.153],[28.197,61.163],[28.174,61.188],[28.072,61.233],[27.862,61.252],[27.678,61.232],[27.625,61.214],[27.519,61.23],[27.406,61.259],[27.432,61.27],[27.435,61.296],[27.368,61.326],[27.27,61.324],[27.265,61.379],[27.301,61.433],[27.274,61.468],[27.298,61.484],[27.296,61.557],[27.276,61.653],[27.329,61.693],[27.327,61.632],[27.359,61.531],[27.459,61.523],[27.476,61.539],[27.471,61.599],[27.488,61.618],[27.515,61.577],[27.593,61.581],[27.665,61.607],[27.678,61.636],[27.758,61.656],[27.773,61.685],[27.705,61.731],[27.623,61.764],[27.605,61.781],[27.626,61.801],[27.816,61.728],[27.866,61.696],[27.918,61.657],[27.921,61.627],[27.946,61.601],[28,61.549],[28.054,61.511],[28.104,61.522],[28.129,61.549],[28.185,61.544],[28.234,61.621],[28.248,61.716],[28.262,61.744],[28.306,61.756],[28.369,61.751],[28.442,61.768],[28.539,61.841],[28.672,61.826],[28.807,61.828],[28.84,61.846],[28.838,61.863],[28.737,61.891],[28.579,61.993],[28.427,62.052],[28.403,62.069],[28.297,62.097],[28.086,62.1],[27.926,62.133],[27.899,62.157],[27.902,62.244],[27.877,62.329],[27.8,62.429],[27.755,62.429],[27.679,62.412],[27.597,62.418],[27.547,62.412],[27.489,62.443],[27.459,62.479],[27.419,62.496],[27.367,62.482],[27.297,62.477],[27.236,62.507],[27.178,62.553],[27.159,62.577],[27.191,62.572],[27.295,62.518],[27.339,62.519],[27.352,62.544],[27.398,62.576],[27.6,62.494],[27.647,62.498],[27.67,62.513],[27.669,62.528],[27.608,62.601],[27.619,62.71],[27.666,62.76],[27.65,62.816],[27.684,62.912],[27.652,62.925],[27.588,62.9],[27.564,62.877],[27.56,62.851],[27.494,62.863],[27.415,62.902],[27.391,62.941],[27.33,63.001],[27.176,63.084],[27.207,63.122],[27.193,63.169],[27.193,63.289],[27.213,63.309],[27.246,63.308],[27.239,63.332],[27.19,63.388],[27.175,63.438],[27.135,63.496],[27.068,63.523],[27.038,63.517],[27.02,63.501],[26.959,63.524],[26.899,63.566]],[[26.966,58.806],[26.974,58.884],[27.107,58.954],[27.298,58.995],[27.524,59.007],[27.683,58.98],[27.748,58.912],[27.814,58.571],[27.821,58.485],[27.798,58.447],[27.748,58.43],[27.583,58.306],[27.561,58.257],[27.569,58.215],[27.497,58.184],[27.425,58.303],[27.324,58.402],[27.237,58.452],[27.157,58.648],[26.966,58.806]]],[[[12.429,54.243],[13.209,53.534],[15.12,53.246],[15.205,54.039],[15.08,54.003],[14.886,53.98],[14.467,53.91],[14.473,53.877],[14.483,53.819],[14.557,53.76],[14.565,53.694],[14.495,53.625],[14.537,53.538],[14.433,53.594],[14.19,53.625],[14.177,53.683],[14.01,53.673],[13.85,53.729],[13.78,53.775],[13.738,54.03],[13.668,54.084],[13.431,54.03],[13.064,54.194],[13.026,54.265],[12.943,54.347],[12.765,54.27],[12.653,54.321],[12.429,54.243]]],[[[13.777,53.949],[13.828,53.83],[14.029,53.865],[14.068,53.843],[14.205,53.813],[14.174,53.907],[14.07,53.918],[13.778,54.044],[13.777,53.949]]],[[[14.227,53.91],[14.248,53.816],[14.334,53.83],[14.459,53.819],[14.473,53.877],[14.425,53.915],[14.227,53.91]]],[[[16.392,56.465],[16.403,56.274],[16.416,56.215],[16.43,56.209],[16.486,56.231],[16.576,56.361],[16.571,56.394],[16.77,56.796],[16.808,56.824],[16.841,56.832],[16.927,57.038],[17.051,57.187],[17.124,57.321],[17.106,57.348],[17.057,57.359],[17.022,57.345],[16.973,57.305],[16.959,57.274],[16.963,57.229],[16.848,57.064],[16.749,56.94],[16.617,56.874],[16.543,56.776],[16.42,56.586],[16.393,56.529],[16.392,56.465]]],[[[18.11,57.496],[18.142,57.409],[18.158,57.316],[18.148,57.235],[18.173,57.142],[18.254,57.079],[18.257,57.032],[18.158,56.942],[18.14,56.915],[18.216,56.913],[18.302,56.937],[18.347,56.999],[18.336,57.017],[18.341,57.074],[18.397,57.134],[18.712,57.242],[18.788,57.448],[18.769,57.467],[18.76,57.508],[18.809,57.704],[18.849,57.721],[18.929,57.74],[19.033,57.827],[19.005,57.909],[18.725,57.923],[18.682,57.914],[18.467,57.812],[18.382,57.719],[18.295,57.646],[18.179,57.588],[18.119,57.531],[18.11,57.496]]],[[[19.036,57.919],[19.037,57.896],[19.078,57.858],[19.126,57.84],[19.142,57.908],[19.163,57.927],[19.257,57.949],[19.287,57.937],[19.336,57.961],[19.296,57.977],[19.096,57.974],[19.036,57.919]]],[[[19.511,60.175],[19.543,60.128],[19.575,60.122],[19.604,60.153],[19.673,60.15],[19.677,60.157],[19.666,60.193],[19.627,60.244],[19.612,60.253],[19.58,60.255],[19.536,60.225],[19.511,60.175]]],[[[19.648,60.257],[19.699,60.159],[19.751,60.095],[19.772,60.081],[19.848,60.076],[19.868,60.077],[19.875,60.095],[19.918,60.093],[19.944,60.043],[19.948,60.079],[19.958,60.089],[20.051,60.09],[20.026,60.154],[19.937,60.184],[19.914,60.217],[20.025,60.311],[20.037,60.311],[20.062,60.301],[20.12,60.24],[20.123,60.226],[20.101,60.216],[20.082,60.179],[20.092,60.17],[20.172,60.164],[20.277,60.274],[20.085,60.35],[19.906,60.4],[19.857,60.404],[19.825,60.392],[19.78,60.349],[19.862,60.312],[19.883,60.342],[19.892,60.343],[19.937,60.289],[19.931,60.277],[19.817,60.188],[19.796,60.187],[19.761,60.238],[19.777,60.261],[19.783,60.293],[19.749,60.305],[19.648,60.257]]],[[[19.999,60.055],[20.137,59.992],[20.211,59.98],[20.227,60.003],[20.212,60.06],[20.205,60.064],[20.123,60.081],[20.103,60.096],[20.008,60.067],[19.999,60.055]]],[[[21.832,58.505],[21.868,58.478],[21.917,58.457],[21.996,58.381],[22.008,58.353],[21.874,58.34],[21.841,58.293],[21.849,58.279],[21.884,58.252],[22.079,58.171],[22.177,58.159],[22.201,58.145],[22.151,58.086],[22.101,58.085],[22.082,58.077],[21.986,57.976],[21.981,57.958],[21.994,57.923],[22.01,57.913],[22.038,57.908],[22.073,57.917],[22.202,57.986],[22.262,58.094],[22.276,58.142],[22.267,58.171],[22.279,58.184],[22.367,58.22],[22.475,58.242],[22.582,58.241],[22.649,58.23],[22.757,58.24],[23.029,58.358],[23.064,58.386],[23.077,58.414],[23.142,58.444],[23.198,58.45],[23.267,58.429],[23.328,58.434],[23.332,58.45],[23.273,58.492],[23.091,58.564],[22.991,58.598],[22.905,58.617],[22.808,58.616],[22.768,58.6],[22.624,58.593],[22.502,58.602],[22.327,58.577],[22.198,58.549],[22.112,58.492],[21.985,58.516],[21.925,58.517],[21.832,58.505]]],[[[22.042,58.94],[22.064,58.924],[22.229,58.878],[22.277,58.889],[22.382,58.887],[22.45,58.831],[22.472,58.764],[22.465,58.71],[22.518,58.691],[22.596,58.688],[22.667,58.705],[22.721,58.782],[22.747,58.806],[22.776,58.819],[22.826,58.824],[22.823,58.812],[22.777,58.79],[22.784,58.776],[22.816,58.773],[22.884,58.78],[22.889,58.811],[22.866,58.824],[22.884,58.833],[22.961,58.845],[23.022,58.821],[23.048,58.844],[22.952,58.967],[22.93,58.982],[22.861,59.002],[22.801,58.997],[22.72,59.004],[22.699,59.02],[22.699,59.051],[22.576,59.069],[22.468,58.978],[22.376,58.952],[22.065,58.952],[22.042,58.94]]],[[[27.328,61.4],[27.368,61.369],[27.588,61.266],[27.637,61.273],[27.677,61.31],[27.659,61.355],[27.629,61.383],[27.556,61.397],[27.418,61.437],[27.36,61.422],[27.328,61.4]]],[[[27.52,61.485],[27.564,61.456],[27.662,61.435],[27.712,61.403],[27.798,61.405],[27.914,61.442],[27.959,61.48],[27.969,61.503],[27.946,61.527],[27.859,61.519],[27.732,61.547],[27.712,61.534],[27.7,61.488],[27.666,61.483],[27.548,61.491],[27.52,61.485]]],[[[27.842,62.911],[27.886,62.834],[28.072,62.746],[28.109,62.755],[28.099,62.852],[28.062,62.976],[27.903,62.973],[27.849,62.951],[27.842,62.911]]],[[[28.226,61.443],[28.24,61.394],[28.416,61.416],[28.495,61.444],[28.496,61.478],[28.445,61.516],[28.459,61.558],[28.493,61.602],[28.536,61.622],[28.515,61.699],[28.476,61.723],[28.388,61.712],[28.328,61.73],[28.277,61.71],[28.286,61.623],[28.308,61.582],[28.243,61.539],[28.24,61.523],[28.255,61.497],[28.226,61.443]]],[[[28.691,62.036],[28.714,61.995],[28.828,61.963],[28.944,61.873],[28.99,61.802],[29.137,61.775],[29.255,61.807],[29.309,61.87],[29.327,61.944],[29.342,61.971],[29.403,61.975],[29.445,61.948],[29.474,61.951],[29.477,61.967],[29.442,62.038],[29.363,62.105],[29.322,62.13],[29.102,62.118],[29.019,62.125],[28.809,62.082],[28.703,62.082],[28.691,62.036]]]]}},{"type":"Feature","properties":{"NAME":"Nogai Horde","ABBREVN":"Nogai Horde","SUBJECTO":"Nogai Horde","BORDERPRECISION":1,"PARTOF":"Nogai Horde"},"geometry":{"type":"MultiPolygon","coordinates":[[[[60,45.065],[57.728,44.635],[52.98,45.776],[53.05,45.831],[53.149,45.957],[53.203,46.191],[53.257,46.317],[53.185,46.425],[53.122,46.497],[53.167,46.586],[53.284,46.676],[53.23,46.73],[53.185,46.865],[53.023,46.919],[52.556,46.982],[52.466,46.91],[52.376,46.874],[52.142,46.838],[51.935,46.892],[51.791,47.009],[51.369,47.09],[51.773,47.462],[51.387,48.105],[51.901,49.391],[51.13,50.42],[51.387,51.063],[55.245,51.706],[57.152,51.229],[60,46.457],[60,45.065]]]]}},{"type":"Feature","properties":{"NAME":"Khiva Khanate","ABBREVN":"Khiva Khanate","SUBJECTO":"Khiva Khanate","BORDERPRECISION":1,"PARTOF":"Khiva Khanate"},"geometry":{"type":"MultiPolygon","coordinates":[[[[60,39.151],[58.619,39.052],[56.43,38.21],[53.937,38.159],[53.937,38.571],[53.985,38.657],[54.071,38.897],[54.033,38.993],[53.918,39.05],[53.775,39.136],[53.679,39.251],[53.66,39.318],[53.583,39.318],[53.334,39.385],[53.248,39.299],[53.209,39.405],[53.248,39.452],[53.315,39.567],[53.372,39.52],[53.545,39.539],[53.794,39.491],[53.813,39.548],[53.669,39.644],[53.554,39.654],[53.516,39.778],[53.593,39.893],[53.688,39.979],[53.506,39.998],[53.363,39.96],[53.19,39.96],[53.047,39.998],[52.989,39.931],[52.912,40.046],[52.845,40.18],[52.845,40.334],[52.826,40.468],[52.903,40.563],[52.951,40.707],[52.97,40.822],[53.056,41.052],[53.181,40.841],[53.257,40.765],[53.439,40.803],[53.612,40.745],[53.66,40.813],[53.65,40.88],[53.698,40.88],[53.765,40.87],[53.794,40.726],[53.842,40.64],[53.976,40.65],[54.11,40.678],[54.225,40.726],[54.416,40.659],[54.455,40.717],[54.387,40.803],[54.368,40.899],[54.455,40.918],[54.502,40.851],[54.608,40.813],[54.818,40.88],[54.828,40.985],[54.751,41.138],[54.598,41.244],[54.359,41.387],[54.167,41.483],[54.138,41.627],[54.119,41.78],[54.024,41.857],[54.024,42.048],[53.985,42.106],[53.736,42.134],[53.458,42.096],[53.267,42.086],[53.066,42.029],[52.98,41.904],[52.941,41.77],[52.999,41.684],[52.932,41.378],[52.96,41.272],[52.97,41.138],[52.855,41.387],[52.692,41.531],[52.711,41.607],[52.683,41.694],[52.559,41.758],[52.601,41.938],[52.574,42.019],[52.52,42.073],[52.583,42.189],[52.673,42.279],[52.736,42.423],[52.754,42.558],[52.835,42.648],[52.763,42.756],[52.583,42.828],[52.376,42.801],[52.295,42.873],[52.07,42.828],[51.98,42.909],[51.881,43.053],[51.738,43.179],[51.423,43.17],[51.423,43.259],[51.459,43.385],[51.369,43.556],[51.261,43.61],[51.171,43.718],[50.991,44.078],[50.955,44.204],[50.703,44.258],[50.389,44.294],[50.326,44.365],[50.335,44.563],[50.407,44.617],[50.542,44.644],[50.874,44.626],[51.333,44.482],[51.414,44.518],[51.576,44.554],[51.486,44.626],[51.189,44.77],[51.099,44.878],[51.216,45.04],[51.342,45.058],[51.378,45.175],[51.459,45.31],[51.513,45.373],[51.63,45.355],[51.773,45.391],[51.845,45.436],[51.998,45.382],[52.61,45.4],[53.059,45.337],[53.284,45.328],[53.059,45.453],[52.844,45.507],[52.835,45.642],[52.924,45.732],[52.98,45.776],[57.728,44.635],[60,45.065],[60,39.151]]]]}},{"type":"Feature","properties":{"NAME":"Quazaq Khanate","ABBREVN":"Quazaq Khanate","SUBJECTO":"Quazaq Khanate","BORDERPRECISION":1,"PARTOF":"Quazaq Khanate"},"geometry":{"type":"MultiPolygon","coordinates":[[[[60,46.457],[57.152,51.229],[58.331,50.934],[60,50.884],[60,46.457]]]]}},{"type":"Feature","properties":{"NAME":"Safavid Empire","ABBREVN":"Safavid Empi","SUBJECTO":"Safavid Empire","BORDERPRECISION":3,"PARTOF":"Safavid Empire"},"geometry":{"type":"MultiPolygon","coordinates":[[[[60,34],[49.552,34],[49.557,34.256],[50.469,36.748],[50.252,36.895],[50.561,36.686],[51.417,36.456],[51.796,36.432],[51.993,36.459],[52.602,36.577],[53.139,36.644],[53.8,36.679],[53.984,36.782],[54.067,36.942],[54.009,37.349],[54.015,37.348],[53.928,37.824],[53.88,38.025],[53.937,38.159],[56.43,38.21],[58.619,39.052],[60,39.151],[60,34]]]]}},{"type":"Feature","properties":{"NAME":"France","ABBREVN":"France","SUBJECTO":"France","BORDERPRECISION":3,"PARTOF":"France"},"geometry":{"type":"Polygon","coordinates":[[[-4.78,48.355],[-4.592,48.392],[-4.474,48.383],[-4.35,48.391],[-4.389,48.298],[-4.588,48.251],[-4.351,48.205],[-4.313,48.101],[-4.7,48.064],[-4.675,48.017],[-4.51,47.998],[-4.391,47.942],[-4.364,47.829],[-3.955,47.904],[-3.858,47.792],[-3.712,47.798],[-3.434,47.717],[-3.063,47.604],[-2.842,47.492],[-2.614,47.572],[-2.466,47.494],[-2.576,47.325],[-2.494,47.247],[-2.264,47.183],[-2.109,47.124],[-2.005,47.043],[-2.13,46.851],[-1.942,46.706],[-1.711,46.449],[-1.403,46.404],[-1.256,46.307],[-1.166,46.184],[-1.075,46.015],[-1.237,45.8],[-1.247,45.688],[-0.855,45.321],[-0.728,45.019],[-0.814,45.122],[-0.9,45.294],[-1.123,45.432],[-1.175,45.501],[-1.276,45.129],[-1.332,44.614],[-1.23,44.73],[-1.136,44.6],[-1.314,44.559],[-1.561,43.524],[-1.746,43.36],[-1.915,43.305],[-1.702,43.196],[-1.491,43.21],[-1.466,43.155],[-1.558,43.045],[-1.515,42.998],[-1.448,42.984],[-1.397,43.032],[-0.907,42.881],[-0.84,42.909],[-0.612,42.731],[-0.587,42.765],[-0.469,42.751],[-0.41,42.786],[-0.216,42.717],[-0.166,42.649],[0.18,42.663],[0.196,42.608],[0.348,42.635],[0.592,42.628],[0.584,42.772],[0.744,42.772],[1.307,42.635],[1.316,42.614],[1.456,42.619],[1.47,42.622],[1.468,42.631],[1.48,42.651],[1.516,42.646],[1.549,42.656],[1.567,42.646],[1.577,42.648],[1.667,42.622],[1.683,42.625],[1.715,42.615],[1.736,42.618],[1.73,42.604],[1.755,42.597],[1.792,42.579],[1.784,42.575],[1.787,42.574],[1.774,42.569],[1.74,42.557],[1.738,42.55],[1.729,42.516],[1.728,42.501],[2.103,42.615],[2.272,42.69],[2.481,42.686],[2.49,42.719],[2.701,42.73],[2.825,42.85],[2.949,42.883],[3.039,42.869],[3.068,42.945],[3.318,43.196],[3.479,43.312],[3.807,43.467],[4.078,43.487],[4.417,43.346],[4.647,43.321],[4.751,43.353],[4.91,43.366],[5.052,43.328],[5.434,43.104],[5.647,43.033],[5.829,43.021],[6.523,43.151],[6.923,43.448],[7.298,43.667],[7.397,43.764],[7.355,43.902],[6.923,43.815],[6.886,43.902],[6.96,43.914],[6.923,43.976],[6.997,44.05],[6.972,44.062],[6.935,44.136],[6.886,44.149],[6.836,44.112],[6.787,44.198],[6.787,44.297],[6.87,44.349],[6.783,44.548],[6.925,44.715],[7.003,44.72],[6.943,44.869],[6.665,44.955],[6.507,45.116],[6.28,45.199],[6.243,45.297],[6.268,45.322],[6.219,45.347],[6.145,45.322],[6.083,45.372],[6.033,45.334],[6.058,45.223],[5.947,45.26],[5.935,45.322],[5.823,45.396],[5.607,45.847],[5.357,45.876],[5.357,46.053],[5.533,46.009],[5.533,46.097],[5.268,46.318],[5.416,46.524],[5.646,46.457],[5.725,46.48],[5.74,46.598],[5.626,46.649],[5.646,46.85],[5.757,46.887],[5.794,46.997],[5.667,47.108],[5.737,47.234],[5.779,47.359],[5.793,47.512],[5.918,47.595],[5.82,47.735],[5.96,47.804],[5.96,47.985],[6.057,47.957],[6.099,48.027],[6.252,47.957],[6.238,48.291],[5.946,48.347],[6.015,48.653],[5.834,48.778],[6.001,48.904],[5.876,49.071],[5.723,48.959],[5.612,49.21],[5.904,49.196],[5.909,49.201],[5.361,49.697],[4.255,49.887],[3.82,50.039],[3.483,49.92],[2.907,49.943],[2.677,50.151],[2.401,50.197],[2.148,50.059],[1.987,50.082],[1.987,50.22],[1.826,50.243],[1.796,50.921],[1.589,50.822],[1.528,50.578],[1.552,50.229],[1.416,50.11],[1.275,50.004],[0.529,49.826],[0.189,49.681],[0.115,49.602],[0.09,49.511],[0.331,49.455],[0.033,49.334],[-0.239,49.285],[-0.465,49.351],[-1.023,49.398],[-1.177,49.333],[-1.289,49.521],[-1.251,49.7],[-1.524,49.653],[-1.941,49.709],[-1.892,49.526],[-1.639,49.22],[-1.58,49.229],[-1.563,49.036],[-1.588,48.881],[-1.576,48.768],[-1.457,48.684],[-1.591,48.638],[-1.858,48.608],[-1.871,48.712],[-2.076,48.656],[-2.2,48.599],[-2.343,48.674],[-2.636,48.552],[-2.791,48.59],[-3.091,48.872],[-3.435,48.836],[-3.558,48.81],[-3.608,48.693],[-3.821,48.721],[-3.902,48.646],[-3.999,48.731],[-4.251,48.652],[-4.488,48.612],[-4.626,48.547],[-4.762,48.552],[-4.78,48.355]]]}},{"type":"Feature","properties":{"NAME":"England and Ireland","ABBREVN":"England and Ireland","SUBJECTO":"England and Ireland","BORDERPRECISION":3,"PARTOF":"England and Ireland"},"geometry":{"type":"MultiPolygon","coordinates":[[[[-10.179,53.912],[-10.107,53.928],[-10.134,53.934],[-10.163,53.922],[-10.178,53.923],[-10.179,53.912]]],[[[-10.079,53.351],[-10.026,53.336],[-10.024,53.341],[-10.044,53.35],[-10.079,53.351]]],[[[-9.67,51.445],[-9.566,51.452],[-9.569,51.457],[-9.613,51.452],[-9.655,51.457],[-9.67,51.445]]],[[[-9.526,52.905],[-9.49,52.874],[-9.474,52.901],[-9.497,52.905],[-9.514,52.917],[-9.526,52.905]]],[[[-7.577,55.275],[-7.574,55.272],[-7.574,55.276],[-7.577,55.275]]],[[[-7.477,52.076],[-7.372,52.092],[-7.245,52.098],[-7.351,52.106],[-7.418,52.098],[-7.477,52.076]]],[[[-7.218,52.099],[-7.124,52.103],[-7.148,52.109],[-7.218,52.099]]],[[[-7.009,52.109],[-6.975,52.11],[-6.978,52.113],[-7.009,52.109]]],[[[-6.321,53.943],[-6.23,53.954],[-6.259,53.957],[-6.305,53.974],[-6.321,53.946],[-6.321,53.943]]],[[[-6.092,52.747],[-6.071,52.767],[-6.059,52.822],[-6.063,52.82],[-6.087,52.79],[-6.092,52.747]]],[[[-6.082,53.973],[-6.072,53.974],[-6.036,53.986],[-6.054,54],[-6.062,53.984],[-6.082,53.973]]],[[[-5.804,54.115],[-5.731,54.175],[-5.723,54.193],[-5.733,54.198],[-5.793,54.194],[-5.789,54.159],[-5.804,54.115]]],[[[-5.778,50.134],[-5.429,50.068],[-5.282,49.964],[-4.967,50.212],[-4.541,50.358],[-4.303,50.324],[-4.243,50.391],[-4.004,50.314],[-3.882,50.2],[-3.715,50.219],[-3.563,50.361],[-3.521,50.617],[-3.111,50.657],[-2.961,50.722],[-2.551,50.57],[-2.432,50.646],[-2.024,50.57],[-2.085,50.703],[-1.373,50.766],[-1.103,50.817],[-0.839,50.722],[-0.336,50.817],[0.192,50.731],[0.673,50.931],[0.888,50.893],[0.886,50.982],[1.335,51.121],[1.365,51.353],[1.189,51.405],[1.03,51.359],[0.804,51.378],[0.254,51.454],[0.686,51.56],[1.031,51.813],[1.512,52.026],[1.657,52.212],[1.692,52.311],[1.586,52.65],[1.376,52.809],[1.013,52.888],[0.742,52.901],[0.505,52.848],[0.327,52.707],[0.006,52.787],[0.251,53.04],[0.268,53.127],[0.175,53.293],[0.081,53.386],[-0.319,53.579],[-0.235,53.799],[-0.296,54.033],[-0.605,54.3],[-0.871,54.547],[-1.192,54.595],[-1.389,54.68],[-1.556,54.922],[-1.696,55.273],[-1.666,55.38],[-1.719,55.454],[-1.942,55.556],[-2.245,55.811],[-2.297,55.824],[-2.454,55.382],[-2.755,54.916],[-3.174,54.845],[-3.153,54.838],[-3.43,54.643],[-3.569,54.415],[-3.479,54.275],[-3.261,54.141],[-2.886,54.169],[-2.865,54.028],[-2.98,53.821],[-3.057,53.514],[-2.914,53.267],[-3.33,53.233],[-3.957,53.205],[-4.318,53.091],[-4.492,52.991],[-4.621,52.831],[-4.468,52.811],[-4.148,52.832],[-4.094,52.746],[-4.124,52.373],[-4.295,52.2],[-4.619,52.094],[-5.061,52.006],[-5.249,51.86],[-5.179,51.787],[-4.999,51.702],[-4.159,51.677],[-3.499,51.46],[-3.173,51.467],[-2.75,51.644],[-2.895,51.394],[-3.033,51.33],[-3.066,51.178],[-3.483,51.181],[-3.825,51.235],[-4.281,51.187],[-4.277,51.064],[-4.443,50.969],[-4.552,50.997],[-4.605,50.779],[-4.815,50.604],[-5.017,50.561],[-5.238,50.346],[-5.778,50.134]]],[[[-5.756,55.477],[-5.698,55.331],[-5.62,55.33],[-5.482,55.443],[-5.518,55.668],[-5.689,55.628],[-5.756,55.477]]],[[[-4.569,53.388],[-4.567,53.273],[-4.494,53.189],[-4.402,53.126],[-4.351,53.124],[-4.326,53.145],[-4.218,53.2],[-4.101,53.248],[-4.047,53.303],[-4.222,53.322],[-4.277,53.398],[-4.314,53.412],[-4.429,53.424],[-4.56,53.397],[-4.569,53.388]]]]}}],"metadata":{"source":"historical-basemaps (aourednik)","sourceUrl":"https://github.com/aourednik/historical-basemaps","license":"GPL-3.0","commit":"62d8f1a03a71f2d3ff17f2d166f7553f256bce68","borderPrecision":"概略（出典は確定境界を含むが、簡略化により数 km の近似）"}}