{
  "type": "FeatureCollection",
  "features": [
    {
      "type": "Feature",
      "properties": {
        "NAME": "Holy Roman Empire",
        "SUBJECTO": "Holy Roman Empire",
        "PARTOF": "Holy Roman Empire",
        "ADMIN_LEVEL": 2,
        "OHM_RELATION_ID": 2805484,
        "START_DATE": "0983",
        "END_DATE": "1002",
        "EXTENT_ONLY": true
      },
      "geometry": {
        "type": "MultiPolygon",
        "coordinates": [
          [
            [
              [
                7.956,
                54.134
              ],
              [
                7.992,
                54.156
              ],
              [
                8.006,
                54.182
              ],
              [
                8.001,
                54.209
              ],
              [
                7.971,
                54.232
              ],
              [
                7.931,
                54.241
              ],
              [
                7.842,
                54.24
              ],
              [
                7.8,
                54.224
              ],
              [
                7.781,
                54.203
              ],
              [
                7.787,
                54.169
              ],
              [
                7.841,
                54.127
              ],
              [
                7.896,
                54.118
              ],
              [
                7.956,
                54.134
              ]
            ]
          ],
          [
            [
              [
                8.531,
                54.221
              ],
              [
                8.525,
                54.221
              ],
              [
                8.523,
                54.193
              ],
              [
                8.535,
                54.169
              ],
              [
                8.523,
                54.153
              ],
              [
                8.521,
                54.125
              ],
              [
                8.506,
                54.097
              ],
              [
                8.517,
                54.012
              ],
              [
                8.363,
                54.029
              ],
              [
                8.299,
                54.013
              ],
              [
                8.263,
                53.978
              ],
              [
                8.261,
                53.943
              ],
              [
                8.281,
                53.913
              ],
              [
                8.253,
                53.902
              ],
              [
                8.225,
                53.878
              ],
              [
                8.218,
                53.858
              ],
              [
                8.226,
                53.83
              ],
              [
                8.083,
                53.815
              ],
              [
                8.024,
                53.831
              ],
              [
                7.866,
                53.846
              ],
              [
                7.811,
                53.836
              ],
              [
                7.683,
                53.835
              ],
              [
                7.618,
                53.815
              ],
              [
                7.494,
                53.81
              ],
              [
                7.412,
                53.789
              ],
              [
                7.327,
                53.78
              ],
              [
                7.181,
                53.776
              ],
              [
                7.124,
                53.765
              ],
              [
                7.066,
                53.742
              ],
              [
                6.814,
                53.716
              ],
              [
                6.75,
                53.688
              ],
              [
                6.73,
                53.67
              ],
              [
                6.605,
                53.65
              ],
              [
                6.567,
                53.627
              ],
              [
                6.547,
                53.601
              ],
              [
                6.475,
                53.607
              ],
              [
                6.422,
                53.593
              ],
              [
                6.382,
                53.567
              ],
              [
                6.15,
                53.554
              ],
              [
                6.076,
                53.531
              ],
              [
                5.984,
                53.519
              ],
              [
                5.89,
                53.524
              ],
              [
                5.751,
                53.517
              ],
              [
                5.643,
                53.525
              ],
              [
                5.561,
                53.494
              ],
              [
                5.462,
                53.496
              ],
              [
                5.189,
                53.454
              ],
              [
                5.141,
                53.44
              ],
              [
                5.085,
                53.412
              ],
              [
                5.044,
                53.362
              ],
              [
                4.941,
                53.332
              ],
              [
                4.784,
                53.255
              ],
              [
                4.768,
                53.237
              ],
              [
                4.759,
                53.207
              ],
              [
                4.686,
                53.14
              ],
              [
                4.638,
                53.072
              ],
              [
                4.625,
                53.026
              ],
              [
                4.636,
                52.977
              ],
              [
                4.626,
                52.954
              ],
              [
                4.623,
                52.9
              ],
              [
                4.552,
                52.747
              ],
              [
                4.537,
                52.618
              ],
              [
                4.519,
                52.562
              ],
              [
                4.499,
                52.508
              ],
              [
                4.421,
                52.355
              ],
              [
                4.359,
                52.278
              ],
              [
                4.268,
                52.188
              ],
              [
                4.123,
                52.092
              ],
              [
                4.033,
                52.017
              ],
              [
                4.015,
                51.994
              ],
              [
                4.008,
                51.964
              ],
              [
                3.971,
                51.935
              ],
              [
                3.945,
                51.898
              ],
              [
                3.823,
                51.863
              ],
              [
                3.779,
                51.831
              ],
              [
                3.769,
                51.798
              ],
              [
                3.666,
                51.778
              ],
              [
                3.612,
                51.746
              ],
              [
                3.597,
                51.727
              ],
              [
                3.591,
                51.702
              ],
              [
                3.597,
                51.676
              ],
              [
                3.616,
                51.648
              ],
              [
                3.533,
                51.644
              ],
              [
                3.402,
                51.592
              ],
              [
                3.362,
                51.569
              ],
              [
                3.34,
                51.533
              ],
              [
                3.344,
                51.512
              ],
              [
                3.364,
                51.489
              ],
              [
                3.43,
                51.447
              ],
              [
                3.67,
                51.417
              ],
              [
                3.838,
                51.361
              ],
              [
                3.924,
                51.379
              ],
              [
                3.962,
                51.422
              ],
              [
                4.024,
                51.42
              ],
              [
                4.107,
                51.379
              ],
              [
                4.209,
                51.389
              ],
              [
                4.224,
                51.362
              ],
              [
                4.268,
                51.336
              ],
              [
                4.278,
                51.304
              ],
              [
                4.319,
                51.285
              ],
              [
                4.303,
                51.258
              ],
              [
                4.399,
                51.236
              ],
              [
                4.386,
                51.211
              ],
              [
                4.355,
                51.193
              ],
              [
                4.35,
                51.172
              ],
              [
                4.322,
                51.131
              ],
              [
                4.257,
                51.114
              ],
              [
                4.216,
                51.12
              ],
              [
                4.182,
                51.1
              ],
              [
                4.177,
                51.086
              ],
              [
                4.197,
                51.057
              ],
              [
                4.193,
                51.035
              ],
              [
                4.173,
                51.031
              ],
              [
                4.14,
                51.058
              ],
              [
                4.11,
                51.034
              ],
              [
                4.067,
                51.049
              ],
              [
                4.009,
                51.006
              ],
              [
                3.92,
                51.017
              ],
              [
                3.816,
                50.991
              ],
              [
                3.769,
                51.049
              ],
              [
                3.738,
                51.047
              ],
              [
                3.722,
                51
              ],
              [
                3.687,
                50.958
              ],
              [
                3.65,
                50.955
              ],
              [
                3.659,
                50.92
              ],
              [
                3.688,
                50.908
              ],
              [
                3.678,
                50.89
              ],
              [
                3.631,
                50.881
              ],
              [
                3.624,
                50.854
              ],
              [
                3.576,
                50.822
              ],
              [
                3.555,
                50.819
              ],
              [
                3.433,
                50.75
              ],
              [
                3.37,
                50.725
              ],
              [
                3.345,
                50.696
              ],
              [
                3.355,
                50.671
              ],
              [
                3.346,
                50.657
              ],
              [
                3.354,
                50.641
              ],
              [
                3.393,
                50.625
              ],
              [
                3.423,
                50.655
              ],
              [
                3.478,
                50.617
              ],
              [
                3.43,
                50.589
              ],
              [
                3.442,
                50.583
              ],
              [
                3.445,
                50.565
              ],
              [
                3.434,
                50.556
              ],
              [
                3.475,
                50.558
              ],
              [
                3.473,
                50.497
              ],
              [
                3.59,
                50.438
              ],
              [
                3.521,
                50.372
              ],
              [
                3.497,
                50.329
              ],
              [
                3.47,
                50.314
              ],
              [
                3.404,
                50.323
              ],
              [
                3.341,
                50.302
              ],
              [
                3.335,
                50.28
              ],
              [
                3.309,
                50.266
              ],
              [
                3.309,
                50.236
              ],
              [
                3.227,
                50.196
              ],
              [
                3.131,
                50.181
              ],
              [
                3.091,
                50.121
              ],
              [
                3.103,
                50.082
              ],
              [
                3.136,
                50.058
              ],
              [
                3.261,
                50.052
              ],
              [
                3.362,
                50.028
              ],
              [
                3.468,
                50.051
              ],
              [
                3.531,
                50.039
              ],
              [
                3.656,
                50.047
              ],
              [
                3.798,
                50
              ],
              [
                3.818,
                50.04
              ],
              [
                3.93,
                50.075
              ],
              [
                4.287,
                49.985
              ],
              [
                4.504,
                49.987
              ],
              [
                4.731,
                49.901
              ],
              [
                4.848,
                49.795
              ],
              [
                4.682,
                49.789
              ],
              [
                4.618,
                49.727
              ],
              [
                4.684,
                49.653
              ],
              [
                4.816,
                49.565
              ],
              [
                4.83,
                49.458
              ],
              [
                4.79,
                49.354
              ],
              [
                4.791,
                49.284
              ],
              [
                4.732,
                49.201
              ],
              [
                4.822,
                49.166
              ],
              [
                4.941,
                49.148
              ],
              [
                5.023,
                49.126
              ],
              [
                5.05,
                49.052
              ],
              [
                4.981,
                48.986
              ],
              [
                4.927,
                48.917
              ],
              [
                4.944,
                48.857
              ],
              [
                5.011,
                48.853
              ],
              [
                5.051,
                48.84
              ],
              [
                5.109,
                48.749
              ],
              [
                5.107,
                48.682
              ],
              [
                5.159,
                48.635
              ],
              [
                5.236,
                48.617
              ],
              [
                5.256,
                48.585
              ],
              [
                5.254,
                48.356
              ],
              [
                5.342,
                48.335
              ],
              [
                5.365,
                48.303
              ],
              [
                5.422,
                48.29
              ],
              [
                5.474,
                48.226
              ],
              [
                5.461,
                48.178
              ],
              [
                5.471,
                48.136
              ],
              [
                5.551,
                48.129
              ],
              [
                5.622,
                48.092
              ],
              [
                5.627,
                48.061
              ],
              [
                5.677,
                48.062
              ],
              [
                5.727,
                48.084
              ],
              [
                5.922,
                48.085
              ],
              [
                6.015,
                48.011
              ],
              [
                6.088,
                48.024
              ],
              [
                6.084,
                48.05
              ],
              [
                6.027,
                48.115
              ],
              [
                6.008,
                48.178
              ],
              [
                6.13,
                48.178
              ],
              [
                6.225,
                48.097
              ],
              [
                6.38,
                48.086
              ],
              [
                6.428,
                47.986
              ],
              [
                6.475,
                47.973
              ],
              [
                6.511,
                47.986
              ],
              [
                6.563,
                47.97
              ],
              [
                6.659,
                47.882
              ],
              [
                6.823,
                47.814
              ],
              [
                6.741,
                47.754
              ],
              [
                6.761,
                47.7
              ],
              [
                6.716,
                47.671
              ],
              [
                6.79,
                47.598
              ],
              [
                6.839,
                47.612
              ],
              [
                6.894,
                47.653
              ],
              [
                7.189,
                47.523
              ],
              [
                7.162,
                47.485
              ],
              [
                7.335,
                47.447
              ],
              [
                7.43,
                47.462
              ],
              [
                7.535,
                47.543
              ],
              [
                7.572,
                47.612
              ],
              [
                7.618,
                47.619
              ],
              [
                7.693,
                47.578
              ],
              [
                7.803,
                47.598
              ],
              [
                7.854,
                47.62
              ],
              [
                7.929,
                47.613
              ],
              [
                7.965,
                47.591
              ],
              [
                8.183,
                47.657
              ],
              [
                8.255,
                47.59
              ],
              [
                8.275,
                47.464
              ],
              [
                8.361,
                47.416
              ],
              [
                8.429,
                47.283
              ],
              [
                8.443,
                47.203
              ],
              [
                8.388,
                47.142
              ],
              [
                8.352,
                47.044
              ],
              [
                8.366,
                46.819
              ],
              [
                8.453,
                46.775
              ],
              [
                8.458,
                46.707
              ],
              [
                8.428,
                46.664
              ],
              [
                8.425,
                46.558
              ],
              [
                8.477,
                46.528
              ],
              [
                8.442,
                46.494
              ],
              [
                8.392,
                46.495
              ],
              [
                8.385,
                46.452
              ],
              [
                8.367,
                46.452
              ],
              [
                8.326,
                46.427
              ],
              [
                8.304,
                46.423
              ],
              [
                8.29,
                46.409
              ],
              [
                8.316,
                46.398
              ],
              [
                8.313,
                46.377
              ],
              [
                8.284,
                46.364
              ],
              [
                8.264,
                46.365
              ],
              [
                8.266,
                46.352
              ],
              [
                8.224,
                46.334
              ],
              [
                8.222,
                46.323
              ],
              [
                8.199,
                46.302
              ],
              [
                8.16,
                46.296
              ],
              [
                8.141,
                46.302
              ],
              [
                8.084,
                46.261
              ],
              [
                8.032,
                46.271
              ],
              [
                7.985,
                46.251
              ],
              [
                7.98,
                46.223
              ],
              [
                8.007,
                46.142
              ],
              [
                8.035,
                46.101
              ],
              [
                8.022,
                46.07
              ],
              [
                8.034,
                46.044
              ],
              [
                8.016,
                46.033
              ],
              [
                8.013,
                46.016
              ],
              [
                8.001,
                46.012
              ],
              [
                7.989,
                45.996
              ],
              [
                7.909,
                45.997
              ],
              [
                7.88,
                45.975
              ],
              [
                7.869,
                45.937
              ],
              [
                7.874,
                45.923
              ],
              [
                7.861,
                45.918
              ],
              [
                7.822,
                45.927
              ],
              [
                7.797,
                45.919
              ],
              [
                7.751,
                45.94
              ],
              [
                7.735,
                45.924
              ],
              [
                7.721,
                45.923
              ],
              [
                7.71,
                45.948
              ],
              [
                7.681,
                45.957
              ],
              [
                7.666,
                45.974
              ],
              [
                7.589,
                45.971
              ],
              [
                7.579,
                45.986
              ],
              [
                7.567,
                45.987
              ],
              [
                7.547,
                45.985
              ],
              [
                7.54,
                45.956
              ],
              [
                7.499,
                45.962
              ],
              [
                7.474,
                45.949
              ],
              [
                7.475,
                45.937
              ],
              [
                7.445,
                45.932
              ],
              [
                7.386,
                45.897
              ],
              [
                7.344,
                45.915
              ],
              [
                7.324,
                45.91
              ],
              [
                7.294,
                45.922
              ],
              [
                7.259,
                45.891
              ],
              [
                7.22,
                45.889
              ],
              [
                7.202,
                45.876
              ],
              [
                7.195,
                45.86
              ],
              [
                7.173,
                45.864
              ],
              [
                7.157,
                45.879
              ],
              [
                7.118,
                45.859
              ],
              [
                7.104,
                45.859
              ],
              [
                7.064,
                45.9
              ],
              [
                7.063,
                45.911
              ],
              [
                7.044,
                45.923
              ],
              [
                7.019,
                45.915
              ],
              [
                7.004,
                45.9
              ],
              [
                6.997,
                45.872
              ],
              [
                6.953,
                45.861
              ],
              [
                6.938,
                45.847
              ],
              [
                6.914,
                45.841
              ],
              [
                6.879,
                45.849
              ],
              [
                6.867,
                45.824
              ],
              [
                6.843,
                45.841
              ],
              [
                6.818,
                45.835
              ],
              [
                6.807,
                45.817
              ],
              [
                6.812,
                45.799
              ],
              [
                6.802,
                45.777
              ],
              [
                6.807,
                45.746
              ],
              [
                6.816,
                45.741
              ],
              [
                6.809,
                45.728
              ],
              [
                6.828,
                45.704
              ],
              [
                6.87,
                45.68
              ],
              [
                6.905,
                45.678
              ],
              [
                6.903,
                45.665
              ],
              [
                6.931,
                45.646
              ],
              [
                6.961,
                45.655
              ],
              [
                6.999,
                45.641
              ],
              [
                6.983,
                45.617
              ],
              [
                6.978,
                45.588
              ],
              [
                6.995,
                45.576
              ],
              [
                6.99,
                45.532
              ],
              [
                7.005,
                45.517
              ],
              [
                7.002,
                45.503
              ],
              [
                7.054,
                45.496
              ],
              [
                7.062,
                45.488
              ],
              [
                7.051,
                45.487
              ],
              [
                7.048,
                45.473
              ],
              [
                7.105,
                45.468
              ],
              [
                7.1,
                45.456
              ],
              [
                7.117,
                45.433
              ],
              [
                7.186,
                45.403
              ],
              [
                7.163,
                45.38
              ],
              [
                7.162,
                45.362
              ],
              [
                7.135,
                45.348
              ],
              [
                7.132,
                45.33
              ],
              [
                7.112,
                45.328
              ],
              [
                7.11,
                45.318
              ],
              [
                7.135,
                45.282
              ],
              [
                7.136,
                45.255
              ],
              [
                7.125,
                45.245
              ],
              [
                7.111,
                45.247
              ],
              [
                7.068,
                45.21
              ],
              [
                7.047,
                45.228
              ],
              [
                7.002,
                45.239
              ],
              [
                6.979,
                45.264
              ],
              [
                6.913,
                45.264
              ],
              [
                6.888,
                45.256
              ],
              [
                6.887,
                45.246
              ],
              [
                6.872,
                45.235
              ],
              [
                6.876,
                45.23
              ],
              [
                6.86,
                45.227
              ],
              [
                6.866,
                45.211
              ],
              [
                6.909,
                45.201
              ],
              [
                6.938,
                45.171
              ],
              [
                6.894,
                45.169
              ],
              [
                6.884,
                45.157
              ],
              [
                6.895,
                45.138
              ],
              [
                6.851,
                45.127
              ],
              [
                6.815,
                45.148
              ],
              [
                6.771,
                45.159
              ],
              [
                6.743,
                45.138
              ],
              [
                6.709,
                45.144
              ],
              [
                6.679,
                45.139
              ],
              [
                6.673,
                45.125
              ],
              [
                6.633,
                45.112
              ],
              [
                6.617,
                45.121
              ],
              [
                6.579,
                45.122
              ],
              [
                6.549,
                45.102
              ],
              [
                6.558,
                45.08
              ],
              [
                6.594,
                45.07
              ],
              [
                6.608,
                45.052
              ],
              [
                6.639,
                45.055
              ],
              [
                6.647,
                45.027
              ],
              [
                6.741,
                45.017
              ],
              [
                6.751,
                44.999
              ],
              [
                6.716,
                44.978
              ],
              [
                6.716,
                44.968
              ],
              [
                6.736,
                44.93
              ],
              [
                6.751,
                44.918
              ],
              [
                6.75,
                44.908
              ],
              [
                6.774,
                44.902
              ],
              [
                6.784,
                44.891
              ],
              [
                6.802,
                44.891
              ],
              [
                6.806,
                44.877
              ],
              [
                6.863,
                44.851
              ],
              [
                6.911,
                44.845
              ],
              [
                6.936,
                44.862
              ],
              [
                7.004,
                44.841
              ],
              [
                7.009,
                44.827
              ],
              [
                7.024,
                44.823
              ],
              [
                7.002,
                44.787
              ],
              [
                7.019,
                44.777
              ],
              [
                7.024,
                44.74
              ],
              [
                7.033,
                44.728
              ],
              [
                7.064,
                44.714
              ],
              [
                7.091,
                44.65
              ],
              [
                7.101,
                44.595
              ],
              [
                7.081,
                44.572
              ],
              [
                6.997,
                44.535
              ],
              [
                6.953,
                44.553
              ],
              [
                6.938,
                44.548
              ],
              [
                6.917,
                44.562
              ],
              [
                6.879,
                44.554
              ],
              [
                6.855,
                44.527
              ],
              [
                6.858,
                44.508
              ],
              [
                6.878,
                44.48
              ],
              [
                6.902,
                44.47
              ],
              [
                6.911,
                44.452
              ],
              [
                6.947,
                44.427
              ],
              [
                6.892,
                44.42
              ],
              [
                6.896,
                44.376
              ],
              [
                6.888,
                44.361
              ],
              [
                6.923,
                44.351
              ],
              [
                6.929,
                44.332
              ],
              [
                6.959,
                44.312
              ],
              [
                6.96,
                44.294
              ],
              [
                6.972,
                44.293
              ],
              [
                6.972,
                44.284
              ],
              [
                6.993,
                44.281
              ],
              [
                6.998,
                44.25
              ],
              [
                7.021,
                44.22
              ],
              [
                7.073,
                44.201
              ],
              [
                7.102,
                44.123
              ],
              [
                7.153,
                44.11
              ],
              [
                7.153,
                44.096
              ],
              [
                7.173,
                44.081
              ],
              [
                7.193,
                44.079
              ],
              [
                7.238,
                44.1
              ],
              [
                7.242,
                44.112
              ],
              [
                7.258,
                44.099
              ],
              [
                7.273,
                44.108
              ],
              [
                7.286,
                44.098
              ],
              [
                7.291,
                44.071
              ],
              [
                7.341,
                44.077
              ],
              [
                7.38,
                44.051
              ],
              [
                7.445,
                44.045
              ],
              [
                7.534,
                44.051
              ],
              [
                7.612,
                44.017
              ],
              [
                7.641,
                43.996
              ],
              [
                7.618,
                43.976
              ],
              [
                7.589,
                43.973
              ],
              [
                7.604,
                43.962
              ],
              [
                7.554,
                43.948
              ],
              [
                7.545,
                43.913
              ],
              [
                7.528,
                43.918
              ],
              [
                7.511,
                43.909
              ],
              [
                7.49,
                43.924
              ],
              [
                7.492,
                43.898
              ],
              [
                7.505,
                43.881
              ],
              [
                7.496,
                43.853
              ],
              [
                7.508,
                43.842
              ],
              [
                7.518,
                43.807
              ],
              [
                7.509,
                43.79
              ],
              [
                7.539,
                43.746
              ],
              [
                7.559,
                43.742
              ],
              [
                7.591,
                43.751
              ],
              [
                7.691,
                43.74
              ],
              [
                7.722,
                43.757
              ],
              [
                7.753,
                43.758
              ],
              [
                7.79,
                43.776
              ],
              [
                7.842,
                43.778
              ],
              [
                7.886,
                43.797
              ],
              [
                7.968,
                43.811
              ],
              [
                8.103,
                43.86
              ],
              [
                8.129,
                43.886
              ],
              [
                8.216,
                43.931
              ],
              [
                8.227,
                43.953
              ],
              [
                8.216,
                43.981
              ],
              [
                8.267,
                44.02
              ],
              [
                8.279,
                44.039
              ],
              [
                8.282,
                44.079
              ],
              [
                8.323,
                44.12
              ],
              [
                8.449,
                44.157
              ],
              [
                8.47,
                44.175
              ],
              [
                8.476,
                44.208
              ],
              [
                8.502,
                44.239
              ],
              [
                8.514,
                44.271
              ],
              [
                8.551,
                44.298
              ],
              [
                8.752,
                44.384
              ],
              [
                9.083,
                44.334
              ],
              [
                9.094,
                44.331
              ],
              [
                9.093,
                44.314
              ],
              [
                9.114,
                44.291
              ],
              [
                9.205,
                44.262
              ],
              [
                9.253,
                44.27
              ],
              [
                9.27,
                44.29
              ],
              [
                9.331,
                44.266
              ],
              [
                9.344,
                44.243
              ],
              [
                9.37,
                44.223
              ],
              [
                9.463,
                44.196
              ],
              [
                9.517,
                44.171
              ],
              [
                9.597,
                44.108
              ],
              [
                9.631,
                44.096
              ],
              [
                9.657,
                44.1
              ],
              [
                9.709,
                44.06
              ],
              [
                9.785,
                44.028
              ],
              [
                9.825,
                43.998
              ],
              [
                9.861,
                43.997
              ],
              [
                9.878,
                44.003
              ],
              [
                9.898,
                44.024
              ],
              [
                9.943,
                44.002
              ],
              [
                10.001,
                44.002
              ],
              [
                10.046,
                43.989
              ],
              [
                10.116,
                43.94
              ],
              [
                10.181,
                43.87
              ],
              [
                10.21,
                43.796
              ],
              [
                10.223,
                43.739
              ],
              [
                10.226,
                43.701
              ],
              [
                10.216,
                43.678
              ],
              [
                10.232,
                43.638
              ],
              [
                10.243,
                43.577
              ],
              [
                10.238,
                43.553
              ],
              [
                10.252,
                43.515
              ],
              [
                10.267,
                43.499
              ],
              [
                10.283,
                43.456
              ],
              [
                10.337,
                43.422
              ],
              [
                10.363,
                43.377
              ],
              [
                10.389,
                43.359
              ],
              [
                10.411,
                43.307
              ],
              [
                10.457,
                43.269
              ],
              [
                10.473,
                43.234
              ],
              [
                10.486,
                43.161
              ],
              [
                10.481,
                43.068
              ],
              [
                10.473,
                43.039
              ],
              [
                10.437,
                43.008
              ],
              [
                10.43,
                42.991
              ],
              [
                10.435,
                42.945
              ],
              [
                10.451,
                42.912
              ],
              [
                10.496,
                42.888
              ],
              [
                10.529,
                42.881
              ],
              [
                10.574,
                42.889
              ],
              [
                10.599,
                42.913
              ],
              [
                10.62,
                42.915
              ],
              [
                10.678,
                42.908
              ],
              [
                10.723,
                42.89
              ],
              [
                10.716,
                42.869
              ],
              [
                10.719,
                42.846
              ],
              [
                10.687,
                42.826
              ],
              [
                10.679,
                42.809
              ],
              [
                10.686,
                42.781
              ],
              [
                10.754,
                42.743
              ],
              [
                10.874,
                42.722
              ],
              [
                10.924,
                42.703
              ],
              [
                10.94,
                42.688
              ],
              [
                10.973,
                42.633
              ],
              [
                11.03,
                42.607
              ],
              [
                11.094,
                42.526
              ],
              [
                11.136,
                42.513
              ],
              [
                11.136,
                42.482
              ],
              [
                11.082,
                42.483
              ],
              [
                11.039,
                42.446
              ],
              [
                11.036,
                42.395
              ],
              [
                11.061,
                42.365
              ],
              [
                11.094,
                42.352
              ],
              [
                11.117,
                42.332
              ],
              [
                11.15,
                42.322
              ],
              [
                11.21,
                42.328
              ],
              [
                11.261,
                42.371
              ],
              [
                11.356,
                42.36
              ],
              [
                11.495,
                42.319
              ],
              [
                11.594,
                42.268
              ],
              [
                11.652,
                42.212
              ],
              [
                11.696,
                42.124
              ],
              [
                11.797,
                42.002
              ],
              [
                11.833,
                41.99
              ],
              [
                11.905,
                41.996
              ],
              [
                11.95,
                41.964
              ],
              [
                11.991,
                41.952
              ],
              [
                12.012,
                41.929
              ],
              [
                12.099,
                41.891
              ],
              [
                12.155,
                41.814
              ],
              [
                12.18,
                41.72
              ],
              [
                12.32,
                41.665
              ],
              [
                12.395,
                41.616
              ],
              [
                12.506,
                41.515
              ],
              [
                12.584,
                41.417
              ],
              [
                12.625,
                41.405
              ],
              [
                12.674,
                41.413
              ],
              [
                12.755,
                41.372
              ],
              [
                12.827,
                41.376
              ],
              [
                12.872,
                41.359
              ],
              [
                12.943,
                41.305
              ],
              [
                13.002,
                41.203
              ],
              [
                13.047,
                41.185
              ],
              [
                13.114,
                41.188
              ],
              [
                13.18,
                41.234
              ],
              [
                13.225,
                41.245
              ],
              [
                13.261,
                41.243
              ],
              [
                13.294,
                41.296
              ],
              [
                13.31,
                41.306
              ],
              [
                13.304,
                41.329
              ],
              [
                13.265,
                41.357
              ],
              [
                13.278,
                41.398
              ],
              [
                13.381,
                41.404
              ],
              [
                13.423,
                41.376
              ],
              [
                13.486,
                41.391
              ],
              [
                13.479,
                41.44
              ],
              [
                13.449,
                41.463
              ],
              [
                13.477,
                41.489
              ],
              [
                13.581,
                41.491
              ],
              [
                13.523,
                41.564
              ],
              [
                13.551,
                41.634
              ],
              [
                13.545,
                41.672
              ],
              [
                13.528,
                41.707
              ],
              [
                13.522,
                41.738
              ],
              [
                13.497,
                41.767
              ],
              [
                13.549,
                41.792
              ],
              [
                13.597,
                41.799
              ],
              [
                13.645,
                41.788
              ],
              [
                13.682,
                41.805
              ],
              [
                13.736,
                41.858
              ],
              [
                13.773,
                41.865
              ],
              [
                13.818,
                41.863
              ],
              [
                13.854,
                41.851
              ],
              [
                13.887,
                41.821
              ],
              [
                13.887,
                41.732
              ],
              [
                13.923,
                41.736
              ],
              [
                13.959,
                41.729
              ],
              [
                14.005,
                41.712
              ],
              [
                14.051,
                41.671
              ],
              [
                14.119,
                41.672
              ],
              [
                14.189,
                41.754
              ],
              [
                14.238,
                41.781
              ],
              [
                14.308,
                41.806
              ],
              [
                14.545,
                41.836
              ],
              [
                14.592,
                41.82
              ],
              [
                14.605,
                41.84
              ],
              [
                14.604,
                41.864
              ],
              [
                14.641,
                41.899
              ],
              [
                14.686,
                41.9
              ],
              [
                14.76,
                41.883
              ],
              [
                14.824,
                41.885
              ],
              [
                14.815,
                41.92
              ],
              [
                14.766,
                41.967
              ],
              [
                14.773,
                41.997
              ],
              [
                14.86,
                42.077
              ],
              [
                14.776,
                42.116
              ],
              [
                14.77,
                42.176
              ],
              [
                14.755,
                42.2
              ],
              [
                14.728,
                42.216
              ],
              [
                14.647,
                42.234
              ],
              [
                14.555,
                42.276
              ],
              [
                14.539,
                42.301
              ],
              [
                14.477,
                42.343
              ],
              [
                14.472,
                42.368
              ],
              [
                14.46,
                42.38
              ],
              [
                14.332,
                42.448
              ],
              [
                14.264,
                42.5
              ],
              [
                14.226,
                42.52
              ],
              [
                14.122,
                42.62
              ],
              [
                14.051,
                42.715
              ],
              [
                13.995,
                42.815
              ],
              [
                13.974,
                42.896
              ],
              [
                13.924,
                42.998
              ],
              [
                13.896,
                43.107
              ],
              [
                13.868,
                43.158
              ],
              [
                13.865,
                43.178
              ],
              [
                13.782,
                43.327
              ],
              [
                13.76,
                43.35
              ],
              [
                13.714,
                43.451
              ],
              [
                13.678,
                43.508
              ],
              [
                13.68,
                43.552
              ],
              [
                13.672,
                43.569
              ],
              [
                13.616,
                43.6
              ],
              [
                13.569,
                43.647
              ],
              [
                13.541,
                43.66
              ],
              [
                13.499,
                43.67
              ],
              [
                13.457,
                43.651
              ],
              [
                13.319,
                43.71
              ],
              [
                13.168,
                43.803
              ],
              [
                13.061,
                43.88
              ],
              [
                13.022,
                43.894
              ],
              [
                12.941,
                43.954
              ],
              [
                12.81,
                44.003
              ],
              [
                12.741,
                44.008
              ],
              [
                12.722,
                44.017
              ],
              [
                12.606,
                44.11
              ],
              [
                12.559,
                44.128
              ],
              [
                12.432,
                44.242
              ],
              [
                12.408,
                44.283
              ],
              [
                12.367,
                44.415
              ],
              [
                12.341,
                44.47
              ],
              [
                12.333,
                44.515
              ],
              [
                12.335,
                44.604
              ],
              [
                12.293,
                44.699
              ],
              [
                12.304,
                44.76
              ],
              [
                12.393,
                44.746
              ],
              [
                12.446,
                44.77
              ],
              [
                12.4,
                44.792
              ],
              [
                12.297,
                44.954
              ],
              [
                12.262,
                44.962
              ],
              [
                12.236,
                45.009
              ],
              [
                12.167,
                45.026
              ],
              [
                12.145,
                45.017
              ],
              [
                12.15,
                45.101
              ],
              [
                12.159,
                45.125
              ],
              [
                12.153,
                45.237
              ],
              [
                12.173,
                45.317
              ],
              [
                12.168,
                45.457
              ],
              [
                12.266,
                45.556
              ],
              [
                12.355,
                45.585
              ],
              [
                12.439,
                45.589
              ],
              [
                12.767,
                45.649
              ],
              [
                12.781,
                45.631
              ],
              [
                12.826,
                45.624
              ],
              [
                12.892,
                45.559
              ],
              [
                12.968,
                45.585
              ],
              [
                13.122,
                45.603
              ],
              [
                13.146,
                45.62
              ],
              [
                13.154,
                45.64
              ],
              [
                13.207,
                45.675
              ],
              [
                13.28,
                45.672
              ],
              [
                13.369,
                45.64
              ],
              [
                13.44,
                45.64
              ],
              [
                13.545,
                45.686
              ],
              [
                13.581,
                45.693
              ],
              [
                13.602,
                45.711
              ],
              [
                13.608,
                45.729
              ],
              [
                13.649,
                45.703
              ],
              [
                13.671,
                45.679
              ],
              [
                13.702,
                45.665
              ],
              [
                13.691,
                45.637
              ],
              [
                13.655,
                45.606
              ],
              [
                13.651,
                45.582
              ],
              [
                13.539,
                45.564
              ],
              [
                13.513,
                45.542
              ],
              [
                13.48,
                45.537
              ],
              [
                13.44,
                45.502
              ],
              [
                13.437,
                45.483
              ],
              [
                13.459,
                45.455
              ],
              [
                13.465,
                45.405
              ],
              [
                13.479,
                45.388
              ],
              [
                13.487,
                45.361
              ],
              [
                13.488,
                45.318
              ],
              [
                13.524,
                45.278
              ],
              [
                13.52,
                45.263
              ],
              [
                13.532,
                45.235
              ],
              [
                13.527,
                45.195
              ],
              [
                13.532,
                45.167
              ],
              [
                13.544,
                45.126
              ],
              [
                13.573,
                45.082
              ],
              [
                13.567,
                45.038
              ],
              [
                13.59,
                45.015
              ],
              [
                13.633,
                45.009
              ],
              [
                13.666,
                44.99
              ],
              [
                13.69,
                44.966
              ],
              [
                13.678,
                44.945
              ],
              [
                13.672,
                44.91
              ],
              [
                13.681,
                44.89
              ],
              [
                13.708,
                44.865
              ],
              [
                13.748,
                44.85
              ],
              [
                13.802,
                44.797
              ],
              [
                13.852,
                44.77
              ],
              [
                13.861,
                44.749
              ],
              [
                13.874,
                44.739
              ],
              [
                13.925,
                44.729
              ],
              [
                13.969,
                44.735
              ],
              [
                14,
                44.761
              ],
              [
                14.042,
                44.778
              ],
              [
                14.056,
                44.799
              ],
              [
                14.042,
                44.835
              ],
              [
                14.053,
                44.87
              ],
              [
                14.09,
                44.909
              ],
              [
                14.119,
                44.924
              ],
              [
                14.17,
                44.923
              ],
              [
                14.217,
                44.963
              ],
              [
                14.224,
                44.995
              ],
              [
                14.214,
                45.054
              ],
              [
                14.238,
                45.078
              ],
              [
                14.247,
                45.127
              ],
              [
                14.278,
                45.187
              ],
              [
                14.302,
                45.209
              ],
              [
                14.329,
                45.284
              ],
              [
                14.346,
                45.307
              ],
              [
                14.328,
                45.351
              ],
              [
                14.352,
                45.356
              ],
              [
                14.414,
                45.509
              ],
              [
                14.468,
                45.533
              ],
              [
                14.496,
                45.608
              ],
              [
                14.521,
                45.647
              ],
              [
                14.656,
                45.605
              ],
              [
                14.661,
                45.56
              ],
              [
                14.702,
                45.553
              ],
              [
                14.763,
                45.511
              ],
              [
                14.749,
                45.453
              ],
              [
                14.798,
                45.451
              ],
              [
                14.868,
                45.485
              ],
              [
                14.915,
                45.525
              ],
              [
                14.941,
                45.532
              ],
              [
                15.011,
                45.488
              ],
              [
                15.104,
                45.482
              ],
              [
                15.171,
                45.417
              ],
              [
                15.269,
                45.468
              ],
              [
                15.343,
                45.463
              ],
              [
                15.388,
                45.498
              ],
              [
                15.296,
                45.535
              ],
              [
                15.282,
                45.612
              ],
              [
                15.309,
                45.625
              ],
              [
                15.397,
                45.632
              ],
              [
                15.406,
                45.663
              ],
              [
                15.393,
                45.703
              ],
              [
                15.297,
                45.708
              ],
              [
                15.289,
                45.751
              ],
              [
                15.315,
                45.765
              ],
              [
                15.383,
                45.762
              ],
              [
                15.454,
                45.828
              ],
              [
                15.557,
                45.852
              ],
              [
                15.62,
                45.846
              ],
              [
                15.729,
                45.915
              ],
              [
                15.799,
                45.975
              ],
              [
                15.828,
                46.067
              ],
              [
                15.822,
                46.243
              ],
              [
                15.907,
                46.323
              ],
              [
                16.022,
                46.416
              ],
              [
                16.019,
                46.563
              ],
              [
                16.047,
                46.644
              ],
              [
                15.959,
                46.783
              ],
              [
                15.927,
                46.87
              ],
              [
                15.841,
                46.883
              ],
              [
                15.783,
                46.942
              ],
              [
                15.739,
                46.961
              ],
              [
                15.723,
                46.984
              ],
              [
                15.664,
                47.004
              ],
              [
                15.601,
                47.119
              ],
              [
                15.565,
                47.136
              ],
              [
                15.536,
                47.167
              ],
              [
                15.484,
                47.194
              ],
              [
                15.455,
                47.238
              ],
              [
                15.478,
                47.3
              ],
              [
                15.583,
                47.349
              ],
              [
                15.636,
                47.493
              ],
              [
                15.683,
                47.515
              ],
              [
                15.735,
                47.574
              ],
              [
                15.78,
                47.589
              ],
              [
                15.855,
                47.593
              ],
              [
                15.857,
                47.632
              ],
              [
                15.797,
                47.652
              ],
              [
                15.726,
                47.646
              ],
              [
                15.734,
                47.715
              ],
              [
                15.709,
                47.717
              ],
              [
                15.68,
                47.701
              ],
              [
                15.614,
                47.739
              ],
              [
                15.624,
                47.77
              ],
              [
                15.6,
                47.799
              ],
              [
                15.653,
                47.818
              ],
              [
                15.631,
                47.877
              ],
              [
                15.657,
                47.904
              ],
              [
                15.759,
                47.935
              ],
              [
                15.812,
                47.989
              ],
              [
                15.886,
                47.997
              ],
              [
                15.93,
                48.034
              ],
              [
                15.897,
                48.068
              ],
              [
                15.965,
                48.139
              ],
              [
                15.958,
                48.205
              ],
              [
                16.03,
                48.269
              ],
              [
                16.125,
                48.322
              ],
              [
                16.16,
                48.363
              ],
              [
                16.254,
                48.364
              ],
              [
                16.33,
                48.33
              ],
              [
                16.346,
                48.25
              ],
              [
                16.458,
                48.172
              ],
              [
                16.653,
                48.108
              ],
              [
                16.735,
                48.128
              ],
              [
                16.798,
                48.113
              ],
              [
                16.907,
                48.13
              ],
              [
                16.976,
                48.172
              ],
              [
                16.911,
                48.313
              ],
              [
                16.844,
                48.359
              ],
              [
                16.857,
                48.468
              ],
              [
                16.941,
                48.539
              ],
              [
                16.947,
                48.618
              ],
              [
                16.858,
                48.63
              ],
              [
                16.779,
                48.683
              ],
              [
                16.762,
                48.72
              ],
              [
                16.682,
                48.722
              ],
              [
                16.572,
                48.751
              ],
              [
                16.518,
                48.756
              ],
              [
                16.452,
                48.72
              ],
              [
                16.362,
                48.707
              ],
              [
                16.277,
                48.708
              ],
              [
                16.201,
                48.721
              ],
              [
                16.147,
                48.739
              ],
              [
                16.102,
                48.741
              ],
              [
                15.966,
                48.796
              ],
              [
                15.96,
                48.821
              ],
              [
                15.781,
                48.876
              ],
              [
                15.76,
                48.852
              ],
              [
                15.719,
                48.842
              ],
              [
                15.677,
                48.86
              ],
              [
                15.616,
                48.918
              ],
              [
                15.555,
                48.913
              ],
              [
                15.498,
                48.964
              ],
              [
                15.437,
                48.955
              ],
              [
                15.399,
                48.972
              ],
              [
                15.361,
                48.964
              ],
              [
                15.353,
                48.986
              ],
              [
                15.323,
                48.98
              ],
              [
                15.295,
                48.956
              ],
              [
                15.215,
                48.941
              ],
              [
                15.197,
                48.953
              ],
              [
                15.215,
                48.964
              ],
              [
                15.203,
                48.975
              ],
              [
                15.094,
                48.98
              ],
              [
                15.068,
                49.014
              ],
              [
                14.996,
                49.008
              ],
              [
                14.974,
                48.944
              ],
              [
                14.989,
                48.9
              ],
              [
                14.945,
                48.894
              ],
              [
                14.892,
                48.911
              ],
              [
                14.874,
                48.84
              ],
              [
                14.811,
                48.794
              ],
              [
                14.735,
                48.699
              ],
              [
                14.705,
                48.585
              ],
              [
                14.662,
                48.584
              ],
              [
                14.613,
                48.63
              ],
              [
                14.558,
                48.607
              ],
              [
                14.478,
                48.648
              ],
              [
                14.45,
                48.643
              ],
              [
                14.435,
                48.589
              ],
              [
                14.387,
                48.595
              ],
              [
                14.333,
                48.553
              ],
              [
                14.267,
                48.584
              ],
              [
                14.052,
                48.606
              ],
              [
                14.018,
                48.645
              ],
              [
                14.053,
                48.654
              ],
              [
                14.061,
                48.675
              ],
              [
                14.002,
                48.705
              ],
              [
                13.941,
                48.725
              ],
              [
                13.872,
                48.772
              ],
              [
                13.805,
                48.775
              ],
              [
                13.816,
                48.799
              ],
              [
                13.734,
                48.885
              ],
              [
                13.677,
                48.877
              ],
              [
                13.625,
                48.937
              ],
              [
                13.632,
                48.946
              ],
              [
                13.526,
                48.976
              ],
              [
                13.488,
                48.937
              ],
              [
                13.402,
                48.976
              ],
              [
                13.418,
                49.009
              ],
              [
                13.344,
                49.094
              ],
              [
                13.299,
                49.126
              ],
              [
                13.223,
                49.119
              ],
              [
                13.171,
                49.182
              ],
              [
                13.067,
                49.268
              ],
              [
                13.033,
                49.267
              ],
              [
                13.037,
                49.307
              ],
              [
                12.91,
                49.343
              ],
              [
                12.793,
                49.344
              ],
              [
                12.717,
                49.426
              ],
              [
                12.673,
                49.427
              ],
              [
                12.646,
                49.479
              ],
              [
                12.651,
                49.522
              ],
              [
                12.588,
                49.73
              ],
              [
                12.5,
                49.716
              ],
              [
                12.464,
                49.831
              ],
              [
                12.478,
                49.903
              ],
              [
                12.519,
                49.99
              ],
              [
                12.494,
                50.108
              ],
              [
                12.437,
                50.168
              ],
              [
                12.557,
                50.238
              ],
              [
                12.557,
                50.305
              ],
              [
                12.497,
                50.366
              ],
              [
                12.511,
                50.391
              ],
              [
                12.66,
                50.425
              ],
              [
                12.704,
                50.406
              ],
              [
                12.8,
                50.41
              ],
              [
                12.881,
                50.441
              ],
              [
                13.024,
                50.437
              ],
              [
                13.064,
                50.54
              ],
              [
                13.149,
                50.513
              ],
              [
                13.307,
                50.624
              ],
              [
                13.395,
                50.654
              ],
              [
                13.45,
                50.624
              ],
              [
                13.537,
                50.622
              ],
              [
                13.564,
                50.683
              ],
              [
                13.633,
                50.749
              ],
              [
                13.825,
                50.771
              ],
              [
                14.197,
                50.856
              ],
              [
                14.359,
                50.917
              ],
              [
                14.389,
                50.974
              ],
              [
                14.623,
                50.971
              ],
              [
                14.648,
                50.87
              ],
              [
                14.864,
                50.835
              ],
              [
                15.279,
                50.896
              ],
              [
                15.347,
                50.921
              ],
              [
                15.391,
                50.975
              ],
              [
                15.384,
                50.989
              ],
              [
                15.409,
                51.009
              ],
              [
                15.411,
                51.024
              ],
              [
                15.395,
                51.024
              ],
              [
                15.388,
                51.031
              ],
              [
                15.374,
                51.02
              ],
              [
                15.348,
                51.018
              ],
              [
                15.336,
                51.019
              ],
              [
                15.331,
                51.033
              ],
              [
                15.291,
                51.035
              ],
              [
                15.287,
                51.028
              ],
              [
                15.267,
                51.025
              ],
              [
                15.259,
                51.032
              ],
              [
                15.26,
                51.043
              ],
              [
                15.275,
                51.05
              ],
              [
                15.301,
                51.089
              ],
              [
                15.296,
                51.127
              ],
              [
                15.318,
                51.16
              ],
              [
                15.39,
                51.192
              ],
              [
                15.407,
                51.25
              ],
              [
                15.434,
                51.296
              ],
              [
                15.421,
                51.31
              ],
              [
                15.431,
                51.335
              ],
              [
                15.419,
                51.361
              ],
              [
                15.43,
                51.373
              ],
              [
                15.428,
                51.385
              ],
              [
                15.413,
                51.393
              ],
              [
                15.389,
                51.463
              ],
              [
                15.37,
                51.48
              ],
              [
                15.368,
                51.491
              ],
              [
                15.379,
                51.517
              ],
              [
                15.373,
                51.531
              ],
              [
                15.395,
                51.551
              ],
              [
                15.39,
                51.571
              ],
              [
                15.395,
                51.575
              ],
              [
                15.371,
                51.58
              ],
              [
                15.332,
                51.609
              ],
              [
                15.317,
                51.607
              ],
              [
                15.235,
                51.807
              ],
              [
                15.103,
                51.958
              ],
              [
                15.106,
                51.985
              ],
              [
                15.123,
                51.994
              ],
              [
                15.11,
                51.998
              ],
              [
                15.082,
                51.984
              ],
              [
                15.059,
                51.991
              ],
              [
                15.05,
                52.002
              ],
              [
                15.081,
                52.038
              ],
              [
                15.071,
                52.052
              ],
              [
                15.022,
                52.069
              ],
              [
                14.979,
                52.051
              ],
              [
                14.963,
                52.055
              ],
              [
                14.942,
                52.046
              ],
              [
                14.912,
                52.046
              ],
              [
                14.843,
                52.077
              ],
              [
                14.789,
                52.071
              ],
              [
                14.775,
                52.081
              ],
              [
                14.756,
                52.07
              ],
              [
                14.731,
                52.091
              ],
              [
                14.701,
                52.098
              ],
              [
                14.682,
                52.114
              ],
              [
                14.68,
                52.145
              ],
              [
                14.705,
                52.169
              ],
              [
                14.686,
                52.192
              ],
              [
                14.708,
                52.211
              ],
              [
                14.716,
                52.234
              ],
              [
                14.688,
                52.257
              ],
              [
                14.597,
                52.273
              ],
              [
                14.579,
                52.287
              ],
              [
                14.582,
                52.249
              ],
              [
                14.553,
                52.24
              ],
              [
                14.527,
                52.236
              ],
              [
                14.417,
                52.252
              ],
              [
                14.282,
                52.296
              ],
              [
                14.208,
                52.305
              ],
              [
                14.144,
                52.347
              ],
              [
                13.999,
                52.367
              ],
              [
                13.998,
                52.373
              ],
              [
                13.934,
                52.393
              ],
              [
                13.922,
                52.39
              ],
              [
                13.915,
                52.4
              ],
              [
                13.892,
                52.39
              ],
              [
                13.885,
                52.401
              ],
              [
                13.901,
                52.428
              ],
              [
                13.927,
                52.442
              ],
              [
                13.674,
                52.459
              ],
              [
                13.462,
                52.443
              ],
              [
                13.384,
                52.361
              ],
              [
                13.288,
                52.337
              ],
              [
                13.107,
                52.356
              ],
              [
                13.026,
                52.333
              ],
              [
                12.921,
                52.251
              ],
              [
                12.733,
                52.229
              ],
              [
                12.685,
                52.272
              ],
              [
                12.618,
                52.272
              ],
              [
                12.509,
                52.25
              ],
              [
                12.515,
                52.219
              ],
              [
                12.568,
                52.203
              ],
              [
                12.549,
                52.169
              ],
              [
                12.415,
                52.162
              ],
              [
                12.155,
                52.085
              ],
              [
                11.856,
                52.025
              ],
              [
                11.841,
                52.008
              ],
              [
                11.715,
                52.043
              ],
              [
                11.645,
                52.123
              ],
              [
                11.675,
                52.156
              ],
              [
                11.717,
                52.263
              ],
              [
                11.78,
                52.332
              ],
              [
                11.862,
                52.351
              ],
              [
                11.941,
                52.396
              ],
              [
                12.001,
                52.446
              ],
              [
                11.996,
                52.49
              ],
              [
                11.972,
                52.535
              ],
              [
                12,
                52.569
              ],
              [
                12.029,
                52.625
              ],
              [
                12.053,
                52.748
              ],
              [
                12.014,
                52.865
              ],
              [
                11.922,
                52.897
              ],
              [
                11.88,
                52.896
              ],
              [
                11.868,
                52.933
              ],
              [
                11.841,
                52.96
              ],
              [
                11.654,
                52.996
              ],
              [
                11.6,
                53.038
              ],
              [
                11.511,
                53.048
              ],
              [
                11.448,
                53.079
              ],
              [
                11.34,
                53.054
              ],
              [
                11.243,
                53.138
              ],
              [
                11.211,
                53.144
              ],
              [
                11.184,
                53.136
              ],
              [
                11.176,
                53.153
              ],
              [
                11.149,
                53.168
              ],
              [
                11.131,
                53.167
              ],
              [
                11.092,
                53.138
              ],
              [
                10.997,
                53.175
              ],
              [
                10.893,
                53.241
              ],
              [
                10.806,
                53.259
              ],
              [
                10.729,
                53.304
              ],
              [
                10.743,
                53.329
              ],
              [
                10.73,
                53.352
              ],
              [
                10.7,
                53.369
              ],
              [
                10.595,
                53.364
              ],
              [
                10.622,
                53.382
              ],
              [
                10.649,
                53.447
              ],
              [
                10.691,
                53.503
              ],
              [
                10.687,
                53.55
              ],
              [
                10.61,
                53.572
              ],
              [
                10.569,
                53.611
              ],
              [
                10.546,
                53.693
              ],
              [
                10.552,
                53.78
              ],
              [
                10.471,
                53.888
              ],
              [
                10.489,
                53.964
              ],
              [
                10.474,
                54.038
              ],
              [
                10.37,
                54.086
              ],
              [
                10.376,
                54.113
              ],
              [
                10.327,
                54.117
              ],
              [
                10.316,
                54.158
              ],
              [
                10.403,
                54.168
              ],
              [
                10.397,
                54.234
              ],
              [
                10.316,
                54.248
              ],
              [
                10.261,
                54.325
              ],
              [
                10.217,
                54.355
              ],
              [
                10.173,
                54.291
              ],
              [
                10.138,
                54.282
              ],
              [
                10.088,
                54.205
              ],
              [
                10.032,
                54.214
              ],
              [
                10.057,
                54.287
              ],
              [
                10.035,
                54.313
              ],
              [
                9.963,
                54.307
              ],
              [
                9.921,
                54.322
              ],
              [
                9.923,
                54.37
              ],
              [
                9.792,
                54.363
              ],
              [
                9.711,
                54.317
              ],
              [
                9.651,
                54.301
              ],
              [
                9.597,
                54.221
              ],
              [
                9.547,
                54.195
              ],
              [
                9.441,
                54.174
              ],
              [
                9.444,
                54.251
              ],
              [
                9.376,
                54.29
              ],
              [
                9.288,
                54.27
              ],
              [
                9.257,
                54.33
              ],
              [
                9.135,
                54.322
              ],
              [
                9.092,
                54.365
              ],
              [
                9.006,
                54.376
              ],
              [
                8.897,
                54.263
              ],
              [
                8.794,
                54.269
              ],
              [
                8.734,
                54.25
              ],
              [
                8.531,
                54.221
              ]
            ]
          ],
          [
            [
              [
                11.087,
                42.299
              ],
              [
                11.061,
                42.287
              ],
              [
                11.044,
                42.27
              ],
              [
                11.039,
                42.255
              ],
              [
                11.047,
                42.229
              ],
              [
                11.06,
                42.215
              ],
              [
                11.09,
                42.201
              ],
              [
                11.14,
                42.206
              ],
              [
                11.168,
                42.241
              ],
              [
                11.166,
                42.27
              ],
              [
                11.14,
                42.296
              ],
              [
                11.087,
                42.299
              ]
            ]
          ],
          [
            [
              [
                10.868,
                42.427
              ],
              [
                10.843,
                42.416
              ],
              [
                10.818,
                42.383
              ],
              [
                10.812,
                42.36
              ],
              [
                10.819,
                42.337
              ],
              [
                10.89,
                42.284
              ],
              [
                10.917,
                42.277
              ],
              [
                10.954,
                42.286
              ],
              [
                10.983,
                42.322
              ],
              [
                10.977,
                42.37
              ],
              [
                10.935,
                42.415
              ],
              [
                10.902,
                42.427
              ],
              [
                10.868,
                42.427
              ]
            ]
          ],
          [
            [
              [
                10.285,
                42.388
              ],
              [
                10.264,
                42.38
              ],
              [
                10.243,
                42.358
              ],
              [
                10.235,
                42.336
              ],
              [
                10.246,
                42.3
              ],
              [
                10.265,
                42.284
              ],
              [
                10.306,
                42.275
              ],
              [
                10.342,
                42.279
              ],
              [
                10.365,
                42.293
              ],
              [
                10.383,
                42.326
              ],
              [
                10.376,
                42.36
              ],
              [
                10.329,
                42.389
              ],
              [
                10.285,
                42.388
              ]
            ]
          ],
          [
            [
              [
                10.078,
                42.826
              ],
              [
                10.051,
                42.793
              ],
              [
                10.058,
                42.746
              ],
              [
                10.088,
                42.713
              ],
              [
                10.138,
                42.69
              ],
              [
                10.192,
                42.695
              ],
              [
                10.243,
                42.687
              ],
              [
                10.276,
                42.697
              ],
              [
                10.332,
                42.698
              ],
              [
                10.385,
                42.672
              ],
              [
                10.428,
                42.669
              ],
              [
                10.474,
                42.688
              ],
              [
                10.487,
                42.711
              ],
              [
                10.478,
                42.754
              ],
              [
                10.487,
                42.772
              ],
              [
                10.485,
                42.817
              ],
              [
                10.496,
                42.839
              ],
              [
                10.495,
                42.856
              ],
              [
                10.47,
                42.885
              ],
              [
                10.436,
                42.908
              ],
              [
                10.409,
                42.912
              ],
              [
                10.377,
                42.902
              ],
              [
                10.339,
                42.86
              ],
              [
                10.256,
                42.869
              ],
              [
                10.215,
                42.848
              ],
              [
                10.13,
                42.847
              ],
              [
                10.078,
                42.826
              ]
            ]
          ],
          [
            [
              [
                9.992,
                42.581
              ],
              [
                10.005,
                42.554
              ],
              [
                10.019,
                42.543
              ],
              [
                10.08,
                42.529
              ],
              [
                10.129,
                42.54
              ],
              [
                10.156,
                42.572
              ],
              [
                10.155,
                42.592
              ],
              [
                10.133,
                42.637
              ],
              [
                10.086,
                42.658
              ],
              [
                10.048,
                42.651
              ],
              [
                10.034,
                42.64
              ],
              [
                10,
                42.605
              ],
              [
                9.992,
                42.581
              ]
            ]
          ],
          [
            [
              [
                9.774,
                43.09
              ],
              [
                9.753,
                43.071
              ],
              [
                9.739,
                43.031
              ],
              [
                9.741,
                43.01
              ],
              [
                9.762,
                42.982
              ],
              [
                9.793,
                42.966
              ],
              [
                9.826,
                42.966
              ],
              [
                9.889,
                43.009
              ],
              [
                9.898,
                43.058
              ],
              [
                9.867,
                43.098
              ],
              [
                9.828,
                43.112
              ],
              [
                9.794,
                43.104
              ],
              [
                9.774,
                43.09
              ]
            ]
          ],
          [
            [
              [
                9.905,
                43.478
              ],
              [
                9.858,
                43.466
              ],
              [
                9.843,
                43.45
              ],
              [
                9.836,
                43.417
              ],
              [
                9.854,
                43.394
              ],
              [
                9.911,
                43.383
              ],
              [
                9.94,
                43.394
              ],
              [
                9.957,
                43.412
              ],
              [
                9.957,
                43.451
              ],
              [
                9.937,
                43.468
              ],
              [
                9.905,
                43.478
              ]
            ]
          ]
        ]
      }
    }
  ],
  "metadata": {
    "source": "OpenHistoricalMap",
    "sourceUrl": "https://www.openhistoricalmap.org/",
    "license": "CC0-1.0",
    "year": 1000,
    "relationId": 2805484,
    "startDate": "0983",
    "endDate": "1002",
    "partCount": 9,
    "missingWays": [],
    "unclosedRings": 0,
    "droppedInnerRings": 0,
    "sourceRelation": "https://www.openhistoricalmap.org/relation/2805484",
    "endpoint": "https://overpass-api.openhistoricalmap.org/api/interpreter",
    "query": "[out:json][timeout:120];rel(2805484);out geom;",
    "timestampOsmBase": "2026-09-04T15:41:41Z",
    "inputSha256": "4bd30ac88123218c86e82954487db419d0f97be6a1a494335804712533f4b8df",
    "borderPrecision": "史料に基づく復元（概略。測量された境界ではない）"
  }
}
